{
"type": "FeatureCollection",
"name": "Dublin City Boundary — DCC_5CommitteeAreas_2019_2157",
"crs": { "type": "name", "properties": { "name": "urn:ogc:def:crs:EPSG::2157" } },
"features": [
{ "type": "Feature", "properties": { "Name": "NORTH WEST", "Whole Area": null }, "geometry": { "type": "MultiPolygon", "coordinates": [ [ [ [ 718027.189995215972885, 734238.111970287980512, 0.0 ], [ 718033.546995215001516, 734226.398970289039426, 0.0 ], [ 718039.363995213992894, 734217.724970287992619, 0.0 ], [ 718043.801995213027112, 734213.885970280971378, 0.0 ], [ 718046.779995211982168, 734211.907970285974443, 0.0 ], [ 718048.859995212056674, 734210.587970284046605, 0.0 ], [ 718053.116995210992172, 734208.469970284961164, 0.0 ], [ 718112.464995197951794, 734194.598970280960202, 0.0 ], [ 718157.080995189957321, 734184.58597028197255, 0.0 ], [ 718166.195995187037624, 734182.267970278975554, 0.0 ], [ 718209.912995178019628, 734173.913970276014879, 0.0 ], [ 718224.244995175045915, 734170.916970273945481, 0.0 ], [ 718229.142995174042881, 734168.897970280959271, 0.0 ], [ 718269.580995165975764, 734155.964970270055346, 0.0 ], [ 718282.653995163040236, 734150.529970271047205, 0.0 ], [ 718292.3089951609727, 734145.732970276032574, 0.0 ], [ 718303.142995159025304, 734140.595970273017883, 0.0 ], [ 718311.878995156963356, 734136.737970274989493, 0.0 ], [ 718318.814995156018995, 734133.959970267955214, 0.0 ], [ 718321.952995155006647, 734133.159970266977325, 0.0 ], [ 718325.08899515401572, 734132.426970268948935, 0.0 ], [ 718407.397256736992858, 734114.41471875004936, 0.0 ], [ 718470.289781756000593, 734100.651386030949652, 0.0 ], [ 718575.994995102053508, 734077.518970250035636, 0.0 ], [ 718632.942995090037584, 734065.239970249007456, 0.0 ], [ 718682.332995080039836, 734054.93897025694605, 0.0 ], [ 718706.816995074041188, 734050.036970252986066, 0.0 ], [ 718707.655995073029771, 734050.26397025201004, 0.0 ], [ 718708.230995074030943, 734050.80697025405243, 0.0 ], [ 718709.379995074006729, 734053.052970245014876, 0.0 ], [ 718710.280995073961094, 734054.519970242050476, 0.0 ], [ 718711.78699507296551, 734056.276970249018632, 0.0 ], [ 718717.602995072025806, 734064.815970249008387, 0.0 ], [ 718718.166995072038844, 734065.354970247019082, 0.0 ], [ 718719.088995071011595, 734065.614970249007456, 0.0 ], [ 718719.874995072023012, 734065.403970240964554, 0.0 ], [ 718720.448995070997626, 734065.105970251024701, 0.0 ], [ 718721.370995071018115, 734064.302970250020735, 0.0 ], [ 718722.869995070970617, 734063.519970244029537, 0.0 ], [ 718723.793995070969686, 734063.240970251965337, 0.0 ], [ 718724.952995070023462, 734063.265970243955962, 0.0 ], [ 718726.236995070008561, 734063.712970250984654, 0.0 ], [ 718727.124995070043951, 734064.322970248991624, 0.0 ], [ 718743.574995066039264, 734088.079970245016739, 0.0 ], [ 718744.737995065981522, 734089.089970252942294, 0.0 ], [ 718745.284995066002011, 734089.313970246003009, 0.0 ], [ 718758.435995063045993, 734087.232970252051018, 0.0 ], [ 718760.423995063058101, 734086.930970254004933, 0.0 ], [ 718767.775995061965659, 734085.814970248029567, 0.0 ], [ 718785.832995056989603, 734082.675970242009498, 0.0 ], [ 718807.017995052970946, 734078.991970243048854, 0.0 ], [ 718833.500995047041215, 734074.105970241012983, 0.0 ], [ 718835.241995046962984, 734074.059970243950374, 0.0 ], [ 718837.696995045989752, 734074.719970238977112, 0.0 ], [ 718842.467995045008138, 734078.439970243023708, 0.0 ], [ 718847.443995043984614, 734083.859970245976001, 0.0 ], [ 718848.779995043994859, 734085.512970237992704, 0.0 ], [ 718849.064995042979717, 734086.37397025001701, 0.0 ], [ 718852.269995043054223, 734085.739970247959718, 0.0 ], [ 718849.729995043948293, 734073.397970234975219, 0.0 ], [ 718853.182995042996481, 734076.7659702450037, 0.0 ], [ 718854.767995042959228, 734078.717970240977593, 0.0 ], [ 718857.314995042979717, 734082.778970250044949, 0.0 ], [ 718873.791832815972157, 734100.648730988963507, 0.0 ], [ 718874.466995039023459, 734101.380970239057206, 0.0 ], [ 718875.23599503794685, 734102.867970237042755, 0.0 ], [ 718874.553995038033463, 734102.982970245997421, 0.0 ], [ 718858.173995041986927, 734105.1709702470107, 0.0 ], [ 718858.930995041970164, 734110.455970239010639, 0.0 ], [ 718859.331995042040944, 734112.78097024303861, 0.0 ], [ 718875.715995038044639, 734110.292970245005563, 0.0 ], [ 718882.612995036994107, 734109.229970243992284, 0.0 ], [ 718938.110253970022313, 734100.648307278053835, 0.0 ], [ 719124.916994984960184, 734071.761970230028965, 0.0 ], [ 719150.70499497896526, 734067.780970230000094, 0.0 ], [ 719168.961994976038113, 734064.955970222014003, 0.0 ], [ 719195.298994970042259, 734061.090970222954638, 0.0 ], [ 719226.653994963038713, 734056.284970231004991, 0.0 ], [ 719266.128994954982772, 734050.056970217032358, 0.0 ], [ 719296.783994948025793, 734045.209970211959444, 0.0 ], [ 719322.759994943044148, 734041.243970216950402, 0.0 ], [ 719334.498994939960539, 734039.202970220008865, 0.0 ], [ 719341.136994938016869, 734038.940970222000033, 0.0 ], [ 719382.811994930030778, 734036.371970213018358, 0.0 ], [ 719391.351994927972555, 734035.889970208052546, 0.0 ], [ 719391.631994928000495, 734039.248970216023736, 0.0 ], [ 719394.2519949269481, 734038.927970211952925, 0.0 ], [ 719394.050994926947169, 734036.668970210943371, 0.0 ], [ 719396.230994926998392, 734036.448970212019049, 0.0 ], [ 719396.467994926963001, 734038.79297021497041, 0.0 ], [ 719399.551994925946929, 734038.568970217951573, 0.0 ], [ 719399.31099492602516, 734036.147970209945925, 0.0 ], [ 719399.249994926038198, 734035.327970218961127, 0.0 ], [ 719406.268994924030267, 734035.026970210950822, 0.0 ], [ 719416.187994922045618, 734034.403970208950341, 0.0 ], [ 719423.867994921049103, 734033.622970207012258, 0.0 ], [ 719429.745994918979704, 734032.941970210988075, 0.0 ], [ 719448.982994914986193, 734030.217970218043774, 0.0 ], [ 719455.94299491296988, 734029.215970208053477, 0.0 ], [ 719474.079994908999652, 734026.872970205033198, 0.0 ], [ 719499.055994904018007, 734023.4669702029787, 0.0 ], [ 719513.053994901012629, 734021.461970202042721, 0.0 ], [ 719543.709994893986732, 734016.937970209983177, 0.0 ], [ 719581.644994886009954, 734011.609970206045546, 0.0 ], [ 719593.862994882976636, 734010.006970201968215, 0.0 ], [ 719593.981994883040898, 734008.787970204954036, 0.0 ], [ 719603.460994880995713, 734007.525970204966143, 0.0 ], [ 719603.640994881046936, 734008.605970207019709, 0.0 ], [ 719608.400994880008511, 734008.044970202958211, 0.0 ], [ 719608.179994879988953, 734006.804970194003545, 0.0 ], [ 719617.818994877976365, 734005.501970201963559, 0.0 ], [ 719617.918994877953082, 734006.68297019705642, 0.0 ], [ 719622.838994876947254, 734006.100970200961456, 0.0 ], [ 719626.082994877011515, 734027.175970201031305, 0.0 ], [ 719635.560994873987511, 734025.976970202056691, 0.0 ], [ 719634.559994874987751, 734019.296970203984529, 0.0 ], [ 719634.319994874997064, 734017.814970197970979, 0.0 ], [ 719632.577994875027798, 734005.118970197043382, 0.0 ], [ 719633.616994873969816, 734004.998970204032958, 0.0 ], [ 719647.474994871998206, 734003.855970202945173, 0.0 ], [ 719664.492994867963716, 734002.192970199976116, 0.0 ], [ 719681.91099486395251, 734000.628970196004957, 0.0 ], [ 719706.167994859046303, 733998.602970193955116, 0.0 ], [ 719723.564994854968973, 733997.098970192950219, 0.0 ], [ 719737.382994852028787, 733995.936970188980922, 0.0 ], [ 719754.700994848040864, 733994.45297019300051, 0.0 ], [ 719778.517994842957705, 733992.387970187002793, 0.0 ], [ 719797.094994839048013, 733990.943970191990957, 0.0 ], [ 719823.57299483299721, 733988.855970192002133, 0.0 ], [ 719849.768994827056304, 733986.592970186960883, 0.0 ], [ 719876.804994822014123, 733984.306970183039084, 0.0 ], [ 719899.861994815990329, 733982.181970185018145, 0.0 ], [ 719924.744529154035263, 733979.718016289989464, 0.0 ], [ 719998.818994794040918, 733973.385970185045153, 0.0 ], [ 719997.695994794019498, 733963.470970181981102, 0.0 ], [ 719993.464994795038365, 733963.871970177977346, 0.0 ], [ 719992.39699479599949, 733959.024970181984827, 0.0 ], [ 719990.849994795979001, 733951.575970181031153, 0.0 ], [ 719990.259994796011597, 733949.482970181968994, 0.0 ], [ 719988.956994796986692, 733946.154970180010423, 0.0 ], [ 719987.03799479699228, 733941.97597017895896, 0.0 ], [ 719983.996994797955267, 733927.005970182013698, 0.0 ], [ 719979.753994798054919, 733906.348970178049058, 0.0 ], [ 719977.841994798975065, 733899.401970179984346, 0.0 ], [ 719975.628994800033979, 733891.001970182987861, 0.0 ], [ 719973.391994799952954, 733882.600970186991617, 0.0 ], [ 719970.038994800997898, 733866.71097017894499, 0.0 ], [ 719965.86099480104167, 733846.612970183021389, 0.0 ], [ 719961.707994802040048, 733827.133970182039775, 0.0 ], [ 719961.533994802972302, 733826.316970182000659, 0.0 ], [ 719959.988994803046808, 733819.92297018202953, 0.0 ], [ 719957.051994803012349, 733809.643970175995491, 0.0 ], [ 719956.959994803997688, 733808.771970186033286, 0.0 ], [ 719956.902994803036563, 733808.336970185977407, 0.0 ], [ 719956.838994803954847, 733807.902970182010904, 0.0 ], [ 719956.767994803958572, 733807.468970185960643, 0.0 ], [ 719956.688994804047979, 733807.036970186047256, 0.0 ], [ 719956.603994803968817, 733806.606970184948295, 0.0 ], [ 719956.548288985039108, 733806.350004630046897, 0.0 ], [ 719956.510994803975336, 733806.177970179007389, 0.0 ], [ 719956.411994804046117, 733805.749970186967403, 0.0 ], [ 719956.304994803969748, 733805.323970178957097, 0.0 ], [ 719956.190994804026559, 733804.899970183032565, 0.0 ], [ 719956.069994803983718, 733804.477970188017935, 0.0 ], [ 719955.943994804052636, 733804.057970187976025, 0.0 ], [ 719955.808994804043323, 733803.639970183954574, 0.0 ], [ 719955.666994803003035, 733803.224970186012797, 0.0 ], [ 719955.517994803958572, 733802.811970176990144, 0.0 ], [ 719955.362994804047048, 733802.400970177957788, 0.0 ], [ 719955.200994804035872, 733801.992970183026046, 0.0 ], [ 719955.03199480404146, 733801.587970184045844, 0.0 ], [ 719954.856994803994894, 733801.184970182948746, 0.0 ], [ 719954.674994803965092, 733800.785970177967101, 0.0 ], [ 719954.485994803952053, 733800.388970182044432, 0.0 ], [ 719954.290994804003276, 733799.995970188989304, 0.0 ], [ 719954.088994803954847, 733799.605970183038153, 0.0 ], [ 719953.880994805018418, 733799.218970180023462, 0.0 ], [ 719953.666994804982096, 733798.835970181971788, 0.0 ], [ 719953.445994804962538, 733798.45697018597275, 0.0 ], [ 719953.218994803959504, 733798.080970183946192, 0.0 ], [ 719952.985994803952053, 733797.708970178035088, 0.0 ], [ 719952.746994804008864, 733797.340970181976445, 0.0 ], [ 719952.500994803966023, 733796.976970177958719, 0.0 ], [ 719952.249994804034941, 733796.616970189963467, 0.0 ], [ 719951.992994804983027, 733796.260970175964758, 0.0 ], [ 719951.729994804016314, 733795.909970188047737, 0.0 ], [ 719951.460994804976508, 733795.56297018902842, 0.0 ], [ 719951.185994804021902, 733795.21997018205002, 0.0 ], [ 719950.905994805041701, 733794.88197018194478, 0.0 ], [ 719950.619994804030284, 733794.548970186966471, 0.0 ], [ 719950.328994804993272, 733794.219970187055878, 0.0 ], [ 719950.031994804972783, 733793.896970186033286, 0.0 ], [ 719949.729994804947637, 733793.577970182988793, 0.0 ], [ 719949.42299480503425, 733793.263970177038573, 0.0 ], [ 719949.110994804999791, 733792.955970186041668, 0.0 ], [ 719948.793994804960676, 733792.651970183011144, 0.0 ], [ 719948.470994804985821, 733792.353970185038634, 0.0 ], [ 719948.14399480598513, 733792.061970180016942, 0.0 ], [ 719947.811994805000722, 733791.773970187990926, 0.0 ], [ 719947.474994805990718, 733791.491970182047226, 0.0 ], [ 719947.133994805044495, 733791.216970185982063, 0.0 ], [ 719946.787994805956259, 733790.945970184984617, 0.0 ], [ 719946.437994805979542, 733790.681970183039084, 0.0 ], [ 719946.082994805998169, 733790.422970180981793, 0.0 ], [ 719945.723994805943221, 733790.169970178045332, 0.0 ], [ 719945.360994806047529, 733789.922970187966712, 0.0 ], [ 719944.993994805961847, 733789.681970188976265, 0.0 ], [ 719944.622994806035422, 733789.447970184963197, 0.0 ], [ 719944.247994806035422, 733789.218970180954784, 0.0 ], [ 719943.869994806009345, 733788.996970184030943, 0.0 ], [ 719943.487994806957431, 733788.779970181058161, 0.0 ], [ 719943.368994807009585, 733788.715970181045122, 0.0 ], [ 719943.101994805969298, 733788.570970186032355, 0.0 ], [ 719942.712994806002825, 733788.366970187984407, 0.0 ], [ 719942.319994807010517, 733788.170970187988132, 0.0 ], [ 719941.92499480699189, 733787.979970184038393, 0.0 ], [ 719941.525994807016104, 733787.795970179024152, 0.0 ], [ 719941.124994806945324, 733787.618970182957128, 0.0 ], [ 719940.7199948070338, 733787.448970180004835, 0.0 ], [ 719940.311994806979783, 733787.284970185952261, 0.0 ], [ 719939.901994807994924, 733787.126970182987861, 0.0 ], [ 719939.489994807983749, 733786.977970181033015, 0.0 ], [ 719939.074994807946496, 733786.834970182972029, 0.0 ], [ 719939.264994806959294, 733785.235970180016011, 0.0 ], [ 719933.067994809010997, 733784.037970178993419, 0.0 ], [ 719932.852994809043594, 733783.995970183052123, 0.0 ], [ 719924.742633881978691, 733783.014981381944381, 0.0 ], [ 719924.452994810999371, 733783.023970184032805, 0.0 ], [ 719918.014994811965153, 733783.251970189972781, 0.0 ], [ 719909.596994813997298, 733783.584970180992968, 0.0 ], [ 719903.178994814981706, 733783.767970185028389, 0.0 ], [ 719896.979994816007093, 733783.890970190986991, 0.0 ], [ 719893.100994816981256, 733784.058970191050321, 0.0 ], [ 719889.243994817952625, 733784.365970183978789, 0.0 ], [ 719886.044994818978012, 733784.587970191962086, 0.0 ], [ 719882.708994820015505, 733785.091970190987922, 0.0 ], [ 719878.353994820965454, 733785.761970186023973, 0.0 ], [ 719875.317994822049513, 733786.342970183002762, 0.0 ], [ 719871.242994823027402, 733787.230970183038153, 0.0 ], [ 719865.432994822971523, 733788.430970187997445, 0.0 ], [ 719857.147994825034402, 733790.266970191965811, 0.0 ], [ 719849.21699482796248, 733791.981970185996033, 0.0 ], [ 719839.672994829947129, 733794.127970190020278, 0.0 ], [ 719824.914994832943194, 733797.288970193942077, 0.0 ], [ 719813.933994835009798, 733799.884970188024454, 0.0 ], [ 719798.337994838948362, 733803.39197018800769, 0.0 ], [ 719784.77899757004343, 733806.35114208899904, 0.0 ], [ 719780.545994841959327, 733807.274970191996545, 0.0 ], [ 719772.139994843979366, 733809.292970194946975, 0.0 ], [ 719762.816994845983572, 733811.575970195000991, 0.0 ], [ 719759.241994846961461, 733812.360970190027729, 0.0 ], [ 719755.946994847967289, 733813.143970194039866, 0.0 ], [ 719752.751994848949835, 733813.765970194013789, 0.0 ], [ 719750.516994848963805, 733814.340970193967223, 0.0 ], [ 719748.402994849951938, 733815.295970191014931, 0.0 ], [ 719746.866994849988259, 733815.98697019694373, 0.0 ], [ 719745.192994851036929, 733816.65697018802166, 0.0 ], [ 719742.957994851050898, 733817.572970199980773, 0.0 ], [ 719740.646994850947522, 733818.728970200987533, 0.0 ], [ 719739.35199485195335, 733819.517970197019167, 0.0 ], [ 719737.679994852049276, 733820.649970197002403, 0.0 ], [ 719736.824994851951487, 733821.354970193002373, 0.0 ], [ 719736.108994852984324, 733821.939970199950039, 0.0 ], [ 719731.488994852988981, 733826.186970197013579, 0.0 ], [ 719731.345798923051916, 733826.318179188994691, 0.0 ], [ 719731.2709948529955, 733826.397970200050622, 0.0 ], [ 719729.565994853037409, 733828.23797019594349, 0.0 ], [ 719726.726994854048826, 733831.717970199999399, 0.0 ], [ 719725.627994854003191, 733833.837970198015682, 0.0 ], [ 719725.347994855022989, 733834.277970190043561, 0.0 ], [ 719723.781994855031371, 733837.195970193948597, 0.0 ], [ 719721.729994855006225, 733840.297970192972571, 0.0 ], [ 719719.291994855972007, 733844.198970195022412, 0.0 ], [ 719716.371994856046513, 733847.958970195963047, 0.0 ], [ 719712.532994857057929, 733852.3789701879723, 0.0 ], [ 719709.154994857963175, 733856.898970191949047, 0.0 ], [ 719707.095994857954793, 733860.278970196959563, 0.0 ], [ 719704.876994858961552, 733863.998970197979361, 0.0 ], [ 719702.457994860014878, 733867.719970191945322, 0.0 ], [ 719700.118994859978557, 733870.579970199964009, 0.0 ], [ 719696.840994860976934, 733874.299970193998888, 0.0 ], [ 719693.560994861996733, 733877.819970192969777, 0.0 ], [ 719690.162994861952029, 733882.160970201017335, 0.0 ], [ 719688.822994863032363, 733883.920970196952112, 0.0 ], [ 719686.963994862977415, 733885.600970207015052, 0.0 ], [ 719684.683994862949476, 733887.001970201032236, 0.0 ], [ 719680.824994863942266, 733888.661970200017095, 0.0 ], [ 719675.025994866038673, 733890.622970195952803, 0.0 ], [ 719668.487994867027737, 733892.503970199031755, 0.0 ], [ 719663.587994868052192, 733893.644970203051344, 0.0 ], [ 719654.589994870009832, 733894.806970198987983, 0.0 ], [ 719649.4499948710436, 733895.407970204949379, 0.0 ], [ 719645.030994871980511, 733895.008970199036412, 0.0 ], [ 719641.730994872981682, 733894.449970197980292, 0.0 ], [ 719638.19099487294443, 733892.950970201054588, 0.0 ], [ 719635.290994873968884, 733890.491970191942528, 0.0 ], [ 719633.269994874019176, 733887.632970207021572, 0.0 ], [ 719631.729994875029661, 733885.352970205014572, 0.0 ], [ 719630.229994875960983, 733882.713970198994502, 0.0 ], [ 719628.728994874982163, 733879.813970200018957, 0.0 ], [ 719628.30799487605691, 733878.274970203056, 0.0 ], [ 719627.804994876030833, 733861.416970196994953, 0.0 ], [ 719628.603994876029901, 733859.836970199015923, 0.0 ], [ 719629.76399487501476, 733859.196970195043832, 0.0 ], [ 719631.004994875052944, 733859.396970205008984, 0.0 ], [ 719632.163994875038043, 733859.355970202945173, 0.0 ], [ 719633.34399487497285, 733858.55597020604182, 0.0 ], [ 719634.102994874003343, 733856.915970203001052, 0.0 ], [ 719634.410994873964228, 733855.412970199016854, 0.0 ], [ 719634.142994874971919, 733853.735970205976628, 0.0 ], [ 719633.201994874980301, 733851.955970198032446, 0.0 ], [ 719632.301994874957018, 733850.716970197972842, 0.0 ], [ 719630.702994875027798, 733850.617970195016824, 0.0 ], [ 719628.142994876019657, 733851.117970203049481, 0.0 ], [ 719627.50099487695843, 733845.958970195031725, 0.0 ], [ 719627.660994875943288, 733842.836970204953104, 0.0 ], [ 719629.119994875974953, 733840.818970195949078, 0.0 ], [ 719632.919994874973781, 733836.461970197968185, 0.0 ], [ 719636.391994873993099, 733832.119970196043141, 0.0 ], [ 719635.404994874028489, 733831.330970205017366, 0.0 ], [ 719636.21999487397261, 733830.310970203951001, 0.0 ], [ 719633.709994875011034, 733828.303970198030584, 0.0 ], [ 719641.414994872990064, 733826.318970200023614, 0.0 ], [ 719653.788994870963506, 733824.286970195942558, 0.0 ], [ 719653.773994870018214, 733824.986970194033347, 0.0 ], [ 719653.803994870046154, 733825.466970194946043, 0.0 ], [ 719653.797994871041737, 733825.746970194973983, 0.0 ], [ 719653.691994869965129, 733826.007970205973834, 0.0 ], [ 719653.463994869962335, 733826.318970196996816, 0.0 ], [ 719653.014994870987721, 733828.055970196961425, 0.0 ], [ 719661.119994868990034, 733830.592970194993541, 0.0 ], [ 719662.143994868034497, 733826.318970203050412, 0.0 ], [ 719662.226994868018664, 733825.488970202044584, 0.0 ], [ 719662.371994868037291, 733824.807970199966803, 0.0 ], [ 719662.372994869016111, 733824.407970192027278, 0.0 ], [ 719662.251994868041947, 733824.048970196978189, 0.0 ], [ 719662.132994867977686, 733823.708970198989846, 0.0 ], [ 719662.034994869027287, 733823.367970196995884, 0.0 ], [ 719661.955994869000278, 733823.111970199970528, 0.0 ], [ 719661.876994868041947, 733822.591970199951902, 0.0 ], [ 719672.837994865956716, 733820.015970192966051, 0.0 ], [ 719684.320994863053784, 733817.537970204022713, 0.0 ], [ 719704.628994859056547, 733813.016970198019408, 0.0 ], [ 719725.835994853987359, 733808.310970206046477, 0.0 ], [ 719734.760695497971028, 733806.351473122951575, 0.0 ], [ 719743.607994850026444, 733804.40897019195836, 0.0 ], [ 719760.001994846970774, 733800.796970196999609, 0.0 ], [ 719775.837994843022898, 733797.426970197004266, 0.0 ], [ 719795.467994838953018, 733793.051970195025206, 0.0 ], [ 719817.034994835034013, 733788.463970187003724, 0.0 ], [ 719830.003994832048193, 733785.681970190955326, 0.0 ], [ 719836.833994830027223, 733784.169970192015171, 0.0 ], [ 719847.746994826942682, 733781.752970190951601, 0.0 ], [ 719866.336994823999703, 733777.484970181947574, 0.0 ], [ 719882.410994819947518, 733773.794970182003453, 0.0 ], [ 719885.325994819053449, 733773.233970185974613, 0.0 ], [ 719887.13699481904041, 733772.88897018705029, 0.0 ], [ 719887.202994819032028, 733773.180970187997445, 0.0 ], [ 719891.792994817951694, 733772.773970182053745, 0.0 ], [ 719895.133994817035273, 733772.373970189015381, 0.0 ], [ 719902.751994816004299, 733771.926970190019347, 0.0 ], [ 719910.189994813990779, 733771.386970182997175, 0.0 ], [ 719921.712994811008684, 733771.790970187983476, 0.0 ], [ 719924.479994809953496, 733771.960970183950849, 0.0 ], [ 719924.742542403982952, 733772.039834283990785, 0.0 ], [ 719924.787994810962118, 733772.046970186056569, 0.0 ], [ 719928.043994809966534, 733772.557970179943368, 0.0 ], [ 719930.768994809943251, 733772.981970177032053, 0.0 ], [ 719931.959994809003547, 733773.166970181046054, 0.0 ], [ 719935.495994808967225, 733773.892970185028389, 0.0 ], [ 719937.790994807961397, 733774.566970192012377, 0.0 ], [ 719939.487994806957431, 733775.037970185978338, 0.0 ], [ 719940.339994807029143, 733775.259970186976716, 0.0 ], [ 719940.587994807050563, 733775.324970180983655, 0.0 ], [ 719940.603994806995615, 733775.238970180973411, 0.0 ], [ 719940.833994806976989, 733774.025970189017244, 0.0 ], [ 719942.525994807016104, 733774.630970183992758, 0.0 ], [ 719944.206994806998409, 733775.266970184980892, 0.0 ], [ 719945.753994805971161, 733775.871970181004144, 0.0 ], [ 719946.042994805960916, 733775.98997017997317, 0.0 ], [ 719946.329994805972092, 733776.110970188979991, 0.0 ], [ 719946.614994806004688, 733776.235970185953192, 0.0 ], [ 719946.898994805989787, 733776.363970180973411, 0.0 ], [ 719948.451994805946015, 733777.091970177018084, 0.0 ], [ 719948.780994805041701, 733777.254970181034878, 0.0 ], [ 719949.105994804995134, 733777.425970179028809, 0.0 ], [ 719949.425994804943912, 733777.604970184969716, 0.0 ], [ 719949.741994805051945, 733777.792970185051672, 0.0 ], [ 719950.04799480503425, 733777.983970180968754, 0.0 ], [ 719950.334994805045426, 733778.173970188945532, 0.0 ], [ 719950.619994804961607, 733778.367970183026046, 0.0 ], [ 719950.901994804968126, 733778.567970177042298, 0.0 ], [ 719951.179994805017486, 733778.772970178979449, 0.0 ], [ 719951.453994804993272, 733778.981970185996033, 0.0 ], [ 719951.678994804969989, 733779.160970184020698, 0.0 ], [ 719951.947994804009795, 733779.377970178960823, 0.0 ], [ 719952.214994804002345, 733779.596970190992579, 0.0 ], [ 719952.479994804947637, 733779.817970182979479, 0.0 ], [ 719952.742994804051705, 733780.041970181046054, 0.0 ], [ 719953.003994805039838, 733780.267970182001591, 0.0 ], [ 719953.209994803997688, 733780.448970188968815, 0.0 ], [ 719953.436994803952985, 733780.650970180984586, 0.0 ], [ 719953.662994803977199, 733780.853970185969956, 0.0 ], [ 719953.887994803953916, 733781.058970179990865, 0.0 ], [ 719954.110994803952053, 733781.265970184002072, 0.0 ], [ 719954.332994804019108, 733781.47397017700132, 0.0 ], [ 719954.553994804038666, 733781.682970179943368, 0.0 ], [ 719954.772994803963229, 733781.89297018002253, 0.0 ], [ 719955.014994803001173, 733782.127970183966681, 0.0 ], [ 719955.228994803968817, 733782.34497018402908, 0.0 ], [ 719955.440994804026559, 733782.562970179016702, 0.0 ], [ 719955.648994802962989, 733782.78397017903626, 0.0 ], [ 719955.854994802968577, 733783.007970188045874, 0.0 ], [ 719956.056994803948328, 733783.234970177989453, 0.0 ], [ 719956.25599480397068, 733783.464970177039504, 0.0 ], [ 719956.472994804033078, 733783.72297017800156, 0.0 ], [ 719956.633994803996757, 733783.918970179976895, 0.0 ], [ 719956.791994803003035, 733784.116970182978548, 0.0 ], [ 719956.948994803009555, 733784.315970181953162, 0.0 ], [ 719957.102994804037735, 733784.516970179975033, 0.0 ], [ 719957.25499480299186, 733784.719970181002282, 0.0 ], [ 719957.404994803946465, 733784.923970184987411, 0.0 ], [ 719957.552994802943431, 733785.129970191046596, 0.0 ], [ 719957.697994802962057, 733785.336970183998346, 0.0 ], [ 719957.876994802965783, 733785.598970175022259, 0.0 ], [ 719958.016994802979752, 733785.808970181038603, 0.0 ], [ 719958.155994802946225, 733786.021970181027427, 0.0 ], [ 719958.291994803003035, 733786.234970177989453, 0.0 ], [ 719958.425994802964851, 733786.449970185989514, 0.0 ], [ 719958.557994802948087, 733786.664970183977857, 0.0 ], [ 719958.686994803021662, 733786.883970182039775, 0.0 ], [ 719958.814994803047739, 733787.102970179053955, 0.0 ], [ 719958.970994803006761, 733787.37797018000856, 0.0 ], [ 719963.620994801982306, 733795.346970182028599, 0.0 ], [ 719966.786994801950641, 733800.805970177985728, 0.0 ], [ 719968.765994800953194, 733804.17797017598059, 0.0 ], [ 719969.003994800965302, 733804.579970180056989, 0.0 ], [ 719969.195994801004417, 733804.858970175962895, 0.0 ], [ 719969.410994800971821, 733805.094970179954544, 0.0 ], [ 719969.70799480099231, 733805.290970182046294, 0.0 ], [ 719969.983994800946675, 733805.408970184042118, 0.0 ], [ 719970.576994801056571, 733805.588970178039744, 0.0 ], [ 719971.081994800944813, 733805.683970179990865, 0.0 ], [ 719971.595994799979962, 733805.714970184024423, 0.0 ], [ 719971.738762961002067, 733806.349903997033834, 0.0 ], [ 719972.022994800005108, 733807.613970185047947, 0.0 ], [ 719974.028994800057262, 733816.529970183037221, 0.0 ], [ 719976.310994799016044, 733826.31697018397972, 0.0 ], [ 719976.481994798989035, 733827.07897018105723, 0.0 ], [ 719981.727994797984138, 733850.47097018302884, 0.0 ], [ 719983.657994796987623, 733850.486970187048428, 0.0 ], [ 720003.351994793047197, 733850.309970180038363, 0.0 ], [ 720004.565994792967103, 733854.759970183018595, 0.0 ], [ 720005.888994792941958, 733856.719970177975483, 0.0 ], [ 720006.803994792047888, 733857.844970184960403, 0.0 ], [ 720009.339994792011566, 733863.083970183972269, 0.0 ], [ 720011.422994790947996, 733868.003970182035118, 0.0 ], [ 720018.749994789948687, 733889.801970180007629, 0.0 ], [ 720023.892994789057411, 733900.908970177057199, 0.0 ], [ 720024.494994789012708, 733904.416970179998316, 0.0 ], [ 720025.838994788005948, 733911.289970176992938, 0.0 ], [ 720028.925994787015952, 733923.203970181988552, 0.0 ], [ 720030.102994787041098, 733924.494970176019706, 0.0 ], [ 720032.763994785957038, 733924.96097017894499, 0.0 ], [ 720036.696994786034338, 733926.529970178962685, 0.0 ], [ 720039.376994785969146, 733927.151970176957548, 0.0 ], [ 720042.492994784959592, 733927.522970175952651, 0.0 ], [ 720044.208994784043171, 733927.983970173983835, 0.0 ], [ 720046.045994783984497, 733928.75697018194478, 0.0 ], [ 720047.467994784004986, 733930.642970175947994, 0.0 ], [ 720048.288994782953523, 733931.982970178010873, 0.0 ], [ 720049.531994782970287, 733933.61597017897293, 0.0 ], [ 720050.726994783035479, 733935.004970171954483, 0.0 ], [ 720052.227994782966562, 733936.071970176999457, 0.0 ], [ 720055.296994782052934, 733936.256970182992518, 0.0 ], [ 720056.252994781942107, 733935.547970180981793, 0.0 ], [ 720058.021994780981913, 733933.542970180977136, 0.0 ], [ 720059.244994780980051, 733929.67597017204389, 0.0 ], [ 720062.250994779984467, 733926.165970182046294, 0.0 ], [ 720064.985994779970497, 733923.852970174979419, 0.0 ], [ 720067.110994779039174, 733922.913970169960521, 0.0 ], [ 720070.977994777960703, 733923.495970176998526, 0.0 ], [ 720079.460994775989093, 733923.723970170947723, 0.0 ], [ 720085.870994774973951, 733924.660970175988041, 0.0 ], [ 720099.089994771988131, 733925.29097016796004, 0.0 ], [ 720100.626994771999307, 733924.324970172019675, 0.0 ], [ 720101.561994772055186, 733925.045970174018294, 0.0 ], [ 720111.717994770035148, 733925.779970168950967, 0.0 ], [ 720114.046994769014418, 733924.979970174957998, 0.0 ], [ 720117.56199476798065, 733924.080970171024092, 0.0 ], [ 720120.382994767045602, 733924.027970173978247, 0.0 ], [ 720121.609994767000899, 733923.912970175035298, 0.0 ], [ 720122.139994767028838, 733923.885970173985697, 0.0 ], [ 720124.178994765970856, 733924.095970171969384, 0.0 ], [ 720125.270994766033255, 733924.267970176995732, 0.0 ], [ 720126.43299476604443, 733924.928970171953551, 0.0 ], [ 720128.194994766032323, 733924.958970176056027, 0.0 ], [ 720130.410994766047224, 733924.83497016702313, 0.0 ], [ 720131.723994764965028, 733925.218970173038542, 0.0 ], [ 720132.262994764954783, 733925.005970178055577, 0.0 ], [ 720134.268994763959199, 733924.456970173050649, 0.0 ], [ 720136.010994764044881, 733924.830970181035809, 0.0 ], [ 720136.557994764996693, 733924.960970166022889, 0.0 ], [ 720137.489994763978757, 733924.422970173996873, 0.0 ], [ 720140.385994764044881, 733924.554970170021988, 0.0 ], [ 720143.610994762042537, 733926.369970176951028, 0.0 ], [ 720145.981994761968963, 733926.728970168973319, 0.0 ], [ 720151.775994759984314, 733926.490970176993869, 0.0 ], [ 720155.0499947599601, 733925.69697016698774, 0.0 ], [ 720157.655994759057648, 733925.075970169040374, 0.0 ], [ 720161.824994758004323, 733924.575970174046233, 0.0 ], [ 720166.608994757058099, 733925.192970169009641, 0.0 ], [ 720169.75199475698173, 733924.917970175971277, 0.0 ], [ 720171.058994755963795, 733925.073970173019916, 0.0 ], [ 720173.455994755961001, 733925.28897017694544, 0.0 ], [ 720173.986994756036438, 733926.493970175040886, 0.0 ], [ 720176.354994755005464, 733926.680970169953071, 0.0 ], [ 720176.985994755057618, 733926.164970170008019, 0.0 ], [ 720177.390994754969142, 733927.500970166991465, 0.0 ], [ 720177.864994755014777, 733927.559970170026645, 0.0 ], [ 720182.62399475404527, 733923.681970173958689, 0.0 ], [ 720182.323994753998704, 733921.382970164995641, 0.0 ], [ 720182.101994754048064, 733919.941970163956285, 0.0 ], [ 720182.774994753999636, 733917.619970176019706, 0.0 ], [ 720182.492994753993116, 733914.890970172942616, 0.0 ], [ 720181.398994753952138, 733910.604970169020817, 0.0 ], [ 720181.781994753982872, 733907.000970175955445, 0.0 ], [ 720182.98599475400988, 733902.947970167035237, 0.0 ], [ 720183.297994754044339, 733900.5049701690441, 0.0 ], [ 720184.462994753033854, 733899.545970162027515, 0.0 ], [ 720185.601994753000326, 733899.290970170055516, 0.0 ], [ 720186.087994753033854, 733897.517970175947994, 0.0 ], [ 720185.760994752985425, 733895.304970161989331, 0.0 ], [ 720186.147994752973318, 733894.749970169970766, 0.0 ], [ 720185.283994753030129, 733889.31597017403692, 0.0 ], [ 720185.48699475300964, 733887.10497016296722, 0.0 ], [ 720186.121994753018953, 733886.143970174016431, 0.0 ], [ 720185.690994753036648, 733879.13597016595304, 0.0 ], [ 720185.474994753021747, 733877.335970166022889, 0.0 ], [ 720187.043994751991704, 733873.603970165015198, 0.0 ], [ 720186.476994753000326, 733872.671970171038993, 0.0 ], [ 720187.578994752955623, 733870.339970172964968, 0.0 ], [ 720188.191994752036408, 733865.02597016794607, 0.0 ], [ 720189.993994752992876, 733863.750970163033344, 0.0 ], [ 720192.294994750991464, 733860.101970172952861, 0.0 ], [ 720193.697994751972146, 733857.160970169003122, 0.0 ], [ 720195.158994751051068, 733853.099970169947483, 0.0 ], [ 720196.269994750968181, 733848.667970163049176, 0.0 ], [ 720209.75399474799633, 733848.584970163996331, 0.0 ], [ 720265.401994736050256, 733848.116970164002851, 0.0 ], [ 720271.368994732969441, 733848.088970161043108, 0.0 ], [ 720272.752994733047672, 733848.116970165981911, 0.0 ], [ 720281.14999473199714, 733847.910970162949525, 0.0 ], [ 720312.133994724950753, 733847.767970161046833, 0.0 ], [ 720312.112994725001045, 733848.783970160991885, 0.0 ], [ 720317.624994724057615, 733848.52397016400937, 0.0 ], [ 720317.928994723013602, 733848.400970168993808, 0.0 ], [ 720318.165994722978212, 733848.176970159052871, 0.0 ], [ 720318.300994722987525, 733847.895970167010091, 0.0 ], [ 720318.573994723032229, 733846.987970161018893, 0.0 ], [ 720318.699994722963311, 733845.795970165054314, 0.0 ], [ 720318.665994722978212, 733841.429970163037069, 0.0 ], [ 720318.498994722962379, 733841.135970161994919, 0.0 ], [ 720318.292994722956792, 733840.868970168987289, 0.0 ], [ 720318.049994723056443, 733840.632970163947903, 0.0 ], [ 720317.795994722982869, 733840.444970165030099, 0.0 ], [ 720316.935994722996838, 733840.323970166966319, 0.0 ], [ 720312.237994725001045, 733840.302970162942074, 0.0 ], [ 720312.136994724045508, 733841.520970165962353, 0.0 ], [ 720285.927994729951024, 733841.610970166977495, 0.0 ], [ 720285.856994731002487, 733837.698970164055936, 0.0 ], [ 720283.430994731024839, 733829.826970168971457, 0.0 ], [ 720288.053994729998522, 733829.745970158022828, 0.0 ], [ 720288.023994729039259, 733826.83797016995959, 0.0 ], [ 720287.968994730035774, 733826.314970158971846, 0.0 ], [ 720287.351994729950093, 733761.94497016898822, 0.0 ], [ 720286.69999472994823, 733696.094970160978846, 0.0 ], [ 720287.559994730050676, 733695.940970167052001, 0.0 ], [ 720287.971994729945436, 733697.242970166029409, 0.0 ], [ 720308.37199472496286, 733693.908970160991885, 0.0 ], [ 720309.478994725970551, 733692.854970160056837, 0.0 ], [ 720327.551994721055962, 733703.507970156962983, 0.0 ], [ 720326.396994721028022, 733705.960970156942494, 0.0 ], [ 720334.885994718992151, 733710.872970166965388, 0.0 ], [ 720372.644053990021348, 733826.314170176978223, 0.0 ], [ 720375.887994710006751, 733837.259970157989301, 0.0 ], [ 720360.569994713994674, 733842.349970150040463, 0.0 ], [ 720359.554994713980705, 733843.572970157954842, 0.0 ], [ 720358.661994714057073, 733845.001970157027245, 0.0 ], [ 720358.072994714020751, 733846.462970157968812, 0.0 ], [ 720357.795994714018889, 733847.548970162984915, 0.0 ], [ 720357.948994714999571, 733848.744970157975331, 0.0 ], [ 720358.429994713980705, 733850.075970154022798, 0.0 ], [ 720358.917994713992812, 733851.025970158982091, 0.0 ], [ 720359.618994713993743, 733851.522970160003752, 0.0 ], [ 720360.319994713994674, 733851.943970159045421, 0.0 ], [ 720361.833994713029824, 733852.432970157009549, 0.0 ], [ 720362.868994712946005, 733852.757970156962983, 0.0 ], [ 720367.562994712032378, 733852.906970161944628, 0.0 ], [ 720370.660994710982777, 733852.894970161025412, 0.0 ], [ 720372.590994711034, 733852.909970159991644, 0.0 ], [ 720380.988994708983228, 733850.824970155023038, 0.0 ], [ 720379.708994710003026, 733846.404970154049806, 0.0 ], [ 720381.928453361964785, 733846.344508173991926, 0.0 ], [ 720384.994994709035382, 733846.26097015501, 0.0 ], [ 720384.887994708959013, 733847.704970155027695, 0.0 ], [ 720400.519994704984128, 733848.258970155962743, 0.0 ], [ 720400.796994704985991, 733847.146970159956254, 0.0 ], [ 720406.78399470297154, 733847.372970159049146, 0.0 ], [ 720408.509994702995755, 733847.434970151050948, 0.0 ], [ 720414.209994702017866, 733847.630970153026283, 0.0 ], [ 720425.258994698990136, 733848.011970159946941, 0.0 ], [ 720436.324994697002694, 733826.313970152987167, 0.0 ], [ 720440.249994696001522, 733819.020970155950636, 0.0 ], [ 720441.386994695989415, 733819.547970157000236, 0.0 ], [ 720443.781994694960304, 733815.106970152002759, 0.0 ], [ 720446.109994694008492, 733810.603970153955743, 0.0 ], [ 720448.180994694004767, 733810.689970156992786, 0.0 ], [ 720469.995994688943028, 733811.425970153999515, 0.0 ], [ 720558.492994669009931, 733814.533970147022046, 0.0 ], [ 720565.129994667018764, 733814.814970153034665, 0.0 ], [ 720565.057994668022729, 733816.65197014901787, 0.0 ], [ 720564.55599466804415, 733826.312970153056085, 0.0 ], [ 720564.54099466803018, 733826.742970151011832, 0.0 ], [ 720564.001994668040425, 733834.99897014896851, 0.0 ], [ 720588.139994662953541, 733835.551970146945678, 0.0 ], [ 720588.508994663017802, 733827.511970142950304, 0.0 ], [ 720594.625994661008008, 733827.707970150047913, 0.0 ], [ 720594.776994660962373, 733826.31297014595475, 0.0 ], [ 720595.050994661054574, 733817.688970139017329, 0.0 ], [ 720589.432994663016871, 733817.494970140978694, 0.0 ], [ 720589.503994661965407, 733815.455970144015737, 0.0 ], [ 720601.361994659993798, 733815.85997014597524, 0.0 ], [ 720641.220994650037028, 733816.928970142966136, 0.0 ], [ 720641.172994651016779, 733818.469970147009008, 0.0 ], [ 720639.352994650020264, 733818.397970148944296, 0.0 ], [ 720639.261994651053101, 733822.4179701480316, 0.0 ], [ 720644.656994650023989, 733822.65497014101129, 0.0 ], [ 720648.215994648984633, 733822.797970141051337, 0.0 ], [ 720648.104975088033825, 733826.312448165961541, 0.0 ], [ 720648.033994648954831, 733828.046970139024779, 0.0 ], [ 720647.147994649014436, 733849.416970144025981, 0.0 ], [ 720658.789994647027925, 733849.874970135977492, 0.0 ], [ 720659.558994646999054, 733829.712970140040852, 0.0 ], [ 720659.67398092802614, 733826.312375845038332, 0.0 ], [ 720659.694994647055864, 733822.902970143943094, 0.0 ], [ 720661.135994645999745, 733822.848970146034844, 0.0 ], [ 720662.596994646009989, 733822.834970141993836, 0.0 ], [ 720662.757994645973668, 733819.415970138972625, 0.0 ], [ 720661.157994645996951, 733819.466970146051608, 0.0 ], [ 720661.289994645980187, 733817.687970136990771, 0.0 ], [ 720668.524994645034894, 733817.995970141026191, 0.0 ], [ 720694.468346138950437, 733819.086700769024901, 0.0 ], [ 720696.995994637953117, 733819.192970142001286, 0.0 ], [ 720721.989994631963782, 733820.043970133992843, 0.0 ], [ 720724.57199463096913, 733820.171970137045719, 0.0 ], [ 720741.579994627973065, 733820.723970138002187, 0.0 ], [ 720743.597994628013112, 733820.916970137041062, 0.0 ], [ 720746.180994626949541, 733821.104970140033402, 0.0 ], [ 720750.533994626021013, 733821.212970137945376, 0.0 ], [ 720753.098994625033811, 733821.261970133055001, 0.0 ], [ 720756.015994625049643, 733821.208970137056895, 0.0 ], [ 720822.057994610047899, 733823.140970126958564, 0.0 ], [ 720822.487994609982707, 733823.105970129952766, 0.0 ], [ 720821.588994608959183, 733822.086970129981637, 0.0 ], [ 720821.044994610012509, 733821.275970133021474, 0.0 ], [ 720820.647994610015303, 733820.106970131979324, 0.0 ], [ 720820.391994609963149, 733819.643970135948621, 0.0 ], [ 720819.774994609993882, 733815.68797013501171, 0.0 ], [ 720819.382994610001333, 733814.398970133042894, 0.0 ], [ 720819.531994611024857, 733810.019970130990259, 0.0 ], [ 720819.673994609969668, 733808.000970136024989, 0.0 ], [ 720839.288994606002234, 733808.719970125006512, 0.0 ], [ 720839.145994605962187, 733810.857970132958144, 0.0 ], [ 720839.110994606046006, 733816.436970129958354, 0.0 ], [ 720842.087994604953565, 733820.461970128002577, 0.0 ], [ 720842.457994604948908, 733821.130970136029646, 0.0 ], [ 720843.278994604945183, 733822.127970137051307, 0.0 ], [ 720844.107994604972191, 733822.664970132987946, 0.0 ], [ 720844.959994605043903, 733823.102970130974427, 0.0 ], [ 720845.991994604002684, 733823.503970124991611, 0.0 ], [ 720846.986994603998028, 733823.764970137039199, 0.0 ], [ 720848.005994603969157, 733823.863970129052177, 0.0 ], [ 720897.681994591956027, 733826.310970127000473, 0.0 ], [ 721002.414994569029659, 733831.467970116995275, 0.0 ], [ 721012.02799456694629, 733831.885970121016726, 0.0 ], [ 721033.891994560952298, 733832.748970119981095, 0.0 ], [ 721049.560994558036327, 733833.438970115967095, 0.0 ], [ 721076.101994551951066, 733834.468970117042772, 0.0 ], [ 721093.25099454796873, 733835.184970112051815, 0.0 ], [ 721106.921994545031339, 733835.69797011197079, 0.0 ], [ 721127.662994539947249, 733836.701970112975687, 0.0 ], [ 721143.791994535946287, 733837.379970110952854, 0.0 ], [ 721160.456994532025419, 733838.226970107993111, 0.0 ], [ 721160.436994532006793, 733841.408970111049712, 0.0 ], [ 721160.315994531963952, 733846.867970110033639, 0.0 ], [ 721160.170994531945325, 733852.486970109981485, 0.0 ], [ 721161.512994532007724, 733852.411970110959373, 0.0 ], [ 721163.25499453197699, 733852.323970110970549, 0.0 ], [ 721163.852994531975128, 733838.409970109001733, 0.0 ], [ 721173.066994528984651, 733838.799970112973824, 0.0 ], [ 721179.423994526965544, 733838.977970118983649, 0.0 ], [ 721186.517994525958784, 733839.308970112004317, 0.0 ], [ 721203.283994522993453, 733840.098970109946094, 0.0 ], [ 721217.789994518971071, 733840.865970104001462, 0.0 ], [ 721236.134994514053687, 733841.72597011399921, 0.0 ], [ 721258.755994508974254, 733842.82397010596469, 0.0 ], [ 721284.731994502944872, 733844.183970100944862, 0.0 ], [ 721298.378994500031695, 733844.93597010395024, 0.0 ], [ 721325.011994494008832, 733846.427970099030063, 0.0 ], [ 721349.007994489045814, 733847.79197010002099, 0.0 ], [ 721380.037994481972419, 733849.444970099022612, 0.0 ], [ 721380.066994481952861, 733850.065970103954896, 0.0 ], [ 721404.250994476024061, 733852.052970092976466, 0.0 ], [ 721414.496994473971426, 733852.852970098960213, 0.0 ], [ 721414.233994474052452, 733858.358970094006509, 0.0 ], [ 721424.197994470945559, 733859.263970104046166, 0.0 ], [ 721429.788994470029138, 733859.766970098018646, 0.0 ], [ 721436.048994467942975, 733854.380970097030513, 0.0 ], [ 721444.842994467006065, 733854.782970097963698, 0.0 ], [ 721460.807994463015348, 733855.618970087962225, 0.0 ], [ 721483.347994458046742, 733856.734970094054006, 0.0 ], [ 721495.937994454987347, 733857.306970088044181, 0.0 ], [ 721524.401320248958655, 733858.878932854044251, 0.0 ], [ 721542.424994444008917, 733859.737970093032345, 0.0 ], [ 721568.408994438010268, 733861.01697009196505, 0.0 ], [ 721603.975994428968988, 733862.614970089984126, 0.0 ], [ 721639.501994421007112, 733864.292970087961294, 0.0 ], [ 721672.146994412993081, 733865.770970085985027, 0.0 ], [ 721698.57199440698605, 733866.888970079948194, 0.0 ], [ 721720.21599440195132, 733868.168970088008791, 0.0 ], [ 721746.33999439701438, 733869.587970076943748, 0.0 ], [ 721776.444994388963096, 733871.225970078026876, 0.0 ], [ 721800.329994383035228, 733872.524970081052743, 0.0 ], [ 721834.034994376008399, 733874.322970072040334, 0.0 ], [ 721853.077994370949455, 733875.361970067955554, 0.0 ], [ 721868.500994366942905, 733876.180970072979107, 0.0 ], [ 721883.582994363969192, 733877.09997006400954, 0.0 ], [ 721899.746994360000826, 733878.119970074039884, 0.0 ], [ 721922.549994354019873, 733879.437970070983283, 0.0 ], [ 721941.353994349949062, 733880.456970066996291, 0.0 ], [ 721960.796994345961139, 733881.616970065049827, 0.0 ], [ 721978.499994341982529, 733882.654970063013025, 0.0 ], [ 721999.162994337035343, 733883.9149700619746, 0.0 ], [ 722024.686994330957532, 733885.672970058978535, 0.0 ], [ 722049.611994324019179, 733887.351970062009059, 0.0 ], [ 722071.334994319011457, 733888.949970062007196, 0.0 ], [ 722093.818994313944131, 733890.449970057001337, 0.0 ], [ 722107.380994310951792, 733891.387970058945939, 0.0 ], [ 722121.062994307954796, 733892.447970050969161, 0.0 ], [ 722139.625994303030893, 733893.806970051024109, 0.0 ], [ 722153.967994299950078, 733894.945970050990582, 0.0 ], [ 722168.810994297033176, 733896.285970048047602, 0.0 ], [ 722180.752994294045493, 733897.445970050990582, 0.0 ], [ 722191.747994291014038, 733898.550970050040632, 0.0 ], [ 722192.073994291014969, 733898.583970051025972, 0.0 ], [ 722197.654994289041497, 733899.143970050034113, 0.0 ], [ 722206.316994286957197, 733900.163970045978203, 0.0 ], [ 722210.516994287027046, 733900.643970053992234, 0.0 ], [ 722213.97899428603705, 733900.703970042988658, 0.0 ], [ 722225.159994282992557, 733900.942970047006384, 0.0 ], [ 722243.48299427900929, 733901.401970050996169, 0.0 ], [ 722260.966994273941964, 733901.780970046995208, 0.0 ], [ 722276.068994270986877, 733902.159970046952367, 0.0 ], [ 722285.145994269056246, 733902.455970045994036, 0.0 ], [ 722288.400994268013164, 733902.637970049981959, 0.0 ], [ 722324.230777519056574, 733904.609958113986067, 0.0 ], [ 722333.217994256992824, 733905.33997003803961, 0.0 ], [ 722338.176994255976751, 733905.748970036976971, 0.0 ], [ 722343.595994255039841, 733906.242970039951615, 0.0 ], [ 722348.575994253042154, 733906.671970037044957, 0.0 ], [ 722355.893994251964614, 733907.284970037988387, 0.0 ], [ 722362.092994251055643, 733907.886970038991421, 0.0 ], [ 722364.751994249993004, 733908.132970042992383, 0.0 ], [ 722371.570994248031639, 733908.840970035991631, 0.0 ], [ 722377.249994246987626, 733909.337970037013292, 0.0 ], [ 722383.308994245016947, 733909.817970038042404, 0.0 ], [ 722386.928994245012291, 733910.092970035970211, 0.0 ], [ 722388.968994244001806, 733910.23397004196886, 0.0 ], [ 722391.048994243959896, 733910.373970031971112, 0.0 ], [ 722394.550994243007153, 733910.46897004195489, 0.0 ], [ 722398.01199424196966, 733910.522970034973696, 0.0 ], [ 722402.473994240048341, 733910.626970040029846, 0.0 ], [ 722407.636994238942862, 733910.758970031980425, 0.0 ], [ 722413.539994237944484, 733910.856970033957623, 0.0 ], [ 722418.942994236014783, 733910.97097003494855, 0.0 ], [ 722423.504994236049242, 733911.075970037956722, 0.0 ], [ 722428.387994235032238, 733911.183970037964173, 0.0 ], [ 722433.950994233018719, 733911.27897003700491, 0.0 ], [ 722437.411994231981225, 733911.373970033950172, 0.0 ], [ 722439.692994232056662, 733911.395970036042854, 0.0 ], [ 722440.593994232011028, 733911.364970035967417, 0.0 ], [ 722441.315994231961668, 733911.291970032965764, 0.0 ], [ 722447.004994229995646, 733910.787970038014464, 0.0 ], [ 722453.814994227956049, 733910.194970034994185, 0.0 ], [ 722459.18299422704149, 733909.766970033990219, 0.0 ], [ 722465.79399422602728, 733909.171970029943623, 0.0 ], [ 722474.847994223004207, 733908.420970040955581, 0.0 ], [ 722480.115994221996516, 733907.95297003001906, 0.0 ], [ 722487.60799422103446, 733907.245970029965974, 0.0 ], [ 722495.479994217981584, 733906.623970031971112, 0.0 ], [ 722501.428994216956198, 733906.102970032952726, 0.0 ], [ 722507.157994215958752, 733905.638970031985082, 0.0 ], [ 722517.353994213044643, 733904.79897002899088, 0.0 ], [ 722523.502994211972691, 733904.298970025964081, 0.0 ], [ 722528.970994209987111, 733903.852970032021403, 0.0 ], [ 722533.617994209984317, 733903.478970024967566, 0.0 ], [ 722537.503994207945652, 733903.156970025040209, 0.0 ], [ 722540.868994207005017, 733902.909970034030266, 0.0 ], [ 722542.791994206956588, 733902.74897003301885, 0.0 ], [ 722544.153994207037613, 733902.621970025007613, 0.0 ], [ 722544.994994206004776, 733902.62997002794873, 0.0 ], [ 722545.614994206000119, 733902.696970031014644, 0.0 ], [ 722547.171994204982184, 733902.991970031056553, 0.0 ], [ 722554.72299420402851, 733904.527970026014373, 0.0 ], [ 722560.914994203019887, 733905.729970025015064, 0.0 ], [ 722570.662994200945832, 733907.587970023974776, 0.0 ], [ 722579.33399419800844, 733909.273970023030415, 0.0 ], [ 722586.16499419696629, 733910.602970018982887, 0.0 ], [ 722597.5519941940438, 733912.81597002397757, 0.0 ], [ 722608.018994190962985, 733914.841970024979673, 0.0 ], [ 722616.647994189057499, 733916.588970020995475, 0.0 ], [ 722629.930994185968302, 733919.200970027013682, 0.0 ], [ 722638.340994184021838, 733920.84497002500575, 0.0 ], [ 722647.427994181052782, 733922.756970023969188, 0.0 ], [ 722652.780994180007838, 733923.870970021001995, 0.0 ], [ 722660.650994178024121, 733925.428970020962879, 0.0 ], [ 722666.802994176978245, 733926.710970013984479, 0.0 ], [ 722672.195994175970554, 733927.804970022989437, 0.0 ], [ 722676.010994174983352, 733928.583970019011758, 0.0 ], [ 722681.483994173002429, 733929.697970023960806, 0.0 ], [ 722686.416994172031991, 733930.727970025036484, 0.0 ], [ 722690.871994170942344, 733931.632970015984029, 0.0 ], [ 722695.504994170041755, 733932.598970022983849, 0.0 ], [ 722702.376994168036617, 733934.006970018032007, 0.0 ], [ 722708.407994166947901, 733935.267970014945604, 0.0 ], [ 722714.119994165957905, 733936.525970023008995, 0.0 ], [ 722719.092994163976982, 733937.554970012977719, 0.0 ], [ 722726.78199416201096, 733939.19297001499217, 0.0 ], [ 722730.557994161965325, 733939.990970012033358, 0.0 ], [ 722737.105994160054252, 733941.595970020047389, 0.0 ], [ 722742.296994158998132, 733942.887970020994544, 0.0 ], [ 722745.091994157992303, 733943.556970017962158, 0.0 ], [ 722749.184994157054462, 733944.597970018046908, 0.0 ], [ 722752.71899415703956, 733945.452970020007342, 0.0 ], [ 722757.031994155957364, 733946.475970013998449, 0.0 ], [ 722759.526994153973646, 733947.061970017035492, 0.0 ], [ 722762.781994153978303, 733947.874970013042912, 0.0 ], [ 722767.254994153045118, 733948.939970016013831, 0.0 ], [ 722769.929994152043946, 733949.62597001704853, 0.0 ], [ 722772.325994150945917, 733950.229970016051084, 0.0 ], [ 722776.318994150962681, 733951.230970012024045, 0.0 ], [ 722779.691994150052778, 733952.124970013042912, 0.0 ], [ 722782.826994149014354, 733952.8959700090345, 0.0 ], [ 722786.240994147956371, 733953.729970016982406, 0.0 ], [ 722789.853994147968479, 733954.666970015969127, 0.0 ], [ 722792.528994146967307, 733955.313970017945394, 0.0 ], [ 722794.88499414594844, 733955.936970017035492, 0.0 ], [ 722797.101994144963101, 733956.459970014984719, 0.0 ], [ 722799.416994145023637, 733957.062970009981655, 0.0 ], [ 722802.011994143947959, 733957.768970013945363, 0.0 ], [ 722804.886994143016636, 733958.4579700169852, 0.0 ], [ 722807.062994142994285, 733958.979970011045225, 0.0 ], [ 722809.379994141985662, 733959.522970009013079, 0.0 ], [ 722811.994994141976349, 733960.149970015976578, 0.0 ], [ 722814.57199414097704, 733960.735970010980964, 0.0 ], [ 722818.005994140985422, 733961.5889700029511, 0.0 ], [ 722822.279994138982147, 733962.451970007969067, 0.0 ], [ 722826.814994137967005, 733963.277970007969998, 0.0 ], [ 722830.72999413695652, 733963.996970011037774, 0.0 ], [ 722835.544994135969318, 733964.86597001098562, 0.0 ], [ 722839.601994134951383, 733965.625970009947196, 0.0 ], [ 722845.513994134031236, 733966.704970009042881, 0.0 ], [ 722849.929994132951833, 733967.468970012036152, 0.0 ], [ 722855.96299413102679, 733968.649970005033538, 0.0 ], [ 722862.255994130042382, 733969.771970008034259, 0.0 ], [ 722867.449994127964601, 733970.78497001004871, 0.0 ], [ 722872.802994127036072, 733971.798970011994243, 0.0 ], [ 722875.240994127001613, 733972.202970001962967, 0.0 ], [ 722878.416994126047939, 733972.794970005052164, 0.0 ], [ 722880.614994124975055, 733973.215970008983277, 0.0 ], [ 722882.771994124981575, 733973.657970002037473, 0.0 ], [ 722884.329994124942459, 733973.973970009945333, 0.0 ], [ 722886.606994124012999, 733974.496970003005117, 0.0 ], [ 722888.343994123046286, 733974.913970006047748, 0.0 ], [ 722890.919994123047218, 733975.51997001003474, 0.0 ], [ 722893.673994121956639, 733976.267970007960685, 0.0 ], [ 722895.530994122033007, 733976.72696999902837, 0.0 ], [ 722898.045994120999239, 733977.41097001102753, 0.0 ], [ 722900.440994119970128, 733978.095970008056611, 0.0 ], [ 722902.336994120036252, 733978.574970011948608, 0.0 ], [ 722903.59499411995057, 733978.947970006032847, 0.0 ], [ 722904.432994119008072, 733979.195970003958791, 0.0 ], [ 722905.15199411904905, 733979.402970007969998, 0.0 ], [ 722906.128994119004346, 733979.63297000201419, 0.0 ], [ 722906.907994118984789, 733979.840970007004216, 0.0 ], [ 722907.646994117996655, 733980.028970008017495, 0.0 ], [ 722908.404994118958712, 733980.275970011018217, 0.0 ], [ 722910.561994118033908, 733980.797970002051443, 0.0 ], [ 722913.934994118055329, 733981.690970008028671, 0.0 ], [ 722917.227994116954505, 733982.584970002993941, 0.0 ], [ 722920.241994114941917, 733983.414970002952032, 0.0 ], [ 722923.216994113987312, 733984.184970009024255, 0.0 ], [ 722925.710994114051573, 733984.890970004955307, 0.0 ], [ 722928.686994113959372, 733985.659969998989254, 0.0 ], [ 722930.342994112987071, 733986.116969999973662, 0.0 ], [ 722933.296994111966342, 733986.966970000998117, 0.0 ], [ 722935.911994111957029, 733987.612970000947826, 0.0 ], [ 722939.084994110977277, 733988.464970006025396, 0.0 ], [ 722942.438994111027569, 733989.41896999895107, 0.0 ], [ 722947.708994108950719, 733990.851969997980632, 0.0 ], [ 722952.359994107973762, 733992.118970002047718, 0.0 ], [ 722956.690994106000289, 733993.282970004016533, 0.0 ], [ 722960.483994105947204, 733994.279970000032336, 0.0 ], [ 722966.311994103947654, 733995.918970005004667, 0.0 ], [ 722973.736994102946483, 733997.953970005037263, 0.0 ], [ 722981.401994101004675, 734000.090970001998357, 0.0 ], [ 722986.969994098995812, 734001.547970002051443, 0.0 ], [ 722991.660994098056108, 734002.813970003044233, 0.0 ], [ 722995.174994096974842, 734003.769970003049821, 0.0 ], [ 722997.429994096979499, 734004.352970003965311, 0.0 ], [ 723000.643994095968083, 734005.244970001047477, 0.0 ], [ 723003.118994095013477, 734005.930970003944822, 0.0 ], [ 723005.254994094953872, 734006.470969993039034, 0.0 ], [ 723008.428994094021618, 734007.342969998950139, 0.0 ], [ 723013.099994092946872, 734008.610969995032065, 0.0 ], [ 723015.653994092019275, 734009.316969992942177, 0.0 ], [ 723017.450994092039764, 734009.814970002043992, 0.0 ], [ 723018.92799409199506, 734010.229969996027648, 0.0 ], [ 723021.022994091035798, 734010.789969997946173, 0.0 ], [ 723023.09899409103673, 734011.390969994943589, 0.0 ], [ 723024.874994089943357, 734011.908969994052313, 0.0 ], [ 723028.467994089005515, 734012.905969994957559, 0.0 ], [ 723031.10299408796709, 734013.611970001948066, 0.0 ], [ 723039.445994087029248, 734015.895969992037863, 0.0 ], [ 723042.278994085034356, 734016.824969997978769, 0.0 ], [ 723051.556994084035978, 734019.717969996039756, 0.0 ], [ 723053.810994082945399, 734020.480970000033267, 0.0 ], [ 723054.897994083003141, 734020.77596999402158, 0.0 ], [ 723059.105994081008248, 734021.774969998048618, 0.0 ], [ 723062.655994081054814, 734022.610969997011125, 0.0 ], [ 723066.549994079978205, 734023.548969998024404, 0.0 ], [ 723068.767994079040363, 734024.044969995971769, 0.0 ], [ 723069.544994079042226, 734024.218969997949898, 0.0 ], [ 723072.879994077957235, 734024.952969996957108, 0.0 ], [ 723074.996994078042917, 734025.453969997004606, 0.0 ], [ 723076.754994077025913, 734025.771970001980662, 0.0 ], [ 723077.553994077024981, 734025.939969997038133, 0.0 ], [ 723078.672994076972827, 734026.130969988997094, 0.0 ], [ 723088.368994074990042, 734027.206969990977086, 0.0 ], [ 723088.398994075017981, 734027.492969995946623, 0.0 ], [ 723088.452994073973969, 734027.858969997963868, 0.0 ], [ 723088.524994074017741, 734028.220969996997155, 0.0 ], [ 723088.614994073985144, 734028.578969995956868, 0.0 ], [ 723088.720994074014015, 734028.932969985995442, 0.0 ], [ 723088.844994073966518, 734029.2809699899517, 0.0 ], [ 723088.985994074027985, 734029.621969997999258, 0.0 ], [ 723089.142994074034505, 734029.956969988998026, 0.0 ], [ 723089.271994073991664, 734030.228969997959211, 0.0 ], [ 723089.384994074003771, 734030.461969994008541, 0.0 ], [ 723089.49899407394696, 734030.693969993037172, 0.0 ], [ 723089.614994073985144, 734030.925969994976185, 0.0 ], [ 723089.732994074001908, 734031.155970001011156, 0.0 ], [ 723089.851994073949754, 734031.385969995055348, 0.0 ], [ 723089.972994073992595, 734031.614969996968284, 0.0 ], [ 723090.094994073966518, 734031.841969987028278, 0.0 ], [ 723090.218994074035436, 734032.068969993037172, 0.0 ], [ 723090.344994073966518, 734032.29596999194473, 0.0 ], [ 723090.471994073945098, 734032.520970001001842, 0.0 ], [ 723090.633994073956273, 734032.782969992025755, 0.0 ], [ 723090.833994074026123, 734033.080969995004125, 0.0 ], [ 723091.039994074031711, 734033.373969992971979, 0.0 ], [ 723091.249994073994458, 734033.663969986955635, 0.0 ], [ 723091.465994074009359, 734033.949969995999709, 0.0 ], [ 723091.686994074028917, 734034.232969996985048, 0.0 ], [ 723091.87299407296814, 734034.455969996983185, 0.0 ], [ 723092.101994073949754, 734034.709969992050901, 0.0 ], [ 723092.339994073030539, 734034.956969994003884, 0.0 ], [ 723092.585994074004702, 734035.19596999604255, 0.0 ], [ 723092.838994072983041, 734035.426969990949146, 0.0 ], [ 723093.099994073971175, 734035.648969991947524, 0.0 ], [ 723093.336994073004462, 734035.846969992038794, 0.0 ], [ 723093.537994073005393, 734036.01196999498643, 0.0 ], [ 723093.739994073053822, 734036.174969990039244, 0.0 ], [ 723093.944994073011912, 734036.335969993961044, 0.0 ], [ 723094.1509940730175, 734036.493969995994121, 0.0 ], [ 723094.359994073049165, 734036.648969991016202, 0.0 ], [ 723094.569994073011912, 734036.801969991996884, 0.0 ], [ 723094.781994072953239, 734036.951969988993369, 0.0 ], [ 723094.995994072989561, 734037.099969987990335, 0.0 ], [ 723095.255994072998874, 734037.282969987951219, 0.0 ], [ 723095.466994073009118, 734037.424969988991506, 0.0 ], [ 723095.681994072976522, 734037.562969994964078, 0.0 ], [ 723095.898994073038921, 734037.695969998952933, 0.0 ], [ 723096.117994072032161, 734037.824969994020648, 0.0 ], [ 723096.339994071982801, 734037.948969995952211, 0.0 ], [ 723096.564994071959518, 734038.068969995947555, 0.0 ], [ 723096.79199407203123, 734038.183969993959181, 0.0 ], [ 723097.054994071950205, 734038.315969989984296, 0.0 ], [ 723097.325994072016329, 734038.448969998047687, 0.0 ], [ 723097.598994071944617, 734038.575969993020408, 0.0 ], [ 723097.8739940719679, 734038.698969998047687, 0.0 ], [ 723098.212994072004221, 734038.842969998950139, 0.0 ], [ 723098.523994071991183, 734038.965969990007579, 0.0 ], [ 723098.77499407203868, 734039.059969987953082, 0.0 ], [ 723099.058994072023779, 734039.161969996988773, 0.0 ], [ 723099.332994071999565, 734039.233969995053485, 0.0 ], [ 723099.659994072047994, 734039.325969996047206, 0.0 ], [ 723099.985994072048925, 734039.421969990013167, 0.0 ], [ 723100.309994071954861, 734039.52296999504324, 0.0 ], [ 723100.632994070998393, 734039.628969997982495, 0.0 ], [ 723100.953994070994668, 734039.740969993988983, 0.0 ], [ 723101.293994070962071, 734039.840969993034378, 0.0 ], [ 723101.588994071003981, 734039.908969994052313, 0.0 ], [ 723101.886994070955552, 734039.960969996987842, 0.0 ], [ 723102.187994071049616, 734039.9959699959727, 0.0 ], [ 723102.490994071005844, 734040.014970000018366, 0.0 ], [ 723102.794994071009569, 734040.016969993943349, 0.0 ], [ 723103.098994071013294, 734040.011969991959631, 0.0 ], [ 723103.402994071017019, 734040.006969987996854, 0.0 ], [ 723103.707994070951827, 734040.000969995977357, 0.0 ], [ 723104.011994070955552, 734039.994969991035759, 0.0 ], [ 723104.352994070039131, 734039.972969988011755, 0.0 ], [ 723104.659994069952518, 734039.940969988005236, 0.0 ], [ 723104.96699406998232, 734039.901969991042279, 0.0 ], [ 723105.271994070033543, 734039.854969996958971, 0.0 ], [ 723105.575994070037268, 734039.800969998002984, 0.0 ], [ 723105.878994069993496, 734039.739969989983365, 0.0 ], [ 723106.179994069971144, 734039.670969996950589, 0.0 ], [ 723106.478994069970213, 734039.595969991991296, 0.0 ], [ 723106.836994069977663, 734039.524969988968223, 0.0 ], [ 723107.189994069980457, 734039.434969994006678, 0.0 ], [ 723107.538994070026092, 734039.327969994046725, 0.0 ], [ 723107.880994069040753, 734039.203969993046485, 0.0 ], [ 723108.220994070055895, 734039.067969984957017, 0.0 ], [ 723108.566994069027714, 734038.937969992985018, 0.0 ], [ 723108.911994068999775, 734038.805969993001781, 0.0 ], [ 723109.255994069972076, 734038.67096999194473, 0.0 ], [ 723109.597994068986736, 734038.532969987951219, 0.0 ], [ 723109.927994068944827, 734038.378969989018515, 0.0 ], [ 723110.244994068983942, 734038.205969991046004, 0.0 ], [ 723110.552994068944827, 734038.017969995969906, 0.0 ], [ 723110.851994068943895, 734037.815969994990155, 0.0 ], [ 723111.141994068981148, 734037.599969987990335, 0.0 ], [ 723111.349994068965316, 734037.434969992958941, 0.0 ], [ 723111.596994069055654, 734037.233969990047626, 0.0 ], [ 723111.8409940690035, 734037.028969999053515, 0.0 ], [ 723112.081994069041684, 734036.820969993947074, 0.0 ], [ 723112.319994069053791, 734036.608969992026687, 0.0 ], [ 723112.554994067992084, 734036.392969993990846, 0.0 ], [ 723112.752994067966938, 734036.170969994971529, 0.0 ], [ 723112.990994067979045, 734035.904969993978739, 0.0 ], [ 723113.22999406803865, 734035.638969992985949, 0.0 ], [ 723113.469994068029337, 734035.373969995998777, 0.0 ], [ 723113.710994067951106, 734035.108969988999888, 0.0 ], [ 723113.95199406798929, 734034.845969990943559, 0.0 ], [ 723114.125994067988358, 734034.60596998501569, 0.0 ], [ 723114.272994067985564, 734034.398969987989403, 0.0 ], [ 723114.416994067956693, 734034.190969989052974, 0.0 ], [ 723114.55999406799674, 734033.980969995958731, 0.0 ], [ 723114.69999406801071, 734033.768969996017404, 0.0 ], [ 723114.837994068977423, 734033.555969993001781, 0.0 ], [ 723114.973994067986496, 734033.341969990055077, 0.0 ], [ 723115.107994067948312, 734033.125969990040176, 0.0 ], [ 723115.238994068000466, 734032.908969989046454, 0.0 ], [ 723115.367994067957625, 734032.689969989005476, 0.0 ], [ 723115.49499406805262, 734032.470969993970357, 0.0 ], [ 723115.638994066976011, 734032.213969990960322, 0.0 ], [ 723115.814994068001397, 734031.892969995969906, 0.0 ], [ 723115.973994067986496, 734031.598969997954555, 0.0 ], [ 723116.144994067959487, 734031.273969989037141, 0.0 ], [ 723116.29699406796135, 734030.976969982963055, 0.0 ], [ 723116.447994066984393, 734030.678969988948666, 0.0 ], [ 723116.594994066981599, 734030.379969991976395, 0.0 ], [ 723116.707994066993706, 734030.128969989018515, 0.0 ], [ 723116.839994066976942, 734029.806969990953803, 0.0 ], [ 723116.963994067977183, 734029.48096999397967, 0.0 ], [ 723117.078994067036547, 734029.151969991042279, 0.0 ], [ 723117.18699406797532, 734028.819969994947314, 0.0 ], [ 723117.285994066973217, 734028.485969995963387, 0.0 ], [ 723117.352994067012332, 734028.206969997962005, 0.0 ], [ 723117.404994067968801, 734027.956969997030683, 0.0 ], [ 723117.455994067015126, 734027.705969991046004, 0.0 ], [ 723117.504994067014195, 734027.454969997052103, 0.0 ], [ 723117.552994066965766, 734027.203969990951009, 0.0 ], [ 723117.598994067055173, 734026.951969992020167, 0.0 ], [ 723117.643994066980667, 734026.69996999099385, 0.0 ], [ 723117.687994066975079, 734026.447969989967532, 0.0 ], [ 723117.729994066990912, 734026.195969991036691, 0.0 ], [ 723117.769994067028165, 734025.942969996016473, 0.0 ], [ 723117.80999406799674, 734025.690969993942417, 0.0 ], [ 723117.847994067007676, 734025.437969987047836, 0.0 ], [ 723117.873994066962041, 734025.145969994948246, 0.0 ], [ 723117.891994067002088, 734024.795969989034347, 0.0 ], [ 723117.896994067006744, 734024.444969994015992, 0.0 ], [ 723117.887994067044929, 734024.094969989033416, 0.0 ], [ 723117.864994068047963, 734023.744969991967082, 0.0 ], [ 723117.827994066989049, 734023.395969992969185, 0.0 ], [ 723117.777994066942483, 734023.094969991012476, 0.0 ], [ 723117.711994066950865, 734022.733969985041767, 0.0 ], [ 723117.637994067044929, 734022.374969989992678, 0.0 ], [ 723117.555994066991843, 734022.017969995038584, 0.0 ], [ 723117.465994067955762, 734021.662969987955876, 0.0 ], [ 723117.367994067026302, 734021.308969998033717, 0.0 ], [ 723117.235994067974389, 734021.011969994055107, 0.0 ], [ 723117.100994067965075, 734020.714969984954223, 0.0 ], [ 723116.962994066998363, 734020.41996999096591, 0.0 ], [ 723116.811994067043997, 734020.103969995980151, 0.0 ], [ 723116.678994067013264, 734019.833969993982464, 0.0 ], [ 723116.544994067051448, 734019.573969995952211, 0.0 ], [ 723116.384994067950174, 734019.281969991978258, 0.0 ], [ 723116.215994067955762, 734018.993969994946383, 0.0 ], [ 723116.038994068047032, 734018.710969988955185, 0.0 ], [ 723115.854994066990912, 734018.432969996007159, 0.0 ], [ 723115.663994068047032, 734018.159969993983395, 0.0 ], [ 723115.459994068020023, 734017.881969989044592, 0.0 ], [ 723115.246994066983461, 734017.603969994001091, 0.0 ], [ 723115.027994067990221, 734017.329969999031164, 0.0 ], [ 723114.801994067966007, 734017.061969997012056, 0.0 ], [ 723114.569994068006054, 734016.798969989991747, 0.0 ], [ 723114.35499406803865, 734016.565969986957498, 0.0 ], [ 723114.180994068039581, 734016.380969995050691, 0.0 ], [ 723114.002994067966938, 734016.198969993973151, 0.0 ], [ 723113.822994068032131, 734016.019969996996224, 0.0 ], [ 723113.640994068002328, 734015.8429699849803, 0.0 ], [ 723113.456994067993946, 734015.667969992035069, 0.0 ], [ 723113.268994068028405, 734015.49596999399364, 0.0 ], [ 723113.079994068015367, 734015.326969987014309, 0.0 ], [ 723112.796994069009088, 734015.082969993003644, 0.0 ], [ 723112.514994067954831, 734014.844969996018335, 0.0 ], [ 723112.229994068969972, 734014.609969987999648, 0.0 ], [ 723111.943994067958556, 734014.377969993976876, 0.0 ], [ 723111.654994069016539, 734014.147969988989644, 0.0 ], [ 723111.351994068943895, 734013.915969994966872, 0.0 ], [ 723111.10399406903889, 734013.74496999301482, 0.0 ], [ 723110.831994069041684, 734013.572969992994331, 0.0 ], [ 723110.569994069053791, 734013.423969988944009, 0.0 ], [ 723110.311994069023058, 734013.292969992966391, 0.0 ], [ 723110.085994068998843, 734013.183969988022, 0.0 ], [ 723109.859994068974629, 734013.075969988945872, 0.0 ], [ 723109.632994069019333, 734012.968969995970838, 0.0 ], [ 723109.404994069016539, 734012.863969994010404, 0.0 ], [ 723109.176994069013745, 734012.759969996055588, 0.0 ], [ 723108.947994070011191, 734012.657969990978017, 0.0 ], [ 723108.718994069029577, 734012.555969994980842, 0.0 ], [ 723108.488994069048204, 734012.455969991977327, 0.0 ], [ 723107.830994070041925, 734012.248969992040657, 0.0 ], [ 723106.112994070048444, 734011.831969990977086, 0.0 ], [ 723103.315994070959277, 734011.423969993949868, 0.0 ], [ 723101.116994071984664, 734011.141969998017885, 0.0 ], [ 723099.297994071966968, 734010.843969990033656, 0.0 ], [ 723098.318994072033092, 734010.693969988031313, 0.0 ], [ 723075.07599407795351, 734004.591969990055077, 0.0 ], [ 723062.442994080949575, 734002.551969993975945, 0.0 ], [ 723050.791994084022008, 734000.63496999500785, 0.0 ], [ 723042.036994085996412, 733999.213969997013919, 0.0 ], [ 722992.663994097034447, 733988.333969997009262, 0.0 ], [ 722898.709994120988995, 733964.556970000965521, 0.0 ], [ 722887.558994123945013, 733962.342969998018816, 0.0 ], [ 722869.334994127973914, 733958.715970008051954, 0.0 ], [ 722841.555994134978391, 733953.540970009053126, 0.0 ], [ 722770.415994151961058, 733937.937970019993372, 0.0 ], [ 722757.532994154957123, 733934.702970013022423, 0.0 ], [ 722748.751994156977162, 733932.584970013005659, 0.0 ], [ 722741.757994159008376, 733931.140970009961165, 0.0 ], [ 722730.64499416097533, 733928.521970013040118, 0.0 ], [ 722720.030994163942523, 733926.031970020965673, 0.0 ], [ 722710.152994166943245, 733923.714970018947497, 0.0 ], [ 722704.87599416798912, 733922.440970023046248, 0.0 ], [ 722700.291994169005193, 733921.558970022015274, 0.0 ], [ 722697.082994168973528, 733920.96197001694236, 0.0 ], [ 722688.066994172055274, 733919.600970017025247, 0.0 ], [ 722677.952994175022468, 733918.260970017989166, 0.0 ], [ 722646.88499418203719, 733910.924970015999861, 0.0 ], [ 722631.01299418497365, 733907.220970017020591, 0.0 ], [ 722612.889994189958088, 733902.95697002497036, 0.0 ], [ 722600.400994193041697, 733900.17297002801206, 0.0 ], [ 722581.899994198000059, 733895.821970021002926, 0.0 ], [ 722566.981994200963527, 733892.415970028028823, 0.0 ], [ 722557.022994203027338, 733890.157970031024888, 0.0 ], [ 722553.096994203981012, 733889.387970022973605, 0.0 ], [ 722551.158994204946794, 733889.272970027988777, 0.0 ], [ 722547.640994205954485, 733889.150970026967116, 0.0 ], [ 722539.595994208008051, 733889.508970030001365, 0.0 ], [ 722533.68899420904927, 733889.883970028022304, 0.0 ], [ 722525.415994210983627, 733890.638970030006021, 0.0 ], [ 722510.791994214989245, 733892.020970028010197, 0.0 ], [ 722497.310994217987172, 733893.241970025002956, 0.0 ], [ 722481.381994222057983, 733894.941970027983189, 0.0 ], [ 722466.614994224975817, 733896.501970030949451, 0.0 ], [ 722456.29599422798492, 733897.619970040977933, 0.0 ], [ 722448.56199422897771, 733898.487970037967898, 0.0 ], [ 722434.699994234018959, 733898.676970030996017, 0.0 ], [ 722419.537994235986844, 733898.565970033057965, 0.0 ], [ 722397.735994242015295, 733897.942970040952787, 0.0 ], [ 722389.617994243977591, 733897.383970040013082, 0.0 ], [ 722356.522994252038188, 733895.027970034978352, 0.0 ], [ 722324.230648520984687, 733891.712944676051848, 0.0 ], [ 722300.230994264944457, 733889.951970046036877, 0.0 ], [ 722294.713994267047383, 733889.265970041975379, 0.0 ], [ 722290.034994267043658, 733889.198970049968921, 0.0 ], [ 722287.726994268014096, 733889.058970047044568, 0.0 ], [ 722282.978994269040413, 733888.900970046990551, 0.0 ], [ 722278.139994270983152, 733888.738970039994456, 0.0 ], [ 722274.312994271051139, 733888.664970049052499, 0.0 ], [ 722270.911994272028096, 733888.598970044055022, 0.0 ], [ 722270.631994272000156, 733893.821970043005422, 0.0 ], [ 722264.38999427400995, 733893.719970038975589, 0.0 ], [ 722254.205994275980629, 733893.482970052049495, 0.0 ], [ 722253.892994276015088, 733892.586970041971654, 0.0 ], [ 722253.336994276032783, 733891.822970048990101, 0.0 ], [ 722252.259994275984354, 733891.017970049986616, 0.0 ], [ 722250.984994277008809, 733890.230970046017319, 0.0 ], [ 722248.967994277947582, 733889.479970040963963, 0.0 ], [ 722245.109994278056547, 733889.160970048978925, 0.0 ], [ 722205.13599428802263, 733886.842970049008727, 0.0 ], [ 722154.83499430003576, 733882.230970059055835, 0.0 ], [ 722070.136994319967926, 733876.009970054961741, 0.0 ], [ 722011.18899433396291, 733872.436970061971806, 0.0 ], [ 721985.673994340002537, 733870.870970060001127, 0.0 ], [ 721924.666994353989139, 733867.026970061007887, 0.0 ], [ 721855.657994369976223, 733863.384970076032914, 0.0 ], [ 721773.371994390035979, 733858.836970075964928, 0.0 ], [ 721687.266994409961626, 733854.068970081978478, 0.0 ], [ 721631.416994423023425, 733851.071970080956817, 0.0 ], [ 721539.748994444031268, 733846.557970087043941, 0.0 ], [ 721524.400994447991252, 733846.070970094995573, 0.0 ], [ 721442.992994467029348, 733841.595970088965259, 0.0 ], [ 721437.392994467983954, 733841.368970090057701, 0.0 ], [ 721435.774994469014928, 733841.020970095996745, 0.0 ], [ 721435.076994469040073, 733840.817970096948557, 0.0 ], [ 721433.588994469027966, 733840.070970098953694, 0.0 ], [ 721433.223994469037279, 733839.799970100983046, 0.0 ], [ 721433.138994468958117, 733839.486970092984848, 0.0 ], [ 721433.070994468987919, 733839.168970096972771, 0.0 ], [ 721433.017994469963014, 733838.843970092013478, 0.0 ], [ 721432.983994469977915, 733838.537970099016093, 0.0 ], [ 721432.894994470058009, 733835.835970095009543, 0.0 ], [ 721432.867994470056146, 733835.472970093949698, 0.0 ], [ 721432.784994469955564, 733834.252970093046315, 0.0 ], [ 721432.782994469976984, 733833.889970098971389, 0.0 ], [ 721432.752994469949044, 733833.527970100054517, 0.0 ], [ 721432.695994470035657, 733833.169970095972531, 0.0 ], [ 721432.61299447005149, 733832.816970097948797, 0.0 ], [ 721432.502994469017722, 733832.470970091992058, 0.0 ], [ 721432.366994470008649, 733832.133970094029792, 0.0 ], [ 721432.205994470044971, 733831.808970093959942, 0.0 ], [ 721432.056994469021447, 733831.55397010105662, 0.0 ], [ 721431.845994469942525, 733831.243970094015822, 0.0 ], [ 721431.691994469962083, 733831.046970093040727, 0.0 ], [ 721431.44299447000958, 733830.766970096970908, 0.0 ], [ 721431.264994470053352, 733830.590970095945522, 0.0 ], [ 721431.077994470018893, 733830.424970097024925, 0.0 ], [ 721430.781994470045902, 733830.194970094948076, 0.0 ], [ 721430.495994469965808, 733829.979970094980672, 0.0 ], [ 721430.252994469949044, 733829.782970099011436, 0.0 ], [ 721429.998994469991885, 733829.597970091970637, 0.0 ], [ 721429.736994470003992, 733829.425970091018826, 0.0 ], [ 721429.466994469985366, 733829.266970098949969, 0.0 ], [ 721429.188994470052421, 733829.121970094973221, 0.0 ], [ 721428.904994470998645, 733828.990970092942007, 0.0 ], [ 721428.613994469982572, 733828.873970094951801, 0.0 ], [ 721428.303994470043108, 733828.767970092012547, 0.0 ], [ 721427.980994470999576, 733828.675970096956007, 0.0 ], [ 721427.654994470998645, 733828.600970095954835, 0.0 ], [ 721427.323994470993057, 733828.542970097973011, 0.0 ], [ 721426.990994471008889, 733828.503970097051933, 0.0 ], [ 721426.049994471017271, 733828.522970104007982, 0.0 ], [ 721421.882994472049177, 733828.60697009798605, 0.0 ], [ 721418.686994472984225, 733828.670970097999088, 0.0 ], [ 721417.663994473055936, 733828.702970098005608, 0.0 ], [ 721415.084994473028928, 733828.784970093052834, 0.0 ], [ 721413.298994473996572, 733829.071970097953454, 0.0 ], [ 721412.030994473956525, 733829.488970104954205, 0.0 ], [ 721411.309994474053383, 733829.865970095037483, 0.0 ], [ 721411.001994473976083, 733830.028970096958801, 0.0 ], [ 721409.884994475054555, 733830.908970094984397, 0.0 ], [ 721409.273994475021027, 733831.517970095039345, 0.0 ], [ 721408.648994475021027, 733832.82697009597905, 0.0 ], [ 721407.668994475039653, 733832.851970092975534, 0.0 ], [ 721405.602994475979358, 733832.902970092953183, 0.0 ], [ 721403.945994475972839, 733832.944970099022612, 0.0 ], [ 721402.001994475955144, 733832.993970102048479, 0.0 ], [ 721400.107994477031752, 733833.04097009904217, 0.0 ], [ 721398.178994477028027, 733833.088970100041479, 0.0 ], [ 721395.785994478035718, 733833.14897009904962, 0.0 ], [ 721393.537994478014298, 733833.205970103037544, 0.0 ], [ 721384.618994481046684, 733833.283970104996115, 0.0 ], [ 721381.462994480971247, 733827.74297010502778, 0.0 ], [ 721380.771031806012616, 733826.307047554990277, 0.0 ], [ 721379.637994481949136, 733823.957970103016123, 0.0 ], [ 721378.242994482046925, 733820.805970096029341, 0.0 ], [ 721377.23899448197335, 733818.20297009695787, 0.0 ], [ 721376.851994481985457, 733815.653970103012398, 0.0 ], [ 721376.231994483037852, 733813.718970095971599, 0.0 ], [ 721375.064994483022019, 733811.192970106028952, 0.0 ], [ 721373.832994482945651, 733809.785970106953755, 0.0 ], [ 721371.806994484039024, 733808.181970098055899, 0.0 ], [ 721370.637994484044611, 733807.617970095947385, 0.0 ], [ 721363.406994485994801, 733804.101970096002333, 0.0 ], [ 721350.326994488947093, 733798.021970103029162, 0.0 ], [ 721340.97199449094478, 733793.701970104011707, 0.0 ], [ 721333.654994491953403, 733792.405970104038715, 0.0 ], [ 721323.719994493992999, 733790.91497010004241, 0.0 ], [ 721320.31199449498672, 733791.222970103030093, 0.0 ], [ 721316.826994496048428, 733792.250970097957179, 0.0 ], [ 721314.066994496970437, 733794.073970108991489, 0.0 ], [ 721313.477994497050531, 733794.481970109976828, 0.0 ], [ 721311.371994497952983, 733796.637970100040548, 0.0 ], [ 721308.332994497963227, 733801.216970100998878, 0.0 ], [ 721304.105994499055669, 733808.011970106977969, 0.0 ], [ 721303.035994500038214, 733808.0589701019926, 0.0 ], [ 721301.645994500024244, 733807.896970105008222, 0.0 ], [ 721300.145994500024244, 733807.846970107057132, 0.0 ], [ 721278.312994505045936, 733804.55897010397166, 0.0 ], [ 721262.590994509053417, 733803.733970111003146, 0.0 ], [ 721256.471994510036893, 733803.590970103046857, 0.0 ], [ 721254.16799451096449, 733802.844970108009875, 0.0 ], [ 721251.19799451099243, 733800.963970112032257, 0.0 ], [ 721248.086994513054378, 733798.741970101953484, 0.0 ], [ 721245.151994512998499, 733795.960970105021261, 0.0 ], [ 721243.077994514023885, 733793.452970109996386, 0.0 ], [ 721239.927994514000602, 733787.912970104953274, 0.0 ], [ 721237.579994514002465, 733782.847970113973133, 0.0 ], [ 721234.845994514995255, 733776.624970106990077, 0.0 ], [ 721233.179994515958242, 733771.874970108037814, 0.0 ], [ 721231.529994516051374, 733766.464970113011077, 0.0 ], [ 721228.7089945160551, 733758.882970107952133, 0.0 ], [ 721227.786994516965933, 733755.38097011402715, 0.0 ], [ 721224.275994517025538, 733742.051970110973343, 0.0 ], [ 721223.037994517944753, 733735.278970111045055, 0.0 ], [ 721221.977994518005289, 733728.086970106000081, 0.0 ], [ 721224.008994517032988, 733712.295970111968927, 0.0 ], [ 721225.247994516976178, 733694.209970109979622, 0.0 ], [ 721226.337994516943581, 733671.024970112019219, 0.0 ], [ 721224.717994516948238, 733663.655970106949098, 0.0 ], [ 721223.980994518031366, 733660.459970104973763, 0.0 ], [ 721222.636994517990388, 733656.267970112967305, 0.0 ], [ 721221.400994519004598, 733653.275970111018978, 0.0 ], [ 721220.08699451899156, 733650.744970106054097, 0.0 ], [ 721217.081994518986903, 733646.143970111967064, 0.0 ], [ 721210.124994521029294, 733639.085970105021261, 0.0 ], [ 721207.252994521055371, 733636.94397011003457, 0.0 ], [ 721203.519994521979243, 733634.485970105975866, 0.0 ], [ 721199.810994522995315, 733632.608970112050883, 0.0 ], [ 721196.764994523953646, 733631.627970115048811, 0.0 ], [ 721155.105994533980265, 733630.119970110012218, 0.0 ], [ 721125.479994539986365, 733627.839970121043734, 0.0 ], [ 721103.920994544983841, 733627.289970114943571, 0.0 ], [ 721086.06299454998225, 733627.038970113033429, 0.0 ], [ 721072.102994553046301, 733604.943970120046288, 0.0 ], [ 721060.109994555008598, 733584.218970119021833, 0.0 ], [ 721053.868994556949474, 733547.939970122999512, 0.0 ], [ 721053.818994557019323, 733546.1199701159494, 0.0 ], [ 721054.085994557011873, 733536.638970116036944, 0.0 ], [ 721053.718994557042606, 733531.821970114950091, 0.0 ], [ 721052.400994556955993, 733517.751970123033971, 0.0 ], [ 721052.750994556001388, 733490.810970125021413, 0.0 ], [ 721048.666994557948783, 733482.696970124030486, 0.0 ], [ 721046.367994557949714, 733479.330970125971362, 0.0 ], [ 721038.830994560034014, 733472.296970122959465, 0.0 ], [ 721031.497994560981169, 733466.142970119952224, 0.0 ], [ 721027.868994561955333, 733464.463970122043975, 0.0 ], [ 721019.739994563977234, 733462.353970119962469, 0.0 ], [ 721017.056994564947672, 733461.96997012605425, 0.0 ], [ 721012.995994566008449, 733461.534970122040249, 0.0 ], [ 720995.222994570038281, 733461.158970123971812, 0.0 ], [ 720899.826994591974653, 733459.139970130985603, 0.0 ], [ 720823.865994608961046, 733456.200970130041242, 0.0 ], [ 720724.568243328016251, 733451.262916689040139, 0.0 ], [ 720702.852994636981748, 733449.717970138997771, 0.0 ], [ 720694.464683894999325, 733449.27831015503034, 0.0 ], [ 720659.428994645946659, 733447.441970146959648, 0.0 ], [ 720617.863994656014256, 733445.138970150961541, 0.0 ], [ 720584.257994662970304, 733443.078970149974339, 0.0 ], [ 720550.606994671048597, 733441.196970149991103, 0.0 ], [ 720511.05899467994459, 733439.111970153986476, 0.0 ], [ 720496.845994682982564, 733438.409970151958987, 0.0 ], [ 720481.989994685980491, 733437.839970150962472, 0.0 ], [ 720472.572994688991457, 733437.46197015803773, 0.0 ], [ 720462.372994689969346, 733437.657970155007206, 0.0 ], [ 720447.132994694053195, 733437.863970155944116, 0.0 ], [ 720412.490994701976888, 733438.268970155972056, 0.0 ], [ 720406.692994702956639, 733438.131970154005103, 0.0 ], [ 720404.506994704017416, 733437.167970153037459, 0.0 ], [ 720403.295994704007171, 733436.754970156005584, 0.0 ], [ 720399.862994704046287, 733435.924970163963735, 0.0 ], [ 720398.628994705039077, 733435.756970155052841, 0.0 ], [ 720395.74699470505584, 733435.832970162038691, 0.0 ], [ 720389.697994707035832, 733436.055970155051909, 0.0 ], [ 720386.79299470805563, 733436.077970154001378, 0.0 ], [ 720382.743994708987884, 733435.611970155034214, 0.0 ], [ 720381.924397257971577, 733435.45264654699713, 0.0 ], [ 720380.603994708973914, 733435.195970152970403, 0.0 ], [ 720378.554994708974846, 733434.678970156004652, 0.0 ], [ 720374.085994709981605, 733432.949970165966079, 0.0 ], [ 720338.96399471804034, 733414.293970164027996, 0.0 ], [ 720330.311994720017537, 733409.860970166046172, 0.0 ], [ 720328.280994720989838, 733408.387970161973499, 0.0 ], [ 720325.205994721036404, 733404.388970162952319, 0.0 ], [ 720323.842994721024297, 733401.601970165036619, 0.0 ], [ 720323.35299472103361, 733400.017970166984014, 0.0 ], [ 720323.225994721986353, 733397.876970162964426, 0.0 ], [ 720322.619994721957482, 733392.433970164041966, 0.0 ], [ 720321.600994721986353, 733385.767970161978155, 0.0 ], [ 720320.286994721973315, 733378.320970159024, 0.0 ], [ 720318.494994721957482, 733370.828970164991915, 0.0 ], [ 720316.795994722982869, 733364.079970158054493, 0.0 ], [ 720313.669994723983109, 733355.420970162958838, 0.0 ], [ 720310.088994723977521, 733345.89897016598843, 0.0 ], [ 720296.318994728033431, 733312.194970163982362, 0.0 ], [ 720291.645994729013182, 733301.446970163960941, 0.0 ], [ 720290.269994728965685, 733297.577970160054974, 0.0 ], [ 720289.315994729055092, 733293.351970158983022, 0.0 ], [ 720288.32599472894799, 733285.226970165036619, 0.0 ], [ 720286.399994730018079, 733276.555970162968151, 0.0 ], [ 720283.814994730055332, 733267.699970162007958, 0.0 ], [ 720279.405994731001556, 733256.372970164986327, 0.0 ], [ 720266.911994733964093, 733226.44497016700916, 0.0 ], [ 720265.166994735016488, 733221.660970165976323, 0.0 ], [ 720264.668994734995067, 733216.751970162964426, 0.0 ], [ 720264.635994735057466, 733215.289970159996301, 0.0 ], [ 720259.560994736035354, 733205.292970167007297, 0.0 ], [ 720259.284994735964574, 733204.329970168997534, 0.0 ], [ 720259.25499473605305, 733202.14697017101571, 0.0 ], [ 720256.621994736953638, 733196.106970170978457, 0.0 ], [ 720256.345994735951535, 733195.363970165024512, 0.0 ], [ 720255.577994736959226, 733188.370970166055486, 0.0 ], [ 720255.162994737038389, 733187.128970165969804, 0.0 ], [ 720254.344039247953333, 733184.705108974012546, 0.0 ], [ 720250.919994737952948, 733174.570970162982121, 0.0 ], [ 720247.61699473799672, 733170.769970164983533, 0.0 ], [ 720240.578994740033522, 733165.587970167049207, 0.0 ], [ 720231.642994742025621, 733164.121970162028447, 0.0 ], [ 720227.678994743037038, 733164.842970171011984, 0.0 ], [ 720217.562994744977914, 733167.515970165957697, 0.0 ], [ 720213.554994747042656, 733169.077970164013095, 0.0 ], [ 720210.785994746955112, 733170.94597016996704, 0.0 ], [ 720202.517994747962803, 733172.225970176048577, 0.0 ], [ 720196.954994749976322, 733172.337970164022408, 0.0 ], [ 720187.537994752055965, 733175.435970167047344, 0.0 ], [ 720177.506994753959589, 733177.186970173963346, 0.0 ], [ 720173.402994754957035, 733177.706970166997053, 0.0 ], [ 720163.54699475702364, 733180.421970171038993, 0.0 ], [ 720158.837994758039713, 733182.078970173024572, 0.0 ], [ 720139.746994761982933, 733187.650970179005526, 0.0 ], [ 720135.41999476402998, 733188.85097016801592, 0.0 ], [ 720133.097994763986208, 733189.259970174054615, 0.0 ], [ 720131.476994764991105, 733189.331970172002912, 0.0 ], [ 720130.215994764002971, 733189.344970174948685, 0.0 ], [ 720127.872994765057229, 733189.893970172037371, 0.0 ], [ 720126.31099476502277, 733190.086970168049447, 0.0 ], [ 720124.570994765963405, 733190.077970167039894, 0.0 ], [ 720123.209994766046293, 733190.211970173055306, 0.0 ], [ 720120.545994766056538, 733190.758970177965239, 0.0 ], [ 720118.482994767022319, 733191.569970172946341, 0.0 ], [ 720107.131994770024903, 733193.013970175990835, 0.0 ], [ 720105.249994770041667, 733193.464970174944028, 0.0 ], [ 720101.201994771021418, 733194.646970179048367, 0.0 ], [ 720097.997994772042148, 733195.391970176948234, 0.0 ], [ 720094.474994773045182, 733195.954970177961513, 0.0 ], [ 720092.112994772964157, 733196.082970169954933, 0.0 ], [ 720090.009994774009101, 733196.652970177005045, 0.0 ], [ 720086.705994774005376, 733197.496970177977346, 0.0 ], [ 720082.478994774981402, 733198.39697017299477, 0.0 ], [ 720079.415994775015861, 733198.922970180981793, 0.0 ], [ 720075.570994775975123, 733199.7849701710511, 0.0 ], [ 720073.347994777024724, 733200.153970169951208, 0.0 ], [ 720069.18599477794487, 733200.372970171039924, 0.0 ], [ 720066.705994779011235, 733200.420970175997354, 0.0 ], [ 720063.344994778977707, 733200.383970179012977, 0.0 ], [ 720061.083994779968634, 733200.452970170998015, 0.0 ], [ 720059.601994781056419, 733200.58597017894499, 0.0 ], [ 720057.299994781031273, 733200.974970169947483, 0.0 ], [ 720056.219994780956767, 733200.888970177038573, 0.0 ], [ 720052.442994782002643, 733200.148970179026946, 0.0 ], [ 720049.943994782981463, 733199.515970173990354, 0.0 ], [ 720046.844994783052243, 733199.279970178031363, 0.0 ], [ 720043.722994784009643, 733199.463970171986148, 0.0 ], [ 720040.779994784039445, 733199.789970185025595, 0.0 ], [ 720039.18199478497263, 733199.521970181027427, 0.0 ], [ 720037.781994784949347, 733199.373970180051401, 0.0 ], [ 720032.89599478605669, 733200.310970177990384, 0.0 ], [ 720031.014994787052274, 733200.521970181027427, 0.0 ], [ 720029.49399478698615, 733200.514970179996453, 0.0 ], [ 720027.99299478798639, 733200.526970169972628, 0.0 ], [ 720027.13399478700012, 733200.402970187016763, 0.0 ], [ 720024.874994787969626, 733200.150970177026466, 0.0 ], [ 720016.065994789008982, 733201.488970185047947, 0.0 ], [ 720011.527994791045785, 733205.149970176047646, 0.0 ], [ 720008.471994790947065, 733208.258970179944299, 0.0 ], [ 720006.503994792001322, 733209.890970178996213, 0.0 ], [ 720004.958994791959412, 733210.78397017205134, 0.0 ], [ 720003.376994792954065, 733211.276970181963407, 0.0 ], [ 720001.875994793022983, 733211.229970181942917, 0.0 ], [ 720000.254994792980142, 733211.361970184952952, 0.0 ], [ 719997.891994794015773, 733211.890970175969414, 0.0 ], [ 719992.127994794980623, 733212.281970179989003, 0.0 ], [ 719984.745994796976447, 733212.364970176015049, 0.0 ], [ 719982.86599479697179, 733212.315970181953162, 0.0 ], [ 719981.124994797981344, 733212.326970173977315, 0.0 ], [ 719977.441994798951782, 733212.648970182053745, 0.0 ], [ 719973.658994799945503, 733213.170970179955475, 0.0 ], [ 719971.255994800012559, 733213.539970185956918, 0.0 ], [ 719967.310994799947366, 733214.460970183019526, 0.0 ], [ 719963.826994801056571, 733215.002970185014419, 0.0 ], [ 719962.687994800973684, 733214.637970188981853, 0.0 ], [ 719958.276994802989066, 733212.552970179007389, 0.0 ], [ 719957.699994803057052, 733211.908970181946643, 0.0 ], [ 719956.62799480301328, 733210.161970186978579, 0.0 ], [ 719956.051994803012349, 733209.297970185056329, 0.0 ], [ 719955.570994804031216, 733209.315970176947303, 0.0 ], [ 719947.086994805024005, 733209.733970177941956, 0.0 ], [ 719945.263994805049151, 733210.244970186031424, 0.0 ], [ 719943.920994805986993, 733210.678970183013007, 0.0 ], [ 719943.278994805994444, 733211.095970183960162, 0.0 ], [ 719940.960994806955568, 733214.889970176038332, 0.0 ], [ 719939.690994807053357, 733216.924970185966231, 0.0 ], [ 719935.206994808046147, 733217.543970181955956, 0.0 ], [ 719932.879994809045456, 733216.389970181975514, 0.0 ], [ 719930.06499480898492, 733215.672970184008591, 0.0 ], [ 719927.824994808994234, 733214.144970191991888, 0.0 ], [ 719924.736994810053147, 733211.454970179009251, 0.0 ], [ 719907.499994814046659, 733214.003970184945501, 0.0 ], [ 719905.717994814040139, 733217.612970181973651, 0.0 ], [ 719890.601994817960076, 733218.270970179000869, 0.0 ], [ 719880.864994819043204, 733219.161970184999518, 0.0 ], [ 719866.352994823013432, 733220.936970183043741, 0.0 ], [ 719853.160994826001115, 733222.585970186046325, 0.0 ], [ 719845.964994827983901, 733223.441970188985579, 0.0 ], [ 719843.864994828007184, 733223.492970195016824, 0.0 ], [ 719841.424994827946648, 733223.50497017800808, 0.0 ], [ 719838.40299482899718, 733223.221970182959922, 0.0 ], [ 719825.267994832014665, 733220.448970195022412, 0.0 ], [ 719813.717994834994897, 733226.447970186942257, 0.0 ], [ 719802.737994836992584, 733231.748970185988583, 0.0 ], [ 719799.096994837978855, 733231.633970196009614, 0.0 ], [ 719793.953994838986546, 733231.088970193988644, 0.0 ], [ 719789.607994838966988, 733230.378970192978159, 0.0 ], [ 719787.70899484003894, 733230.351970197982155, 0.0 ], [ 719751.507994847954251, 733235.800970192998648, 0.0 ], [ 719728.716994852991775, 733239.798970193951391, 0.0 ], [ 719721.026994855026715, 733238.450970188947394, 0.0 ], [ 719712.876994856982492, 733236.88697020499967, 0.0 ], [ 719706.704994858009741, 733238.009970191982575, 0.0 ], [ 719698.344994858955033, 733240.867970198974945, 0.0 ], [ 719684.852994862012565, 733241.917970199021511, 0.0 ], [ 719682.590994862955995, 733241.616970201022923, 0.0 ], [ 719672.242994865053333, 733243.286970198969357, 0.0 ], [ 719663.753994866972789, 733244.74597020202782, 0.0 ], [ 719647.922994871041737, 733248.933970198966563, 0.0 ], [ 719628.797994874999858, 733253.945970198023133, 0.0 ], [ 719601.555994880967773, 733259.192970196017995, 0.0 ], [ 719564.8239948899718, 733265.945970203028992, 0.0 ], [ 719542.893994893995114, 733270.116970199043863, 0.0 ], [ 719512.573994901031256, 733275.805970203015022, 0.0 ], [ 719450.974994914024137, 733287.129970212001354, 0.0 ], [ 719430.06199491804, 733290.85397020902019, 0.0 ], [ 719405.133994924020953, 733295.465970218996517, 0.0 ], [ 719386.297994927037507, 733298.854970216983929, 0.0 ], [ 719367.446994932019152, 733302.483970209956169, 0.0 ], [ 719349.786994935013354, 733305.705970220966265, 0.0 ], [ 719337.343994939001277, 733307.990970215993002, 0.0 ], [ 719327.507994940970093, 733311.399970210972242, 0.0 ], [ 719322.507994942017831, 733314.373970216955058, 0.0 ], [ 719309.522994944942184, 733325.102970215026289, 0.0 ], [ 719294.610994947957806, 733337.884970215032808, 0.0 ], [ 719277.868994951946661, 733351.958970210980624, 0.0 ], [ 719275.793994951993227, 733352.593970219022594, 0.0 ], [ 719272.853994952049106, 733352.573970224009827, 0.0 ], [ 719270.639994952944107, 733353.368970219045877, 0.0 ], [ 719268.730994952959009, 733355.022970222053118, 0.0 ], [ 719259.344994954997674, 733368.586970222997479, 0.0 ], [ 719252.600994957028888, 733376.631970223039389, 0.0 ], [ 719245.146994958049618, 733383.383970228023827, 0.0 ], [ 719242.159994959016331, 733385.223970222054049, 0.0 ], [ 719239.881994960014708, 733385.418970216996968, 0.0 ], [ 719237.237994960043579, 733384.857970222947188, 0.0 ], [ 719233.379994960967451, 733382.164970227982849, 0.0 ], [ 719222.292994963005185, 733369.601970221963711, 0.0 ], [ 719184.335994972032495, 733326.165970221045427, 0.0 ], [ 719158.637994977994822, 733296.81897022400517, 0.0 ], [ 719139.990994981024414, 733275.912970224977471, 0.0 ], [ 719124.908994985045865, 733258.960970225045457, 0.0 ], [ 719096.056155079975724, 733226.453150594024919, 0.0 ], [ 719085.083994993008673, 733213.13297022995539, 0.0 ], [ 719052.162994998972863, 733174.02397023094818, 0.0 ], [ 719048.524994999985211, 733168.248970226035453, 0.0 ], [ 719046.041995001025498, 733161.961970226024278, 0.0 ], [ 719037.379995002993383, 733137.670970233040862, 0.0 ], [ 719037.680995002971031, 733134.678970234002918, 0.0 ], [ 719036.620995003031567, 733131.934970224043354, 0.0 ], [ 719034.802995003992692, 733130.236970230005682, 0.0 ], [ 719029.387995003955439, 733115.153970230021514, 0.0 ], [ 719027.243995005032048, 733107.438970232033171, 0.0 ], [ 719025.213995006051846, 733093.126970231998712, 0.0 ], [ 719025.596995005966164, 733091.600970230996609, 0.0 ], [ 719029.021995004964992, 733088.390970231965184, 0.0 ], [ 719030.500995003967546, 733086.015970236971043, 0.0 ], [ 719031.591995003982447, 733082.336970229051076, 0.0 ], [ 719032.0739950039424, 733078.095970225986093, 0.0 ], [ 719032.027995003969409, 733075.788970235968009, 0.0 ], [ 719031.168995004030876, 733073.171970234019682, 0.0 ], [ 719029.723995003965683, 733071.290970233036205, 0.0 ], [ 719025.612995004979894, 733067.702970230020583, 0.0 ], [ 719020.250995005946606, 733061.903970233979635, 0.0 ], [ 719019.932995005976409, 733060.855970237054862, 0.0 ], [ 719021.001995005994104, 733060.125970239052549, 0.0 ], [ 719022.656995006022044, 733060.640970233944245, 0.0 ], [ 719032.186995003954507, 733067.243970229988918, 0.0 ], [ 719032.863995003979653, 733067.249970225035213, 0.0 ], [ 719033.563995004049502, 733066.899970232043415, 0.0 ], [ 719034.108995003043674, 733066.183970235986635, 0.0 ], [ 719033.518995004007593, 733062.69197023101151, 0.0 ], [ 719031.221995005034842, 733057.263970230007544, 0.0 ], [ 719030.381995004951023, 733053.417970231967047, 0.0 ], [ 719030.641995004960336, 733047.454970226041041, 0.0 ], [ 719031.325995004037395, 733044.595970229944214, 0.0 ], [ 719033.090995003003627, 733040.934970241039991, 0.0 ], [ 719040.369995002052747, 733034.014970227028243, 0.0 ], [ 719044.2239950010553, 733029.56397023901809, 0.0 ], [ 719046.762995001045056, 733025.070970230037346, 0.0 ], [ 719049.260995000018738, 733018.869970233994536, 0.0 ], [ 719055.236994998995215, 733013.745970234973356, 0.0 ], [ 719059.627994998008944, 733010.37897023698315, 0.0 ], [ 719067.159994996967725, 733005.834970226977021, 0.0 ], [ 719077.278994995052926, 732999.204970229999162, 0.0 ], [ 719079.264994994038716, 732997.742970229010098, 0.0 ], [ 719083.413994992966764, 732994.693970225052908, 0.0 ], [ 719096.990994989988394, 732982.834970221971162, 0.0 ], [ 719105.054994988022372, 732975.45697023300454, 0.0 ], [ 719114.98099498602096, 732964.541970230056904, 0.0 ], [ 719124.90599498397205, 732953.150970231043175, 0.0 ], [ 719147.863994978950359, 732926.443970225984231, 0.0 ], [ 719150.585994977969676, 732923.009970223996788, 0.0 ], [ 719154.221994978026487, 732918.27097022999078, 0.0 ], [ 719160.717994975973852, 732909.536970217945054, 0.0 ], [ 719166.816994974971749, 732901.425970225944184, 0.0 ], [ 719169.15899497398641, 732898.073970230994746, 0.0 ], [ 719172.055994973983616, 732893.697970226989128, 0.0 ], [ 719173.922994973021559, 732890.441970226005651, 0.0 ], [ 719175.367994972970337, 732887.920970223960467, 0.0 ], [ 719178.390994971967302, 732882.606970223947428, 0.0 ], [ 719183.414994971943088, 732873.777970226015896, 0.0 ], [ 719199.529994967975654, 732810.530970223015174, 0.0 ], [ 719199.983994968002662, 732809.368970223003998, 0.0 ], [ 719201.824994966969825, 732805.837970218039118, 0.0 ], [ 719230.707994960946962, 732751.845970225986093, 0.0 ], [ 719236.710994958993979, 732740.693970220978372, 0.0 ], [ 719239.88199495896697, 732735.136970225954428, 0.0 ], [ 719242.614994958043098, 732729.703970219008625, 0.0 ], [ 719245.66299495799467, 732723.486970223020762, 0.0 ], [ 719247.801994957961142, 732719.435970213962719, 0.0 ], [ 719249.900994956959039, 732715.204970214981586, 0.0 ], [ 719252.495994957047515, 732710.510970221017487, 0.0 ], [ 719254.359994955942966, 732707.280970221967436, 0.0 ], [ 719257.58699495496694, 732700.963970224023797, 0.0 ], [ 719258.637994954944588, 732699.1789702239912, 0.0 ], [ 719261.134994953987189, 732694.704970229999162, 0.0 ], [ 719262.561994954012334, 732692.097970223985612, 0.0 ], [ 719266.73999495303724, 732683.875970222055912, 0.0 ], [ 719276.050994951045141, 732662.666970217949711, 0.0 ], [ 719277.060994951054454, 732660.580970225972123, 0.0 ], [ 719291.220994947943836, 732626.581970221013762, 0.0 ], [ 719292.404994947952218, 732624.215970217017457, 0.0 ], [ 719293.121994948014617, 732622.514970215968788, 0.0 ], [ 719294.165994946961291, 732619.893970216042362, 0.0 ], [ 719295.295994946965948, 732617.104970215004869, 0.0 ], [ 719296.345994945964776, 732614.282970226020552, 0.0 ], [ 719297.251994946971536, 732611.827970216050744, 0.0 ], [ 719298.069994947058149, 732609.503970216959715, 0.0 ], [ 719298.837994946050458, 732607.16497021401301, 0.0 ], [ 719299.598994945990853, 732604.561970212962478, 0.0 ], [ 719300.348994945990853, 732601.961970219970681, 0.0 ], [ 719301.162994946003892, 732599.05797021696344, 0.0 ], [ 719301.861994946026243, 732596.234970220015384, 0.0 ], [ 719302.403994944994338, 732593.749970220960677, 0.0 ], [ 719302.94899494596757, 732590.870970215997659, 0.0 ], [ 719303.32499494496733, 732588.678970212000422, 0.0 ], [ 719303.669994945055805, 732586.47997021896299, 0.0 ], [ 719303.982994945021346, 732584.276970210950822, 0.0 ], [ 719304.272994944942184, 732581.935970220016316, 0.0 ], [ 719304.494994945009239, 732579.477970220963471, 0.0 ], [ 719304.71099494502414, 732576.398970211972483, 0.0 ], [ 719304.876994944992475, 732573.946970209944993, 0.0 ], [ 719305.071994945057668, 732571.50497021805495, 0.0 ], [ 719305.263994944980368, 732569.064970219973475, 0.0 ], [ 719305.453994945040904, 732566.624970223987475, 0.0 ], [ 719305.656994945020415, 732563.907970212050714, 0.0 ], [ 719307.272994944942184, 732540.930970208952203, 0.0 ], [ 719307.543994945008308, 732536.051970215979964, 0.0 ], [ 719308.030994944041595, 732529.192970213945955, 0.0 ], [ 719308.45999494404532, 732523.313970220042393, 0.0 ], [ 719308.710994943976402, 732518.894970215973444, 0.0 ], [ 719308.807994944043458, 732517.374970217002556, 0.0 ], [ 719309.983994944021106, 732516.318970220978372, 0.0 ], [ 719311.127994942944497, 732515.615970212966204, 0.0 ], [ 719312.122994943056256, 732515.44697021797765, 0.0 ], [ 719313.126994943944737, 732515.358970217057504, 0.0 ], [ 719314.984994943020865, 732515.373970211017877, 0.0 ], [ 719319.391994941979647, 732515.811970212031156, 0.0 ], [ 719321.18099494103808, 732516.779970215051435, 0.0 ], [ 719323.753994941012934, 732517.570970218046568, 0.0 ], [ 719326.926994940964505, 732517.353970214957371, 0.0 ], [ 719327.559994939947501, 732517.18397021794226, 0.0 ], [ 719328.077994939987548, 732516.718970222980715, 0.0 ], [ 719328.319994939956814, 732515.937970209983177, 0.0 ], [ 719331.921994938980788, 732496.616970213945024, 0.0 ], [ 719334.734994938015006, 732482.095970217953436, 0.0 ], [ 719337.048994938028045, 732468.774970215046778, 0.0 ], [ 719338.316994937951677, 732462.453970220987685, 0.0 ], [ 719338.784994937013835, 732459.807970221037976, 0.0 ], [ 719339.877994937007315, 732452.813970215036534, 0.0 ], [ 719343.698994935955852, 732433.031970215961337, 0.0 ], [ 719348.155994936008938, 732410.409970210981555, 0.0 ], [ 719354.056994933984242, 732380.367970215971582, 0.0 ], [ 719359.126994933001697, 732354.464970214990899, 0.0 ], [ 719363.067994931945577, 732334.262970215990208, 0.0 ], [ 719364.27599493204616, 732327.841970217996277, 0.0 ], [ 719366.473994930973276, 732317.120970217976719, 0.0 ], [ 719369.287994930986315, 732303.958970215986483, 0.0 ], [ 719372.876994929974899, 732287.777970217983238, 0.0 ], [ 719376.187994929030538, 732272.714970214990899, 0.0 ], [ 719376.720994928968139, 732269.614970215014182, 0.0 ], [ 719377.452994929044507, 732266.624970215954818, 0.0 ], [ 719377.943994928966276, 732264.283970216987655, 0.0 ], [ 719378.645994927966967, 732261.499970215954818, 0.0 ], [ 719378.724994927993976, 732261.112970213987865, 0.0 ], [ 719381.413994928007014, 732255.429970214958303, 0.0 ], [ 719383.803994928020984, 732250.426970207947306, 0.0 ], [ 719389.757994925952516, 732238.03897021303419, 0.0 ], [ 719395.334994924953207, 732226.391970215947367, 0.0 ], [ 719404.775994922965765, 732206.738970212987624, 0.0 ], [ 719410.152994922013022, 732195.511970206978731, 0.0 ], [ 719418.935994919971563, 732177.160970214055851, 0.0 ], [ 719427.857994916965254, 732158.768970214994624, 0.0 ], [ 719435.306994916056283, 732143.139970212941989, 0.0 ], [ 719441.36099491501227, 732130.43097020604182, 0.0 ], [ 719448.013994912966155, 732116.781970210955478, 0.0 ], [ 719454.247994911973365, 732103.813970215036534, 0.0 ], [ 719460.182994910981506, 732091.286970212007873, 0.0 ], [ 719467.232994909049012, 732076.737970205955207, 0.0 ], [ 719469.363994908053428, 732072.034970210050233, 0.0 ], [ 719473.485994908027351, 732063.209970211028121, 0.0 ], [ 719471.424994908040389, 732062.333970207953826, 0.0 ], [ 719473.117994908010587, 732058.671970210038126, 0.0 ], [ 719473.551994908018969, 732058.862970212008804, 0.0 ], [ 719474.402994908043183, 732059.237970207002945, 0.0 ], [ 719475.082994907977991, 732059.535970202996396, 0.0 ], [ 719475.53299490804784, 732059.731970201944932, 0.0 ], [ 719478.14399490703363, 732053.79597020696383, 0.0 ], [ 719478.484994907048531, 732052.562970206956379, 0.0 ], [ 719478.859994907048531, 732050.781970213050954, 0.0 ], [ 719480.288994907052256, 732044.781970205018297, 0.0 ], [ 719481.400994905969128, 732040.360970212030225, 0.0 ], [ 719481.736994905979373, 732038.180970203015022, 0.0 ], [ 719482.128994905971922, 732035.800970206037164, 0.0 ], [ 719482.538994906004518, 732032.559970209025778, 0.0 ], [ 719483.103994905948639, 732028.1209702109918, 0.0 ], [ 719483.258994905976579, 732026.710970210959204, 0.0 ], [ 719501.939994902000763, 731881.873970204032958, 0.0 ], [ 719503.302994900965132, 731881.058970203972422, 0.0 ], [ 719504.546994901029393, 731879.623970209038816, 0.0 ], [ 719506.607994901016355, 731876.568970202002674, 0.0 ], [ 719507.981994900037535, 731874.201970212976448, 0.0 ], [ 719509.500994900008664, 731870.987970208982006, 0.0 ], [ 719510.523994900053367, 731868.09497020195704, 0.0 ], [ 719511.253994900034741, 731865.494970201980323, 0.0 ], [ 719511.60499489994254, 731863.448970212950371, 0.0 ], [ 719511.838994899997488, 731860.380970200058073, 0.0 ], [ 719511.83899489894975, 731857.224970208946615, 0.0 ], [ 719511.485994899994694, 731852.314970209961757, 0.0 ], [ 719510.839994900044985, 731847.802970202988945, 0.0 ], [ 719510.60499489994254, 731846.661970203043893, 0.0 ], [ 719508.863994900020771, 731841.245970205985941, 0.0 ], [ 719507.828994899988174, 731839.601970204967074, 0.0 ], [ 719506.817994900979102, 731838.42097020696383, 0.0 ], [ 719507.914994901046157, 731832.403970208950341, 0.0 ], [ 719508.220994899980724, 731830.604970198008232, 0.0 ], [ 719508.501994900056161, 731830.485970203997567, 0.0 ], [ 719517.881994897965342, 731756.830970201990567, 0.0 ], [ 719524.038994897040538, 731712.818970210035332, 0.0 ], [ 719541.174994893022813, 731583.760970207978971, 0.0 ], [ 719541.873994893045165, 731578.124970203032717, 0.0 ], [ 719542.346994891995564, 731574.746970201958902, 0.0 ], [ 719559.053994887974113, 731442.647970207035542, 0.0 ], [ 719559.819994888966903, 731435.270970201003365, 0.0 ], [ 719559.609994887956418, 731432.481970199965872, 0.0 ], [ 719558.887994889053516, 731429.751970208948478, 0.0 ], [ 719558.144994889036752, 731428.683970200014301, 0.0 ], [ 719556.051340866950341, 731426.840274875052273, 0.0 ], [ 719539.253994893049821, 731420.808970200014301, 0.0 ], [ 719536.020994893973693, 731419.413970205001533, 0.0 ], [ 719542.498994891997427, 731366.950970201985911, 0.0 ], [ 719563.445994887966663, 731332.638970201951452, 0.0 ], [ 719575.276994884945452, 731336.910970204044133, 0.0 ], [ 719575.436994884978049, 731338.508970201015472, 0.0 ], [ 719576.496994885033928, 731339.96797020395752, 0.0 ], [ 719577.375994884991087, 731340.666970212012529, 0.0 ], [ 719578.87499488494359, 731340.806970198056661, 0.0 ], [ 719581.612994882976636, 731339.68597019999288, 0.0 ], [ 719582.15099488303531, 731338.326970204012468, 0.0 ], [ 719590.855994881945662, 731303.547970202052966, 0.0 ], [ 719591.330994880991057, 731301.197970201959834, 0.0 ], [ 719607.157994878012687, 731240.048970203031786, 0.0 ], [ 719607.437994878040627, 731239.089970209053718, 0.0 ], [ 719614.18299487605691, 731212.388970202999189, 0.0 ], [ 719614.462994875968434, 731210.852970201987773, 0.0 ], [ 719626.197994873975404, 731163.611970199039206, 0.0 ], [ 719626.496994873974472, 731162.271970205008984, 0.0 ], [ 719630.009994872962125, 731149.50297019595746, 0.0 ], [ 719637.058994870982133, 731131.956970207975246, 0.0 ], [ 719638.554994871024974, 731127.480970198055729, 0.0 ], [ 719639.632994869956747, 731121.425970203010365, 0.0 ], [ 719640.357994870981202, 731112.864970193943009, 0.0 ], [ 719644.944994868943468, 731111.792970194946975, 0.0 ], [ 719650.078994869021699, 731107.174970195046626, 0.0 ], [ 719654.29399486805778, 731102.037970197037794, 0.0 ], [ 719657.129994867020287, 731096.961970197968185, 0.0 ], [ 719678.236994861974381, 731053.43597019999288, 0.0 ], [ 719682.049994861008599, 731043.023970194975846, 0.0 ], [ 719685.12999486096669, 731033.058970200945623, 0.0 ], [ 719690.041994860046543, 731015.996970191015862, 0.0 ], [ 719692.914994859020226, 731009.04497019900009, 0.0 ], [ 719696.344994858023711, 731002.277970195980743, 0.0 ], [ 719700.701994857052341, 730994.491970197996125, 0.0 ], [ 719704.31699485599529, 730988.837970198015682, 0.0 ], [ 719710.06399485503789, 730981.421970198047347, 0.0 ], [ 719724.947994851972908, 730964.0019701969577, 0.0 ], [ 719747.499994846992195, 730939.056970198987983, 0.0 ], [ 719758.246994844987057, 730924.437970194034278, 0.0 ], [ 719775.3649948410457, 730906.237970190006308, 0.0 ], [ 719773.684994840994477, 730904.679970197030343, 0.0 ], [ 719775.171994840959087, 730903.477970188949257, 0.0 ], [ 719777.715994840022177, 730905.883970194030553, 0.0 ], [ 719784.176994838984683, 730899.045970189967193, 0.0 ], [ 719785.254994838964194, 730902.438970198039897, 0.0 ], [ 719785.174994839006104, 730903.035970192053355, 0.0 ], [ 719784.874994838959537, 730903.456970195053145, 0.0 ], [ 719783.615994838997722, 730903.477970193955116, 0.0 ], [ 719779.381994839990512, 730907.872970190015621, 0.0 ], [ 719779.101994839962572, 730909.993970194947906, 0.0 ], [ 719778.642994840978645, 730911.09297019103542, 0.0 ], [ 719778.742994840024039, 730911.372970191994682, 0.0 ], [ 719779.222994840005413, 730911.611970191006549, 0.0 ], [ 719779.881994839990512, 730911.491970194969326, 0.0 ], [ 719781.801994838984683, 730911.651970191043802, 0.0 ], [ 719787.573994838050567, 730908.95197019004263, 0.0 ], [ 719789.489994838018902, 730907.805970189976506, 0.0 ], [ 719791.252994838054292, 730906.370970188989304, 0.0 ], [ 719793.077994836959988, 730904.525970196002163, 0.0 ], [ 719794.573994837002829, 730902.57797019102145, 0.0 ], [ 719795.4969948369544, 730900.773970189038664, 0.0 ], [ 719796.27599483600352, 730898.84697018400766, 0.0 ], [ 719797.075994836050086, 730895.771970194997266, 0.0 ], [ 719799.770994834951125, 730887.242970191990025, 0.0 ], [ 719801.929994835052639, 730882.907970185973682, 0.0 ], [ 719803.176994835026562, 730880.794970193994232, 0.0 ], [ 719804.391994833946228, 730879.175970194977708, 0.0 ], [ 719805.768994834041223, 730877.457970193005167, 0.0 ], [ 719807.705994833959267, 730875.495970195042901, 0.0 ], [ 719815.656994831981137, 730868.439970190054737, 0.0 ], [ 719817.773994831950404, 730865.521970191970468, 0.0 ], [ 719829.699994829017669, 730853.288970184978098, 0.0 ], [ 719838.988994825980626, 730845.573970188968815, 0.0 ], [ 719839.726994827040471, 730844.813970183953643, 0.0 ], [ 719840.46699482598342, 730843.514970191055909, 0.0 ], [ 719845.819994825054891, 730835.919970183051191, 0.0 ], [ 719849.751994824968278, 730831.402970192953944, 0.0 ], [ 719854.28299482294824, 730826.968970190035179, 0.0 ], [ 719924.712994807981886, 730754.749970179982483, 0.0 ], [ 719932.909994806046598, 730746.1909701830009, 0.0 ], [ 719943.167994803981856, 730735.92897018394433, 0.0 ], [ 719955.865994801046327, 730722.825970179052092, 0.0 ], [ 719966.863994798972271, 730711.564970177947544, 0.0 ], [ 719980.781994796008803, 730696.72197018400766, 0.0 ], [ 719995.31999479199294, 730681.418970174971037, 0.0 ], [ 720000.736994790961035, 730675.615970176993869, 0.0 ], [ 719999.383994790958241, 730674.228970180032775, 0.0 ], [ 719996.05499479197897, 730670.81497018400114, 0.0 ], [ 719995.98799479205627, 730670.745970176998526, 0.0 ], [ 719994.4759947929997, 730669.168970179045573, 0.0 ], [ 719993.023994792951271, 730667.654970181989484, 0.0 ], [ 719992.218994793016464, 730666.81497018400114, 0.0 ], [ 719990.580994792981073, 730665.106970180990174, 0.0 ], [ 719989.830994792981073, 730664.324970182031393, 0.0 ], [ 719987.697994793998078, 730662.100970180006698, 0.0 ], [ 719987.151994794025086, 730661.530970184947364, 0.0 ], [ 719984.935994795057923, 730659.219970179954544, 0.0 ], [ 719984.41099479503464, 730658.674970183055848, 0.0 ], [ 719981.844994795043021, 730656.014970185002312, 0.0 ], [ 719973.172994797001593, 730647.02197018195875, 0.0 ], [ 719966.051994799054228, 730639.423970181960613, 0.0 ], [ 719961.670994800049812, 730633.503970177960582, 0.0 ], [ 719951.667994802002795, 730620.805970174958929, 0.0 ], [ 719940.085994804045185, 730606.126970182056539, 0.0 ], [ 719929.402994806994684, 730592.267970183049329, 0.0 ], [ 719924.711586160003208, 730586.155347059946507, 0.0 ], [ 719923.524994808016345, 730584.345970180002041, 0.0 ], [ 719918.961994808982126, 730578.664970185956918, 0.0 ], [ 719910.445994811016135, 730569.932970179012045, 0.0 ], [ 719907.103994812001474, 730569.605970185948536, 0.0 ], [ 719890.439994815038517, 730568.670970182982273, 0.0 ], [ 719887.207994816009887, 730568.498970185988583, 0.0 ], [ 719870.138994819950312, 730567.679970185970888, 0.0 ], [ 719867.391994819976389, 730567.559970177942887, 0.0 ], [ 719829.459994829026982, 730565.408970186952502, 0.0 ], [ 719824.928994829999283, 730565.171970191993751, 0.0 ], [ 719820.748994830995798, 730565.013970196945593, 0.0 ], [ 719810.293994833016768, 730564.620970188989304, 0.0 ], [ 719780.21099484001752, 730564.637970183975995, 0.0 ], [ 719778.232994840014726, 730565.305970186018385, 0.0 ], [ 719778.279994840035215, 730562.939970197039656, 0.0 ], [ 719775.262994840973988, 730562.635970197035931, 0.0 ], [ 719770.051994842011482, 730562.684970190981403, 0.0 ], [ 719762.501994843012653, 730562.786970195942558, 0.0 ], [ 719759.343994844006374, 730563.437970194965601, 0.0 ], [ 719753.013994844979607, 730565.970970190013759, 0.0 ], [ 719752.715994845028035, 730566.04997019295115, 0.0 ], [ 719730.08499484998174, 730574.913970193942077, 0.0 ], [ 719726.167994851013646, 730575.848970202030614, 0.0 ], [ 719721.804994852980599, 730576.029970195959322, 0.0 ], [ 719718.068994852947071, 730576.260970192961395, 0.0 ], [ 719714.788994853966869, 730576.172970192041248, 0.0 ], [ 719709.126994855003431, 730576.65797019097954, 0.0 ], [ 719706.709994856035337, 730576.864970191032626, 0.0 ], [ 719702.691994857043028, 730577.540970196016133, 0.0 ], [ 719697.623994858004153, 730578.13897019403521, 0.0 ], [ 719691.719994858955033, 730578.713970195036381, 0.0 ], [ 719686.099994860007428, 730580.06497019296512, 0.0 ], [ 719679.370994862052612, 730581.652970197959803, 0.0 ], [ 719676.626994863036089, 730582.643970199045725, 0.0 ], [ 719670.239994863979518, 730585.054970192955807, 0.0 ], [ 719667.600994864013046, 730586.052970196004026, 0.0 ], [ 719666.645994864986278, 730586.415970192989334, 0.0 ], [ 719665.077994863968343, 730587.007970197009854, 0.0 ], [ 719625.485994872986339, 730601.987970203976147, 0.0 ], [ 719610.809994876035489, 730607.672970206942409, 0.0 ], [ 719601.973994879052043, 730611.053970205015503, 0.0 ], [ 719596.946994879981503, 730611.209970197989605, 0.0 ], [ 719569.300994885037653, 730601.957970201969147, 0.0 ], [ 719564.408994887024164, 730600.304970202967525, 0.0 ], [ 719561.058994887047447, 730599.171970200026408, 0.0 ], [ 719558.712994887959212, 730598.266970206983387, 0.0 ], [ 719552.609994889004156, 730596.2499702059431, 0.0 ], [ 719546.717994890990667, 730594.238970211008564, 0.0 ], [ 719532.905994893983006, 730588.906970206997357, 0.0 ], [ 719530.953994894050993, 730588.131970206042752, 0.0 ], [ 719524.248994895955548, 730585.458970209001563, 0.0 ], [ 719522.033994895988144, 730584.612970210961066, 0.0 ], [ 719521.157994896057062, 730584.327970206970349, 0.0 ], [ 719519.649994896957651, 730584.221970204031095, 0.0 ], [ 719517.036994896945544, 730584.042970209964551, 0.0 ], [ 719511.892994898022152, 730577.901970210950822, 0.0 ], [ 719510.509994899039157, 730572.145970204030164, 0.0 ], [ 719506.22799489996396, 730581.236970209982246, 0.0 ], [ 719503.905994900036603, 730585.777970209019259, 0.0 ], [ 719503.623994900030084, 730586.450970211997628, 0.0 ], [ 719503.014994899975136, 730587.545970208011568, 0.0 ], [ 719492.142994903028011, 730582.842970203026198, 0.0 ], [ 719480.965994904981926, 730578.015970212058164, 0.0 ], [ 719478.058994906023145, 730576.763970204046927, 0.0 ], [ 719473.37699490704108, 730574.747970203054138, 0.0 ], [ 719468.687994907959364, 730572.72897020902019, 0.0 ], [ 719464.239994909032248, 730570.813970208982937, 0.0 ], [ 719459.474994909949601, 730568.760970204952173, 0.0 ], [ 719455.001994910999201, 730566.857970215962268, 0.0 ], [ 719450.486994910985231, 730564.955970215029083, 0.0 ], [ 719445.479994912981056, 730562.847970205009915, 0.0 ], [ 719440.304994913982227, 730560.768970209057443, 0.0 ], [ 719426.557994917035103, 730555.769970208988525, 0.0 ], [ 719401.147994922008365, 730545.77697021397762, 0.0 ], [ 719384.483994925045408, 730539.202970213023946, 0.0 ], [ 719376.274994928040542, 730535.963970212033018, 0.0 ], [ 719373.79599492799025, 730534.912970216944814, 0.0 ], [ 719365.796994930016808, 730531.523970213951543, 0.0 ], [ 719363.817994929966517, 730530.667970219044946, 0.0 ], [ 719357.361994932056405, 730527.875970217050053, 0.0 ], [ 719357.003994932048954, 730528.497970210970379, 0.0 ], [ 719344.964994934969582, 730524.083970209001563, 0.0 ], [ 719256.308994953054935, 730491.343970217974856, 0.0 ], [ 719249.477994955028407, 730488.730970217962749, 0.0 ], [ 719247.852994955028407, 730487.61697021999862, 0.0 ], [ 719245.084994956036098, 730485.747970219003037, 0.0 ], [ 719244.364994955947623, 730485.430970216984861, 0.0 ], [ 719224.597994960960932, 730477.017970219021663, 0.0 ], [ 719219.961994961020537, 730475.143970220000483, 0.0 ], [ 719214.30399496294558, 730472.603970224969089, 0.0 ], [ 719204.394994965055957, 730468.376970218960196, 0.0 ], [ 719209.47299496398773, 730456.097970218048431, 0.0 ], [ 719212.547994963009842, 730451.289970224956051, 0.0 ], [ 719217.379994962015189, 730443.850970222963952, 0.0 ], [ 719219.312994961976074, 730441.219970226055011, 0.0 ], [ 719223.374994960962795, 730436.108970224042423, 0.0 ], [ 719227.691994959954172, 730431.209970218013041, 0.0 ], [ 719227.723994959960692, 730429.068970222957432, 0.0 ], [ 719225.003994959988631, 730429.359970221994445, 0.0 ], [ 719212.929994962993078, 730431.106970221968368, 0.0 ], [ 719196.783994965953752, 730435.369970227009617, 0.0 ], [ 719182.222994970041327, 730440.746970221051015, 0.0 ], [ 719168.401994972024113, 730445.900970224989578, 0.0 ], [ 719152.433994975057431, 730449.282970224972814, 0.0 ], [ 719138.327994978055358, 730453.118970226962119, 0.0 ], [ 719124.881906165974215, 730456.395988092990592, 0.0 ], [ 719123.494994982029311, 730456.674970226944424, 0.0 ], [ 719106.832994985976256, 730461.281970225973055, 0.0 ], [ 719086.236994990031235, 730467.408970232005231, 0.0 ], [ 719086.216994990012608, 730469.235970232984982, 0.0 ], [ 719065.32499499397818, 730475.874970232020132, 0.0 ], [ 719061.617994994972833, 730477.504970235051587, 0.0 ], [ 719055.889994996949099, 730479.143970230012201, 0.0 ], [ 719054.070994997047819, 730479.415970228030346, 0.0 ], [ 719051.851994997006841, 730479.390970233012922, 0.0 ], [ 719050.372994998004287, 730479.752970229950733, 0.0 ], [ 719050.059994998038746, 730483.440970225026831, 0.0 ], [ 719049.312994997948408, 730498.427970231045038, 0.0 ], [ 719048.795994997955859, 730508.831970226950943, 0.0 ], [ 719048.265994998044334, 730519.474970231996849, 0.0 ], [ 719047.723994998028502, 730529.62897022801917, 0.0 ], [ 719047.226994998054579, 730540.129970230977051, 0.0 ], [ 719046.783994999015704, 730550.746970226988196, 0.0 ], [ 719046.051994999055751, 730564.682970236986876, 0.0 ], [ 719044.769994999049231, 730592.284970236010849, 0.0 ], [ 719037.374995001009665, 730589.854970228043385, 0.0 ], [ 719022.599995004013181, 730584.538970228051767, 0.0 ], [ 719001.317995007964782, 730577.209970235009678, 0.0 ], [ 718966.778995016007684, 730565.945970239001326, 0.0 ], [ 718952.72199501900468, 730560.202970233047381, 0.0 ], [ 718931.250995022943243, 730546.672970234998502, 0.0 ], [ 718928.640995024004951, 730545.170970238978043, 0.0 ], [ 718915.76399502705317, 730536.620970238000154, 0.0 ], [ 718909.367995028034784, 730531.225970230996609, 0.0 ], [ 718898.195995031041093, 730520.663970237015747, 0.0 ], [ 718896.643995031015947, 730518.894970239023678, 0.0 ], [ 718893.845995030947961, 730516.11397023696918, 0.0 ], [ 718886.476995032979175, 730507.279970239032991, 0.0 ], [ 718881.377995033981279, 730500.28297023801133, 0.0 ], [ 718865.816995037021115, 730476.512970241950825, 0.0 ], [ 718853.596995039959438, 730456.549970241030678, 0.0 ], [ 718810.415995049057528, 730385.366970248054713, 0.0 ], [ 718809.850995048996992, 730381.670970242004842, 0.0 ], [ 718801.961995049961843, 730368.686970249051228, 0.0 ], [ 718792.212995053036138, 730353.16897024505306, 0.0 ], [ 718789.684995054034516, 730348.859970243996941, 0.0 ], [ 718788.717995053972118, 730347.421970244031399, 0.0 ], [ 718786.67799505405128, 730345.184970251051709, 0.0 ], [ 718781.419995054951869, 730335.778970243991353, 0.0 ], [ 718779.089995054993778, 730331.609970247023739, 0.0 ], [ 718770.485995057970285, 730336.68797024898231, 0.0 ], [ 718758.911995060043409, 730343.186970244045369, 0.0 ], [ 718743.844995063031092, 730350.429970246972516, 0.0 ], [ 718734.160995065001771, 730355.495970248011872, 0.0 ], [ 718725.309995066956617, 730359.593970246962272, 0.0 ], [ 718721.717995067941956, 730361.458970248000696, 0.0 ], [ 718715.107995069003664, 730364.885970253963023, 0.0 ], [ 718690.756995073985308, 730379.531970249954611, 0.0 ], [ 718669.106995078967884, 730392.898970253998414, 0.0 ], [ 718665.482995079015382, 730394.845970254973508, 0.0 ], [ 718660.698995079961605, 730397.416970246005803, 0.0 ], [ 718658.194995081052184, 730399.145970253041014, 0.0 ], [ 718642.664995084051043, 730409.498970253975131, 0.0 ], [ 718638.517995084985159, 730411.98097025800962, 0.0 ], [ 718635.29499508603476, 730413.908970252959989, 0.0 ], [ 718632.920995085965842, 730412.026970256003551, 0.0 ], [ 718631.691995086963288, 730411.146970249013975, 0.0 ], [ 718626.692995087010786, 730407.588970254990272, 0.0 ], [ 718620.664995089056902, 730403.635970253963023, 0.0 ], [ 718619.300995088997297, 730402.740970251965337, 0.0 ], [ 718602.856995093054138, 730428.383970257942565, 0.0 ], [ 718593.064995095017366, 730447.24497025704477, 0.0 ], [ 718591.649995094980113, 730446.807970252004452, 0.0 ], [ 718574.115995098953135, 730441.386970250983723, 0.0 ], [ 718571.60299509903416, 730440.504970259033144, 0.0 ], [ 718569.102995099965483, 730439.455970259034075, 0.0 ], [ 718559.321995101985522, 730435.866970255039632, 0.0 ], [ 718559.051995101966895, 730435.761970262043178, 0.0 ], [ 718556.452995102968998, 730435.963970258948393, 0.0 ], [ 718552.802995102945715, 730436.965970251942053, 0.0 ], [ 718544.048995104967616, 730440.194970258977264, 0.0 ], [ 718539.21099510602653, 730442.273970253998414, 0.0 ], [ 718535.462995107052848, 730443.624970261007547, 0.0 ], [ 718526.467995109036565, 730447.330970256007276, 0.0 ], [ 718524.068995108944364, 730448.131970252026804, 0.0 ], [ 718512.924995112000033, 730452.787970260949805, 0.0 ], [ 718501.9739951150259, 730458.228970261989161, 0.0 ], [ 718496.664995115017518, 730461.056970258941874, 0.0 ], [ 718453.211995125049725, 730483.067970260977745, 0.0 ], [ 718439.470995126990601, 730489.827970260055736, 0.0 ], [ 718434.823995128972456, 730492.330970256007276, 0.0 ], [ 718428.413995129056275, 730495.35397026699502, 0.0 ], [ 718422.881995131028816, 730498.485970258945599, 0.0 ], [ 718417.183995131985284, 730500.139970259973779, 0.0 ], [ 718411.636995133012533, 730502.042970258975402, 0.0 ], [ 718409.187995134037919, 730503.043970267986879, 0.0 ], [ 718408.487995133036748, 730502.992970263003372, 0.0 ], [ 718397.442995136021636, 730506.750970265944488, 0.0 ], [ 718394.043995136045851, 730506.952970274956897, 0.0 ], [ 718373.696995140984654, 730506.663970266003162, 0.0 ], [ 718344.502995147020556, 730506.130970268044621, 0.0 ], [ 718325.053780065034516, 730505.539971041027457, 0.0 ], [ 718311.085995155037381, 730505.589970272965729, 0.0 ], [ 718290.969995158957317, 730505.658970269025303, 0.0 ], [ 718277.710995160974562, 730505.704970272956416, 0.0 ], [ 718273.753995161969215, 730505.575970276957378, 0.0 ], [ 718240.556995169026777, 730499.616970267961733, 0.0 ], [ 718241.817995168967173, 730497.118970270035788, 0.0 ], [ 718242.144995169015601, 730495.960970276035368, 0.0 ], [ 718161.486995185958222, 730454.599970272975042, 0.0 ], [ 718159.781995184952393, 730453.731970277964137, 0.0 ], [ 718155.408995187026449, 730458.195970271946862, 0.0 ], [ 718149.760995186981745, 730463.582970279967412, 0.0 ], [ 718147.09399518801365, 730466.616970274946652, 0.0 ], [ 718141.402995190001093, 730472.381970281945542, 0.0 ], [ 718129.766995192039758, 730483.270970280049369, 0.0 ], [ 718120.320995194022544, 730493.060970272053964, 0.0 ], [ 718102.042995196999982, 730513.123970277956687, 0.0 ], [ 718099.038995197974145, 730515.775970280985348, 0.0 ], [ 718093.783995199948549, 730522.08497028297279, 0.0 ], [ 718090.793995199957862, 730525.37697029102128, 0.0 ], [ 718089.173995199962519, 730527.720970283960924, 0.0 ], [ 718088.158995200996287, 730529.27097027702257, 0.0 ], [ 718087.577995199942961, 730531.643970274948515, 0.0 ], [ 718086.619995201006532, 730533.534970280015841, 0.0 ], [ 718077.891995202982798, 730545.669970280025154, 0.0 ], [ 718075.770995203056373, 730550.176970281056128, 0.0 ], [ 718057.927995207021013, 730588.050970284035429, 0.0 ], [ 718056.103995206998661, 730591.598970287013799, 0.0 ], [ 718054.450995206949301, 730593.806970285950229, 0.0 ], [ 718053.383995207957923, 730594.839970277040266, 0.0 ], [ 718052.41899520799052, 730595.712970277993008, 0.0 ], [ 718047.438995209056884, 730601.938970283023082, 0.0 ], [ 718038.547995210974477, 730616.136970286956057, 0.0 ], [ 718034.958995211054571, 730623.831970280967653, 0.0 ], [ 718025.310995212988928, 730643.662970289005898, 0.0 ], [ 718021.629995214985684, 730652.217970283003524, 0.0 ], [ 718018.158995214966126, 730661.032970280037262, 0.0 ], [ 718002.229995219036937, 730690.679970287950709, 0.0 ], [ 717990.659995220950805, 730710.819970292970538, 0.0 ], [ 717983.430995221948251, 730724.748970287037082, 0.0 ], [ 717980.492995223030448, 730730.687970286002383, 0.0 ], [ 717978.235995223978534, 730736.371970284031704, 0.0 ], [ 717975.849995224038139, 730743.574970284011215, 0.0 ], [ 717971.330995224998333, 730755.720970286987722, 0.0 ], [ 717959.748995227040723, 730777.940970289986581, 0.0 ], [ 717953.39399522903841, 730789.53597028797958, 0.0 ], [ 717943.072995231021196, 730782.629970283946022, 0.0 ], [ 717941.134995231986977, 730781.401970288017765, 0.0 ], [ 717935.665995231945999, 730777.937970289960504, 0.0 ], [ 717916.47199523600284, 730765.778970289044082, 0.0 ], [ 717903.396995238959789, 730757.496970287989825, 0.0 ], [ 717898.221995239960961, 730754.217970286030322, 0.0 ], [ 717878.633995244046673, 730741.881970291025937, 0.0 ], [ 717873.506995244999416, 730738.542970285052434, 0.0 ], [ 717868.688995245960541, 730735.404970286996104, 0.0 ], [ 717855.375995249021798, 730726.898970296955667, 0.0 ], [ 717850.753995249979198, 730723.95797029894311, 0.0 ], [ 717845.67199525097385, 730720.721970299025998, 0.0 ], [ 717832.257995254010893, 730712.099970292998478, 0.0 ], [ 717827.045995253953151, 730708.805970291956328, 0.0 ], [ 717822.23399525496643, 730705.761970299994573, 0.0 ], [ 717803.727995258988813, 730693.960970291984268, 0.0 ], [ 717802.756995258969255, 730693.554970300057903, 0.0 ], [ 717798.932995259994641, 730691.075970298028551, 0.0 ], [ 717790.2749952620361, 730685.437970292055979, 0.0 ], [ 717789.978995261946693, 730685.918970291037112, 0.0 ], [ 717784.48299526295159, 730694.847970298025757, 0.0 ], [ 717782.579995263018645, 730697.904970298055559, 0.0 ], [ 717775.356995264999568, 730709.415970294969156, 0.0 ], [ 717773.706995266024023, 730711.861970297992229, 0.0 ], [ 717773.17099526594393, 730712.803970293956809, 0.0 ], [ 717772.171995265991427, 730714.339970294036902, 0.0 ], [ 717771.0849952660501, 730716.011970294988714, 0.0 ], [ 717770.191995266010053, 730717.635970299015753, 0.0 ], [ 717768.840995265985839, 730719.840970296994783, 0.0 ], [ 717778.663995265029371, 730725.798970298958011, 0.0 ], [ 717780.530995263950899, 730727.430970291025005, 0.0 ], [ 717781.514995264005847, 730728.586970297037624, 0.0 ], [ 717782.259995262953453, 730729.822970299050212, 0.0 ], [ 717782.62499526294414, 730731.041970293037593, 0.0 ], [ 717782.689995264052413, 730732.28197029104922, 0.0 ], [ 717782.258995263953693, 730734.521970296977088, 0.0 ], [ 717781.330995263997465, 730737.045970296952873, 0.0 ], [ 717778.849995263968594, 730741.795970298000611, 0.0 ], [ 717725.862995275994763, 730826.982970303972252, 0.0 ], [ 717712.122995277983136, 730849.149970303056762, 0.0 ], [ 717707.045995278982446, 730849.082970296964049, 0.0 ], [ 717698.30199528101366, 730839.888970302999951, 0.0 ], [ 717695.245995281031355, 730826.982970301993191, 0.0 ], [ 717694.795995282009244, 730824.92397030594293, 0.0 ], [ 717692.810995282023214, 730815.835970298037864, 0.0 ], [ 717684.283995284000412, 730776.796970300958492, 0.0 ], [ 717681.322995283990167, 730778.264970305957831, 0.0 ], [ 717659.528995289001614, 730789.070970308966935, 0.0 ], [ 717637.668995292973705, 730789.201970302965492, 0.0 ], [ 717633.97399529395625, 730789.462970308959484, 0.0 ], [ 717594.479995302041061, 730795.491970301955007, 0.0 ], [ 717581.242995304986835, 730797.783970306045376, 0.0 ], [ 717566.197995307971723, 730800.455970306997187, 0.0 ], [ 717542.739995312993415, 730803.962970306049101, 0.0 ], [ 717525.227827979950234, 730806.907997339963913, 0.0 ], [ 717513.743995317956433, 730808.762970307958312, 0.0 ], [ 717491.828995323041454, 730811.529970307950862, 0.0 ], [ 717484.321995325037278, 730794.135970312054269, 0.0 ], [ 717477.397995325969532, 730790.082970313960686, 0.0 ], [ 717473.407995327026583, 730782.967970310011879, 0.0 ], [ 717460.83299532905221, 730762.724970313953236, 0.0 ], [ 717454.879995331051759, 730753.460970315965824, 0.0 ], [ 717441.966995332972147, 730734.659970307024196, 0.0 ], [ 717430.187995336018503, 730718.774970320984721, 0.0 ], [ 717412.722995338961482, 730699.16697031701915, 0.0 ], [ 717405.271995340008289, 730691.192970311036333, 0.0 ], [ 717400.018995341029949, 730686.208970312029123, 0.0 ], [ 717395.413995341979899, 730683.040970318950713, 0.0 ], [ 717383.312995344982482, 730676.442970309057273, 0.0 ], [ 717361.663995348964818, 730671.269970320048742, 0.0 ], [ 717352.37599535100162, 730669.831970312050544, 0.0 ], [ 717329.797995356027968, 730673.905970314983279, 0.0 ], [ 717323.261995356995612, 730675.648970321984962, 0.0 ], [ 717299.967995362007059, 730682.349970321985893, 0.0 ], [ 717302.323995360988192, 730697.250970324967057, 0.0 ], [ 717288.686995364027098, 730701.104970325017348, 0.0 ], [ 717274.773995366995223, 730704.749970327015035, 0.0 ], [ 717263.44599537004251, 730707.408970321994275, 0.0 ], [ 717255.19899537099991, 730708.454970316961408, 0.0 ], [ 717243.163995372946374, 730709.702970325946808, 0.0 ], [ 717232.687995375017636, 730709.25597033102531, 0.0 ], [ 717217.04099537897855, 730708.397970321006142, 0.0 ], [ 717207.819995381054468, 730707.418970328988507, 0.0 ], [ 717194.872995382989757, 730704.966970331035554, 0.0 ], [ 717184.887995384982787, 730702.879970327951014, 0.0 ], [ 717176.438995386008173, 730700.164970322046429, 0.0 ], [ 717153.706995391054079, 730690.907970329048112, 0.0 ], [ 717140.549995393957943, 730683.829970331978984, 0.0 ], [ 717129.22099539602641, 730678.033970325952396, 0.0 ], [ 717120.609995397971943, 730672.141970332944766, 0.0 ], [ 717114.321995398961008, 730667.347970332019031, 0.0 ], [ 717109.038995399954729, 730663.319970324984752, 0.0 ], [ 717102.347995401010849, 730657.848970329971053, 0.0 ], [ 717079.445995404967107, 730634.777970336959697, 0.0 ], [ 717054.214995410991833, 730612.596970329992473, 0.0 ], [ 717031.437995414948091, 730592.039970337995328, 0.0 ], [ 717024.420995417051017, 730586.221970328944735, 0.0 ], [ 717018.717995418002829, 730582.329970336984843, 0.0 ], [ 717011.234995419043116, 730578.28997033694759, 0.0 ], [ 717004.853995420970023, 730576.329970328952186, 0.0 ], [ 716998.63599542202428, 730576.200970337027684, 0.0 ], [ 716991.253995424020104, 730577.08797033096198, 0.0 ], [ 716982.517995425965637, 730578.453970336006023, 0.0 ], [ 716967.277995427954011, 730581.234970340970904, 0.0 ], [ 716949.103995432029478, 730583.496970338048413, 0.0 ], [ 716935.996995434979908, 730585.025970338960178, 0.0 ], [ 716925.186995437019505, 730584.774970342055894, 0.0 ], [ 716917.937995437998325, 730581.755970331956632, 0.0 ], [ 716884.23799544502981, 730563.892970344983041, 0.0 ], [ 716879.355995445977896, 730560.617970339022577, 0.0 ], [ 716874.068995447945781, 730556.03897033398971, 0.0 ], [ 716870.358995447051711, 730551.340970349963754, 0.0 ], [ 716864.264995448989794, 730542.810970343998633, 0.0 ], [ 716851.268995451042429, 730523.194970343960449, 0.0 ], [ 716841.989995453041047, 730505.457970337942243, 0.0 ], [ 716827.807995456038043, 730475.738970341975801, 0.0 ], [ 716824.337995455949567, 730467.971970341051929, 0.0 ], [ 716819.70299545803573, 730455.258970340946689, 0.0 ], [ 716818.169995457981713, 730445.959970345022157, 0.0 ], [ 716811.496995458961464, 730431.17297034303192, 0.0 ], [ 716807.258995458949357, 730422.50297034799587, 0.0 ], [ 716796.833995462046005, 730397.634970344952308, 0.0 ], [ 716787.909995464025997, 730375.08197034499608, 0.0 ], [ 716780.744995465036482, 730359.521970349946059, 0.0 ], [ 716772.519995467038825, 730343.559970348956995, 0.0 ], [ 716768.013995468034409, 730334.401970347040333, 0.0 ], [ 716757.678995470050722, 730311.337970338994637, 0.0 ], [ 716732.963995474972762, 730255.1099703470245, 0.0 ], [ 716725.393995475955307, 730237.995970346033573, 0.0 ], [ 716721.169995476026088, 730227.118970351992175, 0.0 ], [ 716714.433995477971621, 730210.464970340020955, 0.0 ], [ 716711.693995477980934, 730203.043970349943265, 0.0 ], [ 716710.700995479011908, 730199.920970350969583, 0.0 ], [ 716709.359995478997007, 730195.702970348997042, 0.0 ], [ 716707.422995478962548, 730188.581970350001939, 0.0 ], [ 716706.98199547897093, 730185.347970349946991, 0.0 ], [ 716706.424995479988866, 730177.946970344055444, 0.0 ], [ 716706.283995480043814, 730172.483970348956063, 0.0 ], [ 716706.626995480037294, 730162.105970347998664, 0.0 ], [ 716706.344995478983037, 730152.424970351043157, 0.0 ], [ 716705.334995480021462, 730139.933970342040993, 0.0 ], [ 716703.490995479980484, 730128.418970350991003, 0.0 ], [ 716697.254995482042432, 730115.643970343051478, 0.0 ], [ 716693.748995481990278, 730110.821970346034504, 0.0 ], [ 716688.074995483038947, 730104.050970347016118, 0.0 ], [ 716681.311995484051295, 730098.298970349016599, 0.0 ], [ 716665.975995486951433, 730088.4579703459749, 0.0 ], [ 716661.485995488008484, 730085.774970354977995, 0.0 ], [ 716646.967995490995236, 730081.737970351008698, 0.0 ], [ 716623.230995496036485, 730081.450970359961502, 0.0 ], [ 716614.987995497998782, 730081.101970355957747, 0.0 ], [ 716600.081995500950143, 730078.529970351024531, 0.0 ], [ 716584.473995503969491, 730073.154970354051329, 0.0 ], [ 716571.745995505945757, 730067.329970355029218, 0.0 ], [ 716567.66199550696183, 730066.025970357004553, 0.0 ], [ 716548.541995511041023, 730063.393970350036398, 0.0 ], [ 716535.787995512946509, 730063.662970355013385, 0.0 ], [ 716532.193995513021946, 730063.573970361030661, 0.0 ], [ 716510.506995519041084, 730063.036970352986827, 0.0 ], [ 716502.112995520001277, 730062.583970361039974, 0.0 ], [ 716482.22999552404508, 730060.138970362953842, 0.0 ], [ 716449.01599552994594, 730055.18397036602255, 0.0 ], [ 716426.00799553503748, 730051.554970360943116, 0.0 ], [ 716357.455995548050851, 730042.439970372943208, 0.0 ], [ 716341.697995551046915, 730040.690970359020866, 0.0 ], [ 716322.548995553981513, 730039.55697037500795, 0.0 ], [ 716279.414995562983677, 730037.797970362007618, 0.0 ], [ 716274.71699556405656, 730035.364970369962975, 0.0 ], [ 716271.244995565037243, 730032.600970373023301, 0.0 ], [ 716267.536995565984398, 730030.187970362021588, 0.0 ], [ 716263.887995566008613, 730028.58897036802955, 0.0 ], [ 716257.423995567020029, 730026.828970369999297, 0.0 ], [ 716252.913995568989776, 730026.328970364993438, 0.0 ], [ 716241.315995570970699, 730025.986970363999717, 0.0 ], [ 716230.507995572057553, 730026.701970370020717, 0.0 ], [ 716222.614995573996566, 730027.756970372982323, 0.0 ], [ 716197.593995579052716, 730033.052970375982113, 0.0 ], [ 716179.60599558299873, 730037.199970367946662, 0.0 ], [ 716166.800995585042983, 730041.097970378003083, 0.0 ], [ 716150.375995588954538, 730047.029970368021168, 0.0 ], [ 716141.834995590033941, 730051.092970381025225, 0.0 ], [ 716138.784995589987375, 730052.451970378984697, 0.0 ], [ 716133.498995592002757, 730056.328970378031954, 0.0 ], [ 716127.616995592950843, 730060.777970380033366, 0.0 ], [ 716122.717995594022796, 730065.551970371045172, 0.0 ], [ 716118.977995594963431, 730070.831970378989354, 0.0 ], [ 716116.602995594032109, 730075.099970376002602, 0.0 ], [ 716108.311995596042834, 730086.735970378969796, 0.0 ], [ 716096.835995599045418, 730092.77097038005013, 0.0 ], [ 716091.283995599951595, 730095.981970377033576, 0.0 ], [ 716081.968995601055212, 730098.200970378005877, 0.0 ], [ 716065.919995605014265, 730099.441970371990465, 0.0 ], [ 716053.97599560697563, 730097.441970373969525, 0.0 ], [ 716051.806995606981218, 730096.710970383021049, 0.0 ], [ 716044.890995608991943, 730093.494970376952551, 0.0 ], [ 716038.503995610051788, 730089.172970384010114, 0.0 ], [ 716026.633995612035505, 730079.987970383954234, 0.0 ], [ 716023.307995612034574, 730077.454970384016633, 0.0 ], [ 716019.357995613943785, 730073.233970380970277, 0.0 ], [ 716013.922995615052059, 730067.153970376006328, 0.0 ], [ 716008.808995616040193, 730060.266970381024294, 0.0 ], [ 715998.927995617035776, 730044.521970378002152, 0.0 ], [ 715991.697995619033463, 730031.953970385016873, 0.0 ], [ 715985.846995620056987, 730020.201970385969616, 0.0 ], [ 715983.297995620057918, 730014.536970378947444, 0.0 ], [ 715981.736995621002279, 730002.924970383988693, 0.0 ], [ 715981.305995621019974, 729997.964970382978208, 0.0 ], [ 715981.848995620035566, 729987.690970384981483, 0.0 ], [ 715986.852995619992726, 729922.811970383045264, 0.0 ], [ 715987.493995619006455, 729909.087970381020568, 0.0 ], [ 715986.971995620056987, 729886.450970386969857, 0.0 ], [ 715980.160995621001348, 729869.600970381987281, 0.0 ], [ 715976.072995621943846, 729858.621970386942849, 0.0 ], [ 715965.671995623968542, 729847.054970380035229, 0.0 ], [ 715958.229995624977164, 729842.202970377984457, 0.0 ], [ 715952.358995625982061, 729838.779970381991006, 0.0 ], [ 715942.54799562797416, 729834.309970387956128, 0.0 ], [ 715925.561995630967431, 729828.712970391032286, 0.0 ], [ 715918.629995633033104, 729826.856970387045294, 0.0 ], [ 715913.235995633993298, 729825.874970386037603, 0.0 ], [ 715903.816995635977946, 729828.092970389057882, 0.0 ], [ 715881.338995640049689, 729835.890970390057191, 0.0 ], [ 715858.49099564505741, 729844.299970388994552, 0.0 ], [ 715831.670995648950338, 729854.502970383968204, 0.0 ], [ 715805.155995654989965, 729865.729970394051634, 0.0 ], [ 715791.964995656977408, 729872.578970388974994, 0.0 ], [ 715789.961995656951331, 729873.532970390981063, 0.0 ], [ 715776.589995660004206, 729879.902970387949608, 0.0 ], [ 715758.834995663026348, 729887.477970391977578, 0.0 ], [ 715745.77199566597119, 729893.376970394980162, 0.0 ], [ 715736.894995667971671, 729895.465970390010625, 0.0 ], [ 715718.181995671009645, 729898.384970398037694, 0.0 ], [ 715703.339995673974045, 729899.510970392031595, 0.0 ], [ 715679.59699567896314, 729900.70397040003445, 0.0 ], [ 715656.754995682975277, 729900.592970393016003, 0.0 ], [ 715627.482995689031668, 729899.971970399026759, 0.0 ], [ 715603.501995692960918, 729898.660970404976979, 0.0 ], [ 715591.014995696023107, 729897.824970397050492, 0.0 ], [ 715585.655995697015896, 729895.393970401026309, 0.0 ], [ 715569.375995700014755, 729883.552970399032347, 0.0 ], [ 715568.502995699993335, 729881.997970398981124, 0.0 ], [ 715555.551995701971464, 729862.330970405018888, 0.0 ], [ 715554.487995701958425, 729860.715970398974605, 0.0 ], [ 715546.473995703971013, 729850.039970404002815, 0.0 ], [ 715533.969995705992915, 729831.34997039695736, 0.0 ], [ 715527.288995706941932, 729819.747970403986983, 0.0 ], [ 715517.412995708989911, 729799.996970401029103, 0.0 ], [ 715515.967995709972456, 729797.37697040301282, 0.0 ], [ 715510.103995710029267, 729787.178970403037965, 0.0 ], [ 715508.985995710943826, 729785.232970400946215, 0.0 ], [ 715501.757995711988769, 729772.662970409030095, 0.0 ], [ 715487.333995715016499, 729744.787970400997438, 0.0 ], [ 715485.155995714943856, 729738.83197040297091, 0.0 ], [ 715481.021995716029778, 729722.483970412053168, 0.0 ], [ 715481.124995716032572, 729701.743970402050763, 0.0 ], [ 715478.910995715996251, 729677.165970409056172, 0.0 ], [ 715476.060995716950856, 729655.592970406054519, 0.0 ], [ 715473.822995717055164, 729648.38897040404845, 0.0 ], [ 715462.036995720001869, 729627.257970407023095, 0.0 ], [ 715441.239995723008178, 729604.416970410966314, 0.0 ], [ 715434.20599572500214, 729598.617970400024205, 0.0 ], [ 715425.431995727005415, 729590.058970408979803, 0.0 ], [ 715415.313995728967711, 729579.738970407983288, 0.0 ], [ 715409.639995728968643, 729574.4409704109421, 0.0 ], [ 715403.914995730970986, 729570.302970406948589, 0.0 ], [ 715395.010995732038282, 729564.220970403053798, 0.0 ], [ 715390.447995733004063, 729561.435970406048, 0.0 ], [ 715385.46899573400151, 729559.452970404992811, 0.0 ], [ 715381.100995735032484, 729558.578970412956551, 0.0 ], [ 715375.08099573594518, 729558.412970409961417, 0.0 ], [ 715367.236995737999678, 729559.147970410995185, 0.0 ], [ 715358.661995738977566, 729560.150970411021262, 0.0 ], [ 715355.722995740012266, 729560.941970409010537, 0.0 ], [ 715346.981995741953142, 729564.319970414042473, 0.0 ], [ 715343.818995742010884, 729565.765970407985151, 0.0 ], [ 715339.153995743021369, 729567.899970412952825, 0.0 ], [ 715321.019995745969936, 729577.131970406044275, 0.0 ], [ 715307.428995748981833, 729584.220970410038717, 0.0 ], [ 715297.363995751016773, 729589.924970414023846, 0.0 ], [ 715281.525080685969442, 729599.579112999956124, 0.0 ], [ 715257.722995758056641, 729614.086970412987284, 0.0 ], [ 715249.127995759947225, 729618.693970412015915, 0.0 ], [ 715231.608304298948497, 729627.259308547014371, 0.0 ], [ 715227.651995762949809, 729629.193970415042713, 0.0 ], [ 715220.169995764968917, 729630.366970418952405, 0.0 ], [ 715212.388995766988955, 729630.898970409994945, 0.0 ], [ 715204.767995767993852, 729631.310970418038778, 0.0 ], [ 715195.625995769980364, 729632.980970415985212, 0.0 ], [ 715186.443995772046037, 729634.211970421019942, 0.0 ], [ 715178.80399577296339, 729634.383970421971753, 0.0 ], [ 715155.756995777017437, 729640.040970423957333, 0.0 ], [ 715125.731995783047751, 729648.899970417958684, 0.0 ], [ 715112.918995784944855, 729652.680970421992242, 0.0 ], [ 715104.376995787024498, 729655.389970415970311, 0.0 ], [ 715090.443995789042674, 729659.588970427052118, 0.0 ], [ 715064.361995793995447, 729668.77797042299062, 0.0 ], [ 715050.714995795977302, 729673.854970428044908, 0.0 ], [ 715042.392995798960328, 729676.642970422981307, 0.0 ], [ 715035.027995800017379, 729678.804970421944745, 0.0 ], [ 715027.63599580200389, 729679.987970427959226, 0.0 ], [ 715018.648995802039281, 729681.939970431034453, 0.0 ], [ 715002.770995805971324, 729685.02997042494826, 0.0 ], [ 714995.038995806942694, 729686.214970431989059, 0.0 ], [ 714988.38499580800999, 729686.872970427037217, 0.0 ], [ 714968.582995812990703, 729689.227970428997651, 0.0 ], [ 714959.004995813942514, 729689.222970428992994, 0.0 ], [ 714949.387995815952308, 729689.338970432989299, 0.0 ], [ 714940.413995818002149, 729689.990970427053981, 0.0 ], [ 714923.040995821007527, 729690.59097042796202, 0.0 ], [ 714913.301995823043399, 729690.346970426966436, 0.0 ], [ 714901.139995825011283, 729689.47797043598257, 0.0 ], [ 714888.399995826999657, 729689.150970433955081, 0.0 ], [ 714879.239995828946121, 729688.723970429040492, 0.0 ], [ 714869.342995831044391, 729688.90097043197602, 0.0 ], [ 714851.778995834058151, 729687.403970426996239, 0.0 ], [ 714833.837995838024653, 729686.567970428033732, 0.0 ], [ 714822.698995838989504, 729686.311970432056114, 0.0 ], [ 714810.661995842005126, 729686.421970429946668, 0.0 ], [ 714801.381995843024924, 729685.934970434987918, 0.0 ], [ 714769.913995848968625, 729686.716970429057255, 0.0 ], [ 714748.196995852980763, 729686.523970433045179, 0.0 ], [ 714731.664995856001042, 729687.238970434991643, 0.0 ], [ 714722.347995858057402, 729687.332970437011681, 0.0 ], [ 714719.233662005979568, 729687.206609989982098, 0.0 ], [ 714715.446995859034359, 729687.052970436983742, 0.0 ], [ 714708.5129958599573, 729687.632970434031449, 0.0 ], [ 714692.336995864054188, 729687.391970437020063, 0.0 ], [ 714689.034995864029042, 729687.324970441055484, 0.0 ], [ 714682.911508145974949, 729686.679029503953643, 0.0 ], [ 714681.469995865947567, 729686.526970435050316, 0.0 ], [ 714674.528995865955949, 729685.728970438009128, 0.0 ], [ 714667.168995867948979, 729685.351970436051488, 0.0 ], [ 714658.384995869011618, 729684.363970438018441, 0.0 ], [ 714650.338995871017687, 729682.989970442955382, 0.0 ], [ 714640.488995873020031, 729680.707970437011681, 0.0 ], [ 714633.300995873985812, 729679.169970438000746, 0.0 ], [ 714625.329995875945315, 729676.876970438985154, 0.0 ], [ 714614.117995877983049, 729674.581970441970043, 0.0 ], [ 714607.848995878943242, 729672.758970441995189, 0.0 ], [ 714603.423995879944414, 729671.803970442968421, 0.0 ], [ 714598.620995879988186, 729670.971970446989872, 0.0 ], [ 714590.337995882029645, 729670.099970445036888, 0.0 ], [ 714584.636995882960036, 729669.732970440993086, 0.0 ], [ 714578.537995883962139, 729669.627970439032651, 0.0 ], [ 714574.85999588505365, 729669.809970451053232, 0.0 ], [ 714569.944995885016397, 729670.497970446944237, 0.0 ], [ 714550.580995889031328, 729675.90897044702433, 0.0 ], [ 714530.638995892950334, 729681.842970445053652, 0.0 ], [ 714523.653995894012041, 729684.002970447996631, 0.0 ], [ 714516.406995896017179, 729686.023970443056896, 0.0 ], [ 714491.975995899992995, 729690.164970446960069, 0.0 ], [ 714480.743995902012102, 729691.048970442963764, 0.0 ], [ 714469.070995904039592, 729691.856970450025983, 0.0 ], [ 714457.874995906022377, 729691.920970448991284, 0.0 ], [ 714446.375995908048935, 729691.787970451987348, 0.0 ], [ 714424.936995911994018, 729691.00197045004461, 0.0 ], [ 714420.793995913001709, 729691.117970449035056, 0.0 ], [ 714420.057995912968181, 729691.140970455016941, 0.0 ], [ 714415.742995913955383, 729691.785970457014628, 0.0 ], [ 714408.763995914952829, 729692.795970453997143, 0.0 ], [ 714406.252995915943757, 729693.15997045498807, 0.0 ], [ 714405.706995915970765, 729693.096970450947993, 0.0 ], [ 714400.950995916035026, 729692.550970452954061, 0.0 ], [ 714396.191995918052271, 729692.638970452011563, 0.0 ], [ 714391.728995917947032, 729691.784970459993929, 0.0 ], [ 714383.019995920010842, 729689.934970456990413, 0.0 ], [ 714373.962995921028778, 729686.647970458958298, 0.0 ], [ 714360.666995923966169, 729683.405970457009971, 0.0 ], [ 714356.242995923967101, 729682.53197045205161, 0.0 ], [ 714351.874995926045813, 729681.056970446952619, 0.0 ], [ 714346.905995926004834, 729679.206970451050438, 0.0 ], [ 714342.559995927033015, 729678.151970452046953, 0.0 ], [ 714335.308995928033255, 729675.774970456957817, 0.0 ], [ 714331.243995929020457, 729674.737970454036258, 0.0 ], [ 714325.903995929984376, 729672.1099704609951, 0.0 ], [ 714311.122995933052152, 729664.834970452007838, 0.0 ], [ 714284.931995937018655, 729650.211970458971336, 0.0 ], [ 714265.510995941003785, 729638.593970461050048, 0.0 ], [ 714245.268995944992639, 729627.26597046200186, 0.0 ], [ 714229.617995947017334, 729618.138970457017422, 0.0 ], [ 714216.428995948983356, 729610.447970460052602, 0.0 ], [ 714214.212995950947516, 729608.946970461984165, 0.0 ], [ 714207.618995951022953, 729603.907970463042147, 0.0 ], [ 714206.218995952047408, 729601.851970460033044, 0.0 ], [ 714205.147995952051133, 729599.929970460943878, 0.0 ], [ 714204.596995951957069, 729598.899970456957817, 0.0 ], [ 714192.502995954011567, 729576.00297046394553, 0.0 ], [ 714189.519995955051854, 729569.246970460051671, 0.0 ], [ 714186.055995955015533, 729557.010970465024002, 0.0 ], [ 714185.413995955954306, 729554.744970454950817, 0.0 ], [ 714182.393995956052095, 729542.002970458008349, 0.0 ], [ 714178.489995957002975, 729526.385970460949466, 0.0 ], [ 714178.317995956982486, 729523.64097045303788, 0.0 ], [ 714178.283995956997387, 729517.67697045695968, 0.0 ], [ 714178.686995957046747, 729511.839970460976474, 0.0 ], [ 714181.538995955954306, 729494.839970453991555, 0.0 ], [ 714182.88999595597852, 729486.919970466056839, 0.0 ], [ 714186.62799595494289, 729472.456970463041216, 0.0 ], [ 714203.10799595201388, 729407.347970456001349, 0.0 ], [ 714205.195995952002704, 729397.878970458055846, 0.0 ], [ 714215.68599595001433, 729342.289970459998585, 0.0 ], [ 714215.947995950002223, 729340.210970454965718, 0.0 ], [ 714216.53199594898615, 729335.28297045303043, 0.0 ], [ 714216.870995949022472, 729329.543970461003482, 0.0 ], [ 714217.690995948971249, 729320.492970456019975, 0.0 ], [ 714217.915995948947966, 729313.471970455953851, 0.0 ], [ 714217.916995950043201, 729310.029970459057949, 0.0 ], [ 714216.89399594895076, 729302.187970462022349, 0.0 ], [ 714216.585995950037614, 729299.239970457041636, 0.0 ], [ 714214.745995949953794, 729292.383970460039563, 0.0 ], [ 714213.684995949966833, 729287.881970464950427, 0.0 ], [ 714212.075995950959623, 729282.709970460971817, 0.0 ], [ 714206.113995951949619, 729272.21897045802325, 0.0 ], [ 714205.165995951974764, 729270.540970457019284, 0.0 ], [ 714201.958995952038094, 729266.320970454020426, 0.0 ], [ 714193.239995953044854, 729255.780970465042628, 0.0 ], [ 714184.411995955044404, 729245.996970460982993, 0.0 ], [ 714176.43299595604185, 729237.432970457011834, 0.0 ], [ 714165.278995958971791, 729226.488970463979058, 0.0 ], [ 714141.952995963045396, 729201.120970463030972, 0.0 ], [ 714137.677995963022113, 729197.303970461944118, 0.0 ], [ 714135.502995964023285, 729195.465970461955294, 0.0 ], [ 714129.258995966054499, 729190.189970465027727, 0.0 ], [ 714124.760995966964401, 729186.528970455983654, 0.0 ], [ 714121.848995966953225, 729184.816970461979508, 0.0 ], [ 714114.292995968018658, 729180.94097045797389, 0.0 ], [ 714109.777995969052427, 729178.810970464954153, 0.0 ], [ 714107.10799596994184, 729177.550970469019376, 0.0 ], [ 714104.710995969944634, 729176.12797046196647, 0.0 ], [ 714102.48299596994184, 729174.805970467044972, 0.0 ], [ 714101.721995970001444, 729174.353970465017483, 0.0 ], [ 714086.023995973053388, 729163.490970461047255, 0.0 ], [ 714082.454995973967016, 729160.504970461013727, 0.0 ], [ 714079.541995974024758, 729157.691970460000448, 0.0 ], [ 714078.962995973997749, 729157.039970465004444, 0.0 ], [ 714074.086995976045728, 729151.551970463944599, 0.0 ], [ 714066.548995977034792, 729143.273970467038453, 0.0 ], [ 714062.212995977024548, 729139.870970473974012, 0.0 ], [ 714053.440995979006402, 729133.095970466034487, 0.0 ], [ 714041.611995980958454, 729124.140970463049598, 0.0 ], [ 714037.471995981992222, 729120.605970471049659, 0.0 ], [ 714035.08099598204717, 729118.863970465026796, 0.0 ], [ 714030.804995983024128, 729115.104970464948565, 0.0 ], [ 714017.882995984982699, 729103.449970467016101, 0.0 ], [ 714007.063995986944064, 729093.972970471950248, 0.0 ], [ 714004.843995988019742, 729091.612970469053835, 0.0 ], [ 713998.813995987991802, 729086.048970469040796, 0.0 ], [ 713994.729995989007875, 729081.887970471987501, 0.0 ], [ 713986.516995989950374, 729073.216970475041308, 0.0 ], [ 713985.257995991036296, 729071.788970479043201, 0.0 ], [ 713971.545995994005352, 729056.34297046798747, 0.0 ], [ 713956.76999599696137, 729043.212970462045632, 0.0 ], [ 713950.26999599696137, 729037.294970475952141, 0.0 ], [ 713943.92399599798955, 729031.718970473040827, 0.0 ], [ 713938.393536714022048, 729027.398392893956043, 0.0 ], [ 713935.586996000027284, 729025.205970471957698, 0.0 ], [ 713928.167996002011932, 729019.447970474022441, 0.0 ], [ 713922.51399600203149, 729014.783970467047766, 0.0 ], [ 713917.160996002960019, 729010.479970474960282, 0.0 ], [ 713912.149996003950946, 729007.295970477047376, 0.0 ], [ 713907.320996004971676, 729004.369970467989333, 0.0 ], [ 713897.684996005962603, 728999.597970479051583, 0.0 ], [ 713885.283996009035036, 728993.235970465000719, 0.0 ], [ 713873.324996010982431, 728987.251970474957488, 0.0 ], [ 713865.955996011965908, 728984.113970470963977, 0.0 ], [ 713857.306996013969183, 728981.739970474038273, 0.0 ], [ 713849.909996015019715, 728995.081970475963317, 0.0 ], [ 713848.962996014975943, 728996.788970479043201, 0.0 ], [ 713847.996996016008779, 728998.53097047295887, 0.0 ], [ 713825.846899328986183, 729027.399096466950141, 0.0 ], [ 713819.497996020014398, 729035.671970474999398, 0.0 ], [ 713816.023996021016501, 729037.451970478985459, 0.0 ], [ 713814.270996022038162, 729039.26197047601454, 0.0 ], [ 713810.132996023050509, 729043.550970472046174, 0.0 ], [ 713807.747996023041196, 729046.029970476054586, 0.0 ], [ 713783.673996026976965, 729052.807970482041128, 0.0 ], [ 713782.811996027012356, 729053.790970472968183, 0.0 ], [ 713780.907996027963236, 729055.965970478951931, 0.0 ], [ 713777.44399602804333, 729059.920970481005497, 0.0 ], [ 713776.195996028021909, 729061.459970477968454, 0.0 ], [ 713767.894996030023322, 729074.779970480012707, 0.0 ], [ 713763.990996030974202, 729081.586970482952893, 0.0 ], [ 713761.82199603097979, 729085.538970481022261, 0.0 ], [ 713757.918996031978168, 729093.473970482009463, 0.0 ], [ 713752.520996032981202, 729104.503970474004745, 0.0 ], [ 713742.630996034946293, 729120.517970473039895, 0.0 ], [ 713734.416996035957709, 729133.479970477055758, 0.0 ], [ 713712.969996039988473, 729169.340970476972871, 0.0 ], [ 713696.601996042998508, 729196.345970481052063, 0.0 ], [ 713689.38199604395777, 729208.503970475983806, 0.0 ], [ 713688.191996044944972, 729210.244970479980111, 0.0 ], [ 713687.613996044034138, 729211.51297047897242, 0.0 ], [ 713684.545996044995263, 729214.574970484012738, 0.0 ], [ 713670.137996047036722, 729228.474970486015081, 0.0 ], [ 713657.083996049012057, 729241.506970482994802, 0.0 ], [ 713636.146996053052135, 729261.992970481980592, 0.0 ], [ 713622.519996055983938, 729275.574970487970859, 0.0 ], [ 713606.619996058987454, 729291.298970478004776, 0.0 ], [ 713595.038996060960926, 729302.845970483962446, 0.0 ], [ 713589.021996062016115, 729308.69597048102878, 0.0 ], [ 713586.648996061994694, 729311.002970483968966, 0.0 ], [ 713579.026996063999832, 729318.851970487972721, 0.0 ], [ 713572.148996063973755, 729326.057970487046987, 0.0 ], [ 713562.432996066985652, 729336.261970493011177, 0.0 ], [ 713558.270996066974476, 729340.358970490982756, 0.0 ], [ 713554.934996068011969, 729343.577970486017875, 0.0 ], [ 713546.612996069015935, 729352.034970483044162, 0.0 ], [ 713542.954996070009656, 729355.752970493049361, 0.0 ], [ 713526.072580458014272, 729337.459518325980753, 0.0 ], [ 713492.171996079036035, 729300.577970486017875, 0.0 ], [ 713487.355996079044417, 729295.507970488048159, 0.0 ], [ 713480.44999608094804, 729287.900970494956709, 0.0 ], [ 713479.668996080989018, 729291.104970489046536, 0.0 ], [ 713478.916996081010439, 729292.626970484969206, 0.0 ], [ 713477.206996081979014, 729296.088970492011867, 0.0 ], [ 713474.884996082051657, 729301.093970487010665, 0.0 ], [ 713472.322996082017198, 729306.176970490021631, 0.0 ], [ 713463.375996083952487, 729324.759970486979, 0.0 ], [ 713460.191996084991843, 729331.720970493974164, 0.0 ], [ 713455.7879960850114, 729343.830970493960194, 0.0 ], [ 713455.575996084953658, 729344.907970482017845, 0.0 ], [ 713454.346996085951105, 729351.137970492942259, 0.0 ], [ 713452.601996085955761, 729359.34997048904188, 0.0 ], [ 713450.322996085975319, 729370.414970483980142, 0.0 ], [ 713449.162996085942723, 729380.983970492030494, 0.0 ], [ 713446.579996087006293, 729394.715970491990447, 0.0 ], [ 713438.512996088014916, 729416.315970486961305, 0.0 ], [ 713432.187996090040542, 729432.169970485032536, 0.0 ], [ 713430.685996089014225, 729434.632970490958542, 0.0 ], [ 713428.664996089995839, 729437.053970493958332, 0.0 ], [ 713403.181996093946509, 729455.431970498990268, 0.0 ], [ 713389.340996096958406, 729468.778970489976928, 0.0 ], [ 713385.245996098034084, 729472.72697049297858, 0.0 ], [ 713371.292996100033633, 729487.25997049396392, 0.0 ], [ 713355.339996102964506, 729514.323970497003756, 0.0 ], [ 713353.997996103018522, 729516.864970494993031, 0.0 ], [ 713343.028996104956605, 729540.046970493043773, 0.0 ], [ 713337.86399610596709, 729550.69597049895674, 0.0 ], [ 713337.463996106991544, 729553.318970490014181, 0.0 ], [ 713334.180996107053943, 729597.797970499028452, 0.0 ], [ 713333.319996107951738, 729603.563970490009524, 0.0 ], [ 713332.499996106955223, 729606.485970495967194, 0.0 ], [ 713329.896996106952429, 729619.263970492989756, 0.0 ], [ 713328.265996107948013, 729627.27197049499955, 0.0 ], [ 713326.386996107990853, 729634.031970488955267, 0.0 ], [ 713322.969996107975021, 729644.542970502050593, 0.0 ], [ 713313.626996111008339, 729668.955970493028872, 0.0 ], [ 713301.873996112961322, 729697.888970494968817, 0.0 ], [ 713287.26299611502327, 729725.163970499997959, 0.0 ], [ 713260.975996120017953, 729777.739970493013971, 0.0 ], [ 713244.371996121946722, 729811.984970496967435, 0.0 ], [ 713231.734996124985628, 729840.152970499009825, 0.0 ], [ 713216.780996127985418, 729874.95797049603425, 0.0 ], [ 713187.858996132970788, 729952.098970502964221, 0.0 ], [ 713183.840996133978479, 729962.815970506053418, 0.0 ], [ 713146.804996139951982, 730065.91497049597092, 0.0 ], [ 713139.564996141009033, 730087.341970499954186, 0.0 ], [ 713126.362996143987402, 730124.13297050294932, 0.0 ], [ 713111.865996144944802, 730164.059970502043143, 0.0 ], [ 713107.973996147047728, 730176.430970503948629, 0.0 ], [ 713106.584996146964841, 730182.206970502040349, 0.0 ], [ 713105.337996146990918, 730190.32997050404083, 0.0 ], [ 713105.000996147049591, 730196.068970510037616, 0.0 ], [ 713104.983996147057042, 730201.726970504969358, 0.0 ], [ 713105.630996147054248, 730208.702970504993573, 0.0 ], [ 713106.89499614702072, 730214.675970501964912, 0.0 ], [ 713107.901996147003956, 730221.6889705050271, 0.0 ], [ 713109.340996145969257, 730227.142970507964492, 0.0 ], [ 713109.75399614602793, 730228.9699705040548, 0.0 ], [ 713112.545996146043763, 730234.26997051096987, 0.0 ], [ 713115.69699614495039, 730239.969970504986122, 0.0 ], [ 713118.808996143983677, 730244.750970507971942, 0.0 ], [ 713122.220996143994853, 730249.791970505029894, 0.0 ], [ 713127.869996143039316, 730257.073970503057353, 0.0 ], [ 713131.400996142998338, 730261.874970501055941, 0.0 ], [ 713137.248996141948737, 730268.937970501952805, 0.0 ], [ 713143.495996140991338, 730275.619970506057143, 0.0 ], [ 713151.88099613902159, 730284.664970507961698, 0.0 ], [ 713160.163996138027869, 730293.907970502972603, 0.0 ], [ 713172.702996134990826, 730304.896970505011268, 0.0 ], [ 713226.606996126007289, 730356.386970494990237, 0.0 ], [ 713259.507996120024472, 730387.885970499017276, 0.0 ], [ 713304.307996112969704, 730431.63097050099168, 0.0 ], [ 713277.006996116950177, 730445.794970500981435, 0.0 ], [ 713271.828996118041687, 730448.481970497057773, 0.0 ], [ 713269.225996118970215, 730449.360970493988134, 0.0 ], [ 713216.781996128964238, 730467.063970495015383, 0.0 ], [ 713186.769996133050881, 730476.613970499951392, 0.0 ], [ 713170.913996136048809, 730481.659970502951182, 0.0 ], [ 713141.107996140955947, 730486.820970503031276, 0.0 ], [ 713099.065996148041449, 730493.886970505001955, 0.0 ], [ 713081.906996152014472, 730496.760970507049933, 0.0 ], [ 713051.206996156950481, 730501.904970505042002, 0.0 ], [ 713016.142996164038777, 730507.958970510982908, 0.0 ], [ 712976.928996170056053, 730515.179970509023406, 0.0 ], [ 712949.710996174952015, 730520.191970502957702, 0.0 ], [ 712912.80599618004635, 730527.323970515979454, 0.0 ], [ 712898.331996183958836, 730530.283970508957282, 0.0 ], [ 712879.724996185977943, 730534.750970517052338, 0.0 ], [ 712869.262996188015677, 730537.264970512944274, 0.0 ], [ 712842.829996192944236, 730544.649970512022264, 0.0 ], [ 712811.43999619805254, 730553.785970518947579, 0.0 ], [ 712790.625996201997623, 730560.096970518003218, 0.0 ], [ 712756.574996207957156, 730570.568970520980656, 0.0 ], [ 712740.279996210010722, 730575.506970516056754, 0.0 ], [ 712726.255523419007659, 730579.789117521024309, 0.0 ], [ 712715.677996214944869, 730583.077970525948331, 0.0 ], [ 712692.040996219031513, 730591.046970515977591, 0.0 ], [ 712656.580996225005947, 730602.690970518044196, 0.0 ], [ 712633.635996229015291, 730609.972970518982038, 0.0 ], [ 712623.311996230971999, 730613.673970518051647, 0.0 ], [ 712606.795996234053746, 730619.326970526017249, 0.0 ], [ 712599.806996235041879, 730622.144970529945567, 0.0 ], [ 712595.250996234943159, 730624.205970525043085, 0.0 ], [ 712588.494996236055158, 730627.508970516035333, 0.0 ], [ 712570.699996239040047, 730636.478970529977232, 0.0 ], [ 712568.280996239976957, 730637.577970525948331, 0.0 ], [ 712548.460996243054979, 730648.031970530981198, 0.0 ], [ 712533.03999624599237, 730656.204970531049185, 0.0 ], [ 712502.524996250984259, 730673.314970524050295, 0.0 ], [ 712481.501996255014092, 730685.352970522944815, 0.0 ], [ 712456.994996258988976, 730699.462970521999523, 0.0 ], [ 712426.887996264034882, 730717.220970536000095, 0.0 ], [ 712372.905996273038909, 730748.661970534012653, 0.0 ], [ 712342.760996278026141, 730766.358970531029627, 0.0 ], [ 712329.771996279945597, 730773.811970541020855, 0.0 ], [ 712269.3569962909678, 730809.48297053296119, 0.0 ], [ 712247.662996293976903, 730821.884970544953831, 0.0 ], [ 712245.538996294955723, 730823.268970538047142, 0.0 ], [ 712238.147901350981556, 730827.018021874944679, 0.0 ], [ 712228.313996298005804, 730832.335970532963984, 0.0 ], [ 712220.489996297983453, 730836.86697054002434, 0.0 ], [ 712207.574996300972998, 730844.217970540048555, 0.0 ], [ 712185.579996305052191, 730857.061970539041795, 0.0 ], [ 712160.225996308960021, 730871.366970545961522, 0.0 ], [ 712143.68999631202314, 730882.029970544972457, 0.0 ], [ 712143.16399631195236, 730882.168970545986667, 0.0 ], [ 712136.430996312992647, 730883.950970542966388, 0.0 ], [ 712116.872996315942146, 730885.055970540037379, 0.0 ], [ 712090.555996321025304, 730887.282970544998534, 0.0 ], [ 712072.618996322969906, 730889.72797054995317, 0.0 ], [ 712056.779996325960383, 730891.590970547054894, 0.0 ], [ 712038.141996329999529, 730893.595970544032753, 0.0 ], [ 712019.82399633305613, 730894.979970550979488, 0.0 ], [ 712001.54599633498583, 730896.803970552049577, 0.0 ], [ 711982.807996339048259, 730898.028970542014576, 0.0 ], [ 711966.529996340977959, 730899.192970545962453, 0.0 ], [ 711952.291996343992651, 730900.335970542975701, 0.0 ], [ 711926.4299963490339, 730901.734970545046963, 0.0 ], [ 711884.757996354950592, 730903.987970554968342, 0.0 ], [ 711826.64499636401888, 730909.692970557953231, 0.0 ], [ 711812.03799636696931, 730911.179970556986518, 0.0 ], [ 711797.041996369021945, 730913.033970555057749, 0.0 ], [ 711751.233996376977302, 730917.179970551049337, 0.0 ], [ 711686.170996387954801, 730924.204970555962063, 0.0 ], [ 711665.096996390959248, 730926.064970563049428, 0.0 ], [ 711656.55899639299605, 730927.373970557004213, 0.0 ], [ 711637.723996395943686, 730928.452970559010282, 0.0 ], [ 711619.868996398989111, 730931.249970564967953, 0.0 ], [ 711578.500996405957267, 730936.011970564955845, 0.0 ], [ 711560.884996408945881, 730937.129970564041287, 0.0 ], [ 711549.147996410960332, 730938.180970564018935, 0.0 ], [ 711454.494996426044963, 730949.973970570950769, 0.0 ], [ 711438.179996427963488, 730951.030970560037531, 0.0 ], [ 711430.220996430027299, 730951.758970570983365, 0.0 ], [ 711278.882996454020031, 730948.832970581948757, 0.0 ], [ 711181.217996470048092, 730947.771970572997816, 0.0 ], [ 711130.085996477981098, 730947.242970576044172, 0.0 ], [ 711126.601996478973888, 730947.074970577959903, 0.0 ], [ 711113.419996481039561, 730946.43697057699319, 0.0 ], [ 711095.899996483, 730946.111970575992018, 0.0 ], [ 711087.579996485030279, 730945.408970584045164, 0.0 ], [ 711076.15899648796767, 730945.764970581047237, 0.0 ], [ 711072.726996488054283, 730945.740970578975976, 0.0 ], [ 711067.338996488950215, 730945.701970582013018, 0.0 ], [ 711062.617996489978395, 730946.100970573956147, 0.0 ], [ 711059.598996490007266, 730945.498970575979911, 0.0 ], [ 711056.129996491014026, 730943.845970580005087, 0.0 ], [ 711049.538996490999125, 730944.355970578966662, 0.0 ], [ 711026.677996495040134, 730944.547970582032576, 0.0 ], [ 711009.556996498024091, 730945.081970578990877, 0.0 ], [ 710982.695996501948684, 730944.133970580995083, 0.0 ], [ 710966.215996504994109, 730942.546970583964139, 0.0 ], [ 710958.475996506982483, 730940.304970585042611, 0.0 ], [ 710944.197996507980861, 730932.498970587970689, 0.0 ], [ 710933.781996509991586, 730923.614970584982075, 0.0 ], [ 710919.922996512032114, 730917.350970588042401, 0.0 ], [ 710915.90299651294481, 730915.888970580999739, 0.0 ], [ 710912.242996513028629, 730915.327970584039576, 0.0 ], [ 710908.382996513973922, 730915.366970582981594, 0.0 ], [ 710901.002996515948325, 730916.943970588035882, 0.0 ], [ 710895.861996516003273, 730918.482970590004697, 0.0 ], [ 710892.060996516956948, 730920.320970588014461, 0.0 ], [ 710884.537996517959982, 730926.058970583952032, 0.0 ], [ 710877.356996519025415, 730930.19697059399914, 0.0 ], [ 710868.794996520038694, 730935.953970595030114, 0.0 ], [ 710862.518996521015652, 730939.965970593038946, 0.0 ], [ 710853.495996522950009, 730944.124970588949509, 0.0 ], [ 710849.272996522951871, 730945.865970583050512, 0.0 ], [ 710841.369996524997987, 730948.825970588019118, 0.0 ], [ 710834.207996526034549, 730951.302970589953475, 0.0 ], [ 710825.066996527020819, 730953.179970595054328, 0.0 ], [ 710803.945996531052515, 730953.772970587946475, 0.0 ], [ 710794.805996531969868, 730953.30997058795765, 0.0 ], [ 710791.04699653305579, 730952.487970583955757, 0.0 ], [ 710788.824996534036472, 730955.127970597008243, 0.0 ], [ 710785.542996534029953, 730961.246970592997968, 0.0 ], [ 710781.740996535052545, 730966.645970589946955, 0.0 ], [ 710778.658996533951722, 730971.604970594053157, 0.0 ], [ 710776.1579965359997, 730976.143970584962517, 0.0 ], [ 710771.554996535996906, 730982.422970587969758, 0.0 ], [ 710766.752996537019499, 730989.160970589029603, 0.0 ], [ 710760.928996538044885, 730997.63797059294302, 0.0 ], [ 710754.106996539048851, 731004.937970587983727, 0.0 ], [ 710748.664996539009735, 731010.635970597038977, 0.0 ], [ 710742.723996540997177, 731016.254970586975105, 0.0 ], [ 710735.079996541957371, 731022.73197058797814, 0.0 ], [ 710726.717996543040499, 731028.768970598001033, 0.0 ], [ 710725.736996543011628, 731029.708970597945154, 0.0 ], [ 710723.716996542993002, 731031.067970589967445, 0.0 ], [ 710719.51699654397089, 731033.3269705879502, 0.0 ], [ 710713.074996544979513, 731037.024970593978651, 0.0 ], [ 710711.444996546022594, 731037.828970586997457, 0.0 ], [ 710706.008996546035632, 731039.242970598046668, 0.0 ], [ 710697.96699654799886, 731041.897970597958192, 0.0 ], [ 710675.32399655203335, 731048.546970591996796, 0.0 ], [ 710667.622996552963741, 731051.122970603057183, 0.0 ], [ 710647.479996555950493, 731057.032970597967505, 0.0 ], [ 710642.778996555949561, 731059.110970602952875, 0.0 ], [ 710638.978996557998471, 731060.048970595002174, 0.0 ], [ 710634.343996557989158, 731060.798970598960295, 0.0 ], [ 710621.561996559961699, 731063.834970594965853, 0.0 ], [ 710610.940996562014334, 731066.810970603954047, 0.0 ], [ 710607.41799656196963, 731073.569970592972822, 0.0 ], [ 710602.154996562050655, 731082.768970598001033, 0.0 ], [ 710594.189996563945897, 731096.065970593946986, 0.0 ], [ 710588.685996563988738, 731106.424970602034591, 0.0 ], [ 710583.983996566035785, 731112.983970606001094, 0.0 ], [ 710580.400996566051617, 731120.722970600007102, 0.0 ], [ 710577.899996567051858, 731124.221970596001484, 0.0 ], [ 710574.6789965670323, 731129.560970603954047, 0.0 ], [ 710572.13699656794779, 731132.679970602039248, 0.0 ], [ 710571.855996567057446, 731136.140970601001754, 0.0 ], [ 710568.495996569050476, 731137.138970603002235, 0.0 ], [ 710563.812996568973176, 731138.792970599024557, 0.0 ], [ 710561.460996569949202, 731138.90897060604766, 0.0 ], [ 710559.061996569973417, 731138.419970595976338, 0.0 ], [ 710552.394996571005322, 731135.433970598038286, 0.0 ], [ 710548.275996571057476, 731131.831970597966574, 0.0 ], [ 710540.998996573034674, 731126.029970595962368, 0.0 ], [ 710537.105996572994627, 731122.533970603020862, 0.0 ], [ 710530.181996574043296, 731117.481970604043454, 0.0 ], [ 710520.621996575966477, 731112.061970600043423, 0.0 ], [ 710518.741996575961821, 731111.680970598943532, 0.0 ], [ 710516.841996576054953, 731111.680970604997128, 0.0 ], [ 710514.881996577023529, 731112.599970606970601, 0.0 ], [ 710510.620996578014456, 731115.19897059397772, 0.0 ], [ 710505.23899657803122, 731119.156970600946806, 0.0 ], [ 710497.87799657904543, 731123.194970604032278, 0.0 ], [ 710491.61599657998886, 731127.192970604985021, 0.0 ], [ 710476.252996581955813, 731136.307970608002506, 0.0 ], [ 710471.871996583999135, 731139.086970602045767, 0.0 ], [ 710460.107996584963985, 731145.321970605989918, 0.0 ], [ 710456.967996585997753, 731146.821970599004999, 0.0 ], [ 710452.806996586965397, 731148.680970601039007, 0.0 ], [ 710445.48699658701662, 731151.357970607001334, 0.0 ], [ 710438.384996589040384, 731153.475970598054118, 0.0 ], [ 710425.903996590990573, 731156.310970598016866, 0.0 ], [ 710420.082996592042036, 731156.848970600985922, 0.0 ], [ 710412.542996593052521, 731158.28697060700506, 0.0 ], [ 710410.721996593056247, 731159.386970606050454, 0.0 ], [ 710408.321996593964286, 731161.845970600959845, 0.0 ], [ 710407.019996594055556, 731166.44497060298454, 0.0 ], [ 710403.516996594029479, 731174.72397060401272, 0.0 ], [ 710401.154996594996192, 731178.063970610965043, 0.0 ], [ 710398.534996595000848, 731180.502970597008243, 0.0 ], [ 710392.652996595948935, 731183.700970601988956, 0.0 ], [ 710388.630996596999466, 731189.059970604022965, 0.0 ], [ 710385.11099659698084, 731191.378970609977841, 0.0 ], [ 710381.488996598054655, 731195.717970603029244, 0.0 ], [ 710372.925996599020436, 731203.354970601969399, 0.0 ], [ 710370.223996598972008, 731207.253970609046519, 0.0 ], [ 710367.383996600052342, 731209.652970602037385, 0.0 ], [ 710362.42299660097342, 731212.47097061004024, 0.0 ], [ 710354.300996602047235, 731216.149970607017167, 0.0 ], [ 710346.598996603977866, 731219.966970604960807, 0.0 ], [ 710342.257996603962965, 731223.084970608004369, 0.0 ], [ 710337.296996603952721, 731224.883970611030236, 0.0 ], [ 710326.776378417969681, 731232.759441068978049, 0.0 ], [ 710309.581996608991176, 731245.844970606034622, 0.0 ], [ 710301.68499661097303, 731252.494970606057905, 0.0 ], [ 710295.550996611011215, 731259.462970610009506, 0.0 ], [ 710287.820996611961164, 731272.773970608017407, 0.0 ], [ 710286.363996612024494, 731275.735970605979674, 0.0 ], [ 710284.907996612950228, 731281.198970614001155, 0.0 ], [ 710284.209996612975374, 731282.999970615957864, 0.0 ], [ 710281.111996612977237, 731286.503970611956902, 0.0 ], [ 710277.515996614005417, 731291.027970604016446, 0.0 ], [ 710271.03999661502894, 731297.795970606035553, 0.0 ], [ 710255.053996616974473, 731315.956970612984151, 0.0 ], [ 710257.538996616960503, 731321.734970608027652, 0.0 ], [ 710259.645996617036872, 731327.554970605997369, 0.0 ], [ 710264.40099661599379, 731342.774970607948489, 0.0 ], [ 710265.808996616047807, 731349.654970605042763, 0.0 ], [ 710266.633996614953503, 731354.914970612036996, 0.0 ], [ 710265.482996616046876, 731365.67997060995549, 0.0 ], [ 710264.18299661600031, 731386.165970609989017, 0.0 ], [ 710263.084996616002172, 731388.70797061198391, 0.0 ], [ 710260.108996617025696, 731394.469970606965944, 0.0 ], [ 710252.997996618039906, 731405.220970615046099, 0.0 ], [ 710243.560996619053185, 731426.900970611022785, 0.0 ], [ 710242.771996618947014, 731428.821970616001636, 0.0 ], [ 710233.089996621012688, 731447.877970607951283, 0.0 ], [ 710239.821996620041318, 731457.572970608947799, 0.0 ], [ 710240.803996620001271, 731457.470970612950623, 0.0 ], [ 710242.922996619949117, 731457.249970610952005, 0.0 ], [ 710257.053996616974473, 731450.831970607978292, 0.0 ], [ 710258.663996616960503, 731450.127970607951283, 0.0 ], [ 710260.375996615970507, 731449.380970617989078, 0.0 ], [ 710261.000996617018245, 731449.107970613986254, 0.0 ], [ 710263.078996615950018, 731448.199970614048652, 0.0 ], [ 710263.280996617046185, 731448.040970613947138, 0.0 ], [ 710268.201996615040116, 731445.902970612980425, 0.0 ], [ 710272.505996615975164, 731443.94197060004808, 0.0 ], [ 710281.675996612990275, 731439.762970605050214, 0.0 ], [ 710287.27499661303591, 731437.47697060497012, 0.0 ], [ 710299.074996610987, 731434.443970607942902, 0.0 ], [ 710305.973996608983725, 731431.395970614044927, 0.0 ], [ 710317.255847236025147, 731426.900030132965185, 0.0 ], [ 710326.77799660700839, 731423.070970608969219, 0.0 ], [ 710334.017996605951339, 731422.235970605979674, 0.0 ], [ 710342.977996604051441, 731421.97797060594894, 0.0 ], [ 710348.698996603023261, 731421.220970607013442, 0.0 ], [ 710351.537996602943167, 731421.32197060296312, 0.0 ], [ 710358.698996601975523, 731420.665970604051836, 0.0 ], [ 710371.116996599012055, 731423.311970610055141, 0.0 ], [ 710397.87399659503717, 731426.899970607017167, 0.0 ], [ 710398.732996594975702, 731427.345970605965704, 0.0 ], [ 710404.516996594029479, 731428.015970604028553, 0.0 ], [ 710407.348996593966149, 731428.11897059995681, 0.0 ], [ 710410.397996593965217, 731428.44397060002666, 0.0 ], [ 710413.406996592995711, 731428.127970607951283, 0.0 ], [ 710416.631996592041105, 731427.551970605971292, 0.0 ], [ 710419.210328583023511, 731426.899392777006142, 0.0 ], [ 710425.456996590946801, 731425.318970603984781, 0.0 ], [ 710438.055996589013375, 731423.585970596992411, 0.0 ], [ 710440.667996588977985, 731423.546970603987575, 0.0 ], [ 710442.699996588984504, 731425.247970598982647, 0.0 ], [ 710444.349313943996094, 731426.899235625052825, 0.0 ], [ 710445.294996588025242, 731427.688970598974265, 0.0 ], [ 710446.583996588014998, 731429.650970602990128, 0.0 ], [ 710447.911996587994508, 731431.296970605966635, 0.0 ], [ 710448.595996586955152, 731432.093970597023144, 0.0 ], [ 710449.081996588036418, 731433.855970605043694, 0.0 ], [ 710445.340996587998234, 731437.531970598036423, 0.0 ], [ 710441.139996587997302, 731441.107970603043213, 0.0 ], [ 710432.196996590006165, 731449.376970606041141, 0.0 ], [ 710430.892996591050178, 731451.638970599044114, 0.0 ], [ 710430.591996590024792, 731452.698970607016236, 0.0 ], [ 710429.307996590039693, 731455.577970608021133, 0.0 ], [ 710426.230996591039002, 731467.097970603965223, 0.0 ], [ 710425.043996591004543, 731473.277970604016446, 0.0 ], [ 710422.285996590973809, 731485.639970603049733, 0.0 ], [ 710420.194996592006646, 731493.919970607035793, 0.0 ], [ 710415.566996593028307, 731514.218970600981265, 0.0 ], [ 710409.514996594050899, 731537.82197060494218, 0.0 ], [ 710404.809996593976393, 731553.533970603952184, 0.0 ], [ 710403.445996594033204, 731557.880970607046038, 0.0 ], [ 710400.81399659498129, 731566.700970610021614, 0.0 ], [ 710398.824996595969424, 731572.560970603954047, 0.0 ], [ 710397.297996595967561, 731578.180970601039007, 0.0 ], [ 710392.965996596962214, 731586.057970597990789, 0.0 ], [ 710387.297996597015299, 731595.111970609053969, 0.0 ], [ 710386.770996597013436, 731595.909970600041561, 0.0 ], [ 710382.941996598034166, 731601.570970603032038, 0.0 ], [ 710379.263996597961523, 731606.543970603961498, 0.0 ], [ 710372.41999660001602, 731615.441970604006201, 0.0 ], [ 710369.876996599021368, 731617.498970609041862, 0.0 ], [ 710351.222996602999046, 731637.193970607942902, 0.0 ], [ 710348.753996602958068, 731639.841970612993464, 0.0 ], [ 710338.338996605947614, 731650.298970605945215, 0.0 ], [ 710334.293996604974382, 731654.257970612961799, 0.0 ], [ 710332.211996605969034, 731656.294970607035793, 0.0 ], [ 710326.780338865006343, 731661.075054139946587, 0.0 ], [ 710325.952996607054956, 731662.437970609054901, 0.0 ], [ 710323.327996607054956, 731665.380970604950562, 0.0 ], [ 710311.314996608998626, 731677.960970608051866, 0.0 ], [ 710305.301996610010974, 731684.377970602945425, 0.0 ], [ 710303.595996610005386, 731686.202970603015274, 0.0 ], [ 710300.717996611027047, 731689.552970604039729, 0.0 ], [ 710296.255996612017043, 731697.488970604958013, 0.0 ], [ 710289.014996611978859, 731710.990970609942451, 0.0 ], [ 710277.267996613983996, 731733.801970615983009, 0.0 ], [ 710267.690996614983305, 731751.528970616054721, 0.0 ], [ 710258.407996617024764, 731767.50397061300464, 0.0 ], [ 710256.443996618036181, 731769.70197061705403, 0.0 ], [ 710250.270996619015932, 731771.195970617001876, 0.0 ], [ 710248.512996618985198, 731771.542970609967597, 0.0 ], [ 710247.315996619057842, 731771.911970612010919, 0.0 ], [ 710246.595996620017104, 731774.638970604981296, 0.0 ], [ 710243.660996619961224, 731783.484970608027652, 0.0 ], [ 710236.960996621055529, 731797.120970612973906, 0.0 ], [ 710230.173996621975675, 731807.116970609989949, 0.0 ], [ 710216.741996624041349, 731827.607970608049072, 0.0 ], [ 710213.680996624054387, 731832.972970608971082, 0.0 ], [ 710208.901996625005268, 731844.033970604999922, 0.0 ], [ 710198.872996627003886, 731868.300970606971532, 0.0 ], [ 710197.881996626965702, 731870.677970611024648, 0.0 ], [ 710190.487996628973633, 731888.332970611052588, 0.0 ], [ 710189.412996627972461, 731890.910970613011159, 0.0 ], [ 710185.573996628983878, 731900.034970603999682, 0.0 ], [ 710186.473996629007161, 731902.528970613959245, 0.0 ], [ 710188.136996628949419, 731904.025970604969189, 0.0 ], [ 710191.271996628027409, 731907.355970614007674, 0.0 ], [ 710196.880996627034619, 731921.416970608057454, 0.0 ], [ 710199.798996626981534, 731929.167970609036274, 0.0 ], [ 710201.208996625966392, 731932.91197060898412, 0.0 ], [ 710201.719996626023203, 731934.881970613962039, 0.0 ], [ 710202.726996627054177, 731938.762970610987395, 0.0 ], [ 710205.58299662603531, 731950.405970619991422, 0.0 ], [ 710207.699996624956839, 731963.729970613028854, 0.0 ], [ 710211.317996624973603, 731986.498970609973185, 0.0 ], [ 710216.386318432050757, 732026.770660748006776, 0.0 ], [ 710219.643996624043211, 732043.879970608046278, 0.0 ], [ 710227.24399662297219, 732083.534970610984601, 0.0 ], [ 710227.37099662295077, 732084.199970611953177, 0.0 ], [ 710226.897996622952633, 732087.847970610950142, 0.0 ], [ 710196.082996626966633, 732091.852970617008395, 0.0 ], [ 710194.574996627052315, 732092.048970611998811, 0.0 ], [ 710185.444996629026718, 732094.708970609004609, 0.0 ], [ 710177.959996629972011, 732097.787970609031618, 0.0 ], [ 710168.305996631970629, 732101.715970610035583, 0.0 ], [ 710165.266996631980874, 732103.454970606951974, 0.0 ], [ 710160.144996633054689, 732106.601970616960898, 0.0 ], [ 710156.272996634012088, 732109.138970609055832, 0.0 ], [ 710151.295996634988114, 732112.400970609975047, 0.0 ], [ 710143.481996634975076, 732117.824970619985834, 0.0 ], [ 710130.771996638039127, 732128.315970615018159, 0.0 ], [ 710126.219996638013981, 732132.175970613956451, 0.0 ], [ 710120.289996639010496, 732137.835970620042644, 0.0 ], [ 710107.928996640956029, 732150.602970615960658, 0.0 ], [ 710101.671996642020531, 732157.267970619956031, 0.0 ], [ 710097.588996642967686, 732161.882970612030476, 0.0 ], [ 710093.937996643013321, 732167.333970617968589, 0.0 ], [ 710089.160996643942781, 732175.479970621992834, 0.0 ], [ 710085.504996645031497, 732183.61097061203327, 0.0 ], [ 710082.780996644985862, 732191.130970617057756, 0.0 ], [ 710080.931996645056643, 732196.676970620057546, 0.0 ], [ 710059.355996649013832, 732167.041970612015575, 0.0 ], [ 710040.837996652000584, 732183.890970611013472, 0.0 ], [ 710033.611996653024107, 732190.088970619952306, 0.0 ], [ 710028.467996653052978, 732194.527970609953627, 0.0 ], [ 710021.723996654967777, 732200.264970612945035, 0.0 ], [ 710018.260996654978953, 732203.323970619007014, 0.0 ], [ 710010.674996656016447, 732209.820970620959997, 0.0 ], [ 710002.068996657966636, 732217.196970619028434, 0.0 ], [ 709997.104996658978052, 732221.51697061501909, 0.0 ], [ 709989.859996660030447, 732227.793970618979074, 0.0 ], [ 709982.973996661021374, 732233.83097061899025, 0.0 ], [ 709977.610996661009267, 732238.488970619044267, 0.0 ], [ 709971.225996662047692, 732244.046970622031949, 0.0 ], [ 709963.599996663047932, 732250.642970617976971, 0.0 ], [ 709953.812996665015817, 732258.900970619055443, 0.0 ], [ 709944.065996667020954, 732267.376970615005121, 0.0 ], [ 709936.059996668016538, 732274.314970629988238, 0.0 ], [ 709927.693996669026092, 732281.470970615977421, 0.0 ], [ 709925.112996669020504, 732283.615970617043786, 0.0 ], [ 709917.905996670946479, 732289.927970624994487, 0.0 ], [ 709907.537996671977453, 732298.703970622038469, 0.0 ], [ 709902.393996673054062, 732303.241970616974868, 0.0 ], [ 709897.091996673960239, 732307.818970615044236, 0.0 ], [ 709902.967996672959998, 732315.397970624035224, 0.0 ], [ 709903.206996673019603, 732315.705970622948371, 0.0 ], [ 709904.426996672991663, 732317.065970623050816, 0.0 ], [ 709905.946996671962552, 732318.90797062497586, 0.0 ], [ 709909.984996672021225, 732323.611970626050606, 0.0 ], [ 709913.642996671027504, 732327.514970622956753, 0.0 ], [ 709916.663996670977212, 732330.876970616052859, 0.0 ], [ 709917.481996670016088, 732331.657970629050396, 0.0 ], [ 709919.928996670991182, 732334.591970619978383, 0.0 ], [ 709922.519996669958346, 732337.381970621994697, 0.0 ], [ 709927.117996669956483, 732342.966970619978383, 0.0 ], [ 709934.094996668049134, 732350.931970617966726, 0.0 ], [ 709948.848996666027233, 732368.524970620987006, 0.0 ], [ 709954.623996665002778, 732375.524970624013804, 0.0 ], [ 709961.742996664019302, 732384.1549706220394, 0.0 ], [ 709958.05999666498974, 732387.394970619003288, 0.0 ], [ 709948.432996665942483, 732396.211970614036545, 0.0 ], [ 709937.824996668030508, 732405.727970618987456, 0.0 ], [ 709931.219996668049134, 732411.645970621961169, 0.0 ], [ 709927.416996669024229, 732415.003970614052378, 0.0 ], [ 709917.188996671000496, 732424.120970626943745, 0.0 ], [ 709907.880996671970934, 732432.676970622036606, 0.0 ], [ 709901.675996672944166, 732438.997970625991002, 0.0 ], [ 709891.390996675007045, 732434.511970618972555, 0.0 ], [ 709888.391996675054543, 732441.068970625055954, 0.0 ], [ 709876.917996676987968, 732466.3129706250038, 0.0 ], [ 709854.115996681037359, 732516.730970622971654, 0.0 ], [ 709853.156996681005694, 732521.68797062698286, 0.0 ], [ 709864.212996680056676, 732524.297970618004911, 0.0 ], [ 709863.315996679011732, 732527.835970618994907, 0.0 ], [ 709861.290996678988449, 732534.735970624955371, 0.0 ], [ 709859.728996680001728, 732540.055970626999624, 0.0 ], [ 709859.591996680013835, 732540.603970624972135, 0.0 ], [ 709857.282996680005454, 732549.850970625993796, 0.0 ], [ 709856.400996680022217, 732549.876970623037778, 0.0 ], [ 709851.559996681986377, 732549.733970621949993, 0.0 ], [ 709848.319996680947952, 732549.031970627955161, 0.0 ], [ 709841.579996683052741, 732547.467970620025881, 0.0 ], [ 709835.598996683955193, 732546.163970625028014, 0.0 ], [ 709831.697996685048565, 732545.280970619991422, 0.0 ], [ 709829.677996683982201, 732544.819970628013834, 0.0 ], [ 709829.14599668502342, 732544.653970625950024, 0.0 ], [ 709828.628996683983132, 732544.492970622028224, 0.0 ], [ 709827.457996685057878, 732544.2799706220394, 0.0 ], [ 709824.496996685047634, 732543.596970628015697, 0.0 ], [ 709820.876996685983613, 732542.714970623957925, 0.0 ], [ 709815.875996686983854, 732541.631970625021495, 0.0 ], [ 709810.694996688049287, 732540.4089706169907, 0.0 ], [ 709804.353996688034385, 732539.084970623021945, 0.0 ], [ 709795.572996690054424, 732537.078970631002448, 0.0 ], [ 709789.772996691055596, 732535.775970621034503, 0.0 ], [ 709784.892996691050939, 732534.651970630977303, 0.0 ], [ 709777.290996692026965, 732532.926970627042465, 0.0 ], [ 709770.050996694015339, 732531.322970625944436, 0.0 ], [ 709766.869996694033034, 732530.540970628033392, 0.0 ], [ 709763.729996694950387, 732529.898970633978024, 0.0 ], [ 709758.828996694996022, 732528.714970626984723, 0.0 ], [ 709753.287996695959009, 732527.271970630972646, 0.0 ], [ 709741.907996698049828, 732524.724970623967238, 0.0 ], [ 709731.365996700013056, 732522.277970627998002, 0.0 ], [ 709721.304996700957417, 732520.071970629971474, 0.0 ], [ 709707.262996703037061, 732516.922970631043427, 0.0 ], [ 709696.880996705032885, 732514.616970633040182, 0.0 ], [ 709688.380996705964208, 732512.73097062704619, 0.0 ], [ 709676.21999670797959, 732509.922970626037568, 0.0 ], [ 709663.696996710030362, 732507.075970632955432, 0.0 ], [ 709654.975996710942127, 732505.189970631035976, 0.0 ], [ 709646.855996711994521, 732503.24497063504532, 0.0 ], [ 709638.634996713954024, 732501.419970624963753, 0.0 ], [ 709624.99299671605695, 732498.310970627004281, 0.0 ], [ 709613.431996717001311, 732495.583970632986166, 0.0 ], [ 709598.369996719993651, 732492.173970630043186, 0.0 ], [ 709583.927996722050011, 732488.984970627003349, 0.0 ], [ 709571.186996723990887, 732485.976970631047152, 0.0 ], [ 709558.665996724972501, 732482.828970637987368, 0.0 ], [ 709551.763996726949699, 732481.3449706309475, 0.0 ], [ 709543.703996728989296, 732479.418970625032671, 0.0 ], [ 709535.462996728951111, 732477.493970636976883, 0.0 ], [ 709526.958996730973013, 732475.508970633964054, 0.0 ], [ 709443.61799674294889, 732455.15297063800972, 0.0 ], [ 709380.156996752950363, 732440.537970636039972, 0.0 ], [ 709336.287996759056114, 732430.643970635952428, 0.0 ], [ 709335.146996758994646, 732430.327970642014407, 0.0 ], [ 709334.4059967600042, 732430.087970645981841, 0.0 ], [ 709333.745996759971604, 732429.792970638023689, 0.0 ], [ 709333.104996760026552, 732429.313970635994337, 0.0 ], [ 709332.643996760016307, 732428.995970643009059, 0.0 ], [ 709332.041996759944595, 732428.576970636029728, 0.0 ], [ 709331.440996760036796, 732428.198970634955913, 0.0 ], [ 709331.039996759966016, 732427.839970640023239, 0.0 ], [ 709330.357996760052629, 732427.34197063697502, 0.0 ], [ 709329.955996760050766, 732426.622970642987639, 0.0 ], [ 709329.393996760016307, 732425.96397064300254, 0.0 ], [ 709328.773996760952286, 732425.486970643047243, 0.0 ], [ 709328.010996761033311, 732424.748970646993257, 0.0 ], [ 709327.049996761023067, 732424.331970634986646, 0.0 ], [ 709326.107996760983951, 732423.693970642983913, 0.0 ], [ 709325.286996760987677, 732423.416970634018071, 0.0 ], [ 709324.525996761047281, 732423.138970638043247, 0.0 ], [ 709323.835996760986745, 732423.016970635973848, 0.0 ], [ 709321.463996761944145, 732422.597970637027174, 0.0 ], [ 709317.962996762013063, 732421.97797064401675, 0.0 ], [ 709315.221996763022617, 732421.744970640051179, 0.0 ], [ 709313.20199676300399, 732421.590970644028857, 0.0 ], [ 709312.595996762975119, 732421.641970645054244, 0.0 ], [ 709311.501996763050556, 732421.735970636946149, 0.0 ], [ 709310.143996763043106, 732421.959970645024441, 0.0 ], [ 709308.563996764016338, 732422.264970637043007, 0.0 ], [ 709307.784996764035895, 732422.526970644015819, 0.0 ], [ 709307.085996764013544, 732422.908970643999055, 0.0 ], [ 709306.485996764036827, 732423.050970647949725, 0.0 ], [ 709305.82599676400423, 732423.212970640044659, 0.0 ], [ 709305.326996764051728, 732423.253970648976974, 0.0 ], [ 709304.427996763959527, 732423.376970640965737, 0.0 ], [ 709303.567996765021235, 732423.478970641968772, 0.0 ], [ 709303.067996765021235, 732423.580970644019544, 0.0 ], [ 709300.74699676502496, 732423.027970639057457, 0.0 ], [ 709297.741996765020303, 732422.267970646033064, 0.0 ], [ 709297.394996766000986, 732422.179970638011582, 0.0 ], [ 709259.21599677100312, 732412.527970646973699, 0.0 ], [ 709258.915996770956554, 732412.42897064902354, 0.0 ], [ 709255.793996772030368, 732411.817970645031892, 0.0 ], [ 709255.413996770977974, 732411.638970643049106, 0.0 ], [ 709255.032996771973558, 732411.579970640945248, 0.0 ], [ 709250.140996771981008, 732410.248970643966459, 0.0 ], [ 709249.868996771983802, 732410.174970649997704, 0.0 ], [ 709249.986996773048304, 732409.234970647026785, 0.0 ], [ 709248.68599677295424, 732406.529970646020956, 0.0 ], [ 709248.477996772970073, 732406.098970639985055, 0.0 ], [ 709247.557996773044579, 732406.201970641966909, 0.0 ], [ 709246.517996773007326, 732406.224970642011613, 0.0 ], [ 709245.897996773011982, 732406.246970643056557, 0.0 ], [ 709245.557996773044579, 732406.147970639984123, 0.0 ], [ 709244.976996773038991, 732406.048970639007166, 0.0 ], [ 709244.576996773015708, 732406.009970639948733, 0.0 ], [ 709243.917996773961931, 732405.871970645035617, 0.0 ], [ 709243.567996773985215, 732405.807970643043518, 0.0 ], [ 709243.276996772969142, 732405.753970636986196, 0.0 ], [ 709242.516996772959828, 732405.595970649970695, 0.0 ], [ 709241.775996773969382, 732405.47797064203769, 0.0 ], [ 709240.814996773959137, 732405.280970650026575, 0.0 ], [ 709240.633996773976833, 732404.862970646005124, 0.0 ], [ 709222.499996777041815, 732401.019970639958046, 0.0 ], [ 709219.161996777052991, 732400.40497064194642, 0.0 ], [ 709217.880996778025292, 732400.127970646019094, 0.0 ], [ 709216.940996777033433, 732400.310970644000918, 0.0 ], [ 709216.062996777007356, 732400.653970647952519, 0.0 ], [ 709215.323996776947752, 732401.035970650031231, 0.0 ], [ 709214.465996777988039, 732401.837970640975982, 0.0 ], [ 709214.046996777993627, 732402.338970649987459, 0.0 ], [ 709213.768996777944267, 732402.819970645941794, 0.0 ], [ 709213.465996777988039, 732403.162970645003952, 0.0 ], [ 709213.109996777959168, 732403.301970637985505, 0.0 ], [ 709211.730996778002009, 732403.205970652052201, 0.0 ], [ 709206.009996779030189, 732403.041970651014708, 0.0 ], [ 709200.58699678000994, 732401.99797063996084, 0.0 ], [ 709182.796996781951748, 732398.669970649993047, 0.0 ], [ 709169.809996785013936, 732396.347970650997013, 0.0 ], [ 709166.027996786055155, 732395.417970641050488, 0.0 ], [ 709126.478996791993268, 732385.370970644056797, 0.0 ], [ 709117.252996793016791, 732383.059970646048896, 0.0 ], [ 709104.303996794042177, 732380.277970653027296, 0.0 ], [ 709096.058996796025895, 732378.520970643032342, 0.0 ], [ 709064.51999679999426, 732371.592970644007437, 0.0 ], [ 709034.36099680501502, 732364.960970644955523, 0.0 ], [ 709033.14099680504296, 732364.703970647999085, 0.0 ], [ 708987.269996811985038, 732354.356970650027506, 0.0 ], [ 708927.331996820052154, 732340.929970655008219, 0.0 ], [ 708854.984996831044555, 732324.579970658989623, 0.0 ], [ 708796.808996840030886, 732311.468970663030632, 0.0 ], [ 708727.1296937239822, 732296.408889082958922, 0.0 ], [ 708720.920996851054952, 732294.737970659974962, 0.0 ], [ 708710.836996853002347, 732292.623970662942156, 0.0 ], [ 708702.013996853958815, 732290.688970656949095, 0.0 ], [ 708693.230996854952537, 732288.871970660984516, 0.0 ], [ 708683.546996855991893, 732286.717970664030872, 0.0 ], [ 708677.023996856994927, 732285.234970660996623, 0.0 ], [ 708667.620996859041043, 732283.260970660950989, 0.0 ], [ 708657.476996860001236, 732281.246970657957718, 0.0 ], [ 708640.810996862943284, 732277.431970659992658, 0.0 ], [ 708616.980996866011992, 732272.014970666030422, 0.0 ], [ 708596.411996869952418, 732267.207970657967962, 0.0 ], [ 708579.984996872022748, 732263.313970659975894, 0.0 ], [ 708573.561996873002499, 732261.811970661976375, 0.0 ], [ 708572.081996873952448, 732261.415970662957989, 0.0 ], [ 708569.40499687299598, 732261.039970661047846, 0.0 ], [ 708567.481996873044409, 732260.793970666942187, 0.0 ], [ 708565.4639968740521, 732260.573970663012005, 0.0 ], [ 708565.005996873951517, 732260.448970661964267, 0.0 ], [ 708559.994996874942444, 732259.596970663988031, 0.0 ], [ 708556.347996874945238, 732259.151970669045113, 0.0 ], [ 708554.262996876030229, 732258.899970666039735, 0.0 ], [ 708552.650996875949204, 732258.686970665003173, 0.0 ], [ 708549.358996876049787, 732258.215970659977756, 0.0 ], [ 708533.690996877965517, 732254.537970670033246, 0.0 ], [ 708532.610996879055165, 732254.440970662049949, 0.0 ], [ 708532.029996879049577, 732254.302970660966821, 0.0 ], [ 708531.628996878978796, 732254.023970662965439, 0.0 ], [ 708531.368996878969483, 732253.723970663966611, 0.0 ], [ 708530.927996878977865, 732253.285970660974272, 0.0 ], [ 708530.505996878957376, 732252.686970665003173, 0.0 ], [ 708530.02499687904492, 732252.027970668976195, 0.0 ], [ 708529.542996878968552, 732251.208970668027177, 0.0 ], [ 708529.120996878948063, 732250.607970666955225, 0.0 ], [ 708528.359996880055405, 732250.032970668980852, 0.0 ], [ 708527.277996878954582, 732249.375970670953393, 0.0 ], [ 708526.376996880047955, 732248.837970662047155, 0.0 ], [ 708526.454996878979728, 732248.017970666056499, 0.0 ], [ 708526.432996878982522, 732247.597970662056468, 0.0 ], [ 708526.171996879973449, 732247.058970661950298, 0.0 ], [ 708525.789996879990213, 732246.339970669010654, 0.0 ], [ 708525.329996880027466, 732245.741970664006658, 0.0 ], [ 708524.867996879969724, 732245.262970665004104, 0.0 ], [ 708520.145996880019084, 732244.135970670962706, 0.0 ], [ 708498.757996883941814, 732239.632970663020387, 0.0 ], [ 708496.737996884039603, 732239.237970666028559, 0.0 ], [ 708494.855996884056367, 732238.742970668012276, 0.0 ], [ 708494.295996884000488, 732238.683970669982955, 0.0 ], [ 708493.775996883981861, 732238.705970676033758, 0.0 ], [ 708493.35599688498769, 732238.766970667056739, 0.0 ], [ 708492.577996884007007, 732238.968970663961954, 0.0 ], [ 708492.018996883998625, 732239.169970670016482, 0.0 ], [ 708491.718996883952059, 732239.410970670054667, 0.0 ], [ 708491.3399968839949, 732239.751970665995032, 0.0 ], [ 708491.080996884964406, 732240.092970664030872, 0.0 ], [ 708490.761996884946711, 732240.453970661037602, 0.0 ], [ 708490.442996885045432, 732240.913970664027147, 0.0 ], [ 708490.064996883971617, 732241.474970669019967, 0.0 ], [ 708489.785996885038912, 732242.175970674026757, 0.0 ], [ 708489.392996883951128, 732242.139970668009482, 0.0 ], [ 708470.764996887999587, 732240.42597066401504, 0.0 ], [ 708469.385996888042428, 732240.309970668051392, 0.0 ], [ 708468.585996887995861, 732240.211970670032315, 0.0 ], [ 708453.59999689005781, 732236.931970673031174, 0.0 ], [ 708426.468996893963777, 732230.641970674041659, 0.0 ], [ 708396.754996899049729, 732223.503970665973611, 0.0 ], [ 708392.092996899038553, 732222.353970673051663, 0.0 ], [ 708388.350996900000609, 732221.426970668951981, 0.0 ], [ 708382.107996899983846, 732219.982970666955225, 0.0 ], [ 708378.786996901035309, 732219.211970663978718, 0.0 ], [ 708377.385996900964528, 732218.874970667995512, 0.0 ], [ 708365.281996904057451, 732215.967970669968054, 0.0 ], [ 708341.991996907046996, 732210.489970667986199, 0.0 ], [ 708327.044996908982284, 732206.96997067797929, 0.0 ], [ 708308.816996910958551, 732202.698970671044663, 0.0 ], [ 708307.976996910991147, 732202.540970665984787, 0.0 ], [ 708307.155996910994872, 732202.282970665954053, 0.0 ], [ 708306.595996911986731, 732202.22497066995129, 0.0 ], [ 708305.955996911972761, 732202.32597068103496, 0.0 ], [ 708305.275996912037954, 732202.327970667975023, 0.0 ], [ 708304.576996912015602, 732202.269970674999058, 0.0 ], [ 708303.836996912024915, 732202.211970673990436, 0.0 ], [ 708303.335996911977418, 732202.052970672957599, 0.0 ], [ 708302.65599691204261, 732201.814970677020028, 0.0 ], [ 708302.03499691199977, 732201.657970675034449, 0.0 ], [ 708301.373996912967414, 732201.218970670946874, 0.0 ], [ 708300.432996912044473, 732200.901970679056831, 0.0 ], [ 708299.192996912053786, 732200.444970670039766, 0.0 ], [ 708285.706996915047057, 732197.240970670012757, 0.0 ], [ 708283.285996914026327, 732196.707970672054216, 0.0 ], [ 708281.404996915021911, 732196.152970675961114, 0.0 ], [ 708280.023996914969757, 732195.775970670976676, 0.0 ], [ 708278.763996914960444, 732195.539970678044483, 0.0 ], [ 708277.603996915975586, 732195.482970671029761, 0.0 ], [ 708275.884996916051023, 732195.506970667978749, 0.0 ], [ 708273.064996917033568, 732195.494970671017654, 0.0 ], [ 708271.684996915981174, 732195.45797067694366, 0.0 ], [ 708270.864996916963719, 732195.419970677001402, 0.0 ], [ 708267.043996916967444, 732194.52997067803517, 0.0 ], [ 708265.042996917967685, 732194.095970676047727, 0.0 ], [ 708263.500996917951852, 732193.640970675041899, 0.0 ], [ 708260.419996917946264, 732192.888970670988783, 0.0 ], [ 708257.699996919021942, 732192.275970677030273, 0.0 ], [ 708252.136996919056401, 732190.789970680023544, 0.0 ], [ 708248.37499691999983, 732189.77997067803517, 0.0 ], [ 708247.11399691994302, 732189.444970680051483, 0.0 ], [ 708244.891996921040118, 732188.829970670980401, 0.0 ], [ 708232.206996922031976, 732185.843970680958591, 0.0 ], [ 708217.540996924042702, 732182.502970671048388, 0.0 ], [ 708202.754996926058084, 732179.042970675043762, 0.0 ], [ 708192.569996927981265, 732176.769970671040937, 0.0 ], [ 708187.408996928948909, 732175.583970680017956, 0.0 ], [ 708181.16899693000596, 732175.039970678975806, 0.0 ], [ 708180.929996929946356, 732175.740970678045414, 0.0 ], [ 708179.709996929974295, 732175.663970674970187, 0.0 ], [ 708179.648996929987334, 732175.283970669959672, 0.0 ], [ 708165.259996931999922, 732170.72297066997271, 0.0 ], [ 708142.930996934999712, 732165.821970680961385, 0.0 ], [ 708125.02499693701975, 732161.949970677029341, 0.0 ], [ 708109.83799694001209, 732158.490970680024475, 0.0 ], [ 708096.012996942037717, 732155.227970684994943, 0.0 ], [ 708092.298996943049133, 732149.618970673996955, 0.0 ], [ 708091.836996942991391, 732148.879970676964149, 0.0 ], [ 708088.998996943002567, 732153.661970679997467, 0.0 ], [ 708072.923996945028193, 732180.840970678953454, 0.0 ], [ 708071.56899694504682, 732189.82597068103496, 0.0 ], [ 708071.146996945026331, 732192.629970674985088, 0.0 ], [ 708070.919996946002357, 732194.10697068204172, 0.0 ], [ 708070.740996944950894, 732194.526970681967214, 0.0 ], [ 708070.442996944999322, 732195.226970677962527, 0.0 ], [ 708070.183996945968829, 732195.707970684044994, 0.0 ], [ 708069.513996946043335, 732196.599970681942068, 0.0 ], [ 708059.20899694703985, 732212.25397067994345, 0.0 ], [ 708047.756996948970482, 732229.48097068304196, 0.0 ], [ 708037.459996951045468, 732245.204970677033998, 0.0 ], [ 708027.063996952027082, 732260.788970674970187, 0.0 ], [ 708015.152996954042464, 732278.796970688039437, 0.0 ], [ 708014.496996953967027, 732279.937970684026368, 0.0 ], [ 708012.503996953950264, 732282.802970679011196, 0.0 ], [ 708010.253996953950264, 732286.287970687961206, 0.0 ], [ 707995.83399695600383, 732308.061970683047548, 0.0 ], [ 707983.78399695805274, 732326.070970679982565, 0.0 ], [ 707970.37899696000386, 732345.960970676969737, 0.0 ], [ 707951.556996962986887, 732374.424970687017776, 0.0 ], [ 707927.301996967056766, 732410.936970683047548, 0.0 ], [ 707897.151996970991604, 732456.096970682963729, 0.0 ], [ 707890.602996970992535, 732466.068970686988905, 0.0 ], [ 707883.895996971987188, 732476.012970688985661, 0.0 ], [ 707848.505996976979077, 732528.531970695010386, 0.0 ], [ 707796.313996984972619, 732607.142970690969378, 0.0 ], [ 707783.395996987004764, 732626.655970685998909, 0.0 ], [ 707773.644996988005005, 732640.667970682960004, 0.0 ], [ 707743.906996991951019, 732684.500970685970969, 0.0 ], [ 707735.119996994035318, 732697.346970687969588, 0.0 ], [ 707733.816996993962675, 732701.531970684998669, 0.0 ], [ 707730.001996994018555, 732706.940970693947747, 0.0 ], [ 707726.77699699497316, 732711.51497068698518, 0.0 ], [ 707723.80899699497968, 732715.728970690979622, 0.0 ], [ 707720.236996995052323, 732720.792970692040399, 0.0 ], [ 707716.949996995972469, 732724.02597069402691, 0.0 ], [ 707716.508996995980851, 732724.552970689954236, 0.0 ], [ 707715.776996996020898, 732725.42897069605533, 0.0 ], [ 707712.522996996995062, 732730.03897069604136, 0.0 ], [ 707712.444996995967813, 732730.148970698006451, 0.0 ], [ 707708.274996998021379, 732736.05797068902757, 0.0 ], [ 707706.848996998043731, 732738.077970691025257, 0.0 ], [ 707696.172996998997405, 732753.471970697049983, 0.0 ], [ 707685.158997001009993, 732769.226970692048781, 0.0 ], [ 707671.141997002996504, 732789.450970695004798, 0.0 ], [ 707658.037997005041689, 732807.632970688981004, 0.0 ], [ 707653.396997004980221, 732814.27797069598455, 0.0 ], [ 707640.282997007016093, 732833.008970689959824, 0.0 ], [ 707628.292997009004466, 732850.04697069094982, 0.0 ], [ 707626.045997009961866, 732853.073970686993562, 0.0 ], [ 707612.982997011044063, 732871.714970696019009, 0.0 ], [ 707606.262997013051063, 732881.335970688960515, 0.0 ], [ 707601.05499701295048, 732888.992970690014772, 0.0 ], [ 707595.093997013987973, 732898.451970697031356, 0.0 ], [ 707588.37899701402057, 732909.191970693995245, 0.0 ], [ 707580.133997016004287, 732922.855970693985, 0.0 ], [ 707571.117997016990557, 732938.443970695952885, 0.0 ], [ 707561.68799701903481, 732955.412970702978782, 0.0 ], [ 707555.115997020038776, 732967.371970691950992, 0.0 ], [ 707544.632997020962648, 732986.223970695049502, 0.0 ], [ 707539.648997021955438, 732994.997970693046227, 0.0 ], [ 707534.552997022052296, 733006.032970695057884, 0.0 ], [ 707533.082997023011558, 733009.09397069294937, 0.0 ], [ 707530.130997022963129, 733015.245970692951232, 0.0 ], [ 707527.970997023978271, 733020.031970691983588, 0.0 ], [ 707521.027997025055811, 733034.411970695946366, 0.0 ], [ 707516.685997023945674, 733043.783970701973885, 0.0 ], [ 707516.122997025027871, 733044.940970693016425, 0.0 ], [ 707515.398997024982236, 733047.226970699965023, 0.0 ], [ 707515.014997025020421, 733048.592970700003207, 0.0 ], [ 707509.028997026034631, 733069.82097069604788, 0.0 ], [ 707508.624997026054189, 733071.602970690000802, 0.0 ], [ 707507.278997026034631, 733074.800970698008314, 0.0 ], [ 707504.228997027035803, 733082.556970703997649, 0.0 ], [ 707500.580997026991099, 733087.604970694053918, 0.0 ], [ 707493.544997027958743, 733098.166970695951022, 0.0 ], [ 707486.560997029999271, 733117.184970694943331, 0.0 ], [ 707475.980997030972503, 733147.310970694990829, 0.0 ], [ 707471.985997032024898, 733158.500970699009486, 0.0 ], [ 707461.518997031962499, 733192.185970701044425, 0.0 ], [ 707453.446997034014203, 733219.663970694993623, 0.0 ], [ 707451.79299703403376, 733225.167970699956641, 0.0 ], [ 707451.458997035049833, 733226.526970700011589, 0.0 ], [ 707450.402997034019791, 733231.156970693962649, 0.0 ], [ 707443.007997035980225, 733259.647970699006692, 0.0 ], [ 707439.287997036008164, 733274.74297070002649, 0.0 ], [ 707436.560997036052868, 733287.459970704978332, 0.0 ], [ 707433.786997035960667, 733300.515970699954778, 0.0 ], [ 707431.164997037034482, 733313.936970704002306, 0.0 ], [ 707428.945997036993504, 733325.405970704974607, 0.0 ], [ 707426.947997038019821, 733335.099970698007382, 0.0 ], [ 707425.952997038024478, 733340.156970700947568, 0.0 ], [ 707425.159997037961148, 733345.158970698947087, 0.0 ], [ 707423.385997037985362, 733355.598970697959885, 0.0 ], [ 707421.165997038013302, 733368.866970704053529, 0.0 ], [ 707419.90099703904707, 733377.117970703053288, 0.0 ], [ 707418.561997039010748, 733386.969970694975927, 0.0 ], [ 707418.174997039022855, 733389.75797070201952, 0.0 ], [ 707417.069997039972804, 733399.791970702004619, 0.0 ], [ 707415.470997038995847, 733414.794970707036555, 0.0 ], [ 707413.250997039955109, 733440.522970702964813, 0.0 ], [ 707412.452997040003538, 733451.984970705001615, 0.0 ], [ 707411.501997040002607, 733467.520970697049052, 0.0 ], [ 707411.187997039989568, 733475.273970699054189, 0.0 ], [ 707410.450997040024959, 733498.215970703982748, 0.0 ], [ 707410.422997039975598, 733512.733970695990138, 0.0 ], [ 707410.578997040051036, 733525.336970702977851, 0.0 ], [ 707410.585997040034272, 733533.015970699023455, 0.0 ], [ 707410.620997039950453, 733541.215970703051426, 0.0 ], [ 707410.80699704005383, 733549.796970698982477, 0.0 ], [ 707410.861997039988637, 733555.359970696968958, 0.0 ], [ 707411.055997040006332, 733562.704970696009696, 0.0 ], [ 707411.030997039983049, 733565.583970700041391, 0.0 ], [ 707411.256997040007263, 733574.16797069797758, 0.0 ], [ 707411.707997040008195, 733588.776970698963851, 0.0 ], [ 707412.195997040020302, 733601.706970702973194, 0.0 ], [ 707412.65199704002589, 733615.195970693952404, 0.0 ], [ 707413.109997040010057, 733634.864970701979473, 0.0 ], [ 707413.777997039956972, 733650.378970706020482, 0.0 ], [ 707414.125997039955109, 733655.36697070102673, 0.0 ], [ 707414.910997039987706, 733672.88297069305554, 0.0 ], [ 707415.996997038950212, 733687.706970704952255, 0.0 ], [ 707416.820997040020302, 733699.943970700027421, 0.0 ], [ 707417.486997039057314, 733709.437970701954328, 0.0 ], [ 707418.011997038964182, 733718.049970699008554, 0.0 ], [ 707418.676997039001435, 733727.623970704036765, 0.0 ], [ 707419.337997038965113, 733738.217970700003207, 0.0 ], [ 707420.220997038995847, 733754.015970695996657, 0.0 ], [ 707421.628997039049864, 733773.186970702954568, 0.0 ], [ 707422.788997038966045, 733790.931970695964992, 0.0 ], [ 707424.299997037975118, 733806.734970703953877, 0.0 ], [ 707438.920997036038898, 733809.227970698964782, 0.0 ], [ 707450.50199703394901, 733808.698970702011138, 0.0 ], [ 707461.210997033980675, 733806.370970695046708, 0.0 ], [ 707461.379997033043765, 733806.290970704052597, 0.0 ], [ 707491.931997028994374, 733791.605970703996718, 0.0 ], [ 707494.931997027946636, 733789.708970695966855, 0.0 ], [ 707496.491997028002515, 733788.508970692986622, 0.0 ], [ 707498.651997028035112, 733785.410970694036223, 0.0 ], [ 707501.353997027967125, 733781.472970696981065, 0.0 ], [ 707502.214997026952915, 733779.792970694950782, 0.0 ], [ 707503.595997027005069, 733774.293970694998279, 0.0 ], [ 707504.551997027010657, 733772.083970695966855, 0.0 ], [ 707505.197997026960365, 733769.754970696056262, 0.0 ], [ 707506.995997025980614, 733767.095970700960606, 0.0 ], [ 707507.937997026951052, 733765.496970696025528, 0.0 ], [ 707509.0199970259564, 733764.529970693984069, 0.0 ], [ 707509.838997025974095, 733763.797970702056773, 0.0 ], [ 707511.20199702703394, 733762.994970701052807, 0.0 ], [ 707517.37699702498503, 733758.125970702036284, 0.0 ], [ 707527.706997024011798, 733752.728970692958683, 0.0 ], [ 707528.15799702401273, 733752.492970693972893, 0.0 ], [ 707533.671997023047879, 733750.536970691056922, 0.0 ], [ 707543.993997020996176, 733757.103970697033219, 0.0 ], [ 707544.685997021035291, 733754.649970700033009, 0.0 ], [ 707565.503997019026428, 733756.777970697032288, 0.0 ], [ 707601.4279970129719, 733760.65097069600597, 0.0 ], [ 707628.06699701002799, 733739.637970698997378, 0.0 ], [ 707635.970997008960694, 733728.872970700031146, 0.0 ], [ 707643.127997008035891, 733720.831970689003356, 0.0 ], [ 707647.10299700696487, 733726.34097070095595, 0.0 ], [ 707647.937997007044032, 733727.54797068994958, 0.0 ], [ 707649.217997006955557, 733729.396970693022013, 0.0 ], [ 707651.565997006953694, 733732.953970686998218, 0.0 ], [ 707654.058997006039135, 733736.731970692053437, 0.0 ], [ 707654.348997005959973, 733737.226970689953305, 0.0 ], [ 707656.385997005039826, 733740.709970697993413, 0.0 ], [ 707656.770997005980462, 733741.129970693029463, 0.0 ], [ 707658.349997004959732, 733742.860970688983798, 0.0 ], [ 707658.903997006011195, 733743.467970691039227, 0.0 ], [ 707660.170997004956007, 733744.450970695004798, 0.0 ], [ 707661.247997005004436, 733745.284970697015524, 0.0 ], [ 707663.81999700400047, 733747.194970694021322, 0.0 ], [ 707665.302997004007921, 733748.296970695955679, 0.0 ], [ 707668.688997003948316, 733751.073970686993562, 0.0 ], [ 707669.216997003997676, 733751.506970696966164, 0.0 ], [ 707672.58399700303562, 733752.99297070002649, 0.0 ], [ 707674.224997002980672, 733753.320970688015223, 0.0 ], [ 707676.754997003008612, 733753.825970696052536, 0.0 ], [ 707678.198997001978569, 733753.88997069594916, 0.0 ], [ 707681.15199700195808, 733754.017970695043914, 0.0 ], [ 707682.245997001999058, 733754.134970691055059, 0.0 ], [ 707685.88699700194411, 733754.516970691038296, 0.0 ], [ 707686.751997001003474, 733754.46497069101315, 0.0 ], [ 707691.557997000985779, 733754.174970687949099, 0.0 ], [ 707697.539997000014409, 733754.808970695012249, 0.0 ], [ 707697.777997000026517, 733754.886970689054579, 0.0 ], [ 707698.22799699997995, 733755.032970690052025, 0.0 ], [ 707702.444996998994611, 733756.407970685977489, 0.0 ], [ 707703.9919969990151, 733757.540970699046738, 0.0 ], [ 707705.785996997961774, 733758.81297069194261, 0.0 ], [ 707708.796996998018585, 733762.295970698003657, 0.0 ], [ 707712.203996998025104, 733766.301970685948618, 0.0 ], [ 707718.18199699698016, 733773.845970693044364, 0.0 ], [ 707718.224996995995753, 733774.989970696973614, 0.0 ], [ 707718.330996996955946, 733777.784970693988726, 0.0 ], [ 707721.85199699702207, 733779.992970698047429, 0.0 ], [ 707723.408996996004134, 733780.391970691969618, 0.0 ], [ 707731.256996994954534, 733782.419970693998039, 0.0 ], [ 707737.19599699403625, 733783.952970689977519, 0.0 ], [ 707739.831996993976645, 733784.144970688037574, 0.0 ], [ 707742.374996992992237, 733783.833970690029673, 0.0 ], [ 707748.696996993036009, 733780.783970694057643, 0.0 ], [ 707749.718996993033215, 733780.451970692025498, 0.0 ], [ 707751.529996991972439, 733780.797970696003176, 0.0 ], [ 707752.553996991948225, 733780.993970687035471, 0.0 ], [ 707755.085996991954744, 733781.913970689056441, 0.0 ], [ 707757.691996991052292, 733783.634970691986382, 0.0 ], [ 707758.781996991019696, 733785.07497068902012, 0.0 ], [ 707759.077996990992688, 733785.463970683980733, 0.0 ], [ 707761.538996991002932, 733790.081970685976557, 0.0 ], [ 707762.145996990962885, 733791.472970686038025, 0.0 ], [ 707763.895996990031563, 733795.478970692958683, 0.0 ], [ 707765.25999699102249, 733798.226970685995184, 0.0 ], [ 707768.6189969900297, 733804.992970688967034, 0.0 ], [ 707769.500996990012936, 733806.935970686026849, 0.0 ], [ 707770.504996989038773, 733809.145970697049052, 0.0 ], [ 707772.776996989035979, 733812.70297069195658, 0.0 ], [ 707774.750996988965198, 733814.903970689978451, 0.0 ], [ 707775.431996988947503, 733815.662970692967065, 0.0 ], [ 707778.211996988975443, 733818.203970690956339, 0.0 ], [ 707781.540996987954713, 733821.809970687958412, 0.0 ], [ 707785.82299698702991, 733826.394970691995695, 0.0 ], [ 707789.226996987010352, 733830.381970684044063, 0.0 ], [ 707790.21299698704388, 733831.536970688961446, 0.0 ], [ 707792.845996986958198, 733833.658970688004047, 0.0 ], [ 707795.318996986025013, 733835.318970688967966, 0.0 ], [ 707800.113996985019185, 733838.534970685024746, 0.0 ], [ 707803.63799698499497, 733840.141970683005638, 0.0 ], [ 707808.074996983981691, 733842.165970687987283, 0.0 ], [ 707812.473996983957477, 733843.252970688976347, 0.0 ], [ 707816.126996982959099, 733844.155970682040788, 0.0 ], [ 707821.194996981997974, 733844.818970683030784, 0.0 ], [ 707825.173996982048266, 733845.339970684028231, 0.0 ], [ 707830.653996980981901, 733846.004970688023604, 0.0 ], [ 707832.236996980034746, 733846.195970688946545, 0.0 ], [ 707838.801996979978867, 733850.215970686054789, 0.0 ], [ 707840.43799697898794, 733851.470970691996627, 0.0 ], [ 707841.694996978971176, 733852.522970688994974, 0.0 ], [ 707841.867996979039162, 733852.569970692973584, 0.0 ], [ 707844.40799697896, 733854.520970682962798, 0.0 ], [ 707845.862996979034506, 733855.965970688033849, 0.0 ], [ 707847.867996977991425, 733857.958970687002875, 0.0 ], [ 707848.211996978963725, 733858.976970684947446, 0.0 ], [ 707849.028996977955103, 733861.390970685984939, 0.0 ], [ 707849.223996978951618, 733862.116970687056892, 0.0 ], [ 707850.850996977998875, 733868.159970688051544, 0.0 ], [ 707852.484996977960691, 733872.537970680976287, 0.0 ], [ 707854.306996978004463, 733877.416970681981184, 0.0 ], [ 707856.006996977957897, 733881.336970692034811, 0.0 ], [ 707857.998996976995841, 733885.932970692054369, 0.0 ], [ 707858.703996976953931, 733887.98197068204172, 0.0 ], [ 707861.256996977026574, 733895.411970691988245, 0.0 ], [ 707861.604996975976974, 733896.796970693976618, 0.0 ], [ 707862.16899697703775, 733899.042970685055479, 0.0 ], [ 707863.789996976032853, 733903.188970690011047, 0.0 ], [ 707864.744996975990944, 733906.438970686052926, 0.0 ], [ 707867.02999697602354, 733913.980970690958202, 0.0 ], [ 707867.680996975977905, 733916.305970689980313, 0.0 ], [ 707867.714996975963004, 733917.311970690032467, 0.0 ], [ 707866.509996976004913, 733924.020970684941858, 0.0 ], [ 707865.756996975978836, 733928.658970686956309, 0.0 ], [ 707865.549996976042166, 733930.019970681983978, 0.0 ], [ 707864.760996976052411, 733935.204970680992119, 0.0 ], [ 707865.117996976012364, 733941.142970688990317, 0.0 ], [ 707865.535996975959279, 733945.539970687008463, 0.0 ], [ 707865.665996975963935, 733947.363970690988936, 0.0 ], [ 707866.970996976015158, 733947.270970687968656, 0.0 ], [ 707867.980996976024471, 733953.829970685997978, 0.0 ], [ 707868.43499697605148, 733957.499970681034029, 0.0 ], [ 707870.237996976007707, 733964.45197068399284, 0.0 ], [ 707869.900996975018643, 733964.800970691023394, 0.0 ], [ 707870.892996974987909, 733968.417970694019459, 0.0 ], [ 707871.021996975992806, 733971.161970683955587, 0.0 ], [ 707873.902996974997222, 733981.062970689963549, 0.0 ], [ 707876.882996974978596, 733990.923970686970279, 0.0 ], [ 707885.490996973006986, 733988.204970692051575, 0.0 ], [ 707888.119996972964145, 733987.37597068795003, 0.0 ], [ 707897.281996972043999, 733984.578970686998218, 0.0 ], [ 707911.783996970043518, 733978.970970680005848, 0.0 ], [ 707918.212996968999505, 733976.650970682036132, 0.0 ], [ 707927.315996967023239, 733973.674970690044574, 0.0 ], [ 707934.83299696596805, 733971.217970686033368, 0.0 ], [ 708001.978996956953779, 733949.300970679963939, 0.0 ], [ 708023.861996953957714, 733940.994970681029372, 0.0 ], [ 708056.793996948050335, 733928.143970682052895, 0.0 ], [ 708084.617996945045888, 733914.590970674995333, 0.0 ], [ 708129.40399693895597, 733903.145970682962798, 0.0 ], [ 708140.958996935980394, 733901.055970679968596, 0.0 ], [ 708203.839996927999891, 733885.786970673012547, 0.0 ], [ 708212.396996926050633, 733885.649970683036372, 0.0 ], [ 708239.499996921978891, 733880.863970677019097, 0.0 ], [ 708263.414996918989345, 733877.033970672055148, 0.0 ], [ 708290.331996915047057, 733869.968970671994612, 0.0 ], [ 708344.538996907998808, 733858.698970669996925, 0.0 ], [ 708430.2429968949873, 733847.3919706690358, 0.0 ], [ 708455.353996890946291, 733845.087970672990195, 0.0 ], [ 708484.77399688703008, 733841.874970671953633, 0.0 ], [ 708495.391996884951368, 733839.93597067205701, 0.0 ], [ 708499.380996885010973, 733839.010970673058182, 0.0 ], [ 708502.522996883955784, 733837.474970669019967, 0.0 ], [ 708506.801996883004904, 733837.466970672947355, 0.0 ], [ 708509.2789968829602, 733847.837970669032075, 0.0 ], [ 708513.561996881966479, 733860.527970663039014, 0.0 ], [ 708521.625996881979518, 733860.936970665003173, 0.0 ], [ 708536.355996879050508, 733861.990970666054636, 0.0 ], [ 708538.000996880000457, 733865.931970671983436, 0.0 ], [ 708566.95199687499553, 734001.569970663054846, 0.0 ], [ 708570.920996875036508, 734022.777970670023933, 0.0 ], [ 708595.237996871001087, 734131.536970659974031, 0.0 ], [ 708598.824996870011091, 734130.455970661947504, 0.0 ], [ 708606.673996869008988, 734125.947970667039044, 0.0 ], [ 708621.233996866969392, 734117.344970662030391, 0.0 ], [ 708627.089996865950525, 734115.177970670978539, 0.0 ], [ 708632.039996864972636, 734114.381970659946091, 0.0 ], [ 708652.814996861969121, 734112.168970662052743, 0.0 ], [ 708669.519996859948151, 734109.358970660017803, 0.0 ], [ 708685.787996858009137, 734106.775970663991757, 0.0 ], [ 708714.971996853942983, 734103.78597066598013, 0.0 ], [ 708727.144996850984171, 734102.957970662973821, 0.0 ], [ 708730.108996851020493, 734102.755970658967271, 0.0 ], [ 708734.434996849973686, 734102.523970655049197, 0.0 ], [ 708741.526996850036085, 734102.060970655991696, 0.0 ], [ 708753.801996847963892, 734101.48697066004388, 0.0 ], [ 708757.908996846992522, 734101.209970653988421, 0.0 ], [ 708762.248996846028604, 734101.237970664049499, 0.0 ], [ 708766.541996845975518, 734101.505970660015009, 0.0 ], [ 708769.724996846052818, 734100.604970655986108, 0.0 ], [ 708774.85099684400484, 734098.752970658009872, 0.0 ], [ 708779.374996843980625, 734096.985970658017322, 0.0 ], [ 708781.868996844044887, 734096.467970662051812, 0.0 ], [ 708784.357996843056753, 734096.909970661043189, 0.0 ], [ 708790.787996841943823, 734097.330970654031262, 0.0 ], [ 708796.344996841042303, 734097.449970660032704, 0.0 ], [ 708799.570996840950102, 734096.429970663040876, 0.0 ], [ 708802.87099683994893, 734095.591970662004314, 0.0 ], [ 708811.982996838982217, 734092.759970664046705, 0.0 ], [ 708814.988996839034371, 734091.734970654011704, 0.0 ], [ 708818.541996837942861, 734091.222970654955134, 0.0 ], [ 708825.273996836971492, 734090.730970654985867, 0.0 ], [ 708828.819996836013161, 734090.499970659962855, 0.0 ], [ 708831.704996836022474, 734089.49197066295892, 0.0 ], [ 708836.112996835028753, 734086.801970661035739, 0.0 ], [ 708845.042996834032238, 734081.58497065899428, 0.0 ], [ 708851.733996832976118, 734077.991970655974001, 0.0 ], [ 708854.880996832973324, 734076.909970658016391, 0.0 ], [ 708856.789996832958423, 734076.497970656026155, 0.0 ], [ 708859.874996831989847, 734076.35397065395955, 0.0 ], [ 708863.360996830975637, 734076.100970654981211, 0.0 ], [ 708868.685996829997748, 734076.694970663054846, 0.0 ], [ 708877.063996828976087, 734077.603970658965409, 0.0 ], [ 708880.214996829046868, 734077.942970660049468, 0.0 ], [ 708882.337996828951873, 734077.075970652978867, 0.0 ], [ 708889.94699682702776, 734073.505970653961413, 0.0 ], [ 708892.631996826967224, 734072.531970661948435, 0.0 ], [ 708905.824996824958362, 734071.200970652978867, 0.0 ], [ 708909.495996825047769, 734070.77297065698076, 0.0 ], [ 708913.995996824000031, 734069.964970657951199, 0.0 ], [ 708917.658996823010966, 734069.055970657034777, 0.0 ], [ 708922.6089968229644, 734067.880970656056888, 0.0 ], [ 708926.187996821943671, 734066.309970651986077, 0.0 ], [ 708936.863996819942258, 734062.475970651954412, 0.0 ], [ 708946.46699681901373, 734059.174970655003563, 0.0 ], [ 708949.334996819030493, 734058.046970658004284, 0.0 ], [ 708956.648996817995794, 734055.128970650024712, 0.0 ], [ 708959.134996816981584, 734054.090970656950958, 0.0 ], [ 708963.29399681603536, 734052.535970647004433, 0.0 ], [ 708970.868996815057471, 734049.543970657046884, 0.0 ], [ 708978.484996814047918, 734046.513970650965348, 0.0 ], [ 708986.220996813033707, 734043.446970648947172, 0.0 ], [ 708994.195996811962686, 734040.505970653961413, 0.0 ], [ 709003.976996809942648, 734036.42997065000236, 0.0 ], [ 709008.966996809002012, 734034.552970653050579, 0.0 ], [ 709015.324996809009463, 734101.89697065402288, 0.0 ], [ 709019.552996807964519, 734145.632970649981871, 0.0 ], [ 709024.763996807043441, 734199.535970648983493, 0.0 ], [ 709027.644996806979179, 734199.508970653056167, 0.0 ], [ 709034.060996806016192, 734198.870970653020777, 0.0 ], [ 709051.998996804002672, 734197.403970650979318, 0.0 ], [ 709055.22099680302199, 734197.324970652000047, 0.0 ], [ 709058.216996802017093, 734197.480970651027746, 0.0 ], [ 709070.788996799965389, 734197.837970654945821, 0.0 ], [ 709079.809996798983775, 734198.585970652988181, 0.0 ], [ 709095.032996797002852, 734200.029970644973218, 0.0 ], [ 709106.980996794998646, 734202.931970644043759, 0.0 ], [ 709115.608996793976985, 734204.989970647031441, 0.0 ], [ 709121.311996793025173, 734206.452970642945729, 0.0 ], [ 709133.276996791013516, 734209.435970649006777, 0.0 ], [ 709135.345996791031212, 734211.467970647965558, 0.0 ], [ 709136.494996789959259, 734214.315970647032373, 0.0 ], [ 709137.583996791043319, 734217.104970642947592, 0.0 ], [ 709138.282996790949255, 734220.301970653003082, 0.0 ], [ 709138.3689967909595, 734223.224970654002391, 0.0 ], [ 709141.140996790025383, 734253.694970650947653, 0.0 ], [ 709141.74299678998068, 734261.852970647974871, 0.0 ], [ 709142.287996790022589, 734269.244970645057037, 0.0 ], [ 709145.715996789047495, 734308.531970654032193, 0.0 ], [ 709148.030996788991615, 734342.011970645980909, 0.0 ], [ 709150.329996788990684, 734372.189970645005815, 0.0 ], [ 709152.83799678797368, 734405.973970646969974, 0.0 ], [ 709154.551016474026255, 734426.256298806983978, 0.0 ], [ 709158.950996787054464, 734499.601970653049648, 0.0 ], [ 709164.937996787019074, 734560.634970644023269, 0.0 ], [ 709166.611996785970405, 734578.094970647012815, 0.0 ], [ 709167.140996786998585, 734584.037970650009811, 0.0 ], [ 709168.879996786010452, 734603.260970651055686, 0.0 ], [ 709170.481996785965748, 734619.651970652979799, 0.0 ], [ 709170.920996785978787, 734624.460970649961382, 0.0 ], [ 709171.012996786041185, 734625.577970640966669, 0.0 ], [ 709171.526996786007658, 734629.986970650963485, 0.0 ], [ 709172.397996786050498, 734633.546970642055385, 0.0 ], [ 709176.536996784969233, 734652.875970651046373, 0.0 ], [ 709178.068996784975752, 734660.191970653948374, 0.0 ], [ 709179.604996785055846, 734666.692970650037751, 0.0 ], [ 709180.789996783947572, 734675.129970644949935, 0.0 ], [ 709181.238996783969924, 734678.600970647996292, 0.0 ], [ 709181.518996785045601, 734684.616970648057759, 0.0 ], [ 709182.502996784052812, 734705.982970647979528, 0.0 ], [ 709183.087996784946881, 734717.969970640959218, 0.0 ], [ 709183.448996784049086, 734724.243970643961802, 0.0 ], [ 709183.690996784018353, 734730.398970650043339, 0.0 ], [ 709183.975996784050949, 734734.717970650992356, 0.0 ], [ 709184.282996783964336, 734739.851970646996051, 0.0 ], [ 709185.017996783950366, 734754.881970642018132, 0.0 ], [ 709185.447996784001589, 734762.489970647031441, 0.0 ], [ 709185.954996783053502, 734769.739970649010502, 0.0 ], [ 709186.108996783965267, 734771.415970650035888, 0.0 ], [ 709186.035996783990413, 734772.797970645944588, 0.0 ], [ 709186.2759967839811, 734775.793970645056106, 0.0 ], [ 709186.222996782977134, 734779.175970652955584, 0.0 ], [ 709186.664996783947572, 734782.266970649012364, 0.0 ], [ 709186.962996782967821, 734785.180970647023059, 0.0 ], [ 709187.344996783998795, 734788.294970643008128, 0.0 ], [ 709187.623996783979237, 734791.248970645945519, 0.0 ], [ 709187.941996783949435, 734794.16297064803075, 0.0 ], [ 709188.25999678298831, 734797.076970644993708, 0.0 ], [ 709188.662996783968993, 734800.20897065103054, 0.0 ], [ 709189.083996783010662, 734803.280970650026575, 0.0 ], [ 709189.223996783955954, 734806.298970650997944, 0.0 ], [ 709189.544996783952229, 734809.412970653967932, 0.0 ], [ 709189.802996783982962, 734812.307970643974841, 0.0 ], [ 709190.064996783039533, 734815.403970645042136, 0.0 ], [ 709190.224996782955714, 734818.420970645966008, 0.0 ], [ 709190.483996783033945, 734821.395970645942725, 0.0 ], [ 709191.017996783019044, 734825.08597064204514, 0.0 ], [ 709191.360996783012524, 734828.258970643975772, 0.0 ], [ 709191.761996782966889, 734831.331970648956485, 0.0 ], [ 709192.142996783019044, 734834.3649706520373, 0.0 ], [ 709192.280996783054434, 734837.301970651024021, 0.0 ], [ 709191.960996782989241, 734840.308970642043278, 0.0 ], [ 709192.225996783003211, 734843.564970653969795, 0.0 ], [ 709192.684996783034876, 734846.514970651944168, 0.0 ], [ 709193.028996782959439, 734849.708970649982803, 0.0 ], [ 709193.627996781957336, 734852.657970648957416, 0.0 ], [ 709193.907996783033013, 734855.711970646982081, 0.0 ], [ 709194.426996781956404, 734858.621970647014678, 0.0 ], [ 709194.829996782005765, 734861.794970651972108, 0.0 ], [ 709195.185996782965958, 734864.627970644971356, 0.0 ], [ 709195.706996783032082, 734867.657970644999295, 0.0 ], [ 709196.326996781979688, 734870.665970650967211, 0.0 ], [ 709196.39699678204488, 734874.204970648046583, 0.0 ], [ 709196.217996782972477, 734877.248970641987398, 0.0 ], [ 709196.081996783032082, 734880.452970643993467, 0.0 ], [ 709195.859996782033704, 734883.396970652975142, 0.0 ], [ 709195.840996782993898, 734886.436970649054274, 0.0 ], [ 709196.263996782014146, 734889.609970645047724, 0.0 ], [ 709197.122996781952679, 734892.572970648994669, 0.0 ], [ 709198.059996783034876, 734895.473970646969974, 0.0 ], [ 709199.237996781943366, 734898.371970645035617, 0.0 ], [ 709200.139996781013906, 734901.275970643968321, 0.0 ], [ 709200.993996780947782, 734904.156970644951798, 0.0 ], [ 709201.686996781034395, 734906.530970641993918, 0.0 ], [ 709201.852996782050468, 734907.100970646948554, 0.0 ], [ 709202.789996781037189, 734909.921970644034445, 0.0 ], [ 709208.458996779983863, 734908.388970642001368, 0.0 ], [ 709214.368996778968722, 734906.811970644048415, 0.0 ], [ 709220.357996777980588, 734905.231970652006567, 0.0 ], [ 709225.964996778056957, 734903.479970650980249, 0.0 ], [ 709231.744996777037159, 734901.484970643999986, 0.0 ], [ 709240.367996776010841, 734898.611970650032163, 0.0 ], [ 709248.847996774944477, 734895.482970644021407, 0.0 ], [ 709254.721996773034334, 734893.145970643032342, 0.0 ], [ 709262.975996771943755, 734889.800970645970665, 0.0 ], [ 709268.81299677095376, 734887.60497064597439, 0.0 ], [ 709274.166996771004051, 734885.217970645055175, 0.0 ], [ 709279.69799677003175, 734882.747970641008578, 0.0 ], [ 709285.126996768987738, 734880.118970648967661, 0.0 ], [ 709290.393996768048964, 734877.473970644990914, 0.0 ], [ 709298.314996766974218, 734873.394970644963905, 0.0 ], [ 709306.431996766012162, 734869.212970642955042, 0.0 ], [ 709317.117996764951386, 734863.377970639965497, 0.0 ], [ 709330.249996762024239, 734855.856970643042587, 0.0 ], [ 709343.701996759977192, 734848.388970645028166, 0.0 ], [ 709352.383996758959256, 734843.374970637029037, 0.0 ], [ 709360.431996757979505, 734838.733970636036247, 0.0 ], [ 709368.487996755982749, 734834.452970648999326, 0.0 ], [ 709376.624996755039319, 734830.189970639999956, 0.0 ], [ 709387.429996754042804, 734824.374970640987158, 0.0 ], [ 709389.960996752954088, 734822.903970637009479, 0.0 ], [ 709392.591996753006242, 734822.45197063696105, 0.0 ], [ 709394.719996753032319, 734823.809970636968501, 0.0 ], [ 709397.529996752040461, 734825.312970645958558, 0.0 ], [ 709397.724996751989238, 734827.069970645010471, 0.0 ], [ 709398.468996752053499, 734827.098970639053732, 0.0 ], [ 709399.065996752004139, 734827.122970644035377, 0.0 ], [ 709400.928996752016246, 734827.285970638040453, 0.0 ], [ 709402.560996750951745, 734827.833970636944287, 0.0 ], [ 709404.986996751045808, 734829.184970643022098, 0.0 ], [ 709408.375996749964543, 734831.578970637987368, 0.0 ], [ 709409.112996750045568, 734833.423970644013025, 0.0 ], [ 709410.790996750001796, 734838.350970632978715, 0.0 ], [ 709411.672996749985032, 734840.453970644040965, 0.0 ], [ 709413.055996750015765, 734842.585970635991544, 0.0 ], [ 709415.983996749040671, 734847.988970638951287, 0.0 ], [ 709418.89299674902577, 734853.4319706390379, 0.0 ], [ 709421.053996748989448, 734857.528970633982681, 0.0 ], [ 709423.545996748027392, 734862.119970637955703, 0.0 ], [ 709426.312996746972203, 734867.516970647964627, 0.0 ], [ 709427.703996747964993, 734870.17097063397523, 0.0 ], [ 709428.146996747003868, 734871.835970640997402, 0.0 ], [ 709428.511996746994555, 734873.219970640959218, 0.0 ], [ 709429.399996747029945, 734878.10897063894663, 0.0 ], [ 709429.828996747964993, 734880.733970634988509, 0.0 ], [ 709430.018996746977791, 734881.895970636047423, 0.0 ], [ 709430.703996747033671, 734886.962970635970123, 0.0 ], [ 709430.959996746969409, 734889.264970637043007, 0.0 ], [ 709431.101996746961959, 734890.866970636998303, 0.0 ], [ 709430.908996746991761, 734893.943970632972196, 0.0 ], [ 709430.719996746978723, 734896.742970641003922, 0.0 ], [ 709430.545996746979654, 734899.959970640949905, 0.0 ], [ 709430.311996747972444, 734903.13697063899599, 0.0 ], [ 709430.244996747002006, 734903.736970643047243, 0.0 ], [ 709430.402996747056022, 734905.818970637046732, 0.0 ], [ 709430.866996746975929, 734909.24297064403072, 0.0 ], [ 709431.225996747030877, 734911.185970637947321, 0.0 ], [ 709431.576996747055091, 734913.165970643050969, 0.0 ], [ 709432.088996747042984, 734916.442970635951497, 0.0 ], [ 709432.275996746961027, 734918.281970637966879, 0.0 ], [ 709432.996996746049263, 734920.735970644047484, 0.0 ], [ 709433.997996745980345, 734924.934970636968501, 0.0 ], [ 709435.026996745960787, 734927.866970645962283, 0.0 ], [ 709436.415996746043675, 734930.760970641043968, 0.0 ], [ 709437.724996746052057, 734933.593970638001338, 0.0 ], [ 709439.013996746041812, 734936.52897063898854, 0.0 ], [ 709440.327996746054851, 734938.941970636020415, 0.0 ], [ 709442.098996746004559, 734941.561970639973879, 0.0 ], [ 709443.992996745044366, 734944.020970636978745, 0.0 ], [ 709446.027996744029224, 734946.463970639044419, 0.0 ], [ 709448.003996744984761, 734948.5639706349466, 0.0 ], [ 709450.438996743992902, 734950.930970640969463, 0.0 ], [ 709452.837996743968688, 734952.855970634962432, 0.0 ], [ 709455.278996743028983, 734954.721970640006475, 0.0 ], [ 709457.596996742999181, 734956.68597063596826, 0.0 ], [ 709459.370996742974967, 734959.145970633951947, 0.0 ], [ 709461.223996742046438, 734961.704970643040724, 0.0 ], [ 709463.075996742001735, 734964.244970630970784, 0.0 ], [ 709464.207996741984971, 734966.896970633999445, 0.0 ], [ 709464.154996742028743, 734969.915970633970574, 0.0 ], [ 709464.141996741993353, 734973.035970631986856, 0.0 ], [ 709464.107996742008254, 734976.194970643031411, 0.0 ], [ 709464.055996741983108, 734979.233970634057187, 0.0 ], [ 709463.763996741967276, 734982.210970634012483, 0.0 ], [ 709463.323996742023155, 734986.693970637046732, 0.0 ], [ 709467.619996740948409, 734986.231970641994849, 0.0 ], [ 709479.83699673996307, 734982.823970637051389, 0.0 ], [ 709491.007996737957001, 734979.82297064200975, 0.0 ], [ 709498.870996737037785, 734977.627970631001517, 0.0 ], [ 709504.888996736030094, 734975.911970637971535, 0.0 ], [ 709526.98154510196764, 734971.940051832003519, 0.0 ], [ 709537.231996731017716, 734970.991970640025102, 0.0 ], [ 709548.586996729020029, 734969.976970640942454, 0.0 ], [ 709556.783996728016064, 734968.747970642056316, 0.0 ], [ 709561.952996726962738, 734968.024970641010441, 0.0 ], [ 709577.640996724949218, 734967.878970633959398, 0.0 ], [ 709583.018996724043973, 734968.138970633037388, 0.0 ], [ 709587.253996722982265, 734968.746970633044839, 0.0 ], [ 709590.950996721978299, 734969.147970629972406, 0.0 ], [ 709597.33699672203511, 734970.55797063105274, 0.0 ], [ 709608.309996720054187, 734973.34297063795384, 0.0 ], [ 709614.361996719031595, 734974.209970638039522, 0.0 ], [ 709617.73299671895802, 734975.106970638036728, 0.0 ], [ 709627.265996717032976, 734977.854970628046431, 0.0 ], [ 709644.400996714946814, 734982.426970634958707, 0.0 ], [ 709663.009996711974964, 734987.714970631990582, 0.0 ], [ 709681.440996709046885, 734992.62197063700296, 0.0 ], [ 709689.694996707956307, 734995.154970629955642, 0.0 ], [ 709689.147996708052233, 734997.508970626047812, 0.0 ], [ 709688.867996708024293, 735006.548970630974509, 0.0 ], [ 709689.364996707998216, 735010.43497063301038, 0.0 ], [ 709690.054996707011014, 735014.904970637056977, 0.0 ], [ 709691.047996707959101, 735019.196970627992414, 0.0 ], [ 709693.153996707056649, 735026.122970629949123, 0.0 ], [ 709693.651996706961654, 735027.565970630035736, 0.0 ], [ 709694.682996707037091, 735029.481970628956333, 0.0 ], [ 709699.67499670595862, 735036.855970624950714, 0.0 ], [ 709702.539996705949306, 735040.539970627985895, 0.0 ], [ 709705.570996704977006, 735043.884970634011552, 0.0 ], [ 709707.897996705025434, 735046.098970629042014, 0.0 ], [ 709709.422996705048718, 735047.141970639000647, 0.0 ], [ 709709.930996704963036, 735049.500970627996139, 0.0 ], [ 709711.647996703977697, 735056.994970627012663, 0.0 ], [ 709712.023996704025194, 735058.567970631993376, 0.0 ], [ 709712.331996703986079, 735059.85597063403111, 0.0 ], [ 709712.804996703984216, 735061.832970637013204, 0.0 ], [ 709713.749996704980731, 735063.635970626957715, 0.0 ], [ 709716.43599670403637, 735068.252970632980578, 0.0 ], [ 709720.182996702962555, 735074.404970627976581, 0.0 ], [ 709721.801996703026816, 735077.052970626973547, 0.0 ], [ 709724.291996703017503, 735080.384970629005693, 0.0 ], [ 709749.913996699033305, 735104.665970625006594, 0.0 ], [ 709764.260996695957147, 735117.779970624018461, 0.0 ], [ 709762.960996696958318, 735119.100970629020594, 0.0 ], [ 709761.378996697021648, 735120.637970627984032, 0.0 ], [ 709755.066996698034927, 735126.784970631008036, 0.0 ], [ 709739.337996699963696, 735142.191970629035495, 0.0 ], [ 709729.812996702035889, 735151.89197063096799, 0.0 ], [ 709726.868996702018194, 735154.80897063203156, 0.0 ], [ 709724.209996702964418, 735157.489970633992925, 0.0 ], [ 709703.485996705945581, 735179.26497063098941, 0.0 ], [ 709699.783996706013568, 735183.349970633047633, 0.0 ], [ 709674.555996709968895, 735209.437970635015517, 0.0 ], [ 709658.33899671304971, 735226.69997063500341, 0.0 ], [ 709650.236996714025736, 735234.839970631990582, 0.0 ], [ 709610.708996720029972, 735274.336970631033182, 0.0 ], [ 709566.831996727036312, 735321.150970633025281, 0.0 ], [ 709527.25699673302006, 735361.833970636012964, 0.0 ], [ 709526.984797250013798, 735362.113175575970672, 0.0 ], [ 709492.534996737958863, 735397.504970640991814, 0.0 ], [ 709456.365996744018048, 735434.957970635965466, 0.0 ], [ 709431.925996748032048, 735460.471970636048354, 0.0 ], [ 709430.687996746972203, 735461.644970632973127, 0.0 ], [ 709425.827996748033911, 735466.250970636960119, 0.0 ], [ 709425.809996747993864, 735466.267970636021346, 0.0 ], [ 709421.152996749035083, 735470.680970640969463, 0.0 ], [ 709419.703996749012731, 735472.053970640990883, 0.0 ], [ 709417.258996749995276, 735474.711970639997162, 0.0 ], [ 709411.490996751002967, 735480.982970639946871, 0.0 ], [ 709412.056996750994585, 735482.76197063701693, 0.0 ], [ 709414.461996749974787, 735489.252970644971356, 0.0 ], [ 709421.676996749010868, 735509.063970639952458, 0.0 ], [ 709438.165996746043675, 735556.534970639040694, 0.0 ], [ 709446.577996745007113, 735580.690970638999715, 0.0 ], [ 709447.032996744965203, 735581.713970639044419, 0.0 ], [ 709454.420996743952855, 735602.984970633988269, 0.0 ], [ 709462.023139268043451, 735625.99437674798537, 0.0 ], [ 709481.759996740031056, 735682.232970635057427, 0.0 ], [ 709505.454996736021712, 735750.827970640035346, 0.0 ], [ 709511.796996735967696, 735769.341970631037839, 0.0 ], [ 709526.988869535038248, 735813.233603136963211, 0.0 ], [ 709552.034996728994884, 735886.351970638032071, 0.0 ], [ 709576.446996725979261, 735958.619970630970784, 0.0 ], [ 709590.025996724027209, 735998.019970632973127, 0.0 ], [ 709591.868996722972952, 736003.733970636036247, 0.0 ], [ 709595.024996723048389, 736012.724970642011613, 0.0 ], [ 709597.030996722052805, 736018.958970627048984, 0.0 ], [ 709652.645996714010835, 736181.533970637945458, 0.0 ], [ 709667.489039559965022, 736225.863092344952747, 0.0 ], [ 709671.678996711969376, 736237.76497063098941, 0.0 ], [ 709686.331996708991937, 736281.222970630042255, 0.0 ], [ 709703.008996707038023, 736329.811970636015758, 0.0 ], [ 709703.211996707017533, 736330.4029706310248, 0.0 ], [ 709708.236996704945341, 736345.009970637969673, 0.0 ], [ 709715.026996704982594, 736365.120970627991483, 0.0 ], [ 709715.786996704991907, 736367.430970625951886, 0.0 ], [ 709716.398996704956517, 736369.289970627985895, 0.0 ], [ 709725.338996703037992, 736396.444970631040633, 0.0 ], [ 709728.083996703033336, 736404.783970625023358, 0.0 ], [ 709729.535996702965349, 736407.558970627025701, 0.0 ], [ 709731.133996702032164, 736411.491970628965646, 0.0 ], [ 709731.72299670195207, 736413.36997063504532, 0.0 ], [ 709739.402996700955555, 736435.93697062600404, 0.0 ], [ 709779.625996695016511, 736552.785970628960058, 0.0 ], [ 709823.400996688986197, 736682.080970630981028, 0.0 ], [ 709830.251996687962674, 736702.250970629043877, 0.0 ], [ 709834.667996686999686, 736714.932970623951405, 0.0 ], [ 709836.899996686028317, 736722.062970633036457, 0.0 ], [ 709842.576996686053462, 736739.158970621996559, 0.0 ], [ 709845.857996684964746, 736748.504970623995177, 0.0 ], [ 709848.773996685049497, 736757.457970625022426, 0.0 ], [ 709851.168996684020385, 736764.442970625008456, 0.0 ], [ 709853.853996683959849, 736765.190970628056675, 0.0 ], [ 709862.982996682985686, 736767.189970631967299, 0.0 ], [ 709866.912996681989171, 736766.693970625055954, 0.0 ], [ 709870.122996681951918, 736766.418970627943054, 0.0 ], [ 709871.498996680951677, 736766.23197062604595, 0.0 ], [ 709898.259996677050367, 736775.273970628972165, 0.0 ], [ 709983.657996664056554, 736796.160970621975139, 0.0 ], [ 710021.42199665796943, 736805.24997062201146, 0.0 ], [ 710071.43899665097706, 736817.528970613959245, 0.0 ], [ 710106.51699664501939, 736825.729970621992834, 0.0 ], [ 710145.008996639051475, 736835.172970616957173, 0.0 ], [ 710161.2249966369709, 736839.143970621051267, 0.0 ], [ 710165.875996635993943, 736840.311970612965524, 0.0 ], [ 710273.723996618995443, 736866.89697060897015, 0.0 ], [ 710323.135996610973962, 736878.915970613015816, 0.0 ], [ 710326.826996610034257, 736879.840970612014644, 0.0 ], [ 710327.622996611054987, 736880.048970620031469, 0.0 ], [ 710342.118996607954614, 736883.564970614039339, 0.0 ], [ 710394.206996600027196, 736896.195970606990159, 0.0 ], [ 710404.98499659798108, 736898.808970610960387, 0.0 ], [ 710414.109996597049758, 736901.078970607020892, 0.0 ], [ 710422.743996595032513, 736903.229970611981116, 0.0 ], [ 710425.477996594971046, 736903.909970603999682, 0.0 ], [ 710441.961996593046933, 736908.012970600975677, 0.0 ], [ 710462.580996589036658, 736913.145970606943592, 0.0 ], [ 710476.391996587044559, 736916.58297060301993, 0.0 ], [ 710479.022996586980298, 736917.237970598042011, 0.0 ], [ 710488.928996586007997, 736919.702970606042072, 0.0 ], [ 710503.219996582949534, 736923.259970605024137, 0.0 ], [ 710544.291996576008387, 736933.483970599947497, 0.0 ], [ 710545.8019965760177, 736933.853970609023236, 0.0 ], [ 710547.68999657605309, 736934.316970605053939, 0.0 ], [ 710641.963996561011299, 736957.148970603942871, 0.0 ], [ 710660.537996559054591, 736961.584970592986792, 0.0 ], [ 710666.742996557033621, 736960.378970601013862, 0.0 ], [ 710677.244996555964462, 736958.442970592994243, 0.0 ], [ 710698.360996552044526, 736954.787970597040839, 0.0 ], [ 710734.364996546995826, 736947.862970595015213, 0.0 ], [ 710752.346996544045396, 736944.373970597051084, 0.0 ], [ 710776.102996540023014, 736940.107970593031496, 0.0 ], [ 710796.922996536944993, 736936.171970588969998, 0.0 ], [ 710841.042996529955417, 736928.294970588991418, 0.0 ], [ 710843.166996528976597, 736927.915970594040118, 0.0 ], [ 710850.161996528040618, 736926.666970596997999, 0.0 ], [ 710852.657996527967043, 736926.220970593974926, 0.0 ], [ 710854.264996528043412, 736925.942970591015182, 0.0 ], [ 710856.618996527045965, 736925.494970586034469, 0.0 ], [ 710858.576996527030133, 736925.124970593955368, 0.0 ], [ 710868.23999652499333, 736923.306970590958372, 0.0 ], [ 710871.344996524043381, 736922.721970594022423, 0.0 ], [ 710875.03399652405642, 736922.036970585002564, 0.0 ], [ 710876.494996523950249, 736921.736970589961857, 0.0 ], [ 710878.5019965240499, 736921.198970588040538, 0.0 ], [ 710879.140996522968635, 736920.77697059395723, 0.0 ], [ 710893.686996520962566, 736934.638970589032397, 0.0 ], [ 710903.237996518961154, 736944.080970591981895, 0.0 ], [ 710911.182996517978609, 736951.268970591016114, 0.0 ], [ 710914.716996517963707, 736955.395970587967895, 0.0 ], [ 710922.850996515946463, 736965.662970585050061, 0.0 ], [ 710933.263996514957398, 736980.979970586020499, 0.0 ], [ 710938.813996513956226, 736989.616970591014251, 0.0 ], [ 710942.636996512999758, 736996.040970587055199, 0.0 ], [ 710948.061996513046324, 737003.318970583961345, 0.0 ], [ 710956.368996510980651, 737011.485970588983037, 0.0 ], [ 710967.681996508967131, 737021.560970588005148, 0.0 ], [ 710974.361996507970616, 737027.294970587943681, 0.0 ], [ 710980.936996506992728, 737032.288970589987002, 0.0 ], [ 710984.788996506948024, 737035.674970585969277, 0.0 ], [ 710988.862996506039053, 737039.677970589953475, 0.0 ], [ 710993.680996504961513, 737045.218970587942749, 0.0 ], [ 711006.365996503038332, 737063.945970586966723, 0.0 ], [ 711007.733996503055096, 737066.160970586002804, 0.0 ], [ 711003.825996503001079, 737069.073970588040538, 0.0 ], [ 711002.616996504017152, 737072.117970585008152, 0.0 ], [ 711005.790996502968483, 737087.100970588042401, 0.0 ], [ 711006.842996502993628, 737090.496970584033988, 0.0 ], [ 711007.425996502977796, 737102.429970585973933, 0.0 ], [ 711006.739996502990834, 737105.891970588010736, 0.0 ], [ 711006.340996503015049, 737111.750970592023805, 0.0 ], [ 711006.693996503017843, 737115.188970590010285, 0.0 ], [ 711006.661996503011324, 737122.866970591945574, 0.0 ], [ 711006.366996502969414, 737129.705970590002835, 0.0 ], [ 711005.400996502954513, 737138.985970588983037, 0.0 ], [ 711002.147996503976174, 737151.846970589016564, 0.0 ], [ 710998.345996503951028, 737166.882970588980243, 0.0 ], [ 710994.840996504994109, 737181.671970595023595, 0.0 ], [ 710993.505996505031362, 737187.74797059094999, 0.0 ], [ 710988.782996505964547, 737209.244970591971651, 0.0 ], [ 710985.109996506944299, 737224.71097058604937, 0.0 ], [ 710952.110996511997655, 737360.931970588047989, 0.0 ], [ 710945.376996512990445, 737389.327970589976758, 0.0 ], [ 710938.924996515037492, 737412.90397059195675, 0.0 ], [ 710938.431996515020728, 737415.680970594054088, 0.0 ], [ 710936.671950813033618, 737425.594158275052905, 0.0 ], [ 710933.775996514945291, 737437.486970589030534, 0.0 ], [ 710930.970996515941806, 737454.338970592943951, 0.0 ], [ 710920.359996516956016, 737458.008970592054538, 0.0 ], [ 710915.692996517987922, 737459.005970587953925, 0.0 ], [ 710907.536996518960223, 737460.54197059199214, 0.0 ], [ 710869.940996526041999, 737466.482970586046576, 0.0 ], [ 710855.416996528045274, 737469.006970586953685, 0.0 ], [ 710852.50799652794376, 737469.733970587025397, 0.0 ], [ 710852.444996527978219, 737472.856970596010797, 0.0 ], [ 710854.815996526973322, 737478.565970598952845, 0.0 ], [ 710861.296996527002193, 737495.810970593942329, 0.0 ], [ 710870.564996524946764, 737518.342970593017526, 0.0 ], [ 710886.617996523040347, 737555.559970582951792, 0.0 ], [ 710890.735996522009373, 737564.174970594001934, 0.0 ], [ 710892.556996522005647, 737570.71097059501335, 0.0 ], [ 710894.791996521991678, 737587.00697058904916, 0.0 ], [ 710895.276996521977708, 737594.378970587044023, 0.0 ], [ 710895.310996521031484, 737608.979970596032217, 0.0 ], [ 710894.512996520963497, 737620.769970588968135, 0.0 ], [ 710892.677996522048488, 737636.169970597024076, 0.0 ], [ 710891.899996521999128, 737644.4819705899572, 0.0 ], [ 710891.373996522044763, 737650.890970594948158, 0.0 ], [ 710891.05599652195815, 737654.773970596957952, 0.0 ], [ 710890.557996522053145, 737658.038970591966063, 0.0 ], [ 710887.604996521957219, 737683.470970593043603, 0.0 ], [ 710885.966996522969566, 737702.911970588960685, 0.0 ], [ 710885.408996523008682, 737706.632970592007041, 0.0 ], [ 710887.922996522975154, 737707.38297058804892, 0.0 ], [ 710889.422996522043832, 737707.80597059102729, 0.0 ], [ 710902.439996520057321, 737709.415970596950501, 0.0 ], [ 710919.152996517950669, 737710.414970593992621, 0.0 ], [ 710929.315996516030282, 737711.306970595032908, 0.0 ], [ 710934.847996514989063, 737711.443970593973063, 0.0 ], [ 710941.273996514035389, 737711.344970587990247, 0.0 ], [ 710950.518996512982994, 737710.425970586948097, 0.0 ], [ 710964.1939965110505, 737708.150970585993491, 0.0 ], [ 710969.434996508993208, 737707.422970587969758, 0.0 ], [ 710970.918996509048156, 737707.035970592056401, 0.0 ], [ 710973.416996508953162, 737706.38597058900632, 0.0 ], [ 710975.642996508977376, 737706.353970585973002, 0.0 ], [ 710982.864996507996693, 737706.24797059094999, 0.0 ], [ 710987.41999650595244, 737707.025970587972552, 0.0 ], [ 710993.857996506034397, 737710.075970588019118, 0.0 ], [ 710999.69599650404416, 737713.950970591977239, 0.0 ], [ 711002.162996503990144, 737716.236970589030534, 0.0 ], [ 711008.073996503953822, 737722.729970582993701, 0.0 ], [ 711018.397996501997113, 737742.006970594986342, 0.0 ], [ 711023.834996500983834, 737750.621970584033988, 0.0 ], [ 711026.861996500054374, 737754.086970587959513, 0.0 ], [ 711038.179996498045512, 737764.420970589038916, 0.0 ], [ 711047.09199649700895, 737773.183970590005629, 0.0 ], [ 711051.311996496049687, 737777.88997058395762, 0.0 ], [ 711055.347996496013366, 737781.941970588057302, 0.0 ], [ 711063.05799649504479, 737789.68197058502119, 0.0 ], [ 711073.232996492995881, 737798.77497058105655, 0.0 ], [ 711082.430996492039412, 737805.96797058195807, 0.0 ], [ 711090.471996490028687, 737811.336970584001392, 0.0 ], [ 711095.977996489033103, 737816.526970579987392, 0.0 ], [ 711098.684996488969773, 737820.74497058102861, 0.0 ], [ 711113.381996487034485, 737839.728970587952062, 0.0 ], [ 711126.664531763992272, 737849.734620513976552, 0.0 ], [ 711130.363996483036317, 737852.037970589008182, 0.0 ], [ 711145.808996481006034, 737862.309970580972731, 0.0 ], [ 711159.899996479041874, 737871.941970583051443, 0.0 ], [ 711174.335996477049775, 737879.198970578960143, 0.0 ], [ 711176.788996475981548, 737879.803970583016053, 0.0 ], [ 711207.555996470968239, 737883.899970588972792, 0.0 ], [ 711234.865996466949582, 737887.796970581985079, 0.0 ], [ 711238.294996466021985, 737888.694970585056581, 0.0 ], [ 711240.900996466050856, 737890.022970582009293, 0.0 ], [ 711258.699996463954449, 737902.413970577996224, 0.0 ], [ 711281.310996458982117, 737911.878970577032305, 0.0 ], [ 711284.341996459057555, 737912.531970569980331, 0.0 ], [ 711290.797996456967667, 737912.782970580970868, 0.0 ], [ 711318.182996453950182, 737909.84297057997901, 0.0 ], [ 711321.239996453048661, 737910.115970575949177, 0.0 ], [ 711324.308996452949941, 737910.989970581023954, 0.0 ], [ 711343.321996449958533, 737922.173970572999679, 0.0 ], [ 711348.66999644797761, 737923.172970580984838, 0.0 ], [ 711354.712996446993202, 737924.598970580962487, 0.0 ], [ 711358.031996447010897, 737924.574970570974983, 0.0 ], [ 711360.913996445946395, 737924.226970570976846, 0.0 ], [ 711369.932996444986202, 737922.284970578970388, 0.0 ], [ 711390.395996441016905, 737916.1109705719864, 0.0 ], [ 711408.258996439049952, 737911.686970575945452, 0.0 ], [ 711411.292996437987313, 737912.179970575962216, 0.0 ], [ 711416.821996437967755, 737914.899970571044832, 0.0 ], [ 711426.158996436046436, 737922.240970573970117, 0.0 ], [ 711429.165996434981935, 737923.391970571014099, 0.0 ], [ 711438.09599643398542, 737925.969970574951731, 0.0 ], [ 711442.591996432980523, 737926.178970574983396, 0.0 ], [ 711443.53499643295072, 737925.928970567998476, 0.0 ], [ 711444.400996432988904, 737925.298970574047416, 0.0 ], [ 711459.060996429994702, 737912.102970576961525, 0.0 ], [ 711467.410996429040097, 737910.973970570950769, 0.0 ], [ 711482.761996426968835, 737909.661970574990846, 0.0 ], [ 711509.655996422050521, 737914.954970567952842, 0.0 ], [ 711537.117996418033727, 737915.954970563994721, 0.0 ], [ 711548.161996416049078, 737917.175970567041077, 0.0 ], [ 711566.649996413034387, 737918.988970565027557, 0.0 ], [ 711574.008996412041597, 737919.676970573957078, 0.0 ], [ 711580.206996410968713, 737919.644970569992438, 0.0 ], [ 711604.699996407027356, 737917.872970566037111, 0.0 ], [ 711620.106996404007077, 737918.661970571964048, 0.0 ], [ 711623.659996403963305, 737919.239970564958639, 0.0 ], [ 711638.397996400948614, 737922.699970562942326, 0.0 ], [ 711656.510996398050338, 737926.157970570027828, 0.0 ], [ 711638.397747413022444, 737922.700194098055363, 0.0 ], [ 711638.288812121958472, 737927.198219310026616, 0.0 ], [ 711644.790007423958741, 737991.01233888999559, 0.0 ], [ 711646.295793064986356, 738002.749783892999403, 0.0 ], [ 711647.207645101007074, 738007.884664529003203, 0.0 ], [ 711648.054516333970241, 738013.593421129044145, 0.0 ], [ 711648.213548106024973, 738020.743869439000264, 0.0 ], [ 711648.33499640005175, 738025.197970565990545, 0.0 ], [ 711648.341564110014588, 738025.459845897974446, 0.0 ], [ 711648.807530842954293, 738032.683276443975046, 0.0 ], [ 711649.096120978007093, 738038.156240461044945, 0.0 ], [ 711649.096897972049192, 738038.17097575799562, 0.0 ], [ 711649.096996398991905, 738038.170970569946803, 0.0 ], [ 711649.201996398973279, 738040.155970565974712, 0.0 ], [ 711649.207646270049736, 738040.271260475041345, 0.0 ], [ 711649.36750871699769, 738043.302969860960729, 0.0 ], [ 711650.148488636943512, 738059.283499310025945, 0.0 ], [ 711650.330485580954701, 738063.183652358013205, 0.0 ], [ 711650.48651127400808, 738069.602259399020113, 0.0 ], [ 711651.429380172980018, 738077.287586761987768, 0.0 ], [ 711651.55442281300202, 738084.825951182981953, 0.0 ], [ 711652.608332013012841, 738099.468769020983018, 0.0 ], [ 711653.025337768020108, 738109.788528415956534, 0.0 ], [ 711655.09420157095883, 738143.093292796984315, 0.0 ], [ 711655.430158101022243, 738146.182620713952929, 0.0 ], [ 711656.69909326301422, 738168.636743266950361, 0.0 ], [ 711657.354996397974901, 738170.126970562036149, 0.0 ], [ 711659.377575888996944, 738174.721406775992364, 0.0 ], [ 711664.150973930023611, 738185.820682639954612, 0.0 ], [ 711667.838945699972101, 738194.396086500957608, 0.0 ], [ 711671.911152929998934, 738202.972200884018093, 0.0 ], [ 711676.008351329015568, 738211.169397284043953, 0.0 ], [ 711681.455287614953704, 738222.277953780954704, 0.0 ], [ 711685.609475862002, 738230.695102117024362, 0.0 ], [ 711690.440101286978461, 738240.165341419051401, 0.0 ], [ 711690.551507145049982, 738240.379970554029569, 0.0 ], [ 711691.050356297986582, 738241.361720866058022, 0.0 ], [ 711691.126996392966248, 738241.511970567982644, 0.0 ], [ 711694.035260553006083, 738247.236103206989355, 0.0 ], [ 711697.737294705002569, 738254.521818988956511, 0.0 ], [ 711697.943058875971474, 738254.926769125042483, 0.0 ], [ 711691.614996392978355, 738257.702970562037081, 0.0 ], [ 711675.158996394951828, 738264.921970566967502, 0.0 ], [ 711670.112996396026574, 738267.135970570961945, 0.0 ], [ 711616.485826271004044, 738290.660536393988878, 0.0 ], [ 711619.184360238956288, 738302.780890931026079, 0.0 ], [ 711620.887067163013853, 738310.53419880499132, 0.0 ], [ 711622.016852302011102, 738313.464556189021096, 0.0 ], [ 711623.221608128049411, 738314.955225290032104, 0.0 ], [ 711625.570134136010893, 738318.077533324947581, 0.0 ], [ 711627.671718509984203, 738321.796713480027393, 0.0 ], [ 711629.446379652945325, 738326.251736148959026, 0.0 ], [ 711629.900325443944894, 738330.914722079993226, 0.0 ], [ 711629.986356768989936, 738336.312551002949476, 0.0 ], [ 711630.507281222031452, 738340.215701285982504, 0.0 ], [ 711630.92922649695538, 738344.078860869049095, 0.0 ], [ 711632.46993255300913, 738347.972006869036704, 0.0 ], [ 711634.255581042962149, 738351.308272073045373, 0.0 ], [ 711638.881638700026087, 738356.512114285025746, 0.0 ], [ 711641.391109826043248, 738357.415902395965531, 0.0 ], [ 711649.088498317985795, 738361.351000266964547, 0.0 ], [ 711651.59898766304832, 738364.254354753997177, 0.0 ], [ 711653.175670742057264, 738366.488860209006816, 0.0 ], [ 711654.328448771033436, 738369.179269475047477, 0.0 ], [ 711655.684199396055192, 738373.610300007974729, 0.0 ], [ 711656.405080526950769, 738377.45546161395032, 0.0 ], [ 711656.253161511966027, 738382.712322609033436, 0.0 ], [ 711655.46737277705688, 738387.382314895046875, 0.0 ], [ 711654.623594050994143, 738391.791364129981957, 0.0 ], [ 711653.714834581012838, 738396.780288040987216, 0.0 ], [ 711653.905820621992461, 738399.700653549050912, 0.0 ], [ 711655.621493509039283, 738404.055698276031762, 0.0 ], [ 711656.096544872969389, 738405.394813115010038, 0.0 ], [ 711660.375590723007917, 738416.516965909046121, 0.0 ], [ 711661.637355583021417, 738420.308135800994933, 0.0 ], [ 711662.457216653972864, 738424.274270551046357, 0.0 ], [ 711661.830395197030157, 738429.085231255972758, 0.0 ], [ 711663.254123197053559, 738432.638451723032631, 0.0 ], [ 711665.832608710043132, 738436.701554298982956, 0.0 ], [ 711670.705570281017572, 738437.209413278964348, 0.0 ], [ 711674.339795985026285, 738437.605304399970919, 0.0 ], [ 711676.040448696003295, 738439.421899695997126, 0.0 ], [ 711677.448176800040528, 738442.614198514027521, 0.0 ], [ 711677.45021139702294, 738446.412374877021648, 0.0 ], [ 711676.876384884002618, 738451.904187618056312, 0.0 ], [ 711675.934625852969475, 738456.173267842968926, 0.0 ], [ 711677.643288095016032, 738459.208598806988448, 0.0 ], [ 711681.986390896956436, 738462.729807700030506, 0.0 ], [ 711682.699263634975068, 738465.476207635947503, 0.0 ], [ 711683.4631516369991, 738471.060991736943834, 0.0 ], [ 711685.66478900203947, 738482.8374240930425, 0.0 ], [ 711688.095295513048768, 738485.739779317984357, 0.0 ], [ 711692.321420412976295, 738488.940058553009294, 0.0 ], [ 711695.944659193977714, 738490.495698253973387, 0.0 ], [ 711700.670658336952329, 738491.662415295955725, 0.0 ], [ 711704.943748294026591, 738492.164279386983253, 0.0 ], [ 711709.861694563995115, 738492.053272273973562, 0.0 ], [ 711714.869631906040013, 738493.062021794030443, 0.0 ], [ 711718.655851320945658, 738496.298296013963409, 0.0 ], [ 711720.698448237031698, 738499.997480912948959, 0.0 ], [ 711721.653285079984926, 738504.464506195974536, 0.0 ], [ 711723.039020139956847, 738507.896753136999905, 0.0 ], [ 711725.1205900789937, 738509.576375726028346, 0.0 ], [ 711727.064189173979685, 738511.215008068014868, 0.0 ], [ 711729.519685019971803, 738513.538488656980917, 0.0 ], [ 711733.185948568047024, 738518.77233048400376, 0.0 ], [ 711735.170574316987768, 738524.249130276031792, 0.0 ], [ 711736.769996384973638, 738526.867970563005656, 0.0 ], [ 711738.927826898987405, 738530.403771840967238, 0.0 ], [ 711740.753465502988547, 738533.586070204037242, 0.0 ], [ 711741.384340618969873, 738534.685827721958049, 0.0 ], [ 711743.576895324978977, 738537.287249724962749, 0.0 ], [ 711743.832862884039059, 738539.707723235944286, 0.0 ], [ 711743.302079807966948, 738550.897300194017589, 0.0 ], [ 711743.282710400992073, 738551.167881326982751, 0.0 ], [ 711743.00120085303206, 738557.031971825053915, 0.0 ], [ 711743.85204575303942, 738559.958331872010604, 0.0 ], [ 711745.236781048006378, 738563.390578820952214, 0.0 ], [ 711745.929657547967508, 738566.076991899055429, 0.0 ], [ 711747.321385810035281, 738568.909368884982541, 0.0 ], [ 711751.004685812979005, 738578.481269923038781, 0.0 ], [ 711752.285447424044833, 738582.352422368945554, 0.0 ], [ 711753.75917475996539, 738586.984408617019653, 0.0 ], [ 711754.350074182031676, 738589.788796751992777, 0.0 ], [ 711754.004247318021953, 738600.520471847965382, 0.0 ], [ 711753.708380960975774, 738608.133822830975987, 0.0 ], [ 711753.456483411951922, 738613.38868494995404, 0.0 ], [ 711752.854652795009315, 738617.780736375018023, 0.0 ], [ 711752.118846595054492, 738621.711888603982516, 0.0 ], [ 711751.107096559950151, 738625.32911064196378, 0.0 ], [ 711750.44026711198967, 738628.34146166802384, 0.0 ], [ 711751.552061068010516, 738631.797705168020912, 0.0 ], [ 711752.025982707971707, 738634.296160381054506, 0.0 ], [ 711750.282459347974509, 738645.496742686023936, 0.0 ], [ 711749.668615677976049, 738648.197161013958976, 0.0 ], [ 711746.619312172057107, 738652.942151437047869, 0.0 ], [ 711744.986688793054782, 738655.884523750049993, 0.0 ], [ 711745.192672032047994, 738658.842880964977667, 0.0 ], [ 711743.897050763946027, 738669.822508338023908, 0.0 ], [ 711742.984276439994574, 738673.103802602970973, 0.0 ], [ 711743.61117235198617, 738676.36109232401941, 0.0 ], [ 711743.916128498036414, 738678.679587643011473, 0.0 ], [ 711745.322857121005654, 738681.895881303003989, 0.0 ], [ 711746.489635810023174, 738684.972206842969172, 0.0 ], [ 711747.234497978002764, 738687.30969525303226, 0.0 ], [ 711747.301513190031983, 738690.50900110101793, 0.0 ], [ 711747.370537018054165, 738694.687094675027765, 0.0 ], [ 711747.139627635013312, 738699.146129254018888, 0.0 ], [ 711745.452038565999828, 738704.528972727945074, 0.0 ], [ 711746.680210683029145, 738705.288624097011052, 0.0 ], [ 711747.674575570970774, 738705.903660558979027, 0.0 ], [ 711754.74204569903668, 738707.895795596996322, 0.0 ], [ 711760.978762701968662, 738709.653763058013283, 0.0 ], [ 711762.144540691981092, 738712.630110283032991, 0.0 ], [ 711761.891625127056614, 738715.909400808042847, 0.0 ], [ 711760.336060632951558, 738727.009003847022541, 0.0 ], [ 711759.863190860953182, 738730.149325898964889, 0.0 ], [ 711757.634797557024285, 738744.190295403008349, 0.0 ], [ 711757.362889569019899, 738747.849503671983257, 0.0 ], [ 711755.889231794979423, 738750.751883666031063, 0.0 ], [ 711755.074427630053833, 738753.072385658044368, 0.0 ], [ 711752.149630203959532, 738759.165694246999919, 0.0 ], [ 711751.21332874102518, 738761.15865672705695, 0.0 ], [ 711749.780662561999634, 738764.101027796044946, 0.0 ], [ 711745.778592915972695, 738772.087321438943036, 0.0 ], [ 711741.637551164953038, 738779.873659319942817, 0.0 ], [ 711738.948172081029043, 738784.777613006997854, 0.0 ], [ 711737.555499742040411, 738787.979927451000549, 0.0 ], [ 711735.087073366041295, 738792.883879755041562, 0.0 ], [ 711733.5944196539931, 738795.786259867949411, 0.0 ], [ 711731.186518794973381, 738800.95040531095583, 0.0 ], [ 711728.34064821805805, 738807.053849949035794, 0.0 ], [ 711727.544836482964456, 738808.995433980948292, 0.0 ], [ 711726.672052670037374, 738812.175749907968566, 0.0 ], [ 711725.282392987981439, 738816.817752167000435, 0.0 ], [ 711723.061948633985594, 738825.519879307947122, 0.0 ], [ 711721.57331161305774, 738830.321847510989755, 0.0 ], [ 711720.523996387957595, 738835.122970556025393, 0.0 ], [ 711713.555996389943175, 738858.329970567021519, 0.0 ], [ 711686.874996394035406, 738902.449970570974983, 0.0 ], [ 711683.432996393996291, 738908.099970567971468, 0.0 ], [ 711677.292996395030059, 738925.18897056800779, 0.0 ], [ 711676.170996395056136, 738933.607970568002202, 0.0 ], [ 711675.583996396046132, 738939.384970561950468, 0.0 ], [ 711678.460996396024711, 738965.913970567053184, 0.0 ], [ 711679.308996394975111, 738969.569970567012206, 0.0 ], [ 711683.188996394979768, 738983.263970562024042, 0.0 ], [ 711685.151996394968592, 738990.17097056505736, 0.0 ], [ 711700.16999639198184, 739028.10697057005018, 0.0 ], [ 711712.768996390048414, 739057.470970558002591, 0.0 ], [ 711722.897996388026513, 739081.660970570053905, 0.0 ], [ 711737.164996386040002, 739113.719970562960953, 0.0 ], [ 711761.49999638099689, 739170.349970567040145, 0.0 ], [ 711768.712996380985714, 739186.348970560007729, 0.0 ], [ 711772.651996379951015, 739195.677970565040596, 0.0 ], [ 711779.783996379002929, 739211.857970562996343, 0.0 ], [ 711784.714452235028148, 739225.198827199055813, 0.0 ], [ 711784.919413523981348, 739225.754705370985903, 0.0 ], [ 711786.32413419499062, 739228.050198763958178, 0.0 ], [ 711788.467692313948646, 739229.864791749976575, 0.0 ], [ 711791.389080640044995, 739231.317458270001225, 0.0 ], [ 711792.890766312950291, 739232.074284657021053, 0.0 ], [ 711791.178161700954661, 739235.196618531947024, 0.0 ], [ 711788.950688206008635, 739240.580465317005292, 0.0 ], [ 711784.885614249971695, 739246.647175692021847, 0.0 ], [ 711783.46193767094519, 739248.674745102995075, 0.0 ], [ 711781.159460722003132, 739251.953048888943158, 0.0 ], [ 711776.953413047944196, 739257.600850983988494, 0.0 ], [ 711771.731599034043029, 739265.009277781005949, 0.0 ], [ 711767.523544377996586, 739269.857253322028555, 0.0 ], [ 711761.718840289977379, 739275.668030207976699, 0.0 ], [ 711757.091875639976934, 739280.555999721051194, 0.0 ], [ 711740.127628028043546, 739293.769242321955971, 0.0 ], [ 711735.43365309596993, 739295.998788652010262, 0.0 ], [ 711730.861658726003952, 739298.948178132995963, 0.0 ], [ 711727.991285181022249, 739300.270909521961585, 0.0 ], [ 711701.183136055013165, 739312.629399786004797, 0.0 ], [ 711692.735984854982235, 739317.086486915010028, 0.0 ], [ 711688.883835874032229, 739319.973885270999745, 0.0 ], [ 711683.590991502976976, 739322.464378810022026, 0.0 ], [ 711678.839032677002251, 739325.093838794971816, 0.0 ], [ 711658.275552865001373, 739338.0551587799564, 0.0 ], [ 711658.250620550010353, 739344.792698121978901, 0.0 ], [ 711661.703945367014967, 739351.683182285982184, 0.0 ], [ 711665.079288534005173, 739358.752628147951327, 0.0 ], [ 711666.023106914013624, 739360.950145708047785, 0.0 ], [ 711668.555620462982915, 739366.941830576048233, 0.0 ], [ 711669.681406005984172, 739369.798204142018221, 0.0 ], [ 711671.270103593007661, 739373.853314875042997, 0.0 ], [ 711672.618850497994572, 739377.689474598970264, 0.0 ], [ 711673.544679571990855, 739380.625832085032016, 0.0 ], [ 711674.411524052964523, 739383.863124702009372, 0.0 ], [ 711674.896441373974085, 739386.140627832966857, 0.0 ], [ 711676.714129758998752, 739394.493805233971216, 0.0 ], [ 711678.452835974050686, 739402.946961448993534, 0.0 ], [ 711679.909596979967318, 739410.801249305019155, 0.0 ], [ 711681.977274080039933, 739423.71143710904289, 0.0 ], [ 711683.947979912976734, 739437.482438890030608, 0.0 ], [ 711686.508605425944552, 739456.209362445981242, 0.0 ], [ 711689.878178404993378, 739487.950459260959178, 0.0 ], [ 711693.490712041035295, 739521.050260007963516, 0.0 ], [ 711700.56376275094226, 739581.933015302056447, 0.0 ], [ 711701.108668935019523, 739584.390479058027267, 0.0 ], [ 711737.613768141018227, 739574.653358972980641, 0.0 ], [ 711768.284128288039938, 739566.267982742050663, 0.0 ], [ 711773.533989644958638, 739564.606309760943986, 0.0 ], [ 711776.972244668053463, 739563.598506478941999, 0.0 ], [ 711791.386117851943709, 739558.972418145975098, 0.0 ], [ 711793.201742204022594, 739560.354107088991441, 0.0 ], [ 711792.449935524957255, 739563.855352747952566, 0.0 ], [ 711792.197018380975351, 739566.954682396957651, 0.0 ], [ 711791.764139182982035, 739569.994026188971475, 0.0 ], [ 711791.971126227057539, 739573.372292447951622, 0.0 ], [ 711791.698213545954786, 739576.491617872030474, 0.0 ], [ 711791.345316504011862, 739579.451978286029771, 0.0 ], [ 711791.052408659015782, 739582.631290841032751, 0.0 ], [ 711791.378366171033122, 739585.569651719997637, 0.0 ], [ 711791.785306346951984, 739588.507012302055955, 0.0 ], [ 711792.25223536696285, 739591.625333274947479, 0.0 ], [ 711792.158282174030319, 739594.504709598026238, 0.0 ], [ 711791.925361496047117, 739597.684021775028668, 0.0 ], [ 711791.652447703992948, 739600.683373230975121, 0.0 ], [ 711791.299552137963474, 739603.802699172054417, 0.0 ], [ 711790.886668303050101, 739606.803051296039484, 0.0 ], [ 711789.719973935978487, 739612.842749243951403, 0.0 ], [ 711786.994695218047127, 739627.743535930057988, 0.0 ], [ 711786.007961616967805, 739633.704249860020354, 0.0 ], [ 711784.288412065943703, 739642.604331171023659, 0.0 ], [ 711782.922761018038727, 739648.72501282999292, 0.0 ], [ 711780.943267832044512, 739657.706078235991299, 0.0 ], [ 711778.883790840045549, 739666.588165601948276, 0.0 ], [ 711776.724335971055552, 739675.549236480961554, 0.0 ], [ 711774.585877545992844, 739684.611285345978104, 0.0 ], [ 711773.259215930011123, 739690.49201877694577, 0.0 ], [ 711771.239730373956263, 739699.373106122948229, 0.0 ], [ 711769.520183418993838, 739708.553126752958633, 0.0 ], [ 711768.020586997969076, 739717.47320235799998, 0.0 ], [ 711765.949142422992736, 739729.573592092958279, 0.0 ], [ 711762.76998994697351, 739747.614700887002982, 0.0 ], [ 711760.59053954097908, 739756.595767574966885, 0.0 ], [ 711759.284873435040936, 739762.476500891963951, 0.0 ], [ 711758.058191729011014, 739768.497203369974159, 0.0 ], [ 711756.692540496005677, 739774.597889391006902, 0.0 ], [ 711756.019714131951332, 739777.798199818003923, 0.0 ], [ 711755.405871624010615, 739780.618592242943123, 0.0 ], [ 711754.853016254026443, 739783.458979947958142, 0.0 ], [ 711754.500120506971143, 739786.558310252963565, 0.0 ], [ 711753.460428472957574, 739795.777318159001879, 0.0 ], [ 711752.733638328965753, 739801.637052371050231, 0.0 ], [ 711752.261770077049732, 739804.95633574295789, 0.0 ], [ 711751.82788962603081, 739807.836714028962888, 0.0 ], [ 711751.142094423994422, 739814.096361279953271, 0.0 ], [ 711750.556276340037584, 739820.195042809005827, 0.0 ], [ 711750.24738764797803, 739825.068988092010841, 0.0 ], [ 711742.376996385981329, 739887.904970561037771, 0.0 ], [ 711741.013996385037899, 739904.39097056502942, 0.0 ], [ 711741.175996385980397, 739906.841970563051291, 0.0 ], [ 711742.294996386044659, 739909.43997056200169, 0.0 ], [ 711743.812996385036968, 739911.730970563017763, 0.0 ], [ 711745.824996385024861, 739913.121970565989614, 0.0 ], [ 711747.831996385008097, 739913.887970558949746, 0.0 ], [ 711749.941996383946389, 739914.536970564047806, 0.0 ], [ 711752.365996383945458, 739914.685970559017733, 0.0 ], [ 711755.06299638398923, 739913.933970564045012, 0.0 ], [ 711776.819996380014345, 739903.832970559014939, 0.0 ], [ 711778.010996380005963, 739903.123970560031012, 0.0 ], [ 711778.818996379035525, 739902.9919705579523, 0.0 ], [ 711779.761996379005723, 739903.153970564948395, 0.0 ], [ 711780.364996379008517, 739903.485970566049218, 0.0 ], [ 711782.145996378967538, 739906.42997055395972, 0.0 ], [ 711775.198996379971504, 739913.736970560974441, 0.0 ], [ 711783.229996378999203, 739932.134970562998205, 0.0 ], [ 711787.870996378012933, 739947.058970559970476, 0.0 ], [ 711796.444996376987547, 739971.392970561981201, 0.0 ], [ 711797.45499637699686, 739978.747970564989373, 0.0 ], [ 711799.347996377036907, 739989.822970560053363, 0.0 ], [ 711807.525996375014074, 740008.226970560965128, 0.0 ], [ 711807.749996374943294, 740014.646970557048917, 0.0 ], [ 711807.776996374945156, 740022.665970562025905, 0.0 ], [ 711808.712996374000795, 740031.028970564017072, 0.0 ], [ 711811.509996374021284, 740053.914970559999347, 0.0 ], [ 711815.044996374053881, 740073.71897056105081, 0.0 ], [ 711814.260996373952366, 740084.296970554045402, 0.0 ], [ 711813.480996374040842, 740098.375970556982793, 0.0 ], [ 711812.00599637394771, 740115.186970554990694, 0.0 ], [ 711814.195996374008246, 740123.976970558986068, 0.0 ], [ 711815.651996374013834, 740130.652970563038252, 0.0 ], [ 711816.000996373943053, 740134.507970561040565, 0.0 ], [ 711816.594996373984031, 740145.587970560998656, 0.0 ], [ 711816.686996372998692, 740157.492970556020737, 0.0 ], [ 711817.820996372960508, 740167.241970565053634, 0.0 ], [ 711819.37799637299031, 740174.409970558946952, 0.0 ], [ 711821.719996373052709, 740184.315970559022389, 0.0 ], [ 711822.492996372980997, 740189.737970559974201, 0.0 ], [ 711822.716996373026632, 740197.396970557980239, 0.0 ], [ 711822.468996373005211, 740213.552970558986999, 0.0 ], [ 711823.079996373038739, 740219.962970557971857, 0.0 ], [ 711824.182996373041533, 740225.153970562038012, 0.0 ], [ 711828.473996371030807, 740236.814970563049428, 0.0 ], [ 711830.277996371034533, 740235.917970558977686, 0.0 ], [ 711840.650996368960477, 740233.172970562009141, 0.0 ], [ 711857.33099636703264, 740228.13197055994533, 0.0 ], [ 711886.842996362014674, 740219.881970560993068, 0.0 ], [ 711892.194996361038648, 740216.320970557047985, 0.0 ], [ 711897.550996360019781, 740212.277970558032393, 0.0 ], [ 711902.564996359986253, 740210.027970553026535, 0.0 ], [ 711907.887996359029785, 740205.944970557000488, 0.0 ], [ 711913.223996357992291, 740201.276970554026775, 0.0 ], [ 711926.51516351394821, 740199.699655283009633, 0.0 ], [ 711936.058104999945499, 740197.831999719957821, 0.0 ], [ 711940.07110483397264, 740196.703751761000603, 0.0 ], [ 711953.707283857045695, 740192.86996361403726, 0.0 ], [ 711958.49724413396325, 740191.236287427949719, 0.0 ], [ 711962.91228588600643, 740189.740583705948666, 0.0 ], [ 711989.312538700993173, 740178.94575660105329, 0.0 ], [ 711990.000387780950405, 740178.537840669043362, 0.0 ], [ 712007.982460767962039, 740169.851609771954827, 0.0 ], [ 712016.543594127055258, 740166.036382609978318, 0.0 ], [ 712016.772543770959601, 740165.887413450051099, 0.0 ], [ 712016.779688289971091, 740165.883418796001934, 0.0 ], [ 712022.239341516047716, 740162.346146504045464, 0.0 ], [ 712029.171996338991448, 740160.558970551006496, 0.0 ], [ 712029.270158051978797, 740160.497208693996072, 0.0 ], [ 712031.291864666971378, 740159.191827493952587, 0.0 ], [ 712033.324693677015603, 740157.903834911994636, 0.0 ], [ 712035.368480404955335, 740156.633301608962938, 0.0 ], [ 712035.877008624956943, 740156.320813757949509, 0.0 ], [ 712036.386205287999474, 740156.009416289045475, 0.0 ], [ 712036.896064365981147, 740155.699104596977122, 0.0 ], [ 712036.997996337013319, 740155.634970549959689, 0.0 ], [ 712037.122953401994891, 740155.561491727945395, 0.0 ], [ 712038.782461851020344, 740154.563847886980511, 0.0 ], [ 712040.448839270975441, 740153.577719922992401, 0.0 ], [ 712042.121993953944184, 740152.603135059005581, 0.0 ], [ 712042.52993736602366, 740152.368235739995725, 0.0 ], [ 712042.938426065957174, 740152.134285927983001, 0.0 ], [ 712043.347455027047545, 740151.901281962054782, 0.0 ], [ 712043.381996336043812, 740151.88097054802347, 0.0 ], [ 712043.40320928604342, 740151.869618176016957, 0.0 ], [ 712045.247708218055777, 740150.835100552998483, 0.0 ], [ 712047.102874308009632, 740149.819835696951486, 0.0 ], [ 712048.968494291999377, 740148.823910787003115, 0.0 ], [ 712055.812001049984246, 740145.195651703048497, 0.0 ], [ 712062.061633497010916, 740141.884329946013168, 0.0 ], [ 712068.612200172035955, 740138.422038997057825, 0.0 ], [ 712091.659166267025284, 740127.205324533977546, 0.0 ], [ 712104.215415250044316, 740120.183767106966116, 0.0 ], [ 712106.45798788103275, 740119.706930837011896, 0.0 ], [ 712106.457996324985288, 740119.706970543018542, 0.0 ], [ 712106.614975873031653, 740119.673550614970736, 0.0 ], [ 712107.791996325016953, 740119.422970550018363, 0.0 ], [ 712107.79217246605549, 740119.423244321951643, 0.0 ], [ 712107.792059640050866, 740119.423268317012116, 0.0 ], [ 712108.381515934015624, 740119.297932739020325, 0.0 ], [ 712109.041394039988518, 740121.362480986048467, 0.0 ], [ 712111.155882757971995, 740125.103848760016263, 0.0 ], [ 712121.13200575101655, 740142.567807347048074, 0.0 ], [ 712141.499996319995262, 740177.441970551968552, 0.0 ], [ 712151.947996317991056, 740195.331970544997603, 0.0 ], [ 712202.175996309961192, 740281.332970540970564, 0.0 ], [ 712206.353780415956862, 740288.483677122974768, 0.0 ], [ 712215.646996306953952, 740304.389970544958487, 0.0 ], [ 712222.721996305976063, 740316.561970542999916, 0.0 ], [ 712225.191097922972403, 740320.797895687050186, 0.0 ], [ 712229.933692162972875, 740328.932564852992073, 0.0 ], [ 712251.831908248947002, 740366.493176936986856, 0.0 ], [ 712252.889962679008022, 740368.30799014295917, 0.0 ], [ 712252.889996301033534, 740368.307970543042757, 0.0 ], [ 712262.486996300052851, 740384.768970538978465, 0.0 ], [ 712263.834996299003251, 740387.080970537965186, 0.0 ], [ 712263.834849704988301, 740387.081056004972197, 0.0 ], [ 712264.855818900978193, 740388.832259278045967, 0.0 ], [ 712267.182330345967785, 740392.822775786044076, 0.0 ], [ 712285.904402995947748, 740424.935551321017556, 0.0 ], [ 712306.049522537039593, 740459.889059633947909, 0.0 ], [ 712306.102411431958899, 740459.980826389975846, 0.0 ], [ 712311.644322687992826, 740470.283557915943675, 0.0 ], [ 712319.848573056980968, 740470.791395795997232, 0.0 ], [ 712339.507347395992838, 740468.450778487022035, 0.0 ], [ 712366.231612927047536, 740466.326069529983215, 0.0 ], [ 712379.405781078035943, 740464.748327962006442, 0.0 ], [ 712383.681862722965889, 740464.322393173002638, 0.0 ], [ 712385.581457349006087, 740464.410362040041946, 0.0 ], [ 712391.478244366007857, 740469.534213940030895, 0.0 ], [ 712397.942914574057795, 740475.150955377961509, 0.0 ], [ 712401.32723018003162, 740479.348024107981473, 0.0 ], [ 712402.752207010053098, 740509.428494552033953, 0.0 ], [ 712434.762456913013011, 740519.528102171956562, 0.0 ], [ 712442.2358824450057, 740522.041509918984957, 0.0 ], [ 712457.702594441943802, 740524.08596860000398, 0.0 ], [ 712475.669743577949703, 740523.116064834990539, 0.0 ], [ 712492.946992333047092, 740517.031274165958166, 0.0 ], [ 712499.030640044948086, 740511.536426653037779, 0.0 ], [ 712503.368620841996744, 740501.7535197440302, 0.0 ], [ 712505.14301975897979, 740478.09063785802573, 0.0 ], [ 712501.118719796999358, 740460.961376501945779, 0.0 ], [ 712494.723878580029123, 740438.689245020970702, 0.0 ], [ 712500.951418132986873, 740424.934187183040194, 0.0 ], [ 712504.793206064961851, 740415.647643635980785, 0.0 ], [ 712505.080441751051694, 740414.953324542031623, 0.0 ], [ 712510.639996257959865, 740413.279970537056215, 0.0 ], [ 712516.917877200990915, 740411.391021604998969, 0.0 ], [ 712530.999902368988842, 740408.406527559040114, 0.0 ], [ 712533.896213048021309, 740407.792693831957877, 0.0 ], [ 712536.635996252996847, 740406.854970538988709, 0.0 ], [ 712536.636024118983187, 740406.855051952996291, 0.0 ], [ 712538.84513896505814, 740406.099029539967887, 0.0 ], [ 712541.084637067979202, 740403.602556157042272, 0.0 ], [ 712541.493179981014691, 740403.212020555976778, 0.0 ], [ 712541.895259649027139, 740402.814833919052035, 0.0 ], [ 712542.290764412027784, 740402.411099793971516, 0.0 ], [ 712542.624311540974304, 740402.054096861975268, 0.0 ], [ 712542.914996252045967, 740401.742970534949563, 0.0 ], [ 712544.512996252044104, 740399.699970531044528, 0.0 ], [ 712546.539988939999603, 740396.359278784948401, 0.0 ], [ 712546.541384670999832, 740396.35665156703908, 0.0 ], [ 712546.542780271964148, 740396.354024269036017, 0.0 ], [ 712546.544175739050843, 740396.351396900950931, 0.0 ], [ 712548.663996250950731, 740391.902970531024039, 0.0 ], [ 712549.767625077976845, 740388.948641060036607, 0.0 ], [ 712549.76899625104852, 740388.944970538024791, 0.0 ], [ 712549.770016629016027, 740388.941444772994146, 0.0 ], [ 712550.786376929027028, 740385.429565857979469, 0.0 ], [ 712550.797087399056181, 740385.386208215961233, 0.0 ], [ 712550.80775632802397, 740385.342840348021127, 0.0 ], [ 712550.818383874022402, 740385.299462315044366, 0.0 ], [ 712550.851567327976227, 740385.231505390023813, 0.0 ], [ 712550.887242094031535, 740385.164822572027333, 0.0 ], [ 712550.925359089975245, 740385.099505031015724, 0.0 ], [ 712551.022334962035529, 740384.954187117982656, 0.0 ], [ 712551.124441217049025, 740384.812426981981844, 0.0 ], [ 712551.231546530965716, 740384.674404943943955, 0.0 ], [ 712551.303996250964701, 740384.551970534957945, 0.0 ], [ 712551.426328466041014, 740384.447063027997501, 0.0 ], [ 712551.571892331005074, 740384.294101226958446, 0.0 ], [ 712551.723925982951187, 740384.147568123997189, 0.0 ], [ 712551.882144324015826, 740384.007735540973954, 0.0 ], [ 712552.171500709024258, 740383.904382547945715, 0.0 ], [ 712552.468372783041559, 740383.825160932028666, 0.0 ], [ 712552.770750954048708, 740383.77060295199044, 0.0 ], [ 712553.076589848962612, 740383.741077649057843, 0.0 ], [ 712553.383820686955005, 740383.736784736975096, 0.0 ], [ 712559.567237596027553, 740383.580015124054626, 0.0 ], [ 712559.567822227953002, 740383.579976351000369, 0.0 ], [ 712559.568406858947128, 740383.579937575967051, 0.0 ], [ 712559.568996248999611, 740383.579970528953709, 0.0 ], [ 712559.571072168997489, 740383.579760733991861, 0.0 ], [ 712567.098996247979812, 740382.818970524007455, 0.0 ], [ 712567.152075611054897, 740382.813252422958612, 0.0 ], [ 712602.542264454998076, 740378.952509665978141, 0.0 ], [ 712602.795210900949314, 740378.973503462038934, 0.0 ], [ 712606.127076150965877, 740378.426093242946081, 0.0 ], [ 712606.133491919958033, 740378.424901101039723, 0.0 ], [ 712606.13990760804154, 740378.423708511982113, 0.0 ], [ 712606.146323201013729, 740378.422515406971797, 0.0 ], [ 712610.655830658040941, 740377.385388534981757, 0.0 ], [ 712610.657724605989642, 740377.384858574951068, 0.0 ], [ 712610.659618539037183, 740377.384328569984064, 0.0 ], [ 712610.661512449965812, 740377.383798487018794, 0.0 ], [ 712610.664167772978544, 740377.383055294048972, 0.0 ], [ 712610.666823075036518, 740377.382312032976188, 0.0 ], [ 712610.669478346011601, 740377.381568660959601, 0.0 ], [ 712615.586996239959262, 740375.802970529999584, 0.0 ], [ 712622.938518624054268, 740372.912662519956939, 0.0 ], [ 712622.947030863026157, 740372.909057224052958, 0.0 ], [ 712622.955542752984911, 740372.905451106955297, 0.0 ], [ 712622.964054250973277, 740372.901844067964703, 0.0 ], [ 712628.707996236975305, 740370.238970526959747, 0.0 ], [ 712628.708628284977749, 740370.238859105040319, 0.0 ], [ 712628.739278665045276, 740370.223660578019917, 0.0 ], [ 712628.769925432978198, 740370.208454775041901, 0.0 ], [ 712628.800568397040479, 740370.19324129994493, 0.0 ], [ 712657.516380363958888, 740365.160150290001184, 0.0 ], [ 712695.855122260050848, 740358.714303988032043, 0.0 ], [ 712695.917107617948204, 740358.566335674957372, 0.0 ], [ 712726.345551350037567, 740353.22929925203789, 0.0 ], [ 712729.23492493503727, 740352.311479839961976, 0.0 ], [ 712742.758968275971711, 740345.387894741026685, 0.0 ], [ 712769.613763086963445, 740331.81450929294806, 0.0 ], [ 712769.738071684027091, 740331.751679228967987, 0.0 ], [ 712772.577632309985347, 740330.417314287973568, 0.0 ], [ 712773.392744626966305, 740330.032905817963183, 0.0 ], [ 712794.524662200943567, 740320.067054587998427, 0.0 ], [ 712814.677257566014305, 740309.87613558000885, 0.0 ], [ 712817.356685496051796, 740309.965099269989878, 0.0 ], [ 712832.516439137980342, 740309.43611755000893, 0.0 ], [ 712847.029295963002369, 740305.164951151004061, 0.0 ], [ 712855.236518491990864, 740302.753421728033572, 0.0 ], [ 712851.163923559011891, 740253.164197257952765, 0.0 ], [ 712854.12528764095623, 740252.874241285026073, 0.0 ], [ 712854.377996198018081, 740252.573970522964373, 0.0 ], [ 712856.772996198036708, 740249.740970522048883, 0.0 ], [ 712856.781803968013264, 740249.730921425041743, 0.0 ], [ 712859.265131533960812, 740246.792526962002739, 0.0 ], [ 712864.303001350956038, 740241.149718140950426, 0.0 ], [ 712868.88700896105729, 740239.845971612958238, 0.0 ], [ 712870.282722032978199, 740241.070697249961086, 0.0 ], [ 712876.285541826044209, 740252.069274852983654, 0.0 ], [ 712887.381345740053803, 740270.845134173054248, 0.0 ], [ 712894.739773952984251, 740271.010051622986794, 0.0 ], [ 712901.26237032294739, 740270.051217996980995, 0.0 ], [ 712906.48219767503906, 740264.029490143992007, 0.0 ], [ 712910.656263435957953, 740259.584427176043391, 0.0 ], [ 712914.266468339948915, 740257.116939094034024, 0.0 ], [ 712914.804087964002974, 740257.231539973989129, 0.0 ], [ 712930.025130496942438, 740260.476110685034655, 0.0 ], [ 712931.120996186044067, 740260.492970510968007, 0.0 ], [ 712931.120994089054875, 740260.493105774046853, 0.0 ], [ 712931.442827583057806, 740260.498096892959438, 0.0 ], [ 712934.012996184988879, 740260.913970522000454, 0.0 ], [ 712942.607449230039492, 740261.431823465041816, 0.0 ], [ 712944.573998098960146, 740261.438396679004654, 0.0 ], [ 712950.96666220005136, 740261.459764234023169, 0.0 ], [ 712957.851050061057322, 740261.016223249956965, 0.0 ], [ 712958.946950920973904, 740260.926828996045515, 0.0 ], [ 712960.107702212990262, 740260.87083375104703, 0.0 ], [ 712960.746567141031846, 740261.032794574974105, 0.0 ], [ 712961.404433090006933, 740261.735638026962988, 0.0 ], [ 712962.44022331002634, 740262.978362045018002, 0.0 ], [ 712963.119080635020509, 740263.24130073597189, 0.0 ], [ 712965.179637126042508, 740262.928355467971414, 0.0 ], [ 712968.700879842974246, 740262.459434709046036, 0.0 ], [ 712970.409670267952606, 740262.184730920009315, 0.0 ], [ 712976.965099415043369, 740261.027692497009411, 0.0 ], [ 712978.690996177028865, 740260.446970512042753, 0.0 ], [ 712980.306978594046086, 740259.974127226043493, 0.0 ], [ 712983.871603030944243, 740258.931103041977622, 0.0 ], [ 712985.138996175955981, 740258.186970514943823, 0.0 ], [ 712987.427996175945736, 740256.920970511971973, 0.0 ], [ 712989.822298759012483, 740255.531802057055756, 0.0 ], [ 712994.311311095952988, 740252.567416092962958, 0.0 ], [ 712996.736777920043096, 740251.015737019013613, 0.0 ], [ 712999.925071886042133, 740248.426278064027429, 0.0 ], [ 713002.440670992946252, 740246.406565499957651, 0.0 ], [ 713005.15891333098989, 740244.224155672010966, 0.0 ], [ 713007.302443819004111, 740243.032400373951532, 0.0 ], [ 713009.445975424954668, 740241.959619287983514, 0.0 ], [ 713011.467536860960536, 740241.285752500989474, 0.0 ], [ 713013.22915556805674, 740240.791848351014778, 0.0 ], [ 713017.933139438042417, 740239.688057687017135, 0.0 ], [ 713026.817583931959234, 740237.069344223011285, 0.0 ], [ 713027.021170863998123, 740236.978587205056101, 0.0 ], [ 713028.789863251033239, 740236.487491821055301, 0.0 ], [ 713031.504200650029816, 740235.733828503056429, 0.0 ], [ 713034.484563332982361, 740235.723811710020527, 0.0 ], [ 713041.60503739095293, 740235.347847891971469, 0.0 ], [ 713053.231996163958684, 740234.149970515980385, 0.0 ], [ 713056.869756316998973, 740233.500151272979565, 0.0 ], [ 713059.520996163017116, 740232.692970513948239, 0.0 ], [ 713068.000342644983903, 740229.897861310048029, 0.0 ], [ 713073.491138375014998, 740226.676524657988921, 0.0 ], [ 713085.57947104005143, 740217.878354931017384, 0.0 ], [ 713092.329995210980996, 740214.421061409055255, 0.0 ], [ 713098.25870146905072, 740211.641626178054139, 0.0 ], [ 713104.565334461047314, 740209.663014938007109, 0.0 ], [ 713110.295080989948474, 740206.642633200041018, 0.0 ], [ 713116.085808646050282, 740203.002385442960076, 0.0 ], [ 713122.262440636055544, 740197.964438225026242, 0.0 ], [ 713127.91199615097139, 740195.198970512021333, 0.0 ], [ 713128.47199615102727, 740195.059970507049002, 0.0 ], [ 713137.201189536950551, 740191.894658884033561, 0.0 ], [ 713143.613781249965541, 740187.93747586698737, 0.0 ], [ 713159.212871943018399, 740181.926648188033141, 0.0 ], [ 713161.054988989955746, 740181.216821672045626, 0.0 ], [ 713174.840774631942622, 740176.478326071985066, 0.0 ], [ 713179.89489999297075, 740174.741105473949574, 0.0 ], [ 713180.059864497976378, 740174.717109626042657, 0.0 ], [ 713203.543811045004986, 740171.260709312045947, 0.0 ], [ 713240.737699477002025, 740154.328142954036593, 0.0 ], [ 713253.999996128957719, 740152.831970502040349, 0.0 ], [ 713255.7864660769701, 740152.63141488598194, 0.0 ], [ 713257.542144170962274, 740158.304173992015421, 0.0 ], [ 713258.824591262964532, 740162.721698526991531, 0.0 ], [ 713258.830996128963307, 740162.742970505030826, 0.0 ], [ 713259.459796429029666, 740164.909729863051325, 0.0 ], [ 713260.308647008961998, 740168.311986926943064, 0.0 ], [ 713262.152241613948718, 740167.119233740027994, 0.0 ], [ 713292.335658092051744, 740153.28204097901471, 0.0 ], [ 713329.268604052951559, 740136.52843738894444, 0.0 ], [ 713364.941818722058088, 740119.709855876048096, 0.0 ], [ 713379.542632556054741, 740112.860247634002008, 0.0 ], [ 713376.680812606005929, 740107.652071328950115, 0.0 ], [ 713374.434636933961883, 740103.564295326010324, 0.0 ], [ 713399.60799610405229, 740096.127970493049361, 0.0 ], [ 713406.316996103036217, 740094.145970499026589, 0.0 ], [ 713406.316977418027818, 740094.145907256053761, 0.0 ], [ 713406.500549745047465, 740094.091678004944697, 0.0 ], [ 713422.556578033021651, 740089.342538352007978, 0.0 ], [ 713448.740303972968832, 740081.597773010027595, 0.0 ], [ 713453.147100867005065, 740080.294306574971415, 0.0 ], [ 713454.530920787947252, 740079.884716070955619, 0.0 ], [ 713455.79625605000183, 740079.510195301030762, 0.0 ], [ 713456.137996093952097, 740079.408970498945564, 0.0 ], [ 713459.460996092995629, 740078.424970492953435, 0.0 ], [ 713463.797996093053371, 740077.140970492037013, 0.0 ], [ 713466.71765006496571, 740076.27762203803286, 0.0 ], [ 713470.267292764037848, 740084.415841097943485, 0.0 ], [ 713471.102807466057129, 740086.331414646003395, 0.0 ], [ 713483.781047296943143, 740081.066475110012107, 0.0 ], [ 713497.49706280999817, 740075.541585293016396, 0.0 ], [ 713526.171822994016111, 740063.944916262989864, 0.0 ], [ 713530.078973985975608, 740062.493206031038426, 0.0 ], [ 713530.45289979595691, 740063.102071649977006, 0.0 ], [ 713533.229308756999671, 740063.368996093049645, 0.0 ], [ 713534.947941618971527, 740063.398978627054021, 0.0 ], [ 713537.069485947024077, 740063.175013634958304, 0.0 ], [ 713539.253014822956175, 740062.718098751967773, 0.0 ], [ 713541.201590321026742, 740061.879268164979294, 0.0 ], [ 713556.595996076008305, 740056.609970491961576, 0.0 ], [ 713576.113013889989816, 740049.93063560500741, 0.0 ], [ 713580.375088374014013, 740048.411937628989108, 0.0 ], [ 713586.189819777966477, 740045.713485484011471, 0.0 ], [ 713595.100886004045606, 740042.673087703995407, 0.0 ], [ 713603.493042094982229, 740037.403176550054923, 0.0 ], [ 713604.021865242044441, 740037.036941281054169, 0.0 ], [ 713611.144356291973963, 740032.104276397963986, 0.0 ], [ 713622.603831454995088, 740024.169923249050044, 0.0 ], [ 713624.802344657015055, 740022.393294350011274, 0.0 ], [ 713630.945996062946506, 740017.978970485972241, 0.0 ], [ 713631.344158006948419, 740017.713842745986767, 0.0 ], [ 713633.859569323947653, 740015.914533452945761, 0.0 ], [ 713633.908996063051745, 740016.005970495054498, 0.0 ], [ 713637.827996061998419, 740023.368970487965271, 0.0 ], [ 713643.441996061010286, 740036.187970492988825, 0.0 ], [ 713649.119996060035191, 740050.050970491021872, 0.0 ], [ 713652.299996059038676, 740059.011970491032116, 0.0 ], [ 713656.319996059057303, 740075.077970494050533, 0.0 ], [ 713659.285996058024466, 740089.08297048904933, 0.0 ], [ 713660.315996058052406, 740095.477970486041158, 0.0 ], [ 713661.281996057950892, 740101.2909704860067, 0.0 ], [ 713662.046996057033539, 740105.891970491036773, 0.0 ], [ 713663.272996057057753, 740113.603970487951301, 0.0 ], [ 713665.248996056965552, 740123.16697049094364, 0.0 ], [ 713665.752996057039127, 740125.856970487046055, 0.0 ], [ 713666.826996056945063, 740131.597970488946885, 0.0 ], [ 713668.2329960570205, 740137.814970485051163, 0.0 ], [ 713675.21699605602771, 740166.831970483995974, 0.0 ], [ 713675.555996055016294, 740173.997970490949228, 0.0 ], [ 713675.431996055995114, 740181.038970481953584, 0.0 ], [ 713674.948996055987664, 740190.441970488987863, 0.0 ], [ 713673.597996055963449, 740201.127970490022562, 0.0 ], [ 713671.790996056050062, 740210.614970489987172, 0.0 ], [ 713669.212996057001874, 740219.408970489050262, 0.0 ], [ 713664.398996056988835, 740232.857970483950339, 0.0 ], [ 713659.794996057986282, 740243.780970492050983, 0.0 ], [ 713647.572996060014702, 740270.544970488990657, 0.0 ], [ 713636.785996061982587, 740292.873970484943129, 0.0 ], [ 713628.076996064046398, 740312.107970491982996, 0.0 ], [ 713624.764996064943261, 740319.820970491040498, 0.0 ], [ 713621.728996064979583, 740327.677970492048189, 0.0 ], [ 713619.147996064973995, 740335.405970494030043, 0.0 ], [ 713617.080996065982617, 740344.287970487959683, 0.0 ], [ 713614.825996065977961, 740355.840970491990447, 0.0 ], [ 713611.552996066980995, 740375.147970482008532, 0.0 ], [ 713609.878996066981927, 740387.231970487046055, 0.0 ], [ 713608.606996068032458, 740399.086970492033288, 0.0 ], [ 713608.096996066975407, 740405.517970497021452, 0.0 ], [ 713607.951996068004519, 740409.370970490039326, 0.0 ], [ 713607.368996068020351, 740420.856970487046055, 0.0 ], [ 713607.004996067960747, 740424.926970488042571, 0.0 ], [ 713607.244996067951433, 740436.718970493995585, 0.0 ], [ 713607.641996067948639, 740445.611970492056571, 0.0 ], [ 713608.391996067948639, 740456.808970488957129, 0.0 ], [ 713608.640996068017557, 740467.958970485953614, 0.0 ], [ 713606.785996068036184, 740477.817970491014421, 0.0 ], [ 713605.37299606797751, 740486.474970484967344, 0.0 ], [ 713605.268996068043634, 740496.97697049099952, 0.0 ], [ 713604.423996067955159, 740509.530970491003245, 0.0 ], [ 713604.700996067957021, 740515.480970488977619, 0.0 ], [ 713605.439996068016626, 740524.377970492001623, 0.0 ], [ 713605.824996068025939, 740532.276970493956469, 0.0 ], [ 713607.831996068009175, 740544.968970490037464, 0.0 ], [ 713609.020996066974476, 740553.763970496016555, 0.0 ], [ 713610.882996067055501, 740575.251970486016944, 0.0 ], [ 713609.436996066942811, 740609.362970491987653, 0.0 ], [ 713609.789996067993343, 740640.189970490057021, 0.0 ], [ 713609.64999606704805, 740673.769970483961515, 0.0 ], [ 713606.405996068031527, 740699.89897048601415, 0.0 ], [ 713600.011996068991721, 740729.767970495973714, 0.0 ], [ 713592.017996071022935, 740757.47697049297858, 0.0 ], [ 713587.654996071010828, 740772.282970492029563, 0.0 ], [ 713583.830996072036214, 740788.932970484951511, 0.0 ], [ 713582.041996072046459, 740800.913970496039838, 0.0 ], [ 713578.539996072999202, 740853.294970488990657, 0.0 ], [ 713576.521996074006893, 740880.768970491015352, 0.0 ], [ 713577.134996072971262, 740906.629970490001142, 0.0 ], [ 713577.659996074042283, 740914.401970493956469, 0.0 ], [ 713585.581996071967296, 740968.244970494997688, 0.0 ], [ 713612.703996067051776, 740971.605970495031215, 0.0 ], [ 713639.904996062046848, 740973.074970489018597, 0.0 ], [ 713655.939996059052646, 740971.858970490982756, 0.0 ], [ 713675.427996056037955, 740969.408970486954786, 0.0 ], [ 713690.247996052959934, 740965.825970479985699, 0.0 ], [ 713695.134996052947827, 740964.885970492032357, 0.0 ], [ 713701.042996051022783, 740962.979970486951061, 0.0 ], [ 713711.094996050000191, 740959.439970492967404, 0.0 ], [ 713740.07899604504928, 740954.038970491033979, 0.0 ], [ 713758.336996042053215, 740948.730970481992699, 0.0 ], [ 713769.932996039045975, 740946.15497047896497, 0.0 ], [ 713778.001996038015932, 740943.812970489030704, 0.0 ], [ 713815.549996030982584, 740937.361970482976176, 0.0 ], [ 713839.633996027056128, 740933.576970482012257, 0.0 ], [ 713853.858996024006046, 740932.226970479008742, 0.0 ], [ 713865.676996021997184, 740931.244970486033708, 0.0 ], [ 713881.106996019952931, 740929.665970474015921, 0.0 ], [ 713892.335996016976424, 740926.2279704810353, 0.0 ], [ 713909.259996014996432, 740917.587970476946793, 0.0 ], [ 713926.09399601095356, 740915.616970474016853, 0.0 ], [ 713931.16699601104483, 740915.59397046896629, 0.0 ], [ 713937.883996009011753, 740917.387970468960702, 0.0 ], [ 713949.110996006987989, 740920.788970477995463, 0.0 ], [ 713960.248996005044319, 740928.90497048094403, 0.0 ], [ 713965.205996004049666, 740931.44597047904972, 0.0 ], [ 713970.833996003028005, 740934.025970475981012, 0.0 ], [ 713975.534996003028937, 740935.816970478976145, 0.0 ], [ 713982.530996000976302, 740937.638970475993119, 0.0 ], [ 713989.542996000032872, 740938.447970474953763, 0.0 ], [ 713994.901995999040082, 740938.314970480045304, 0.0 ], [ 713998.562995997956023, 740937.785970474011265, 0.0 ], [ 714004.479995997040533, 740936.932970477966592, 0.0 ], [ 714008.956995995948091, 740936.329970468999818, 0.0 ], [ 714013.915995995979756, 740935.307970470981672, 0.0 ], [ 714018.764995994977653, 740934.814970475039445, 0.0 ], [ 714023.177995993988588, 740934.061970478040166, 0.0 ], [ 714028.174995993031189, 740932.697970476001501, 0.0 ], [ 714035.042995990952477, 740930.696970478049479, 0.0 ], [ 714068.283995985984802, 740922.131970479036681, 0.0 ], [ 714096.459995980956592, 740916.366970474948175, 0.0 ], [ 714105.002995979972184, 740914.910970465978608, 0.0 ], [ 714119.883995976997539, 740910.9839704670012, 0.0 ], [ 714140.189995973021723, 740904.394970468943939, 0.0 ], [ 714163.206995969056152, 740896.472970471018925, 0.0 ], [ 714177.879995965980925, 740891.808970464975573, 0.0 ], [ 714195.68099596304819, 740887.289970463956706, 0.0 ], [ 714216.470995959010907, 740885.985970463952981, 0.0 ], [ 714232.511995955952443, 740885.034970468957908, 0.0 ], [ 714247.136995953973383, 740886.936970466049388, 0.0 ], [ 714266.949995949980803, 740887.412970463046804, 0.0 ], [ 714291.953995945048518, 740890.264970468007959, 0.0 ], [ 714315.542995941010304, 740893.116970465052873, 0.0 ], [ 714326.008995939046144, 740894.593970458954573, 0.0 ], [ 714348.0549959349446, 740898.26497046102304, 0.0 ], [ 714386.479995928006247, 740905.386970455991104, 0.0 ], [ 714394.80599592695944, 740906.770970458048396, 0.0 ], [ 714404.998995924950577, 740907.610970465000719, 0.0 ], [ 714411.191995923989452, 740907.853970458032563, 0.0 ], [ 714418.962995921960101, 740907.928970452980138, 0.0 ], [ 714429.199995920993388, 740907.957970460993238, 0.0 ], [ 714440.491995917982422, 740907.325970462057739, 0.0 ], [ 714448.820995916961692, 740906.371970459003933, 0.0 ], [ 714454.207995916018263, 740906.341970450012013, 0.0 ], [ 714458.283995914971456, 740905.797970451996662, 0.0 ], [ 714484.529995911056176, 740898.876970452954993, 0.0 ], [ 714495.957995909033343, 740895.204970450024121, 0.0 ], [ 714507.043995906016789, 740891.81797045096755, 0.0 ], [ 714515.126995904953219, 740889.68997045897413, 0.0 ], [ 714521.388995904009789, 740888.166970449965447, 0.0 ], [ 714533.900995900970884, 740885.712970454944298, 0.0 ], [ 714551.025995897944085, 740882.701970446039923, 0.0 ], [ 714552.651995897991583, 740882.316970458021387, 0.0 ], [ 714563.825995896011591, 740880.537970451056026, 0.0 ], [ 714591.469995890976861, 740876.827970447950065, 0.0 ], [ 714609.684995888033882, 740874.628970448044129, 0.0 ], [ 714626.876995883998461, 740872.808970449957997, 0.0 ], [ 714633.351995883043855, 740872.26997045299504, 0.0 ], [ 714667.060995877021924, 740869.317970450036228, 0.0 ], [ 714691.496995872003026, 740866.970970439957455, 0.0 ], [ 714706.285995870013721, 740866.810970445047133, 0.0 ], [ 714724.808995865983889, 740867.206970438943245, 0.0 ], [ 714765.133995858952403, 740867.401970444945619, 0.0 ], [ 714822.90199584804941, 740868.303970437031239, 0.0 ], [ 714847.462995843961835, 740869.527970438008197, 0.0 ], [ 714854.37599584297277, 740869.405970433959737, 0.0 ], [ 714877.463995837955736, 740870.640970438951626, 0.0 ], [ 714890.420995836029761, 740870.97797044494655, 0.0 ], [ 714895.964995834976435, 740870.865970429964364, 0.0 ], [ 714906.457995833014138, 740870.037970433011651, 0.0 ], [ 714915.470995830954053, 740868.41297043999657, 0.0 ], [ 714922.652995830052532, 740866.906970439013094, 0.0 ], [ 714927.134995828964747, 740865.463970432057977, 0.0 ], [ 714938.671995826996863, 740861.134970434010029, 0.0 ], [ 714954.023995824041776, 740854.595970432041213, 0.0 ], [ 714962.432995822047815, 740851.638970435014926, 0.0 ], [ 714968.959995822049677, 740849.699970436049625, 0.0 ], [ 715014.457995812990703, 740839.409970427048393, 0.0 ], [ 715021.534995811991394, 740837.640970436041243, 0.0 ], [ 715026.090995811042376, 740836.168970428989269, 0.0 ], [ 715029.627995810005814, 740834.750970426015556, 0.0 ], [ 715035.231995809008367, 740831.854970432003029, 0.0 ], [ 715037.779995808959939, 740830.388970426982269, 0.0 ], [ 715042.832995807984844, 740827.125970427994616, 0.0 ], [ 715046.872995806974359, 740823.709970426047221, 0.0 ], [ 715053.000995805021375, 740816.737970429006964, 0.0 ], [ 715055.218995805946179, 740813.054970424971543, 0.0 ], [ 715058.383995804004371, 740806.749970425968058, 0.0 ], [ 715060.236995805054903, 740802.371970430016518, 0.0 ], [ 715064.996995804016478, 740789.65197043097578, 0.0 ], [ 715069.853995803045109, 740776.019970425055362, 0.0 ], [ 715078.877995801041834, 740752.269970425986685, 0.0 ], [ 715084.288995799957775, 740738.828970431000926, 0.0 ], [ 715091.568995798006654, 740724.793970428057946, 0.0 ], [ 715098.866995797026902, 740712.15597042394802, 0.0 ], [ 715100.57499579701107, 740708.562970426981337, 0.0 ], [ 715101.568995796027593, 740706.146970428992063, 0.0 ], [ 715103.002995796035975, 740701.1499704309972, 0.0 ], [ 715105.813995796022937, 740692.60297042503953, 0.0 ], [ 715108.087995794950984, 740683.07697042694781, 0.0 ], [ 715109.708995794993825, 740672.114970425958745, 0.0 ], [ 715111.175995794008486, 740661.198970432044007, 0.0 ], [ 715115.134995794040151, 740627.833970427047461, 0.0 ], [ 715119.253995793056674, 740595.234970428049564, 0.0 ], [ 715122.198995791957714, 740574.089970431989059, 0.0 ], [ 715123.840995791950263, 740564.397970431018621, 0.0 ], [ 715125.834225352038629, 740547.846368093974888, 0.0 ], [ 715126.261995790991932, 740546.550970428041182, 0.0 ], [ 715129.369995792047121, 740537.165970426052809, 0.0 ], [ 715133.525995790958405, 740527.531970430980437, 0.0 ], [ 715136.878995788982138, 740516.435970423975959, 0.0 ], [ 715141.060995789943263, 740516.100970420986414, 0.0 ], [ 715151.452995787025429, 740512.096970431040972, 0.0 ], [ 715181.444995781988837, 740505.295970420003869, 0.0 ], [ 715220.264995774021372, 740496.641970425029285, 0.0 ], [ 715259.477995767025277, 740486.357970425044186, 0.0 ], [ 715294.285995760001242, 740476.969970418955199, 0.0 ], [ 715306.08499575802125, 740473.144970413995907, 0.0 ], [ 715328.186995754018426, 740465.979970416985452, 0.0 ], [ 715331.39799575402867, 740464.938970413990319, 0.0 ], [ 715373.953995745978318, 740453.160970411030576, 0.0 ], [ 715376.993995744967833, 740452.366970411036164, 0.0 ], [ 715411.508995737996884, 740443.349970413022675, 0.0 ], [ 715455.213995730038732, 740432.40497040504124, 0.0 ], [ 715454.854103407007642, 740424.91531915194355, 0.0 ], [ 715454.618113594013266, 740420.738226035959087, 0.0 ], [ 715455.539515021024272, 740417.113848202046938, 0.0 ], [ 715456.449652974959463, 740413.533775790943764, 0.0 ], [ 715456.053697141003795, 740409.336688044946641, 0.0 ], [ 715475.767435197951272, 740404.063704169006087, 0.0 ], [ 715500.717050174018368, 740398.309790835948661, 0.0 ], [ 715525.963594614993781, 740391.816035939031281, 0.0 ], [ 715550.548272382002324, 740384.484466867987067, 0.0 ], [ 715582.426383845042437, 740376.285038957023062, 0.0 ], [ 715612.487891361000948, 740368.913443280966021, 0.0 ], [ 715640.130915394052863, 740361.529865727992728, 0.0 ], [ 715666.877135167014785, 740354.577200533007272, 0.0 ], [ 715667.375027569942176, 740354.448225285974331, 0.0 ], [ 715700.072963036014698, 740346.146814084029756, 0.0 ], [ 715737.324915381963365, 740336.767607138957828, 0.0 ], [ 715762.290518659050576, 740330.134883988997899, 0.0 ], [ 715797.765856222948059, 740321.342561205034144, 0.0 ], [ 715829.622968725045212, 740312.763215534971096, 0.0 ], [ 715844.527765181963332, 740308.987003362039104, 0.0 ], [ 715845.786995655973442, 740308.667970392038114, 0.0 ], [ 715845.796471333946101, 740308.665541908005252, 0.0 ], [ 715884.451122316997498, 740298.75889765098691, 0.0 ], [ 715907.997036566957831, 740292.91601234395057, 0.0 ], [ 715915.022518099984154, 740291.067367743002251, 0.0 ], [ 715925.661218845052645, 740288.284902272978798, 0.0 ], [ 715966.265442866948433, 740277.607954730046913, 0.0 ], [ 715979.358018381055444, 740274.338061477057636, 0.0 ], [ 716050.713201718055643, 740256.516981621040031, 0.0 ], [ 716154.004898427054286, 740231.004576975014061, 0.0 ], [ 716197.98439482296817, 740220.141915682004765, 0.0 ], [ 716211.267519582994282, 740216.195685290032998, 0.0 ], [ 716225.617416722001508, 740212.271443226956762, 0.0 ], [ 716239.385436794022098, 740208.208235042984597, 0.0 ], [ 716250.948926048004068, 740203.974078141036443, 0.0 ], [ 716257.428515366045758, 740201.21063527604565, 0.0 ], [ 716266.834464743034914, 740196.906507460051216, 0.0 ], [ 716272.350259709986858, 740194.123075147974305, 0.0 ], [ 716272.350204352289438, 740194.122889936203137, 0.0 ], [ 716281.192995571997017, 740190.715970376040787, 0.0 ], [ 716285.810995570966043, 740188.936970378039405, 0.0 ], [ 716470.50999553501606, 740109.874970362987369, 0.0 ], [ 716649.591995498980395, 740033.619970362982713, 0.0 ], [ 716695.301995489979163, 740016.325970354024321, 0.0 ], [ 716697.229995490051806, 740015.58097035298124, 0.0 ], [ 716700.90099548897706, 740014.160970353987068, 0.0 ], [ 716703.552995488978922, 740013.135970346978866, 0.0 ], [ 716712.004995487048291, 740009.882970358012244, 0.0 ], [ 716714.207995487027802, 740016.796970356022939, 0.0 ], [ 716725.487995484028943, 740052.20097035204526, 0.0 ], [ 716734.453995481948368, 740077.182970357011072, 0.0 ], [ 716739.254995482042432, 740090.564970350009389, 0.0 ], [ 716744.551995481015183, 740100.917970351991244, 0.0 ], [ 716746.610995481023565, 740105.509970349026844, 0.0 ], [ 716747.494995480054058, 740107.479970355052501, 0.0 ], [ 716748.281995479948819, 740108.793970357975923, 0.0 ], [ 716762.194995476980694, 740132.08097034401726, 0.0 ], [ 716765.764995475998148, 740138.056970356032252, 0.0 ], [ 716770.166995474952273, 740146.880970355006866, 0.0 ], [ 716787.122995472047478, 740141.071970351040363, 0.0 ], [ 716793.15299547102768, 740138.956970346043818, 0.0 ], [ 716803.837995468988083, 740135.344970342004672, 0.0 ], [ 716869.943995455978438, 740118.597970345057547, 0.0 ], [ 716902.286995448987, 740110.2669703400461, 0.0 ], [ 716905.180995448958129, 740109.589970345026813, 0.0 ], [ 716913.648995446972549, 740107.44297034596093, 0.0 ], [ 716917.367995445965789, 740106.497970344033092, 0.0 ], [ 716923.245995444944128, 740105.038970342953689, 0.0 ], [ 716926.015995444031432, 740104.245970341959037, 0.0 ], [ 716967.232995435944758, 740093.516970340977423, 0.0 ], [ 717001.420995429973118, 740084.448970339959487, 0.0 ], [ 717001.865995430038311, 740084.32897034403868, 0.0 ], [ 717002.114995429990813, 740084.262970331008546, 0.0 ], [ 717003.817995429039001, 740083.455970335984603, 0.0 ], [ 717027.63599542400334, 740072.171970339026302, 0.0 ], [ 717047.348995420034043, 740062.810970340040512, 0.0 ], [ 717048.890995420049876, 740062.080970344948582, 0.0 ], [ 717052.673995419056155, 740060.283970330958255, 0.0 ], [ 717057.877995418035425, 740057.791970334015787, 0.0 ], [ 717063.582995416945778, 740055.105970334028825, 0.0 ], [ 717066.135995417018421, 740053.892970329965465, 0.0 ], [ 717099.960995409986936, 740037.972970333998092, 0.0 ], [ 717113.51599540701136, 740031.591970338951796, 0.0 ], [ 717121.84799540496897, 740027.713970332057215, 0.0 ], [ 717131.315995404031128, 740023.307970328023657, 0.0 ], [ 717137.34199540305417, 740020.36797033296898, 0.0 ], [ 717143.411995401023887, 740017.573970334953628, 0.0 ], [ 717153.357995399041101, 740012.782970333006233, 0.0 ], [ 717157.575995397986844, 740010.751970326993614, 0.0 ], [ 717174.848995395004749, 740002.660970328026451, 0.0 ], [ 717177.896995394956321, 740002.202970330021344, 0.0 ], [ 717210.853995388024487, 739997.132970327045768, 0.0 ], [ 717223.374995384947397, 739995.205970327951945, 0.0 ], [ 717225.043995384941809, 739994.948970330995508, 0.0 ], [ 717226.643995383987203, 739994.702970323036425, 0.0 ], [ 717227.94199538405519, 739994.536970322951674, 0.0 ], [ 717229.829995383042842, 739994.294970327988267, 0.0 ], [ 717254.70999537804164, 739991.112970325979404, 0.0 ], [ 717254.644995379028842, 739991.933970325975679, 0.0 ], [ 717254.308995379018597, 739996.277970322989859, 0.0 ], [ 717253.9909953790484, 740000.397970324964263, 0.0 ], [ 717253.558995379018597, 740005.995970326010138, 0.0 ], [ 717249.835995379951783, 740054.235970329027623, 0.0 ], [ 717249.638995380024426, 740056.775970329996198, 0.0 ], [ 717249.439995380002074, 740059.360970329027623, 0.0 ], [ 717249.277995379990898, 740061.22997032396961, 0.0 ], [ 717248.969995380030014, 740064.785970326978713, 0.0 ], [ 717246.523995380033739, 740093.033970323973335, 0.0 ], [ 717246.443995379959233, 740093.513970331987366, 0.0 ], [ 717249.156995379948057, 740099.873970328946598, 0.0 ], [ 717266.364995377021842, 740140.234970330027863, 0.0 ], [ 717283.322995373047888, 740179.715970325050876, 0.0 ], [ 717295.29599537095055, 740207.875970326014794, 0.0 ], [ 717305.29399536899291, 740230.964970325003378, 0.0 ], [ 717316.938995367032476, 740257.854970328044146, 0.0 ], [ 717337.759995362022892, 740306.198970320052467, 0.0 ], [ 717353.556995359947905, 740342.498970319982618, 0.0 ], [ 717358.301995359011926, 740353.25997032399755, 0.0 ], [ 717361.183995357947424, 740358.178970317007042, 0.0 ], [ 717377.116995353950188, 740385.255970322992653, 0.0 ], [ 717389.666995352017693, 740406.017970327055082, 0.0 ], [ 717400.333995350054465, 740424.902970319031738, 0.0 ], [ 717419.753995346021838, 740458.069970324053429, 0.0 ], [ 717438.663995341979899, 740490.417970319045708, 0.0 ], [ 717459.489995338022709, 740526.430970320943743, 0.0 ], [ 717472.814995334949344, 740549.407970319036394, 0.0 ], [ 717475.216995334019884, 740553.548970320029184, 0.0 ], [ 717477.925995334051549, 740558.001970318960957, 0.0 ], [ 717479.578995333984494, 740560.565970310010016, 0.0 ], [ 717481.195995333953761, 740563.073970319004729, 0.0 ], [ 717493.132995332009159, 740582.141970315948129, 0.0 ], [ 717511.02399532799609, 740611.514970305026509, 0.0 ], [ 717523.548995324992575, 740632.142970307962969, 0.0 ], [ 717525.322995324037038, 740634.741970316041261, 0.0 ], [ 717530.087995324051008, 740642.037970314035192, 0.0 ], [ 717531.221995324012823, 740643.665970311034471, 0.0 ], [ 717531.942995322984643, 740644.702970315003768, 0.0 ], [ 717532.513995322980918, 740645.787970312987454, 0.0 ], [ 717533.30799532297533, 740647.757970312959515, 0.0 ], [ 717535.523995322990231, 740655.106970311957411, 0.0 ], [ 717536.396995323011652, 740658.001970304991119, 0.0 ], [ 717549.002995320013724, 740699.979970309999771, 0.0 ], [ 717554.975995318964124, 740718.947970308014192, 0.0 ], [ 717561.692995317978784, 740731.252970317029394, 0.0 ], [ 717576.249995314050466, 740757.983970311004668, 0.0 ], [ 717585.837995312991552, 740774.969970309990458, 0.0 ], [ 717618.348995305947028, 740833.871970309992321, 0.0 ], [ 717627.996995304012671, 740851.409970312961377, 0.0 ], [ 717638.038995301001705, 740870.004970315960236, 0.0 ], [ 717645.943995301029645, 740885.162970302975737, 0.0 ], [ 717641.63699530204758, 740887.799970307038166, 0.0 ], [ 717646.649995299987495, 740896.677970306016505, 0.0 ], [ 717655.488995298976079, 740912.355970310047269, 0.0 ], [ 717668.570995296002366, 740935.277970305993222, 0.0 ], [ 717680.008995293988846, 740954.259970300947316, 0.0 ], [ 717696.372995289973915, 740982.883970304043032, 0.0 ], [ 717711.002995286951773, 741007.98397030797787, 0.0 ], [ 717717.155995285953395, 741018.135970307979733, 0.0 ], [ 717719.056995284976438, 741021.402970310999081, 0.0 ], [ 717721.606995285023004, 741024.770970309036784, 0.0 ], [ 717726.923995284014381, 741032.908970308955759, 0.0 ], [ 717732.673995282966644, 741043.344970309990458, 0.0 ], [ 717782.122995272045955, 741133.093970300978981, 0.0 ], [ 717787.2089952720562, 741142.365970295970328, 0.0 ], [ 717839.930995260947384, 741252.802970299962908, 0.0 ], [ 717884.35599525202997, 741344.979970299056731, 0.0 ], [ 717904.815995248034596, 741392.009970293031074, 0.0 ], [ 717920.302995244972408, 741436.234970301040448, 0.0 ], [ 717925.245696973986924, 741446.448353964020498, 0.0 ], [ 717934.84399524203036, 741474.181970293982886, 0.0 ], [ 717942.552995239966549, 741503.175970291020349, 0.0 ], [ 717946.130995239014737, 741514.178970295004547, 0.0 ], [ 717949.330995238968171, 741524.020970295998268, 0.0 ], [ 717955.999995236983523, 741547.845970290945843, 0.0 ], [ 717956.899995237006806, 741549.105970293050632, 0.0 ], [ 717960.976995237055235, 741562.370970295974985, 0.0 ], [ 717968.167995234951377, 741560.432970284949988, 0.0 ], [ 717982.096995232044719, 741556.20897029095795, 0.0 ], [ 718001.357995228026994, 741548.455970288952813, 0.0 ], [ 718008.655995225999504, 741543.300970286945812, 0.0 ], [ 718012.516995226033032, 741542.152970287948847, 0.0 ], [ 718018.432995224022307, 741539.970970285008661, 0.0 ], [ 718023.173995223012753, 741539.70697028702125, 0.0 ], [ 718028.384995221975259, 741538.722970291040838, 0.0 ], [ 718035.250995220965706, 741537.014970288961194, 0.0 ], [ 718047.555995219037868, 741532.410970284952782, 0.0 ], [ 718057.729995216010138, 741528.293970288010314, 0.0 ], [ 718065.305995214963332, 741526.104970284970477, 0.0 ], [ 718077.849995212047361, 741521.976970290997997, 0.0 ], [ 718094.183995209052227, 741517.111970286001451, 0.0 ], [ 718103.087995207053609, 741514.067970287054777, 0.0 ], [ 718105.544995205942541, 741513.227970286039636, 0.0 ], [ 718113.756995204952545, 741511.620970280957408, 0.0 ], [ 718124.823995201964863, 741509.941970283049159, 0.0 ], [ 718136.392995200003497, 741508.599970284965821, 0.0 ], [ 718144.714995197951794, 741507.988970280042849, 0.0 ], [ 718159.23399519501254, 741507.571970285964198, 0.0 ], [ 718165.740995193948038, 741508.265970285050571, 0.0 ], [ 718169.242995192995295, 741508.629970279056579, 0.0 ], [ 718173.506995192030445, 741509.059970280039124, 0.0 ], [ 718217.560995182953775, 741512.264970278018154, 0.0 ], [ 718274.951995171955787, 741516.02397026901599, 0.0 ], [ 718309.88099516404327, 741518.577970274956897, 0.0 ], [ 718326.76199516095221, 741519.80997026595287, 0.0 ], [ 718370.810995151055977, 741522.392970273038372, 0.0 ], [ 718396.655995146022178, 741524.409970259992406, 0.0 ], [ 718422.045995139982551, 741526.270970268989913, 0.0 ], [ 718466.884995131054893, 741529.842970267985947, 0.0 ], [ 718474.089995129965246, 741530.892970259999856, 0.0 ], [ 718499.664995123981498, 741533.659970261971466, 0.0 ], [ 718503.801995123038068, 741534.018970264005475, 0.0 ], [ 718518.666995121049695, 741537.103970268042758, 0.0 ], [ 718521.450995119987056, 741535.739970262977295, 0.0 ], [ 718530.64499511802569, 741538.411970264045522, 0.0 ], [ 718552.609995112987235, 741539.202970267971978, 0.0 ], [ 718566.63299511000514, 741536.044970266986638, 0.0 ], [ 718576.89799510804005, 741535.262970266048796, 0.0 ], [ 718585.938995106029324, 741533.36797026405111, 0.0 ], [ 718602.369995102053508, 741529.580970259034075, 0.0 ], [ 718624.521995097980835, 741520.111970258993097, 0.0 ], [ 718651.264995091944002, 741508.919970256043598, 0.0 ], [ 718673.023995087947696, 741500.453970253001899, 0.0 ], [ 718705.267995081027038, 741489.282970255007967, 0.0 ], [ 718724.783995077013969, 741482.378970253979787, 0.0 ], [ 718732.174995074979961, 741480.588970249053091, 0.0 ], [ 718737.273995073977858, 741480.361970253055915, 0.0 ], [ 718743.306995072984137, 741476.880970248021185, 0.0 ], [ 718749.845995070994832, 741474.844970257021487, 0.0 ], [ 718756.147995069972239, 741475.061970253009349, 0.0 ], [ 718766.324995068018325, 741470.557970253983513, 0.0 ], [ 718773.368995066964999, 741469.318970247055404, 0.0 ], [ 718786.352995063993149, 741466.101970245013945, 0.0 ], [ 718802.727995060035028, 741460.964970243978314, 0.0 ], [ 718816.803995057009161, 741456.039970246958546, 0.0 ], [ 718831.03999505401589, 741453.064970243955031, 0.0 ], [ 718853.504995050025173, 741446.145970245008357, 0.0 ], [ 718864.982995047001168, 741441.884970252052881, 0.0 ], [ 718876.646995045011863, 741434.571970241027884, 0.0 ], [ 718901.927995039033704, 741421.186970244045369, 0.0 ], [ 718914.645995037048124, 741414.968970243004151, 0.0 ], [ 718919.988995034946129, 741413.490970244980417, 0.0 ], [ 718928.295995034044608, 741414.646970242960379, 0.0 ], [ 718934.347995031974278, 741414.864970237948, 0.0 ], [ 718941.194995030993596, 741414.078970234026201, 0.0 ], [ 718951.534995028050616, 741412.074970240006223, 0.0 ], [ 718959.87499502603896, 741409.979970240965486, 0.0 ], [ 718979.692995022051036, 741403.623970233020373, 0.0 ], [ 718997.174995018984191, 741399.831970236962661, 0.0 ], [ 719014.108995015034452, 741396.542970233014785, 0.0 ], [ 719026.655995012028143, 741395.775970238028094, 0.0 ], [ 719031.277995010954328, 741396.956970241037197, 0.0 ], [ 719034.117995011038147, 741397.685970240971074, 0.0 ], [ 719038.227995009976439, 741399.564970228006132, 0.0 ], [ 719045.330995009047911, 741400.027970231021754, 0.0 ], [ 719051.630995006999001, 741399.89497023797594, 0.0 ], [ 719058.887995006050915, 741398.137970229960047, 0.0 ], [ 719081.138995000976138, 741391.286970232031308, 0.0 ], [ 719095.866994997952133, 741386.958970229024999, 0.0 ], [ 719117.712994992965832, 741379.522970234043896, 0.0 ], [ 719144.661994987982325, 741369.802970223943703, 0.0 ], [ 719179.803994979010895, 741357.427970226970501, 0.0 ], [ 719222.278994970023632, 741342.837970228050835, 0.0 ], [ 719243.842994965962134, 741335.975970224943012, 0.0 ], [ 719302.860994952963665, 741315.558970217010938, 0.0 ], [ 719303.816994952969253, 741315.285970218945295, 0.0 ], [ 719318.937994949053973, 741310.973970216000453, 0.0 ], [ 719336.818994945962913, 741306.928970222943462, 0.0 ], [ 719368.241994939045981, 741301.311970222042874, 0.0 ], [ 719392.020994934020564, 741296.936970217968337, 0.0 ], [ 719399.521994931972586, 741296.746970214997418, 0.0 ], [ 719408.424994930042885, 741297.299970212043263, 0.0 ], [ 719427.212994926027022, 741294.499970213975757, 0.0 ], [ 719445.894994921982288, 741290.850970205035992, 0.0 ], [ 719459.437994919950143, 741289.279970212024637, 0.0 ], [ 719488.498994912952185, 741284.466970214038156, 0.0 ], [ 719490.173994911951013, 741284.363970214035362, 0.0 ], [ 719491.729994912049733, 741284.267970212036744, 0.0 ], [ 719492.384994911961257, 741284.22797021002043, 0.0 ], [ 719520.657994905952364, 741279.725970210041851, 0.0 ], [ 719534.030994902946986, 741276.171970213996246, 0.0 ], [ 719542.229994900990278, 741274.60597021295689, 0.0 ], [ 719556.685994897969067, 741271.48197020997759, 0.0 ], [ 719568.325994894956239, 741267.066970202024095, 0.0 ], [ 719581.473994891974144, 741261.555970201967284, 0.0 ], [ 719589.653994890046306, 741258.507970207021572, 0.0 ], [ 719609.926994886016473, 741252.740970207029022, 0.0 ], [ 719617.535994883975945, 741250.337970208958723, 0.0 ], [ 719621.140994883957319, 741249.199970199959353, 0.0 ], [ 719643.54399487900082, 741237.761970206047408, 0.0 ], [ 719657.769994875998236, 741232.027970199007541, 0.0 ], [ 719665.318994874018244, 741230.029970200965181, 0.0 ], [ 719670.486994873033836, 741226.953970202011988, 0.0 ], [ 719675.436994872055948, 741223.445970200002193, 0.0 ], [ 719680.3919948709663, 741221.024970202008262, 0.0 ], [ 719689.023994868970476, 741219.455970198032446, 0.0 ], [ 719698.307994866976514, 741218.753970199963078, 0.0 ], [ 719712.121994863962755, 741216.939970200997777, 0.0 ], [ 719728.093994859955274, 741214.457970193005167, 0.0 ], [ 719736.076994859031402, 741212.894970193039626, 0.0 ], [ 719739.311994857969694, 741212.006970201036893, 0.0 ], [ 719742.759994857013226, 741210.24797020398546, 0.0 ], [ 719745.120994857046753, 741207.623970197048038, 0.0 ], [ 719747.267994855996221, 741204.999970198958181, 0.0 ], [ 719749.199994856026024, 741202.81297019997146, 0.0 ], [ 719751.56699485599529, 741201.058970198966563, 0.0 ], [ 719754.798994853976183, 741199.518970196950249, 0.0 ], [ 719765.576994852977805, 741196.434970195055939, 0.0 ], [ 719772.910994851030409, 741194.652970194001682, 0.0 ], [ 719781.536994848982431, 741191.99797019304242, 0.0 ], [ 719789.730994847021066, 741189.342970198020339, 0.0 ], [ 719798.580994845018722, 741187.989970193943009, 0.0 ], [ 719803.760994844022207, 741187.526970201055519, 0.0 ], [ 719812.172994842054322, 741185.087970196967945, 0.0 ], [ 719820.369994840002619, 741183.085970196058042, 0.0 ], [ 719837.846994835999794, 741179.510970189003274, 0.0 ], [ 719845.832994834054261, 741178.380970190977678, 0.0 ], [ 719852.741994832991622, 741177.691970190033317, 0.0 ], [ 719857.704994832049124, 741176.794970185961574, 0.0 ], [ 719874.531994828023016, 741172.787970192963257, 0.0 ], [ 719878.199994827038608, 741172.114970191032626, 0.0 ], [ 719902.575994821963832, 741167.000970182009041, 0.0 ], [ 719910.558994819992222, 741165.434970183996484, 0.0 ], [ 719924.81599481694866, 741164.580970186972991, 0.0 ], [ 719929.236994817038067, 741163.999970186967403, 0.0 ], [ 719936.336994815035723, 741165.214970182976685, 0.0 ], [ 719950.839994812035002, 741168.768970184028149, 0.0 ], [ 719966.228994808043353, 741171.724970182985999, 0.0 ], [ 719973.627994806971401, 741173.501970179961063, 0.0 ], [ 719984.575994804035872, 741174.080970179988071, 0.0 ], [ 719992.862994801951572, 741175.855970178963616, 0.0 ], [ 720002.037994800019078, 741178.225970181985758, 0.0 ], [ 720010.620994798024185, 741180.596970182028599, 0.0 ], [ 720020.266994795994833, 741182.523970184032805, 0.0 ], [ 720023.940994794946164, 741183.257970181992278, 0.0 ], [ 720034.591994793037884, 741184.731970180990174, 0.0 ], [ 720041.102994790999219, 741185.615970171056688, 0.0 ], [ 720049.386994790052995, 741185.900970182963647, 0.0 ], [ 720055.599994787946343, 741186.186970183043741, 0.0 ], [ 720058.262994788005017, 741186.481970172957517, 0.0 ], [ 720064.183994787046686, 741188.857970178942196, 0.0 ], [ 720076.023994783987291, 741192.714970180997625, 0.0 ], [ 720083.422994781984016, 741194.193970181979239, 0.0 ], [ 720098.517994779045694, 741198.044970176997595, 0.0 ], [ 720110.653994775959291, 741201.602970176958479, 0.0 ], [ 720123.086994773009792, 741205.755970173049718, 0.0 ], [ 720129.301994772045873, 741207.235970176989213, 0.0 ], [ 720134.333994771004654, 741208.718970170943066, 0.0 ], [ 720141.433994770050049, 741208.408970169024542, 0.0 ], [ 720149.717994767008349, 741208.693970173946582, 0.0 ], [ 720156.226994766038842, 741208.683970173005946, 0.0 ], [ 720159.186994764953852, 741209.572970167035237, 0.0 ], [ 720162.738994764978997, 741210.758970175986178, 0.0 ], [ 720166.587994763976894, 741213.138970169005916, 0.0 ], [ 720170.73399476299528, 741214.026970174978487, 0.0 ], [ 720176.349994761054404, 741211.929970173048787, 0.0 ], [ 720180.194994759978727, 741211.625970171997324, 0.0 ], [ 720189.066994759021327, 741211.203970168018714, 0.0 ], [ 720194.533994758035988, 741211.635970173985697, 0.0 ], [ 720199.12699475698173, 741211.187970170052722, 0.0 ], [ 720206.122994755045511, 741209.632970170001499, 0.0 ], [ 720210.931994754006155, 741207.862970171961933, 0.0 ], [ 720213.554994752979837, 741206.756970169022679, 0.0 ], [ 720218.363994752056897, 741205.42597017204389, 0.0 ], [ 720225.7989947500173, 741204.311970175942406, 0.0 ], [ 720238.917994747054763, 741201.645970168057829, 0.0 ], [ 720250.938994745025411, 741197.218970168032683, 0.0 ], [ 720259.462994743022136, 741193.898970169946551, 0.0 ], [ 720264.709994741948321, 741192.127970168017782, 0.0 ], [ 720271.04899474105332, 741189.471970160026103, 0.0 ], [ 720278.479994739056565, 741186.594970167963766, 0.0 ], [ 720285.688994736992754, 741181.293970159022138, 0.0 ], [ 720293.55599473498296, 741176.872970166034065, 0.0 ], [ 720302.077994733001105, 741172.671970164985396, 0.0 ], [ 720310.819994730991311, 741168.469970162957907, 0.0 ], [ 720313.442994731012732, 741167.363970160018653, 0.0 ], [ 720316.033994729979895, 741146.421970159048215, 0.0 ], [ 720317.541994730010629, 741132.753970162011683, 0.0 ], [ 720318.41299473005347, 741130.328970163944177, 0.0 ], [ 720320.379994728951715, 741129.002970166038722, 0.0 ], [ 720323.002994728973135, 741128.778970162966289, 0.0 ], [ 720331.315994726959616, 741129.64697016205173, 0.0 ], [ 720342.685994724044576, 741127.864970167982392, 0.0 ], [ 720361.490994720021263, 741125.189970160019584, 0.0 ], [ 720381.187994714942761, 741121.749970166012645, 0.0 ], [ 720417.769994708010927, 741116.159970154985785, 0.0 ], [ 720454.350994699052535, 741110.04297015897464, 0.0 ], [ 720456.591994698974304, 741109.698970156023279, 0.0 ], [ 720467.188994696014561, 741108.068970151944086, 0.0 ], [ 720468.199994697002694, 741107.913970154011622, 0.0 ], [ 720480.221994693041779, 741107.367970159044489, 0.0 ], [ 720486.233994691981934, 741107.357970154029317, 0.0 ], [ 720516.806994684971869, 741103.093970160000026, 0.0 ], [ 720549.730994677986018, 741098.035970150958747, 0.0 ], [ 720570.373994673020206, 741095.368970151990652, 0.0 ], [ 720576.378994671045803, 741090.881970150046982, 0.0 ], [ 720599.559994666953571, 741086.258970143040642, 0.0 ], [ 720601.711994666024111, 741088.195970149012282, 0.0 ], [ 720606.974994665011764, 741092.93197014904581, 0.0 ], [ 720610.232994663994759, 741103.80997015198227, 0.0 ], [ 720611.016994663979858, 741110.958970146952197, 0.0 ], [ 720612.410994663950987, 741115.154970146948472, 0.0 ], [ 720615.192994663026184, 741117.948970144032501, 0.0 ], [ 720619.972994662006386, 741116.075970137957484, 0.0 ], [ 720625.983994659967721, 741112.800970148993656, 0.0 ], [ 720643.419994657044299, 741114.171970146009699, 0.0 ], [ 720660.702994651976041, 741116.320970145054162, 0.0 ], [ 720674.587994650006294, 741116.606970143970102, 0.0 ], [ 720693.567994644981809, 741118.443970146006905, 0.0 ], [ 720703.290994643000886, 741120.603970134980045, 0.0 ], [ 720711.719994641956873, 741121.996970140957274, 0.0 ], [ 720719.881994639057666, 741123.840970144956373, 0.0 ], [ 720732.514994635945186, 741124.349970138049684, 0.0 ], [ 720745.939994634012692, 741125.919970141956583, 0.0 ], [ 720753.836994632030837, 741126.967970142024569, 0.0 ], [ 720774.63499462697655, 741130.646970135043375, 0.0 ], [ 720795.167994622024707, 741133.795970136998221, 0.0 ], [ 720808.065994619042613, 741135.366970128030516, 0.0 ], [ 720821.490994615945965, 741136.670970130944625, 0.0 ], [ 720840.705994611955248, 741138.496970138978213, 0.0 ], [ 720849.128994610044174, 741139.277970124967396, 0.0 ], [ 720860.711994607001543, 741141.115970139973797, 0.0 ], [ 720874.131994604016654, 741139.767970136948861, 0.0 ], [ 720894.395994600025006, 741138.93997012800537, 0.0 ], [ 720904.394994597998448, 741137.861970131983981, 0.0 ], [ 720921.496994592947885, 741134.652970129973255, 0.0 ], [ 720933.40999458997976, 741132.176970132975839, 0.0 ], [ 720945.491994588053785, 741129.15797013300471, 0.0 ], [ 720967.379994582966901, 741125.945970125030726, 0.0 ], [ 720988.744994577951729, 741124.145970119978301, 0.0 ], [ 721001.530994575005025, 741123.241970119997859, 0.0 ], [ 721016.247994572040625, 741126.92497012403328, 0.0 ], [ 721031.848994567990303, 741134.488970124046318, 0.0 ], [ 721050.255994564038701, 741144.342970127006993, 0.0 ], [ 721091.449994554976001, 741166.279970119008794, 0.0 ], [ 721113.116994549985975, 741177.541970118996687, 0.0 ], [ 721118.727994548971765, 741180.650970121962018, 0.0 ], [ 721146.579994541942142, 741190.733970121014863, 0.0 ], [ 721152.260994539945386, 741193.013970113010146, 0.0 ], [ 721162.534994537942111, 741197.305970108951442, 0.0 ], [ 721168.621994536952116, 741199.807970116962679, 0.0 ], [ 721171.724994536023587, 741200.043970115948468, 0.0 ], [ 721173.655994536005892, 741198.481970116961747, 0.0 ], [ 721176.160994534962811, 741194.191970115993172, 0.0 ], [ 721179.051994535024278, 741188.733970116009004, 0.0 ], [ 721181.749994533951394, 741183.275970111018978, 0.0 ], [ 721183.871994532993995, 741181.12897011404857, 0.0 ], [ 721187.155994532979093, 741178.981970111955889, 0.0 ], [ 721192.370994532015175, 741177.413970111054368, 0.0 ], [ 721197.201994530041702, 741176.626970115001313, 0.0 ], [ 721201.646994528942741, 741176.03597011603415, 0.0 ], [ 721205.513994527980685, 741176.028970113955438, 0.0 ], [ 721209.185994526953436, 741175.633970111957751, 0.0 ], [ 721214.792994525982067, 741176.403970116982237, 0.0 ], [ 721217.69299452600535, 741176.398970108944923, 0.0 ], [ 721224.262994523975067, 741175.219970104983076, 0.0 ], [ 721238.791994521045126, 741173.918970110011287, 0.0 ], [ 721245.33499451901298, 741172.964970113011077, 0.0 ], [ 721251.317994517972693, 741173.144970105960965, 0.0 ], [ 721258.233994515961967, 741173.133970109978691, 0.0 ], [ 721263.281994514982216, 741172.936970105045475, 0.0 ], [ 721270.570994514040649, 741171.795970104052685, 0.0 ], [ 721277.672994512016885, 741170.841970107052475, 0.0 ], [ 721285.922994510037825, 741172.33797011198476, 0.0 ], [ 721294.502994508948177, 741173.074970107991248, 0.0 ], [ 721302.728994505945593, 741173.061970109003596, 0.0 ], [ 721308.89899450505618, 741172.674970109015703, 0.0 ], [ 721315.624994502984919, 741171.533970101037994, 0.0 ], [ 721322.541994501953013, 741171.145970107056201, 0.0 ], [ 721332.40399449900724, 741170.774970103986561, 0.0 ], [ 721333.009994499036111, 741170.751970106037334, 0.0 ], [ 721338.804994498030283, 741170.365970102022402, 0.0 ], [ 721343.290994497016072, 741169.980970095959492, 0.0 ], [ 721350.767994494992308, 741168.839970104047097, 0.0 ], [ 721363.290994492010213, 741167.311970100039616, 0.0 ], [ 721380.494994487962686, 741165.161970098968595, 0.0 ], [ 721402.845994482981041, 741162.659970102948137, 0.0 ], [ 721432.39899447595235, 741160.156970103969797, 0.0 ], [ 721441.338994474033825, 741160.406970100942999, 0.0 ], [ 721458.475994469947182, 741161.658970098942518, 0.0 ], [ 721478.837994465022348, 741163.409970097942278, 0.0 ], [ 721486.288994463044219, 741164.911970096989535, 0.0 ], [ 721498.953994460985996, 741169.91597009904217, 0.0 ], [ 721527.513994454056956, 741187.683970088022761, 0.0 ], [ 721544.152994449948892, 741198.945970088010654, 0.0 ], [ 721555.57599444699008, 741204.450970091042109, 0.0 ], [ 721560.29499444598332, 741206.702970091952011, 0.0 ], [ 721559.797994446009398, 741211.207970093004405, 0.0 ], [ 721552.099994448013604, 741221.718970090034418, 0.0 ], [ 721548.374994448968209, 741229.725970095023513, 0.0 ], [ 721543.904994450043887, 741240.487970093963668, 0.0 ], [ 721542.4149944500532, 741246.493970092036761, 0.0 ], [ 721542.910994449979626, 741250.998970092041418, 0.0 ], [ 721547.877994448994286, 741258.004970093956217, 0.0 ], [ 721558.556994447018951, 741269.765970089007169, 0.0 ], [ 721567.993994444957934, 741280.7779700900428, 0.0 ], [ 721571.523994444054551, 741284.423970088013448, 0.0 ], [ 721580.88999444199726, 741286.139970086980611, 0.0 ], [ 721591.674994439003058, 741290.429970085038804, 0.0 ], [ 721613.244994433945976, 741302.441970083978958, 0.0 ], [ 721625.165994431008585, 741308.447970086010173, 0.0 ], [ 721650.424994425964542, 741318.170970082050189, 0.0 ], [ 721664.615994421998039, 741325.321970080956817, 0.0 ], [ 721674.543994419975206, 741330.990970087004825, 0.0 ], [ 721681.645994417951442, 741335.045970081002451, 0.0 ], [ 721712.581994410953484, 741348.48697008297313, 0.0 ], [ 721756.573994401027448, 741368.221970080048777, 0.0 ], [ 721773.319994395948015, 741374.798970083007589, 0.0 ], [ 721786.884994394029491, 741381.389970071963035, 0.0 ], [ 721789.340994392987341, 741382.522970078978688, 0.0 ], [ 721799.900994390947744, 741382.720970071968623, 0.0 ], [ 721800.615994389983825, 741382.733970082947053, 0.0 ], [ 721805.618994388962165, 741391.265970072941855, 0.0 ], [ 721808.577994387946092, 741396.860970080946572, 0.0 ], [ 721831.537994383019395, 741402.574970075045712, 0.0 ], [ 721857.151994377025403, 741409.682970068999566, 0.0 ], [ 721880.16199437098112, 741415.646970076020807, 0.0 ], [ 721892.669994369032793, 741419.325970076955855, 0.0 ], [ 721907.528994365013205, 741424.752970069996081, 0.0 ], [ 721924.392994360998273, 741429.787970073055476, 0.0 ], [ 721958.236994353006594, 741449.505970070953481, 0.0 ], [ 721967.346994351013564, 741452.437970067025162, 0.0 ], [ 721969.746994349989109, 741453.128970067948103, 0.0 ], [ 721978.504994348972104, 741455.648970069014467, 0.0 ], [ 721987.180994346970692, 741457.474970062030479, 0.0 ], [ 721994.714994344976731, 741462.234970062971115, 0.0 ], [ 722008.329994341009296, 741471.933970064972527, 0.0 ], [ 722014.095994340023026, 741474.315970059949905, 0.0 ], [ 722019.185994338942692, 741473.344970060978085, 0.0 ], [ 722023.768994336947799, 741472.990970061975531, 0.0 ], [ 722027.947994336951524, 741471.793970064958557, 0.0 ], [ 722033.59199433599133, 741469.987970059970394, 0.0 ], [ 722037.764994335011579, 741469.208970056963153, 0.0 ], [ 722045.097994333016686, 741465.749970062985085, 0.0 ], [ 722050.527994330972433, 741464.359970057965256, 0.0 ], [ 722060.748994327965192, 741462.619970062980428, 0.0 ], [ 722066.148994327988476, 741463.326970061054453, 0.0 ], [ 722071.334994325996377, 741464.449970058980398, 0.0 ], [ 722074.67499432596378, 741463.658970057033002, 0.0 ], [ 722079.055994324968196, 741462.882970059057698, 0.0 ], [ 722087.39399432297796, 741461.954970055026934, 0.0 ], [ 722095.547994320979342, 741461.571970061049797, 0.0 ], [ 722100.340994318947196, 741461.129970059031621, 0.0 ], [ 722101.560994319035672, 741460.800970050040632, 0.0 ], [ 722109.340994316968136, 741458.958970058010891, 0.0 ], [ 722116.393994315993041, 741456.750970051041804, 0.0 ], [ 722125.015994313987903, 741454.853970060008578, 0.0 ], [ 722137.559994310955517, 741453.073970049037598, 0.0 ], [ 722147.048994309036061, 741451.257970059057698, 0.0 ], [ 722153.363994307001121, 741450.427970048971474, 0.0 ], [ 722161.916994304978289, 741450.051970054046251, 0.0 ], [ 722166.469994304003194, 741449.334970050025731, 0.0 ], [ 722173.988994301995263, 741447.069970050943084, 0.0 ], [ 722182.856994300032966, 741444.029970049974509, 0.0 ], [ 722194.943994296947494, 741440.246970055042766, 0.0 ], [ 722207.851994293974712, 741435.410970053984784, 0.0 ], [ 722220.743994291056879, 741431.376970050041564, 0.0 ], [ 722230.646994289010763, 741430.223970048013143, 0.0 ], [ 722240.790994285955094, 741430.410970050026663, 0.0 ], [ 722248.309994283947162, 741428.146970042958856, 0.0 ], [ 722257.454994281986728, 741424.576970046968199, 0.0 ], [ 722263.629994280985557, 741422.821970048011281, 0.0 ], [ 722276.235994277056307, 741419.849970040959306, 0.0 ], [ 722291.763994273962453, 741417.73297004099004, 0.0 ], [ 722297.407994273002259, 741415.700970045058057, 0.0 ], [ 722303.587994270958006, 741413.677970048040152, 0.0 ], [ 722310.30199426994659, 741411.665970040019602, 0.0 ], [ 722315.91199426795356, 741411.502970044035465, 0.0 ], [ 722325.29999426600989, 741409.271970035973936, 0.0 ], [ 722338.933994262944907, 741408.455970040988177, 0.0 ], [ 722347.259994260966778, 741405.938970044022426, 0.0 ], [ 722354.50699425896164, 741403.935970035032369, 0.0 ], [ 722374.582994253956713, 741401.369970037951134, 0.0 ], [ 722388.27699425094761, 741398.150970043963753, 0.0 ], [ 722400.590994248050265, 741396.507970037986524, 0.0 ], [ 722405.429994247038849, 741394.72897003905382, 0.0 ], [ 722411.327994246035814, 741393.502970041008666, 0.0 ], [ 722436.761994238942862, 741389.966970033012331, 0.0 ], [ 722447.232994236983359, 741386.95497003395576, 0.0 ], [ 722463.85899423295632, 741383.255970034049824, 0.0 ], [ 722476.716994230053388, 741381.089970036991872, 0.0 ], [ 722489.850994226988405, 741378.394970039022155, 0.0 ], [ 722500.054994223988615, 741375.378970036050305, 0.0 ], [ 722512.660994220990688, 741372.40697002701927, 0.0 ], [ 722522.023994219023734, 741371.511970028048381, 0.0 ], [ 722530.872994216042571, 741369.537970034056343, 0.0 ], [ 722539.449994213995524, 741367.827970028971322, 0.0 ], [ 722544.822994212969206, 741366.057970033027232, 0.0 ], [ 722552.595994211966172, 741364.59797002596315, 0.0 ], [ 722556.88099421095103, 741363.874970028991811, 0.0 ], [ 722564.142994208959863, 741361.072970026056282, 0.0 ], [ 722567.365994208026677, 741360.063970023998991, 0.0 ], [ 722571.87899420701433, 741361.482970030046999, 0.0 ], [ 722575.61299420602154, 741361.818970024003647, 0.0 ], [ 722578.948994204984047, 741360.584970026044175, 0.0 ], [ 722581.401994204032235, 741359.853970022057183, 0.0 ], [ 722588.208994201966561, 741357.226970029994845, 0.0 ], [ 722593.735994201037101, 741356.076970027992502, 0.0 ], [ 722603.00699419900775, 741355.496970025007613, 0.0 ], [ 722612.30499419698026, 741353.415970026049763, 0.0 ], [ 722625.38399419398047, 741349.903970023035072, 0.0 ], [ 722638.193994191009551, 741347.386970028048381, 0.0 ], [ 722646.72799418901559, 741346.043970018974505, 0.0 ], [ 722651.865994186955504, 741344.676970020052977, 0.0 ], [ 722661.798994185053743, 741343.067970025003888, 0.0 ], [ 722678.107994180987589, 741340.866970025002956, 0.0 ], [ 722691.413994177943096, 741338.608970017987303, 0.0 ], [ 722711.137994172982872, 741334.914970022975467, 0.0 ], [ 722718.292994171963073, 741333.574970018002205, 0.0 ], [ 722744.422994164982811, 741328.0509700110415, 0.0 ], [ 722768.796994158998132, 741322.744970018975437, 0.0 ], [ 722778.104994156979956, 741320.161970015964471, 0.0 ], [ 722789.693994153989479, 741316.122970013995655, 0.0 ], [ 722797.498994151945226, 741313.513970016036183, 0.0 ], [ 722802.775994149968028, 741312.359970013028942, 0.0 ], [ 722807.292994149960577, 741311.692970011034049, 0.0 ], [ 722814.074994147988036, 741310.315970013965853, 0.0 ], [ 722823.127994145965204, 741307.980970010976307, 0.0 ], [ 722829.419994144001976, 741306.093970005982555, 0.0 ], [ 722834.210994143970311, 741304.18097000697162, 0.0 ], [ 722837.221994142979383, 741303.735970005975105, 0.0 ], [ 722841.984994141035713, 741303.323970007942989, 0.0 ], [ 722848.239994139992632, 741303.43897001305595, 0.0 ], [ 722854.253994137980044, 741303.049970009014942, 0.0 ], [ 722857.41399413801264, 741302.550970003008842, 0.0 ], [ 722863.339994136011228, 741300.879970003035851, 0.0 ], [ 722869.946994133992121, 741298.443970017018728, 0.0 ], [ 722882.681994130951352, 741295.452970006037503, 0.0 ], [ 722890.515994130051695, 741292.927970002987422, 0.0 ], [ 722904.264994126977399, 741289.287970006000251, 0.0 ], [ 722915.561994123039767, 741285.826970009016804, 0.0 ], [ 722916.944994122022763, 741285.274970008991659, 0.0 ], [ 722922.512994121992961, 741283.052970004966483, 0.0 ], [ 722928.449994120048359, 741280.825970005011186, 0.0 ], [ 722932.376994119025767, 741279.006970008020289, 0.0 ], [ 722935.509994118008763, 741277.952970006968826, 0.0 ], [ 722938.184994117007591, 741277.668970006983727, 0.0 ], [ 722940.849994117044844, 741277.940969998948276, 0.0 ], [ 722942.501994117046706, 741278.859969994053245, 0.0 ], [ 722944.366994117037393, 741280.229970006039366, 0.0 ], [ 722948.311994116054848, 741283.416970005026087, 0.0 ], [ 722953.142994115012698, 741286.843970007961616, 0.0 ], [ 722957.635994113050401, 741290.485969995963387, 0.0 ], [ 722959.172994112945162, 741291.624970006989315, 0.0 ], [ 722961.279994111973792, 741291.997970000957139, 0.0 ], [ 722965.722994111012667, 741292.302970004966483, 0.0 ], [ 722971.735994108952582, 741291.968970002024435, 0.0 ], [ 722977.650994107942097, 741290.854970001033507, 0.0 ], [ 722983.468994106980972, 741289.071970007033087, 0.0 ], [ 722985.385994105949067, 741287.660970002994873, 0.0 ], [ 722986.762994106044061, 741285.350969995954074, 0.0 ], [ 722989.194994105026126, 741280.16796999995131, 0.0 ], [ 722990.616994105046615, 741275.410970001947135, 0.0 ], [ 722991.777994105010293, 741272.76197000395041, 0.0 ], [ 722994.044994105002843, 741270.579970004037023, 0.0 ], [ 722996.412994103971869, 741268.731969997053966, 0.0 ], [ 723002.498994100955315, 741265.710970001993701, 0.0 ], [ 723003.677994102006778, 741264.250969997956418, 0.0 ], [ 723003.878994102007709, 741262.278969998005778, 0.0 ], [ 723003.277994101983495, 741259.139970000018366, 0.0 ], [ 723001.687994102016091, 741256.14797000400722, 0.0 ], [ 723002.035994102014229, 741253.937969996943139, 0.0 ], [ 723002.587994102039374, 741252.048969996976666, 0.0 ], [ 723005.560994100989774, 741251.444970001000911, 0.0 ], [ 723009.180994100053795, 741251.511970006045885, 0.0 ], [ 723016.596994098043069, 741251.154970003990456, 0.0 ], [ 723029.091994095942937, 741250.784970003995113, 0.0 ], [ 723037.199994093971327, 741249.723969999002293, 0.0 ], [ 723041.248994093039073, 741248.301969993044622, 0.0 ], [ 723044.674994091037661, 741246.075970001053065, 0.0 ], [ 723046.468994091032073, 741244.135969999944791, 0.0 ], [ 723048.916994091006927, 741239.91796999599319, 0.0 ], [ 723050.181994091020897, 741237.234969996032305, 0.0 ], [ 723051.431994089973159, 741231.844969996949658, 0.0 ], [ 723054.919994089985266, 741226.180969999055378, 0.0 ], [ 723057.744994089007378, 741224.750969999004155, 0.0 ], [ 723060.557994088041596, 741223.97996999102179, 0.0 ], [ 723063.680994087015279, 741224.201969990041107, 0.0 ], [ 723067.261994087020867, 741225.446969988988712, 0.0 ], [ 723067.458994086948223, 741223.865969990962185, 0.0 ], [ 723067.933994085993618, 741220.084969992982224, 0.0 ], [ 723067.936994086019695, 741219.492969998042099, 0.0 ], [ 723064.237994087045081, 741217.383969999034889, 0.0 ], [ 723069.89599408605136, 741171.683969995006919, 0.0 ], [ 723075.014994084020145, 741140.619969998020679, 0.0 ], [ 723081.022994083003141, 741101.758969987975433, 0.0 ], [ 723084.76199408096727, 741066.9359699919587, 0.0 ], [ 723089.089951244997792, 741024.735387666965835, 0.0 ], [ 723089.270994079997763, 741022.975969995954074, 0.0 ], [ 723091.059994079987518, 740989.132969995960593, 0.0 ], [ 723091.768994080019183, 740962.140969997970387, 0.0 ], [ 723091.478994079981931, 740923.436969988979399, 0.0 ], [ 723091.078994079958647, 740902.671969991992228, 0.0 ], [ 723089.268994080019183, 740860.360969990957528, 0.0 ], [ 723086.048994080978446, 740817.74997, 0.0 ], [ 723076.199994083028287, 740732.608969997963868, 0.0 ], [ 723069.700994085054845, 740678.550969996023923, 0.0 ], [ 723043.884994091000408, 740496.569969999021851, 0.0 ], [ 723039.372994091943838, 740466.066969995968975, 0.0 ], [ 723033.275927338050678, 740424.865537928999402, 0.0 ], [ 723024.933994096005335, 740370.874969996977597, 0.0 ], [ 723018.230994096957147, 740325.899970000959001, 0.0 ], [ 723008.520994100021198, 740264.003969994955696, 0.0 ], [ 723006.136360415956005, 740250.193784883944318, 0.0 ], [ 723006.556238207034767, 740247.028467898955569, 0.0 ], [ 723007.297039282973856, 740243.057323363958858, 0.0 ], [ 723004.60046143096406, 740228.327532717958093, 0.0 ], [ 723003.730983356013894, 740223.518971940036863, 0.0 ], [ 723003.185681925038807, 740220.503237382974476, 0.0 ], [ 723002.756312901969068, 740217.587462514988147, 0.0 ], [ 723000.615064669051208, 740204.556709546945058, 0.0 ], [ 722999.261305548949167, 740199.958714775973931, 0.0 ], [ 722998.549432124942541, 740197.53224524797406, 0.0 ], [ 722996.697748000966385, 740189.927905168035068, 0.0 ], [ 722985.20666197896935, 740138.253177857026458, 0.0 ], [ 722977.201371275004931, 740138.598156403051689, 0.0 ], [ 722976.876386111951433, 740133.336298643029295, 0.0 ], [ 722976.470421068021096, 740128.351381422951818, 0.0 ], [ 722975.178653351031244, 740124.196290298015811, 0.0 ], [ 722974.039858115022071, 740120.5320917989593, 0.0 ], [ 722969.382398567977361, 740102.785532949957997, 0.0 ], [ 722968.120888644945808, 740098.220965340966359, 0.0 ], [ 722966.306203534943052, 740091.277481873054057, 0.0 ], [ 722965.04282079602126, 740086.250215371954255, 0.0 ], [ 722964.842478240956552, 740085.486839778022841, 0.0 ], [ 722964.024597623036243, 740082.370426952955313, 0.0 ], [ 722962.169942031032406, 740077.457503792014904, 0.0 ], [ 722959.628232144052163, 740070.017533991020173, 0.0 ], [ 722957.496796402032487, 740063.778498749015853, 0.0 ], [ 722956.116043878952041, 740059.256487739970908, 0.0 ], [ 722955.417160899029113, 740056.170161103946157, 0.0 ], [ 722955.095212636981159, 740054.538516776985489, 0.0 ], [ 722952.100772393052466, 740046.961178513942286, 0.0 ], [ 722949.898173840017989, 740040.39161662501283, 0.0 ], [ 722948.852360783028416, 740036.917376360972412, 0.0 ], [ 722946.879738194053061, 740032.763289568945765, 0.0 ], [ 722945.957912657991983, 740030.637756251031533, 0.0 ], [ 722944.033934838022105, 740024.467662718030624, 0.0 ], [ 722944.003264473984018, 740024.377125776954927, 0.0 ], [ 722943.384375761030242, 740022.384561631944962, 0.0 ], [ 722943.107420281972736, 740020.981867403024808, 0.0 ], [ 722942.994411807972938, 740017.831550752045587, 0.0 ], [ 722946.119731676997617, 740016.461826727958396, 0.0 ], [ 722944.961960152024403, 740014.697216780041344, 0.0 ], [ 722943.806174452998675, 740011.601895150030032, 0.0 ], [ 722943.58999584603589, 740010.942133825970814, 0.0 ], [ 722943.582994116004556, 740010.922970006009564, 0.0 ], [ 722942.826352342963219, 740008.6115496030543, 0.0 ], [ 722942.92130956496112, 740006.430021652951837, 0.0 ], [ 722941.939488925971091, 740003.54065424494911, 0.0 ], [ 722941.31960068794433, 740001.573084686999209, 0.0 ], [ 722940.506722313002683, 739996.580171945039183, 0.0 ], [ 722939.184965912951156, 739992.896978797973134, 0.0 ], [ 722937.211344609037042, 739988.844869932974689, 0.0 ], [ 722936.209537934046239, 739986.894299244042486, 0.0 ], [ 722934.946777901030146, 739984.075918316957541, 0.0 ], [ 722934.787802036036737, 739983.13312366604805, 0.0 ], [ 722934.956757675972767, 739982.324297789018601, 0.0 ], [ 722932.694176643970422, 739976.209637755993754, 0.0 ], [ 722932.337253415957093, 739976.278625176986679, 0.0 ], [ 722931.905332771944813, 739975.050894072046503, 0.0 ], [ 722930.940525311045349, 739973.787174312979914, 0.0 ], [ 722929.835741886054166, 739971.962577015976422, 0.0 ], [ 722929.155871146009304, 739970.450909091043286, 0.0 ], [ 722928.692071844008751, 739969.082893079030327, 0.0 ], [ 722927.782126083038747, 739966.7917110939743, 0.0 ], [ 722926.848309666034766, 739965.300040523055941, 0.0 ], [ 722926.332410575007088, 739964.426233288948424, 0.0 ], [ 722926.184427133994177, 739962.976548393024132, 0.0 ], [ 722925.785495267948136, 739961.342905019992031, 0.0 ], [ 722924.569714491954073, 739957.484749080031179, 0.0 ], [ 722915.987325132009573, 739936.355384486028925, 0.0 ], [ 722913.210847759968601, 739929.670851357048377, 0.0 ], [ 722913.129862993955612, 739929.474894357961603, 0.0 ], [ 722910.523349449038506, 739922.7943592449883, 0.0 ], [ 722909.76348473795224, 739920.214923206018284, 0.0 ], [ 722903.639637426007539, 739905.465159942978062, 0.0 ], [ 722903.997559653944336, 739905.320188969024457, 0.0 ], [ 722902.376864311983809, 739901.377054156037048, 0.0 ], [ 722902.019941086997278, 739901.446041584014893, 0.0 ], [ 722898.383628458017483, 739892.967902846052311, 0.0 ], [ 722898.285634640022181, 739891.544211977045052, 0.0 ], [ 722896.486977447057143, 739887.622073804028332, 0.0 ], [ 722895.822121351957321, 739887.83703165105544, 0.0 ], [ 722894.231430382002145, 739884.935670914012007, 0.0 ], [ 722892.208817997947335, 739880.730595536995679, 0.0 ], [ 722890.834074508049525, 739877.199369841022417, 0.0 ], [ 722890.305172160966322, 739875.740689420956187, 0.0 ], [ 722886.77984379499685, 739868.026384440949187, 0.0 ], [ 722876.282704257057048, 739845.67014051694423, 0.0 ], [ 722875.220053524943069, 739843.441788444994017, 0.0 ], [ 722872.299611349008046, 739837.187163157970645, 0.0 ], [ 722866.389745007967576, 739824.996843941975385, 0.0 ], [ 722858.498279344057664, 739810.707992646028288, 0.0 ], [ 722856.982566670980304, 739807.248752304003574, 0.0 ], [ 722854.155127817997709, 739803.233641135971993, 0.0 ], [ 722850.19888872501906, 739795.263394506997429, 0.0 ], [ 722847.508422967977822, 739791.469234562944621, 0.0 ], [ 722845.342841707984917, 739787.322147598024458, 0.0 ], [ 722843.594157419051044, 739781.800355728948489, 0.0 ], [ 722839.384966660058126, 739773.28722842305433, 0.0 ], [ 722838.072225218988024, 739771.2306827979628, 0.0 ], [ 722837.118407540954649, 739769.199129350949079, 0.0 ], [ 722835.646698722965084, 739767.020611203974113, 0.0 ], [ 722833.874055649968795, 739764.998061271035112, 0.0 ], [ 722832.018415611004457, 739761.55481973302085, 0.0 ], [ 722830.314718039007857, 739755.673105560010299, 0.0 ], [ 722828.587061268044636, 739753.251641770009883, 0.0 ], [ 722827.843208438018337, 739752.14988545095548, 0.0 ], [ 722825.957581521011889, 739749.358502859948203, 0.0 ], [ 722823.096144789014943, 739744.842500473954715, 0.0 ], [ 722816.906345000024885, 739733.304041926050559, 0.0 ], [ 722810.847540840972215, 739724.047088143997826, 0.0 ], [ 722805.958494974998757, 739715.525967129040509, 0.0 ], [ 722803.108047886984423, 739710.230133651057258, 0.0 ], [ 722795.549531450029463, 739697.873861456988379, 0.0 ], [ 722790.841461912961677, 739690.794426837004721, 0.0 ], [ 722785.78845451399684, 739682.610233922023326, 0.0 ], [ 722783.708865727996454, 739679.503920868039131, 0.0 ], [ 722774.243729313020594, 739664.584216851973906, 0.0 ], [ 722773.781829142943025, 739664.718190897023305, 0.0 ], [ 722771.954193713958375, 739662.295727994991466, 0.0 ], [ 722768.887805034057237, 739658.196636655949987, 0.0 ], [ 722765.94938230398111, 739653.439687008038163, 0.0 ], [ 722766.29330595000647, 739653.143748842994682, 0.0 ], [ 722760.873381924000569, 739645.45545092294924, 0.0 ], [ 722757.176120429998264, 739640.648517161956988, 0.0 ], [ 722753.520848548971117, 739635.701613462995738, 0.0 ], [ 722748.855768503039144, 739628.48320869798772, 0.0 ], [ 722741.053322757012211, 739617.92354885302484, 0.0 ], [ 722734.513621657039039, 739608.700590954045765, 0.0 ], [ 722729.698581420001574, 739602.240022975951433, 0.0 ], [ 722724.180677104042843, 739594.429752158001065, 0.0 ], [ 722719.26465859496966, 739587.987180958967656, 0.0 ], [ 722713.468828135053627, 739581.593605004949495, 0.0 ], [ 722711.979125826037489, 739579.667032405966893, 0.0 ], [ 722709.009719235007651, 739575.828883885056712, 0.0 ], [ 722683.248994178022258, 739542.522970022982918, 0.0 ], [ 722681.943128300015815, 739540.833647425984964, 0.0 ], [ 722679.577994178980589, 739537.775970018003136, 0.0 ], [ 722678.774761497974396, 739536.737556134001352, 0.0 ], [ 722677.925994178978726, 739535.639970018994063, 0.0 ], [ 722677.382507623988204, 739534.937301817000844, 0.0 ], [ 722676.392994179972447, 739533.657970024039969, 0.0 ], [ 722674.6829941800097, 739531.446970022981986, 0.0 ], [ 722672.491017299005762, 739528.612358688958921, 0.0 ], [ 722669.538607346010394, 739524.79520551499445, 0.0 ], [ 722667.159048927016556, 739521.717927691992372, 0.0 ], [ 722665.440426370943896, 739519.495381252025254, 0.0 ], [ 722663.552926428965293, 739517.055022428976372, 0.0 ], [ 722661.678431577049196, 739514.63147794501856, 0.0 ], [ 722660.582033812999725, 739513.213939378038049, 0.0 ], [ 722659.463795443996787, 739511.76816295995377, 0.0 ], [ 722654.642823335016146, 739505.535102164954878, 0.0 ], [ 722652.027107118978165, 739502.153228575014509, 0.0 ], [ 722651.588199793011881, 739502.067250131978653, 0.0 ], [ 722645.844346540048718, 739494.521923447027802, 0.0 ], [ 722644.810552938957699, 739493.16422453802079, 0.0 ], [ 722644.408633182989433, 739492.636341606965289, 0.0 ], [ 722643.996715425048023, 739492.095461560995318, 0.0 ], [ 722643.941754780011252, 739492.023151993053034, 0.0 ], [ 722643.46782100701239, 739491.399615869973786, 0.0 ], [ 722643.058902650955133, 739490.8627349359449, 0.0 ], [ 722642.468020624946803, 739490.08690698503051, 0.0 ], [ 722642.456781147047877, 739490.072132088942453, 0.0 ], [ 722641.988116433029063, 739489.456046891049482, 0.0 ], [ 722641.515210852026939, 739488.835184579947963, 0.0 ], [ 722641.050189886009321, 739488.224406679044478, 0.0 ], [ 722640.991994188982062, 739488.147970019956119, 0.0 ], [ 722637.199734220048413, 739483.166110303020105, 0.0 ], [ 722636.952994188992307, 739482.841970021952875, 0.0 ], [ 722636.291253822040744, 739481.97270645503886, 0.0 ], [ 722634.8165480310563, 739480.014140696963295, 0.0 ], [ 722633.201904349029064, 739481.192896003951319, 0.0 ], [ 722631.194307351950556, 739478.767434970010072, 0.0 ], [ 722632.810948551050387, 739477.388722975039855, 0.0 ], [ 722626.097994192037731, 739468.71897002402693, 0.0 ], [ 722604.240659357048571, 739440.487909639952704, 0.0 ], [ 722602.027101826039143, 739437.628544004051946, 0.0 ], [ 722596.091288359020837, 739429.962244829977863, 0.0 ], [ 722590.07249187794514, 739422.225961370044388, 0.0 ], [ 722583.502805580035783, 739413.782834763987921, 0.0 ], [ 722576.877128142048605, 739405.038773744017817, 0.0 ], [ 722571.240248683025129, 739397.146521553979255, 0.0 ], [ 722566.671151829999872, 739390.249046692042612, 0.0 ], [ 722563.277822162024677, 739385.086188100976869, 0.0 ], [ 722561.131994207040407, 739381.760970031959005, 0.0 ], [ 722558.710723040043376, 739378.007752439007163, 0.0 ], [ 722559.545057912007906, 739377.752904781023972, 0.0 ], [ 722559.629060106002726, 739377.727246308000758, 0.0 ], [ 722559.652994208037853, 739377.718970024958253, 0.0 ], [ 722563.669650307972915, 739376.493047693977132, 0.0 ], [ 722568.274793821037747, 739375.030339156044647, 0.0 ], [ 722573.106607693945989, 739373.495634458959103, 0.0 ], [ 722589.02017023798544, 739369.122476250049658, 0.0 ], [ 722605.95851013995707, 739364.342399392975494, 0.0 ], [ 722618.458811813034117, 739361.085022098035552, 0.0 ], [ 722637.19377183704637, 739356.607867614016868, 0.0 ], [ 722654.928944461978972, 739352.077731259982102, 0.0 ], [ 722666.500450609019026, 739349.448224060004577, 0.0 ], [ 722685.850283585023135, 739345.359981180052273, 0.0 ], [ 722702.294740056968294, 739341.672670750995167, 0.0 ], [ 722719.609003224992193, 739337.218520689057186, 0.0 ], [ 722735.41559478698764, 739333.443233550991863, 0.0 ], [ 722743.12193191901315, 739331.493604726041667, 0.0 ], [ 722749.699512608000077, 739329.828921659965999, 0.0 ], [ 722757.565813708002679, 739327.691332501010038, 0.0 ], [ 722762.344778919010423, 739326.133638228056952, 0.0 ], [ 722769.418243772001006, 739323.485165050951764, 0.0 ], [ 722777.234546873951331, 739320.506758425035514, 0.0 ], [ 722784.189036460942589, 739317.797299262019806, 0.0 ], [ 722791.002556078019552, 739315.085841462016106, 0.0 ], [ 722797.999034665990621, 739312.177425123052672, 0.0 ], [ 722804.734569867025129, 739309.364989724010229, 0.0 ], [ 722813.530648794956505, 739304.899898728006519, 0.0 ], [ 722822.674647002946585, 739299.798943229019642, 0.0 ], [ 722829.725103163043968, 739295.830756179057062, 0.0 ], [ 722831.806649693055078, 739294.8849472689908, 0.0 ], [ 722837.195469252998009, 739291.808578033000231, 0.0 ], [ 722845.714604489970952, 739287.079546082997695, 0.0 ], [ 722853.80782036203891, 739281.3647305900231, 0.0 ], [ 722860.164419398992322, 739276.90865388896782, 0.0 ], [ 722865.853166877990589, 739273.042453816044144, 0.0 ], [ 722870.862058992963284, 739269.148264333955012, 0.0 ], [ 722878.810309867025353, 739263.832363359048031, 0.0 ], [ 722883.2573237339966, 739260.130136016989127, 0.0 ], [ 722889.750879734987393, 739254.332349161035381, 0.0 ], [ 722890.519708762993105, 739253.645492880954407, 0.0 ], [ 722899.069813058013096, 739246.556972029968165, 0.0 ], [ 722903.987717951997183, 739242.021922026993707, 0.0 ], [ 722910.495275523047894, 739236.667039099032991, 0.0 ], [ 722924.864093519980088, 739225.126444249995984, 0.0 ], [ 722943.668994114967063, 739210.001970001962036, 0.0 ], [ 722944.300788979046047, 739209.493702423991635, 0.0 ], [ 722990.690515215974301, 739172.185478116036393, 0.0 ], [ 723003.400706468964927, 739162.560479179956019, 0.0 ], [ 723039.923641497036442, 739135.490101972012781, 0.0 ], [ 723065.72496235196013, 739118.142689203028567, 0.0 ], [ 723086.671352589968592, 739104.135584929957986, 0.0 ], [ 723124.113139727967791, 739081.728190978989005, 0.0 ], [ 723169.064279622980393, 739054.826720778015442, 0.0 ], [ 723175.395894145010971, 739051.364428821951151, 0.0 ], [ 723180.938677337020636, 739047.952131303027272, 0.0 ], [ 723199.719554353971034, 739036.389511663001031, 0.0 ], [ 723212.845674740965478, 739028.500133731053211, 0.0 ], [ 723221.344809629954398, 739023.337195844971575, 0.0 ], [ 723224.082208917010576, 739021.674537881044671, 0.0 ], [ 723236.125562077970244, 739013.9761257909704, 0.0 ], [ 723245.79144477203954, 739008.477252917014994, 0.0 ], [ 723250.195475346990861, 739005.514865485951304, 0.0 ], [ 723258.463653172948398, 738999.744060868048109, 0.0 ], [ 723266.376900225994177, 738993.35139338101726, 0.0 ], [ 723272.574531235033646, 738988.723354944959283, 0.0 ], [ 723277.764994033030234, 738984.241969975992106, 0.0 ], [ 723279.343027992057614, 738982.880575931980275, 0.0 ], [ 723288.430008589057252, 738974.917240993003361, 0.0 ], [ 723295.983331491006538, 738968.441593901952729, 0.0 ], [ 723300.724270612001419, 738963.581615458009765, 0.0 ], [ 723307.35279656003695, 738957.677850599051453, 0.0 ], [ 723314.268253501038998, 738951.016248053056188, 0.0 ], [ 723320.07695999299176, 738945.672367342980579, 0.0 ], [ 723322.692377586034127, 738943.266871172003448, 0.0 ], [ 723332.123279283056036, 738934.766650281031616, 0.0 ], [ 723344.81945354596246, 738923.234064721036702, 0.0 ], [ 723357.691595062962733, 738912.163377888035029, 0.0 ], [ 723367.457431148039177, 738904.225032969028689, 0.0 ], [ 723372.304364626994357, 738901.006698042969219, 0.0 ], [ 723376.596994008054025, 738898.085969973006286, 0.0 ], [ 723376.748547762050293, 738897.982100785942748, 0.0 ], [ 723383.144977075047791, 738893.598231112002395, 0.0 ], [ 723389.559566357987933, 738889.412095431005582, 0.0 ], [ 723394.989372311974876, 738885.877825060044415, 0.0 ], [ 723401.363970324047841, 738881.711685320944525, 0.0 ], [ 723403.35353533399757, 738880.660899730981328, 0.0 ], [ 723409.07728390104603, 738877.636516898055561, 0.0 ], [ 723419.563990575959906, 738872.044658630038612, 0.0 ], [ 723430.934503133990802, 738865.900914045982063, 0.0 ], [ 723441.723141942056827, 738859.971126975025982, 0.0 ], [ 723452.751730868942104, 738854.164311656029895, 0.0 ], [ 723462.974497294984758, 738848.910381903056987, 0.0 ], [ 723471.147713901009411, 738844.939187858952209, 0.0 ], [ 723481.673413085984066, 738839.428311749943532, 0.0 ], [ 723488.441933971946128, 738835.925025696051307, 0.0 ], [ 723493.649789683055133, 738832.62870523694437, 0.0 ], [ 723497.714891385054216, 738829.563342359033413, 0.0 ], [ 723502.219899342046119, 738826.500975892995484, 0.0 ], [ 723504.434409043053165, 738824.740342632983811, 0.0 ], [ 723508.350530051975511, 738820.473241202998906, 0.0 ], [ 723511.932722656056285, 738816.246133330976591, 0.0 ], [ 723511.985710717970505, 738816.184146404964849, 0.0 ], [ 723516.872611196013168, 738810.605322757037356, 0.0 ], [ 723521.296613826998509, 738805.362429386004806, 0.0 ], [ 723524.846793747041374, 738799.252729724976234, 0.0 ], [ 723529.8576383900363, 738790.835520382039249, 0.0 ], [ 723532.894936791970395, 738785.609632613952272, 0.0 ], [ 723533.851715766009875, 738783.9619832909666, 0.0 ], [ 723534.991452476009727, 738781.999400999979116, 0.0 ], [ 723535.866993968025781, 738780.514969961950555, 0.0 ], [ 723538.196712924982421, 738776.56655695696827, 0.0 ], [ 723541.625920683029108, 738770.655814990052022, 0.0 ], [ 723543.451500396011397, 738767.651453885948285, 0.0 ], [ 723544.122345500974916, 738766.503698133048601, 0.0 ], [ 723540.326993967057206, 738764.396969967056066, 0.0 ], [ 723541.617993967025541, 738762.116969965980388, 0.0 ], [ 723541.11999396700412, 738761.811969963018782, 0.0 ], [ 723540.562993966974318, 738761.487969966023229, 0.0 ], [ 723539.825993967009708, 738761.100969964056276, 0.0 ], [ 723539.24799396796152, 738760.796969956019893, 0.0 ], [ 723538.51199396699667, 738760.349969959002919, 0.0 ], [ 723537.736993966973387, 738759.903969970997423, 0.0 ], [ 723533.216993969050236, 738757.545969962957315, 0.0 ], [ 723531.283993970020674, 738760.751969959004782, 0.0 ], [ 723529.40299396996852, 738763.872969968011603, 0.0 ], [ 723527.890993969980627, 738762.980969959986396, 0.0 ], [ 723525.204993971041404, 738761.298969961004332, 0.0 ], [ 723520.189993971958756, 738758.356969960965216, 0.0 ], [ 723516.469993973034434, 738756.025969962007366, 0.0 ], [ 723504.0559939770028, 738748.361969962017611, 0.0 ], [ 723491.420993978972547, 738740.536969971028157, 0.0 ], [ 723469.815993983997032, 738727.076969970948994, 0.0 ], [ 723446.60199399094563, 738712.261969969025813, 0.0 ], [ 723419.271993997041136, 738694.573969971970655, 0.0 ], [ 723396.914994003018364, 738680.107969976961613, 0.0 ], [ 723377.261994007974863, 738667.443969971965998, 0.0 ], [ 723345.480994015000761, 738646.318969976971857, 0.0 ], [ 723319.866994022042491, 738629.164969976991415, 0.0 ], [ 723316.068994023022242, 738626.653969974955544, 0.0 ], [ 723314.625994023052044, 738625.649969985010102, 0.0 ], [ 723314.345994023024105, 738625.486969975987449, 0.0 ], [ 723314.043994022998959, 738625.253969980054535, 0.0 ], [ 723307.057994024944492, 738619.85896997700911, 0.0 ], [ 723304.285994024947286, 738617.479969986947253, 0.0 ], [ 723302.176994026056491, 738616.450969976023771, 0.0 ], [ 723301.148994026007131, 738615.515969987027347, 0.0 ], [ 723299.401994026033208, 738614.350969983031973, 0.0 ], [ 723298.392994027002715, 738613.396969979978167, 0.0 ], [ 723294.97599402803462, 738611.369969981955364, 0.0 ], [ 723293.07099402800668, 738610.042969980975613, 0.0 ], [ 723291.447994029032998, 738608.64096997899469, 0.0 ], [ 723283.390994030982256, 738603.147969980956987, 0.0 ], [ 723281.879994031041861, 738602.366969979950227, 0.0 ], [ 723279.67799403204117, 738600.755969985038973, 0.0 ], [ 723277.86899403296411, 738599.771969974972308, 0.0 ], [ 723277.593994032009505, 738599.32796997600235, 0.0 ], [ 723275.766994033008814, 738598.201969985966571, 0.0 ], [ 723268.367994035012089, 738592.938969976035878, 0.0 ], [ 723265.489994034986012, 738591.018969977973029, 0.0 ], [ 723262.270994035992771, 738589.193969985004514, 0.0 ], [ 723258.342994036967866, 738586.299969985964708, 0.0 ], [ 723248.994994038948789, 738580.068969979998656, 0.0 ], [ 723240.842994041042402, 738574.21496998204384, 0.0 ], [ 723227.782994044013321, 738565.492969981045462, 0.0 ], [ 723221.398994046030566, 738560.683969984995201, 0.0 ], [ 723214.052994047990069, 738555.902969985967502, 0.0 ], [ 723211.933994048042223, 738554.151969993021339, 0.0 ], [ 723207.066994049004279, 738551.20496998494491, 0.0 ], [ 723187.050994053948671, 738536.945969993015751, 0.0 ], [ 723182.624994055950083, 738534.022969990968704, 0.0 ], [ 723174.791994057944976, 738528.253969982033595, 0.0 ], [ 723157.684994061011821, 738516.594969991012476, 0.0 ], [ 723156.729994061985053, 738516.142969993990846, 0.0 ], [ 723150.99899406300392, 738512.021969994995743, 0.0 ], [ 723149.563994062948041, 738511.483969992026687, 0.0 ], [ 723147.266994063975289, 738509.470969993039034, 0.0 ], [ 723144.327994065009989, 738507.648969992995262, 0.0 ], [ 723124.106679513002746, 738493.827759906998836, 0.0 ], [ 723117.458994070999324, 738489.387969993986189, 0.0 ], [ 723111.967994073056616, 738486.198969988035969, 0.0 ], [ 723111.243994073010981, 738486.676969988038763, 0.0 ], [ 723081.068994079949334, 738458.848969987942837, 0.0 ], [ 723067.403994083986618, 738446.18696999095846, 0.0 ], [ 723053.462994087021798, 738432.52596999402158, 0.0 ], [ 723041.878994090016931, 738421.501969999051653, 0.0 ], [ 723024.082994092954323, 738405.147970000980422, 0.0 ], [ 723012.006994097027928, 738394.596970002981834, 0.0 ], [ 722926.751994117978029, 738328.034970009000972, 0.0 ], [ 722908.149994121980853, 738313.796970003051683, 0.0 ], [ 722885.166994128027, 738296.551970010041259, 0.0 ], [ 722836.966994139947928, 738259.501970006967895, 0.0 ], [ 722809.055994146037847, 738238.602970013977028, 0.0 ], [ 722788.478994152043015, 738222.853970007970929, 0.0 ], [ 722735.53599416394718, 738182.953970010974444, 0.0 ], [ 722712.605994169949554, 738165.64497002097778, 0.0 ], [ 722673.879994179005735, 738135.895970023004338, 0.0 ], [ 722644.946994186961092, 738114.036970013054088, 0.0 ], [ 722596.16599419794511, 738075.579970019054599, 0.0 ], [ 722575.536994201946072, 738057.416970034013502, 0.0 ], [ 722574.770994203048758, 738056.577970025944524, 0.0 ], [ 722571.263994203996845, 738052.734970026998781, 0.0 ], [ 722557.238994208048098, 738038.208970022969879, 0.0 ], [ 722545.851994210039265, 738025.388970025000162, 0.0 ], [ 722533.334994212957099, 738011.169970032991841, 0.0 ], [ 722521.350994216045365, 737999.150970033952035, 0.0 ], [ 722513.217994217993692, 737991.276970027945936, 0.0 ], [ 722498.319994222023524, 737978.662970026955009, 0.0 ], [ 722488.74999422300607, 737970.551970041007735, 0.0 ], [ 722483.913994224974886, 737966.635970029979944, 0.0 ], [ 722481.783994224970229, 737964.071970036020502, 0.0 ], [ 722439.44599423604086, 737912.396970030036755, 0.0 ], [ 722409.370994242955931, 737876.445970037020743, 0.0 ], [ 722407.579994242987595, 737873.884970039944164, 0.0 ], [ 722406.426994243985973, 737871.490970032056794, 0.0 ], [ 722397.956994244945236, 737852.9509700370254, 0.0 ], [ 722394.521994246053509, 737845.509970039012842, 0.0 ], [ 722387.212994248024188, 737833.90497003798373, 0.0 ], [ 722377.399994250037707, 737819.109970035031438, 0.0 ], [ 722361.48699425405357, 737788.601970036979765, 0.0 ], [ 722348.652994257048704, 737763.329970043967478, 0.0 ], [ 722341.052994259051047, 737754.420970042003319, 0.0 ], [ 722339.540994258946739, 737750.242970040999353, 0.0 ], [ 722335.921994260046631, 737744.859970043995418, 0.0 ], [ 722332.815994260949083, 737741.744970040977933, 0.0 ], [ 722329.829994261963293, 737738.729970042943023, 0.0 ], [ 722326.415994263021275, 737734.629970042034984, 0.0 ], [ 722325.538994263042696, 737732.639970044023357, 0.0 ], [ 722324.269994262955151, 737730.240970039973035, 0.0 ], [ 722322.969994263025001, 737727.417970043956302, 0.0 ], [ 722322.23899426299613, 737726.108970050001517, 0.0 ], [ 722321.406994263990782, 737724.619970037951134, 0.0 ], [ 722320.225994264008477, 737722.799970046035014, 0.0 ], [ 722318.904994264012203, 737720.761970040970482, 0.0 ], [ 722317.682994264992885, 737719.04297004500404, 0.0 ], [ 722316.640994264977053, 737717.062970045022666, 0.0 ], [ 722314.918994265026413, 737713.624970039003529, 0.0 ], [ 722313.616994265001267, 737711.065970045980066, 0.0 ], [ 722312.53499426599592, 737708.446970039978623, 0.0 ], [ 722311.67299426603131, 737706.347970050992444, 0.0 ], [ 722311.029994265991263, 737702.847970047965646, 0.0 ], [ 722310.468994266004302, 737701.128970040008426, 0.0 ], [ 722306.802994266967289, 737693.910970040014945, 0.0 ], [ 722305.100994267966598, 737690.752970039029606, 0.0 ], [ 722303.477994267945178, 737687.574970043031499, 0.0 ], [ 722301.53499426797498, 737684.236970048048533, 0.0 ], [ 722299.552994268015027, 737680.677970045944676, 0.0 ], [ 722300.590994269005023, 737678.91697004402522, 0.0 ], [ 722302.46799426805228, 737674.895970046985894, 0.0 ], [ 722304.144994267029688, 737670.454970043036155, 0.0 ], [ 722305.640994266956113, 737666.432970045949332, 0.0 ], [ 722306.517994267051108, 737662.951970046036877, 0.0 ], [ 722307.59399426705204, 737657.911970047047362, 0.0 ], [ 722307.811994265997782, 737654.631970038986765, 0.0 ], [ 722309.626994265941903, 737649.469970043981448, 0.0 ], [ 722310.961994266021065, 737643.148970043985173, 0.0 ], [ 722311.358994266018271, 737638.348970044055022, 0.0 ], [ 722311.397994266008027, 737637.109970047022216, 0.0 ], [ 722312.431994265993126, 737630.887970039038919, 0.0 ], [ 722312.54799426603131, 737626.448970037978142, 0.0 ], [ 722312.28499426599592, 737622.488970043952577, 0.0 ], [ 722311.640994266024791, 737617.909970044973306, 0.0 ], [ 722310.838994265999645, 737614.049970039050095, 0.0 ], [ 722309.214994266047142, 737609.571970043005422, 0.0 ], [ 722307.692994266981259, 737606.752970046014525, 0.0 ], [ 722305.55099426698871, 737603.35497003805358, 0.0 ], [ 722303.727994267945178, 737600.956970041966997, 0.0 ], [ 722301.765994268003851, 737598.75797004904598, 0.0 ], [ 722300.806994267972186, 737598.257970046019182, 0.0 ], [ 722298.324994268943556, 737596.860970046953298, 0.0 ], [ 722295.004994270042516, 737596.303970045992173, 0.0 ], [ 722291.823994269943796, 737595.82597003900446, 0.0 ], [ 722289.883994271047413, 737595.587970040040091, 0.0 ], [ 722289.003994271042757, 737595.087970042950474, 0.0 ], [ 722285.423994272015989, 737594.930970045970753, 0.0 ], [ 722280.883994271978736, 737595.194970050943084, 0.0 ], [ 722278.14399427396711, 737595.476970041985624, 0.0 ], [ 722276.844994273968041, 737595.537970050005242, 0.0 ], [ 722274.623994274996221, 737594.819970043026842, 0.0 ], [ 722272.64299427496735, 737593.90097004105337, 0.0 ], [ 722270.001994275953621, 737592.163970045978203, 0.0 ], [ 722268.359994275961071, 737590.644970041001216, 0.0 ], [ 722267.758994276053272, 737589.484970045974478, 0.0 ], [ 722269.619994275970384, 737590.003970040008426, 0.0 ], [ 722270.551994276000187, 737586.419970049057156, 0.0 ], [ 722269.64299427496735, 737586.161970047047362, 0.0 ], [ 722271.995994276017882, 737584.601970041054301, 0.0 ], [ 722274.053994275047444, 737583.440970040974207, 0.0 ], [ 722276.43499427405186, 737583.198970041004941, 0.0 ], [ 722278.613994274055585, 737583.57697004196234, 0.0 ], [ 722280.394994272966869, 737584.134970042970963, 0.0 ], [ 722281.634994272957556, 737585.013970045023598, 0.0 ], [ 722283.576994271948934, 737586.252970039029606, 0.0 ], [ 722285.377994272042997, 737587.411970047047362, 0.0 ], [ 722287.357994270976633, 737588.388970040017739, 0.0 ], [ 722290.039994271006435, 737589.586970043950714, 0.0 ], [ 722293.179994269972667, 737590.724970040027983, 0.0 ], [ 722296.539994269958697, 737591.741970040020533, 0.0 ], [ 722298.781994268996641, 737592.579970041988418, 0.0 ], [ 722300.30299426894635, 737593.358970041037537, 0.0 ], [ 722301.66199426795356, 737593.617970046005212, 0.0 ], [ 722304.02099426696077, 737592.215970047051087, 0.0 ], [ 722306.558994267019443, 737590.293970042956062, 0.0 ], [ 722309.476994266035035, 737587.291970047983341, 0.0 ], [ 722312.074994266033173, 737584.429970039986074, 0.0 ], [ 722314.250994264963083, 737580.487970035988837, 0.0 ], [ 722315.967994263977744, 737576.746970045031048, 0.0 ], [ 722317.544994264026172, 737572.645970048964955, 0.0 ], [ 722318.560994263971224, 737568.723970046965405, 0.0 ], [ 722319.139994263998233, 737566.123970040003769, 0.0 ], [ 722319.495994264027104, 737561.703970046015456, 0.0 ], [ 722319.071994262980297, 737557.084970048046671, 0.0 ], [ 722318.108994264039211, 737552.885970048024319, 0.0 ], [ 722317.486994263948873, 737550.585970045998693, 0.0 ], [ 722316.023994265007786, 737546.486970040015876, 0.0 ], [ 722314.220994265051559, 737543.168970042956062, 0.0 ], [ 722312.039994266000576, 737540.510970051051117, 0.0 ], [ 722310.417994266026653, 737538.591970045003109, 0.0 ], [ 722308.935994266998023, 737536.613970038015395, 0.0 ], [ 722307.133994266972877, 737533.474970042007044, 0.0 ], [ 722305.269994267029688, 737529.135970044997521, 0.0 ], [ 722304.206994267995469, 737525.436970051028766, 0.0 ], [ 722303.442994268028997, 737520.317970040952787, 0.0 ], [ 722303.499994267942384, 737515.957970042945817, 0.0 ], [ 722303.957994268042967, 737513.69797003804706, 0.0 ], [ 722316.700994263985194, 737493.52797004301101, 0.0 ], [ 722324.26699426304549, 737485.082970045041293, 0.0 ], [ 722325.509994262945838, 737483.337970037944615, 0.0 ], [ 722329.565994260949083, 737479.848970041028224, 0.0 ], [ 722334.083994260057807, 737476.287970039993525, 0.0 ], [ 722334.33299426001031, 737476.123970048036426, 0.0 ], [ 722334.581994259962812, 737475.959970045019872, 0.0 ], [ 722334.831994259962812, 737475.796970046008937, 0.0 ], [ 722335.081994259962812, 737475.63497004203964, 0.0 ], [ 722335.33299426001031, 737475.472970039001666, 0.0 ], [ 722335.583994260057807, 737475.311970041948371, 0.0 ], [ 722335.835994260036387, 737475.151970040053129, 0.0 ], [ 722336.087994258967228, 737474.991970035945997, 0.0 ], [ 722336.339994259993546, 737474.832970042945817, 0.0 ], [ 722336.592994260019623, 737474.674970041029155, 0.0 ], [ 722336.846994259976782, 737474.517970044980757, 0.0 ], [ 722337.100994260050356, 737474.360970041947439, 0.0 ], [ 722337.354994260007516, 737474.204970043967478, 0.0 ], [ 722337.609994258964434, 737474.049970039981417, 0.0 ], [ 722337.864994258969091, 737473.895970043959096, 0.0 ], [ 722338.120994259021245, 737473.741970036993735, 0.0 ], [ 722338.376994258956984, 737473.58897003903985, 0.0 ], [ 722338.632994259009138, 737473.436970034032129, 0.0 ], [ 722338.889994258992374, 737473.284970042994246, 0.0 ], [ 722339.147994259023108, 737473.133970045950264, 0.0 ], [ 722339.405994259053841, 737472.983970046043396, 0.0 ], [ 722339.66399425896816, 737472.834970043040812, 0.0 ], [ 722339.922994259046391, 737472.685970040969551, 0.0 ], [ 722340.181994259008206, 737472.538970040041022, 0.0 ], [ 722340.4409942580387, 737472.390970046981238, 0.0 ], [ 722340.700994258048013, 737472.244970044004731, 0.0 ], [ 722340.960994258988649, 737472.098970044986345, 0.0 ], [ 722341.221994257997721, 737471.954970043967478, 0.0 ], [ 722341.482994258985855, 737471.809970043948852, 0.0 ], [ 722341.744994258042425, 737471.666970040998422, 0.0 ], [ 722342.00699425896164, 737471.523970045032911, 0.0 ], [ 722342.269994258997031, 737471.382970037055202, 0.0 ], [ 722342.531994258984923, 737471.240970039041713, 0.0 ], [ 722342.795994258020073, 737471.100970042054541, 0.0 ], [ 722343.058994258986786, 737470.961970041971654, 0.0 ], [ 722349.113994256942533, 737467.604970035958104, 0.0 ], [ 722374.382994250976481, 737457.008970031980425, 0.0 ], [ 722375.946994250989519, 737456.604970038984902, 0.0 ], [ 722379.417994249030016, 737455.501970033976249, 0.0 ], [ 722382.047994249034673, 737454.648970038047992, 0.0 ], [ 722384.079994247993454, 737453.409970037988387, 0.0 ], [ 722386.912994247977622, 737452.239970035036094, 0.0 ], [ 722390.666994247003458, 737450.799970036954619, 0.0 ], [ 722394.160994246019982, 737449.475970037980005, 0.0 ], [ 722396.285994246019982, 737449.017970031010918, 0.0 ], [ 722403.464994244044647, 737447.091970041044988, 0.0 ], [ 722408.056994242011569, 737445.960970039013773, 0.0 ], [ 722410.905994242057204, 737445.050970031996258, 0.0 ], [ 722415.90099424100481, 737443.522970041027293, 0.0 ], [ 722417.625994240050204, 737443.14097002800554, 0.0 ], [ 722419.989994239993393, 737442.804970033001155, 0.0 ], [ 722423.190994238946587, 737442.577970037003979, 0.0 ], [ 722427.705994236981496, 737441.164970037993044, 0.0 ], [ 722430.288994236965664, 737440.831970038008876, 0.0 ], [ 722433.089994236943312, 737440.80097003094852, 0.0 ], [ 722434.88999423594214, 737440.6999700400047, 0.0 ], [ 722438.69799423601944, 737439.94097003096249, 0.0 ], [ 722440.660994234960526, 737439.600970029947348, 0.0 ], [ 722442.721994234016165, 737439.582970038987696, 0.0 ], [ 722444.426994233974256, 737439.05997003603261, 0.0 ], [ 722446.57299423404038, 737438.502970034955069, 0.0 ], [ 722448.812994232052006, 737438.405970036052167, 0.0 ], [ 722463.260994229000062, 737435.695970030967146, 0.0 ], [ 722480.775994225055911, 737432.278970030019991, 0.0 ], [ 722492.465994221973233, 737431.320970032946207, 0.0 ], [ 722504.910994219011627, 737428.831970026949421, 0.0 ], [ 722512.262994218035601, 737427.68797003000509, 0.0 ], [ 722519.771994214970618, 737426.685970033984631, 0.0 ], [ 722523.514994214987382, 737426.364970033057034, 0.0 ], [ 722528.044994213967584, 737425.518970035947859, 0.0 ], [ 722531.371994212968275, 737424.897970027057454, 0.0 ], [ 722532.237994213006459, 737424.735970022971742, 0.0 ], [ 722536.95299421204254, 737423.523970031994395, 0.0 ], [ 722541.663994209957309, 737422.610970034031197, 0.0 ], [ 722546.441994208958931, 737421.217970023979433, 0.0 ], [ 722550.181994208018295, 737421.170970023958944, 0.0 ], [ 722554.507994208019227, 737420.59197002905421, 0.0 ], [ 722558.130994206992909, 737420.242970025981776, 0.0 ], [ 722560.776994206011295, 737419.720970029011369, 0.0 ], [ 722564.28899420495145, 737418.769970022956841, 0.0 ], [ 722569.624994204030372, 737417.486970028956421, 0.0 ], [ 722575.643994202022441, 737415.991970019997098, 0.0 ], [ 722579.432994200964458, 737415.204970028949901, 0.0 ], [ 722583.039994199993089, 737414.575970025965944, 0.0 ], [ 722585.946994199999608, 737414.096970026032068, 0.0 ], [ 722587.088994199992158, 737413.933970025973395, 0.0 ], [ 722589.106994198984466, 737413.981970031978562, 0.0 ], [ 722590.900994198978879, 737414.346970019978471, 0.0 ], [ 722593.267994198016822, 737415.179970022058114, 0.0 ], [ 722595.910994197009131, 737416.356970026041381, 0.0 ], [ 722599.521994197042659, 737418.28697002097033, 0.0 ], [ 722601.658994195982814, 737419.856970024993643, 0.0 ], [ 722602.884994196007028, 737420.793970022001304, 0.0 ], [ 722604.538994195056148, 737422.575970023986883, 0.0 ], [ 722606.074994195019826, 737424.316970027983189, 0.0 ], [ 722607.198994194972329, 737425.518970023025759, 0.0 ], [ 722616.150994193041697, 737435.076970021007583, 0.0 ], [ 722616.421994191943668, 737435.335970027954318, 0.0 ], [ 722616.697994192014448, 737435.588970027980395, 0.0 ], [ 722616.97899419197347, 737435.836970029049553, 0.0 ], [ 722617.264994192984886, 737436.079970019985922, 0.0 ], [ 722617.457994192023762, 737436.238970016944222, 0.0 ], [ 722617.750994191970676, 737436.471970024053007, 0.0 ], [ 722618.047994191991165, 737436.699970023008063, 0.0 ], [ 722618.349994192016311, 737436.921970017952845, 0.0 ], [ 722618.553994192043319, 737437.066970019019209, 0.0 ], [ 722618.862994192051701, 737437.278970025014132, 0.0 ], [ 722619.070994192035869, 737437.417970023001544, 0.0 ], [ 722619.386994192027487, 737437.619970030966215, 0.0 ], [ 722619.697994192014448, 737437.815970027004369, 0.0 ], [ 722620.00899419200141, 737438.00597002194263, 0.0 ], [ 722620.32299419096671, 737438.189970026956871, 0.0 ], [ 722620.640994191053323, 737438.367970027960837, 0.0 ], [ 722620.961994191049598, 737438.538970023044385, 0.0 ], [ 722621.285994190955535, 737438.704970021964982, 0.0 ], [ 722621.613994191051461, 737438.863970026024617, 0.0 ], [ 722621.943994191009551, 737439.0169700270053, 0.0 ], [ 722622.277994191041216, 737439.163970028981566, 0.0 ], [ 722622.613994191051461, 737439.30397002294194, 0.0 ], [ 722622.952994190971367, 737439.436970019945875, 0.0 ], [ 722623.293994190986268, 737439.563970017945394, 0.0 ], [ 722630.593994189053774, 737441.440970028052106, 0.0 ], [ 722631.750994188943878, 737441.692970025003888, 0.0 ], [ 722633.090994187979959, 737441.726970021030866, 0.0 ], [ 722635.173994187964126, 737441.468970027985051, 0.0 ], [ 722659.534994181944057, 737437.47197002498433, 0.0 ], [ 722659.871994182001799, 737437.514970015967265, 0.0 ], [ 722660.207994182012044, 737437.562970023951493, 0.0 ], [ 722660.542994181974791, 737437.616970023955218, 0.0 ], [ 722660.877994182053953, 737437.675970018957742, 0.0 ], [ 722661.210994182038121, 737437.740970017039217, 0.0 ], [ 722662.364994182018563, 737438.371970026055351, 0.0 ], [ 722664.801994179957546, 737440.45797002397012, 0.0 ], [ 722671.038994178990833, 737446.542970019974746, 0.0 ], [ 722673.348994179046713, 737449.385970019036904, 0.0 ], [ 722675.26399417896755, 737451.745970017975196, 0.0 ], [ 722676.469994178041816, 737453.138970016036183, 0.0 ], [ 722678.149994177045301, 737455.075970020960085, 0.0 ], [ 722680.405994176049717, 737457.338970024022274, 0.0 ], [ 722681.377994177048095, 737458.129970020032488, 0.0 ], [ 722682.786994177033193, 737459.123970011947677, 0.0 ], [ 722683.462994175963104, 737459.511970018036664, 0.0 ], [ 722692.818994174012914, 737465.687970018945634, 0.0 ], [ 722694.071994174038991, 737466.280970014049672, 0.0 ], [ 722696.34199417300988, 737467.28497001202777, 0.0 ], [ 722702.675994171993807, 737469.610970015986823, 0.0 ], [ 722706.511994170956314, 737472.010970024042763, 0.0 ], [ 722709.00099416996818, 737471.11697001196444, 0.0 ], [ 722711.694994169985875, 737469.78497001202777, 0.0 ], [ 722720.862994167022407, 737464.868970012990758, 0.0 ], [ 722721.08199416694697, 737464.613970014965162, 0.0 ], [ 722721.286994167021476, 737464.346970016951673, 0.0 ], [ 722721.477994167013094, 737464.069970021955669, 0.0 ], [ 722721.652994166943245, 737463.783970020944253, 0.0 ], [ 722721.813994167023338, 737463.487970020971261, 0.0 ], [ 722721.957994166994467, 737463.184970014961436, 0.0 ], [ 722722.085994167020544, 737462.873970021028072, 0.0 ], [ 722722.282994166947901, 737461.275970021961257, 0.0 ], [ 722722.654994165990502, 737456.259970018989407, 0.0 ], [ 722722.509994167019613, 737454.857970018056221, 0.0 ], [ 722722.299994167988189, 737453.836970012052916, 0.0 ], [ 722721.98299416701775, 737451.692970009986311, 0.0 ], [ 722721.504994167014956, 737449.528970023966394, 0.0 ], [ 722720.811994167044759, 737446.940970020950772, 0.0 ], [ 722720.116994166979566, 737444.513970016967505, 0.0 ], [ 722719.730994167039171, 737443.289970015990548, 0.0 ], [ 722719.664994167978875, 737441.908970020944253, 0.0 ], [ 722719.620994167984463, 737438.488970019971021, 0.0 ], [ 722719.511994168045931, 737435.528970013954677, 0.0 ], [ 722719.449994166963734, 737433.767970015993342, 0.0 ], [ 722719.409994167042896, 737431.826970016001724, 0.0 ], [ 722719.811994167044759, 737429.651970017002895, 0.0 ], [ 722720.189994166954421, 737427.934970017988235, 0.0 ], [ 722720.521994167007506, 737426.759970018058084, 0.0 ], [ 722721.306994167971425, 737425.517970015993342, 0.0 ], [ 722722.496994166984223, 737423.636970020947047, 0.0 ], [ 722723.292994166025892, 737422.50797001994215, 0.0 ], [ 722724.239994165953249, 737421.882970015052706, 0.0 ], [ 722725.054994166013785, 737420.814970014966093, 0.0 ], [ 722727.415994164999574, 737417.84797001502011, 0.0 ], [ 722730.392994164954871, 737413.711970021948218, 0.0 ], [ 722731.696994164958596, 737411.991970023955218, 0.0 ], [ 722732.614994163974188, 737410.644970020046458, 0.0 ], [ 722735.147994164028205, 737408.300970011972822, 0.0 ], [ 722736.783994163037278, 737407.105970012955368, 0.0 ], [ 722738.109994163038209, 737406.563970017945394, 0.0 ], [ 722739.396994163049385, 737406.082970023038797, 0.0 ], [ 722741.457994163036346, 737404.551970017957501, 0.0 ], [ 722743.582994161057286, 737402.70297002303414, 0.0 ], [ 722744.614994161995128, 737401.817970011034049, 0.0 ], [ 722745.399994160979986, 737401.468970017042011, 0.0 ], [ 722746.163994160946459, 737401.09997001697775, 0.0 ], [ 722746.702994161052629, 737401.166970010963269, 0.0 ], [ 722748.242994160042144, 737402.568970017950051, 0.0 ], [ 722749.528994160005823, 737403.545970013015904, 0.0 ], [ 722750.50199416000396, 737404.038970016990788, 0.0 ], [ 722751.017994159949012, 737404.206970019964501, 0.0 ], [ 722752.277994159958325, 737404.22397001599893, 0.0 ], [ 722754.234994158963673, 737404.411970015964471, 0.0 ], [ 722755.785994159057736, 737404.933970012003556, 0.0 ], [ 722757.088994157966226, 737406.131970016052946, 0.0 ], [ 722758.64199415803887, 737408.011970015009865, 0.0 ], [ 722759.825994158047251, 737409.168970008962788, 0.0 ], [ 722761.015994156943634, 737409.745970017975196, 0.0 ], [ 722762.150994156952947, 737410.080970012000762, 0.0 ], [ 722763.168994156992994, 737410.215970010031015, 0.0 ], [ 722763.990994157036766, 737410.066970014944673, 0.0 ], [ 722765.476994156022556, 737409.567970018950291, 0.0 ], [ 722767.611994156031869, 737408.458970010979101, 0.0 ], [ 722769.316994154942222, 737406.643970016040839, 0.0 ], [ 722770.334994154982269, 737405.338970014941879, 0.0 ], [ 722771.001994154998101, 737404.787970016943291, 0.0 ], [ 722772.568994155037217, 737404.289970010984689, 0.0 ], [ 722773.767994154011831, 737404.346970009035431, 0.0 ], [ 722774.823994153994136, 737404.521970008034259, 0.0 ], [ 722776.702994153951295, 737404.608970009023324, 0.0 ], [ 722778.098994152969681, 737404.807970009045675, 0.0 ], [ 722779.531994153046981, 737405.267970009008422, 0.0 ], [ 722780.427994152996689, 737405.520970007055439, 0.0 ], [ 722782.010994152049534, 737405.28297001705505, 0.0 ], [ 722782.524994152016006, 737404.310970011050813, 0.0 ], [ 722783.011994151980616, 737402.397970009013079, 0.0 ], [ 722783.270994151942432, 737399.582970011979342, 0.0 ], [ 722783.503994151949883, 737397.207970013027079, 0.0 ], [ 722783.612994152004831, 737395.089970013010316, 0.0 ], [ 722783.655994151951745, 737393.49097000900656, 0.0 ], [ 722783.250994152971543, 737392.445970011991449, 0.0 ], [ 722782.449994151946157, 737391.134970013983548, 0.0 ], [ 722781.031994153046981, 737389.614970013964921, 0.0 ], [ 722779.032994152978063, 737388.168970015016384, 0.0 ], [ 722777.362994153983891, 737387.5249700039858, 0.0 ], [ 722775.811994154006243, 737386.922970009036362, 0.0 ], [ 722774.397994154016487, 737386.503970021032728, 0.0 ], [ 722773.225994153995998, 737386.026970018981956, 0.0 ], [ 722774.50699415395502, 737385.844970016041771, 0.0 ], [ 722775.547994152992032, 737385.819970019045286, 0.0 ], [ 722777.042994154035114, 737386.140970009029843, 0.0 ], [ 722778.2559941529762, 737386.537970016943291, 0.0 ], [ 722779.271994153037667, 737386.811970012029633, 0.0 ], [ 722780.890994152985513, 737386.874970011995174, 0.0 ], [ 722783.048994151991792, 737386.904970015981235, 0.0 ], [ 722785.558994152001105, 737387.580970015958883, 0.0 ], [ 722787.467994151054882, 737388.305970013956539, 0.0 ], [ 722789.677994151017629, 737388.916970010031946, 0.0 ], [ 722791.47499414999038, 737389.142970014945604, 0.0 ], [ 722793.131994148949161, 737389.265970017993823, 0.0 ], [ 722794.328994148992933, 737389.422970009967685, 0.0 ], [ 722795.246994149056263, 737389.595970012946054, 0.0 ], [ 722796.688994148047641, 737389.395970007986762, 0.0 ], [ 722798.996994148008525, 737388.708970012026839, 0.0 ], [ 722800.566994147957303, 737387.970970010966994, 0.0 ], [ 722802.017994147026911, 737387.132970017031766, 0.0 ], [ 722802.899994147010148, 737386.944970014039427, 0.0 ], [ 722806.752994145965204, 737385.899970012018457, 0.0 ], [ 722807.737994145951234, 737385.593970017973334, 0.0 ], [ 722808.61799414595589, 737385.585970010957681, 0.0 ], [ 722809.755994145991281, 737385.681970012024976, 0.0 ], [ 722811.439994144951925, 737385.305970016052015, 0.0 ], [ 722813.432994144968688, 737384.353970014024526, 0.0 ], [ 722814.981994144036435, 737383.695970010943711, 0.0 ], [ 722816.044994144001976, 737383.410970011958852, 0.0 ], [ 722817.560994143947028, 737383.631970016052946, 0.0 ], [ 722818.259994143038057, 737383.741970009054057, 0.0 ], [ 722818.702994144055992, 737383.488970006001182, 0.0 ], [ 722819.794994142954238, 737382.64397000905592, 0.0 ], [ 722821.86899414297659, 737381.514970015035942, 0.0 ], [ 722822.71399414294865, 737381.14697001001332, 0.0 ], [ 722823.259994143038057, 737380.753970007994212, 0.0 ], [ 722824.029994142008945, 737380.024970010039397, 0.0 ], [ 722824.453994142008014, 737379.730970003991388, 0.0 ], [ 722826.157994142035022, 737379.334970014053397, 0.0 ], [ 722827.297994141001254, 737379.310970013961196, 0.0 ], [ 722828.414994140970521, 737379.526970008038916, 0.0 ], [ 722829.111994141014293, 737379.736970011028461, 0.0 ], [ 722830.596994139952585, 737379.317970011965372, 0.0 ], [ 722831.341994139947928, 737378.908970011980273, 0.0 ], [ 722832.175994139979593, 737377.939970011007972, 0.0 ], [ 722833.229994139983319, 737376.936970014008693, 0.0 ], [ 722834.841994139016606, 737375.978970012045465, 0.0 ], [ 722837.859994139056653, 737374.681970010045916, 0.0 ], [ 722840.151994138024747, 737373.674970017047599, 0.0 ], [ 722841.240994137944654, 737373.069970009964891, 0.0 ], [ 722842.816994137945585, 737371.85397000296507, 0.0 ], [ 722843.742994138039649, 737371.36697000998538, 0.0 ], [ 722844.685994136962108, 737371.159970012959093, 0.0 ], [ 722845.327994136954658, 737371.00897000299301, 0.0 ], [ 722846.364994136034511, 737371.183970013051294, 0.0 ], [ 722847.202994136954658, 737371.315970006049611, 0.0 ], [ 722848.483994135982357, 737371.153970006969757, 0.0 ], [ 722850.905994136002846, 737370.987970000947826, 0.0 ], [ 722852.144994135946035, 737371.084970006952062, 0.0 ], [ 722854.198994135018438, 737371.413970010005869, 0.0 ], [ 722856.393994134035893, 737371.724970008945093, 0.0 ], [ 722858.611994134029374, 737371.75597000902053, 0.0 ], [ 722860.209994132979773, 737371.878970011952333, 0.0 ], [ 722861.346994132967666, 737372.093970005051233, 0.0 ], [ 722863.036994131980464, 737372.69697000796441, 0.0 ], [ 722864.667994132032618, 737373.279970003990456, 0.0 ], [ 722866.081994132022373, 737373.699970011017285, 0.0 ], [ 722866.999994131037965, 737373.772970007034019, 0.0 ], [ 722868.119994131964631, 737373.768970003002323, 0.0 ], [ 722869.438994131051004, 737373.766970015945844, 0.0 ], [ 722870.436994130956009, 737373.920970004983246, 0.0 ], [ 722871.314994130982086, 737373.953970003058203, 0.0 ], [ 722872.816994130029343, 737373.854970003012568, 0.0 ], [ 722873.915994129958563, 737373.870970007032156, 0.0 ], [ 722874.593994130031206, 737373.999970010947436, 0.0 ], [ 722874.983994130045176, 737374.684970007045195, 0.0 ], [ 722875.451994130038656, 737375.531970005948097, 0.0 ], [ 722876.678994128946215, 737376.367970008985139, 0.0 ], [ 722877.653994129039347, 737376.761970004998147, 0.0 ], [ 722881.119994129054248, 737377.609970001038164, 0.0 ], [ 722884.60799412697088, 737378.378970004967414, 0.0 ], [ 722886.742994126980193, 737378.668970010941848, 0.0 ], [ 722887.956994127016515, 737379.045969999977387, 0.0 ], [ 722889.325994126033038, 737379.80597000895068, 0.0 ], [ 722890.236994125996716, 737380.436970002017915, 0.0 ], [ 722890.850994126056321, 737380.825970008037984, 0.0 ], [ 722891.845994126051664, 737381.139970005024225, 0.0 ], [ 722892.402994125033729, 737381.327970008016564, 0.0 ], [ 722893.506994124967605, 737381.042970007052645, 0.0 ], [ 722894.613994125043973, 737380.51897001103498, 0.0 ], [ 722896.263994124950841, 737379.762970002018847, 0.0 ], [ 722897.35299412405584, 737379.098970002960414, 0.0 ], [ 722898.317994124023244, 737378.731970002991147, 0.0 ], [ 722899.439994123997167, 737378.567970008007251, 0.0 ], [ 722900.633994122967124, 737378.924970000982285, 0.0 ], [ 722901.408994124038145, 737379.275970011018217, 0.0 ], [ 722903.084994122036733, 737379.499970011995174, 0.0 ], [ 722904.979994122055359, 737379.765970007050782, 0.0 ], [ 722906.293994121951982, 737380.163970001973212, 0.0 ], [ 722907.405994122033007, 737380.758969999966212, 0.0 ], [ 722908.357994121965021, 737381.311970000970177, 0.0 ], [ 722910.196994120953605, 737382.657970005995594, 0.0 ], [ 722910.770994120975956, 737383.085970005951822, 0.0 ], [ 722911.326994120026939, 737383.353970010997728, 0.0 ], [ 722912.268994120997377, 737383.246970004984178, 0.0 ], [ 722913.866994119947776, 737383.369970005005598, 0.0 ], [ 722914.983994120033458, 737383.484970006044023, 0.0 ], [ 722915.913994119968265, 737384.137970000971109, 0.0 ], [ 722916.482994119054638, 737384.924970005988143, 0.0 ], [ 722916.710994119057432, 737385.747970005031675, 0.0 ], [ 722916.581994118983857, 737386.425970008946024, 0.0 ], [ 722916.160994119942188, 737387.939970009028912, 0.0 ], [ 722917.403994119027629, 737389.095970003982075, 0.0 ], [ 722918.900994119001552, 737389.297970007057302, 0.0 ], [ 722920.576994118979201, 737389.460970005020499, 0.0 ], [ 722922.195994119043462, 737389.523969996022061, 0.0 ], [ 722923.835994118009694, 737389.426970000960864, 0.0 ], [ 722925.315994117991067, 737389.447970001026988, 0.0 ], [ 722926.594994117040187, 737389.485970000969246, 0.0 ], [ 722927.82899411697872, 737389.882970005972311, 0.0 ], [ 722929.379994116956368, 737390.44497000600677, 0.0 ], [ 722931.170994115993381, 737391.029969995957799, 0.0 ], [ 722933.442994115990587, 737391.541970003047027, 0.0 ], [ 722935.274994114995934, 737392.047970001003705, 0.0 ], [ 722936.270994115038775, 737392.361970001948066, 0.0 ], [ 722937.020994115038775, 737393.050970008014701, 0.0 ], [ 722937.452994114952162, 737393.556970003992319, 0.0 ], [ 722937.40899411495775, 737395.315970001043752, 0.0 ], [ 722936.837994114961475, 737396.107970000011846, 0.0 ], [ 722936.224994114949368, 737396.998970004031435, 0.0 ], [ 722935.57699411502108, 737399.028970006969757, 0.0 ], [ 722935.292994115035981, 737400.743970004958101, 0.0 ], [ 722934.769994114991277, 737402.335970001993701, 0.0 ], [ 722934.126994114951231, 737404.025970002985559, 0.0 ], [ 722933.710994114982896, 737405.239970006048679, 0.0 ], [ 722933.505994115024805, 737406.975970005965792, 0.0 ], [ 722933.187994115054607, 737408.230970005970448, 0.0 ], [ 722932.937994115054607, 737408.987970007001422, 0.0 ], [ 722931.986994115984999, 737409.753970006946474, 0.0 ], [ 722931.211994115961716, 737410.842970005003735, 0.0 ], [ 722930.838994116988033, 737411.755970000987872, 0.0 ], [ 722931.79799411597196, 737413.269970005960204, 0.0 ], [ 722932.996994114946574, 737413.326970007969067, 0.0 ], [ 722933.692994114942849, 737413.575969998957589, 0.0 ], [ 722933.982994114980102, 737414.259970010025427, 0.0 ], [ 722933.8919941149652, 737415.058970003970899, 0.0 ], [ 722933.621994115994312, 737415.754970005014911, 0.0 ], [ 722932.953994116047397, 737416.363970009959303, 0.0 ], [ 722929.204994117026217, 737417.150970002985559, 0.0 ], [ 722926.538994117989205, 737417.613969999016263, 0.0 ], [ 722925.473994118045084, 737417.978970004012808, 0.0 ], [ 722924.083994118031114, 737418.738970004953444, 0.0 ], [ 722921.662994118058123, 737420.28497001004871, 0.0 ], [ 722919.988994117942639, 737421.339970011962578, 0.0 ], [ 722919.200994119048119, 737421.967970008961856, 0.0 ], [ 722918.625994118978269, 737423.039970007026568, 0.0 ], [ 722918.298994119046256, 737423.474970006966032, 0.0 ], [ 722919.378994119004346, 737424.889969996991567, 0.0 ], [ 722920.518994117970578, 737424.865970007958822, 0.0 ], [ 722921.660994117963128, 737424.682970004039817, 0.0 ], [ 722923.529994118027389, 737423.988970004022121, 0.0 ], [ 722925.906994116958231, 737422.702970008947887, 0.0 ], [ 722929.152994115953334, 737420.828970002010465, 0.0 ], [ 722931.510994115960784, 737419.422969999024644, 0.0 ], [ 722933.20199411502108, 737418.64697000104934, 0.0 ], [ 722934.165994115057401, 737418.340970001998357, 0.0 ], [ 722935.285994115052745, 737418.216969997039996, 0.0 ], [ 722935.383994114003144, 737419.777970009017736, 0.0 ], [ 722935.255994115024805, 737420.395970004959963, 0.0 ], [ 722934.110994115006179, 737422.218970007961616, 0.0 ], [ 722933.086994115030393, 737423.943970003048889, 0.0 ], [ 722932.244892126997001, 737425.516169338021427, 0.0 ], [ 722929.898994115996175, 737430.100970005965792, 0.0 ], [ 722929.769994116039015, 737430.979970009997487, 0.0 ], [ 722929.306994116050191, 737433.095970000955276, 0.0 ], [ 722928.903994116000831, 737435.29097000497859, 0.0 ], [ 722928.636994116008282, 737437.908970006043091, 0.0 ], [ 722928.601994115975685, 737439.346970007987693, 0.0 ], [ 722928.254994116956368, 737445.763970001949929, 0.0 ], [ 722928.206994117004797, 737450.382970007951371, 0.0 ], [ 722928.403994117048569, 737452.605970000964589, 0.0 ], [ 722928.620994116994552, 737454.826970000052825, 0.0 ], [ 722929.016994116012938, 737457.091970011009835, 0.0 ], [ 722929.583994116983376, 737460.236969999037683, 0.0 ], [ 722930.147994115948677, 737463.702969999983907, 0.0 ], [ 722930.915994115988724, 737466.789970009005629, 0.0 ], [ 722932.016994116012938, 737470.541970008984208, 0.0 ], [ 722932.854994116001762, 737472.629970003967173, 0.0 ], [ 722933.163994116010144, 737473.633970007998869, 0.0 ], [ 722938.586994113982655, 737488.709969999967143, 0.0 ], [ 722938.987994114053436, 737490.472970003029332, 0.0 ], [ 722939.694994113990106, 737493.680970006040297, 0.0 ], [ 722939.89499411394354, 737495.602970005944371, 0.0 ], [ 722940.052994113997556, 737497.704970002989285, 0.0 ], [ 722940.26799411396496, 737500.085970005951822, 0.0 ], [ 722940.4499941150425, 737501.828970007947646, 0.0 ], [ 722940.542994113988243, 737502.549970004009083, 0.0 ], [ 722940.889994114055298, 737503.812969999038614, 0.0 ], [ 722941.745994113967754, 737506.101970002986491, 0.0 ], [ 722943.12699411297217, 737509.83597000001464, 0.0 ], [ 722944.482994113001041, 737514.029970000963658, 0.0 ], [ 722944.763994112960063, 737514.232970003038645, 0.0 ], [ 722945.054994113044813, 737514.419970007031225, 0.0 ], [ 722945.354994112974964, 737514.590969996992499, 0.0 ], [ 722945.663994112983346, 737514.745969997951761, 0.0 ], [ 722945.981994112022221, 737514.88397000299301, 0.0 ], [ 722946.305994112044573, 737515.00497000804171, 0.0 ], [ 722946.635994113050401, 737515.107970005949028, 0.0 ], [ 722946.97099411196541, 737515.19297000404913, 0.0 ], [ 722947.310994112980552, 737515.25997000199277, 0.0 ], [ 722947.652994111995213, 737515.308970008045435, 0.0 ], [ 722947.997994111967273, 737515.338970007025637, 0.0 ], [ 722948.350994111970067, 737515.362970000016503, 0.0 ], [ 722948.72099411196541, 737515.395970002980903, 0.0 ], [ 722949.090994111960754, 737515.413970003952272, 0.0 ], [ 722949.461994112003595, 737515.414970000041649, 0.0 ], [ 722949.831994111998938, 737515.3999700039858, 0.0 ], [ 722950.201994110946544, 737515.369970003026538, 0.0 ], [ 722950.568994111963548, 737515.323969995952211, 0.0 ], [ 722950.934994112001732, 737515.261969994055107, 0.0 ], [ 722951.296994111035019, 737515.1839700009441, 0.0 ], [ 722951.655994110973552, 737515.090970007004216, 0.0 ], [ 722952.010994110954925, 737514.982970008044504, 0.0 ], [ 722952.359994109952822, 737514.858970002038404, 0.0 ], [ 722952.656994111021049, 737514.771970008965582, 0.0 ], [ 722952.924994110944681, 737514.689970004023053, 0.0 ], [ 722953.185994111001492, 737514.58797, 0.0 ], [ 722953.438994111027569, 737514.466969999019057, 0.0 ], [ 722953.681994111044332, 737514.325969998026267, 0.0 ], [ 722953.912994110956788, 737514.167970004025847, 0.0 ], [ 722954.131994110997766, 737513.992970003047958, 0.0 ], [ 722954.335994109977037, 737513.801970005966723, 0.0 ], [ 722954.525994110037573, 737513.595970005961135, 0.0 ], [ 722954.698994111036882, 737513.375970002030954, 0.0 ], [ 722954.855994111043401, 737513.142969997948967, 0.0 ], [ 722954.993994110031053, 737512.898970006033778, 0.0 ], [ 722957.297994110034779, 737510.643970003002323, 0.0 ], [ 722960.652994108968414, 737509.138970004976727, 0.0 ], [ 722965.988994108047336, 737507.653970001963899, 0.0 ], [ 722971.21799410704989, 737506.728969995048828, 0.0 ], [ 722971.487994106020778, 737506.713970005046576, 0.0 ], [ 722971.758994105970487, 737506.707969999988563, 0.0 ], [ 722972.029994106036611, 737506.711970002972521, 0.0 ], [ 722972.300994105986319, 737506.724970001028851, 0.0 ], [ 722972.570994106004946, 737506.746970001026057, 0.0 ], [ 722972.840994106023572, 737506.778970006038435, 0.0 ], [ 722973.108994105947204, 737506.819969999021851, 0.0 ], [ 722973.374994106008671, 737506.870970000978559, 0.0 ], [ 722973.639994106022641, 737506.930969999986701, 0.0 ], [ 722973.901994106010534, 737506.998969999025576, 0.0 ], [ 722974.161994106019847, 737507.076970005990006, 0.0 ], [ 722974.417994105955586, 737507.163969998946413, 0.0 ], [ 722974.671994104981422, 737507.259970000945032, 0.0 ], [ 722974.921994104981422, 737507.363970002043061, 0.0 ], [ 722975.168994104955345, 737507.47696999902837, 0.0 ], [ 722975.410994105041027, 737507.598970002960414, 0.0 ], [ 722975.648994105053134, 737507.727970005013049, 0.0 ], [ 722975.913994104950689, 737507.878969999030232, 0.0 ], [ 722976.205994104966521, 737508.049970002961345, 0.0 ], [ 722976.493994105025195, 737508.22696999902837, 0.0 ], [ 722976.777994105010293, 737508.409969998057932, 0.0 ], [ 722977.057994105038233, 737508.599970008945093, 0.0 ], [ 722977.332994104945101, 737508.796969996998087, 0.0 ], [ 722977.603994105011225, 737508.998969997977838, 0.0 ], [ 722977.869994104024954, 737509.207969998009503, 0.0 ], [ 722978.130994105013087, 737509.421969996998087, 0.0 ], [ 722978.387994103948586, 737509.642970004002564, 0.0 ], [ 722978.638994103996083, 737509.868969997041859, 0.0 ], [ 722978.884994104038924, 737510.099969999981113, 0.0 ], [ 722979.125994105008431, 737510.337969996035099, 0.0 ], [ 722979.36199410399422, 737510.579969997052103, 0.0 ], [ 722979.590994104975834, 737510.827969994046725, 0.0 ], [ 722979.815994104021229, 737511.080969996051863, 0.0 ], [ 722980.03399410401471, 737511.338970000040717, 0.0 ], [ 722980.246994104003534, 737511.601969997049309, 0.0 ], [ 722983.384994102991186, 737515.595970000955276, 0.0 ], [ 722984.713994103018194, 737516.608970004948787, 0.0 ], [ 722986.322994102956727, 737517.665969992987812, 0.0 ], [ 722988.550994102028199, 737518.828970002010465, 0.0 ], [ 722991.175994100980461, 737520.216970004024915, 0.0 ], [ 722994.060994100989774, 737521.705969998030923, 0.0 ], [ 723001.406994099030271, 737526.762970000971109, 0.0 ], [ 723008.252994096954353, 737531.953969998052344, 0.0 ], [ 723012.062994095962495, 737534.872970000957139, 0.0 ], [ 723015.630994096049108, 737537.810969998943619, 0.0 ], [ 723018.482994094956666, 737540.559969997964799, 0.0 ], [ 723019.708994094980881, 737541.932969997054897, 0.0 ], [ 723020.120994094992056, 737542.61696999904234, 0.0 ], [ 723020.055994094000198, 737543.175969994976185, 0.0 ], [ 723019.774994094972499, 737547.172969995997846, 0.0 ], [ 723018.280994095024653, 737554.156969996984117, 0.0 ], [ 723017.773994095041417, 737558.691969995968975, 0.0 ], [ 723020.968994093942456, 737563.084970006952062, 0.0 ], [ 723035.200994090992026, 737567.572970004985109, 0.0 ], [ 723036.756994090043008, 737567.948970002005808, 0.0 ], [ 723038.593994089984335, 737568.188969991053455, 0.0 ], [ 723041.014994089957327, 737568.093969995970838, 0.0 ], [ 723043.916994089027867, 737567.963969995034859, 0.0 ], [ 723050.537994086975232, 737567.772970000980422, 0.0 ], [ 723054.83599408599548, 737567.897969997953624, 0.0 ], [ 723061.147994084050879, 737568.683969996985979, 0.0 ], [ 723062.715994084021077, 737569.819969999021851, 0.0 ], [ 723064.102994082961231, 737571.053969993954524, 0.0 ], [ 723065.524994082981721, 737572.828969995025545, 0.0 ], [ 723067.343994082999416, 737574.80796999798622, 0.0 ], [ 723068.820994082954712, 737576.982969993026927, 0.0 ], [ 723070.139994082972407, 737579.035969996009953, 0.0 ], [ 723071.086994081968442, 737580.246969989966601, 0.0 ], [ 723075.900994081050158, 737586.5569699970074, 0.0 ], [ 723076.507994081010111, 737587.801969998050481, 0.0 ], [ 723077.14699408004526, 737589.808969993959181, 0.0 ], [ 723078.545994080021046, 737595.723969995975494, 0.0 ], [ 723086.927994078025222, 737645.28896999603603, 0.0 ], [ 723088.967994077946059, 737654.949969989946112, 0.0 ], [ 723089.649994077044539, 737660.535969994030893, 0.0 ], [ 723090.316994076943956, 737665.562969997990876, 0.0 ], [ 723090.317994076991454, 737667.402969992952421, 0.0 ], [ 723090.969994076993316, 737681.648969989037141, 0.0 ], [ 723090.872994077042677, 737683.26697, 0.0 ], [ 723090.633994076983072, 737685.064969987026416, 0.0 ], [ 723089.910994076984935, 737687.27796999597922, 0.0 ], [ 723089.774994077975862, 737688.755969995050691, 0.0 ], [ 723088.964994078036398, 737699.266969993943349, 0.0 ], [ 723088.160994078032672, 737703.577969994046725, 0.0 ], [ 723087.081994078005664, 737713.126969996024854, 0.0 ], [ 723087.039994077989832, 737715.146969993016683, 0.0 ], [ 723087.333994077984244, 737717.648969996022061, 0.0 ], [ 723087.767994077992626, 737720.173969993018545, 0.0 ], [ 723088.695994077017531, 737723.282969997962937, 0.0 ], [ 723089.132994077983312, 737725.466969997971319, 0.0 ], [ 723089.284994077985175, 737726.208969990955666, 0.0 ], [ 723091.456994076957926, 737734.650969997048378, 0.0 ], [ 723092.018994076992385, 737736.396969994995743, 0.0 ], [ 723092.515994076966308, 737738.542969997040927, 0.0 ], [ 723092.812994076986797, 737740.80496999504976, 0.0 ], [ 723093.304994076956064, 737743.449969985987991, 0.0 ], [ 723093.79399407596793, 737744.574969994951971, 0.0 ], [ 723094.620994076016359, 737745.76396998798009, 0.0 ], [ 723095.628994076047093, 737746.834969987045042, 0.0 ], [ 723097.272994074970484, 737748.43096999800764, 0.0 ], [ 723100.02999407495372, 737750.659969995962456, 0.0 ], [ 723102.443994074012153, 737753.10496999102179, 0.0 ], [ 723103.392994074965827, 737754.21496999298688, 0.0 ], [ 723104.353994074044749, 737756.044969985960051, 0.0 ], [ 723108.991994073032402, 737765.731969989952631, 0.0 ], [ 723110.1239940719679, 737768.463969988049939, 0.0 ], [ 723111.210994072956964, 737771.554969992954284, 0.0 ], [ 723112.715994070982561, 737774.890969994012266, 0.0 ], [ 723114.600994070991874, 737778.350969986990094, 0.0 ], [ 723120.478994069970213, 737788.091969985980541, 0.0 ], [ 723121.957994070020504, 737790.026969991973601, 0.0 ], [ 723123.338994069956243, 737791.900969987967983, 0.0 ], [ 723124.099670800962485, 737793.108456845046021, 0.0 ], [ 723126.332994068972766, 737796.29396998998709, 0.0 ], [ 723129.223994067986496, 737800.190969996969216, 0.0 ], [ 723131.250994067988358, 737802.828969990019687, 0.0 ], [ 723133.15799406694714, 737805.166969995014369, 0.0 ], [ 723135.425994066055864, 737807.943969988962635, 0.0 ], [ 723137.813994065974839, 737810.92196999094449, 0.0 ], [ 723139.379994065035135, 737812.99997, 0.0 ], [ 723140.583994064945728, 737814.478969985968433, 0.0 ], [ 723142.228994064964354, 737816.115969990030862, 0.0 ], [ 723144.274994064006023, 737817.893969991011545, 0.0 ], [ 723146.599994063028134, 737819.710969996056519, 0.0 ], [ 723150.008994063013233, 737822.084969989024103, 0.0 ], [ 723154.13799406203907, 737825.058969986974262, 0.0 ], [ 723158.10699406103231, 737827.632969993981533, 0.0 ], [ 723163.317994059994817, 737830.923969988012686, 0.0 ], [ 723168.127994059002958, 737833.695969981956296, 0.0 ], [ 723172.477994057000615, 737836.409969985950738, 0.0 ], [ 723176.064994056010619, 737838.562969992053695, 0.0 ], [ 723177.288994056987576, 737839.541969981975853, 0.0 ], [ 723183.003994054975919, 737844.293969991034828, 0.0 ], [ 723185.529994053998962, 737846.330969986971468, 0.0 ], [ 723188.978994052973576, 737848.844969994970597, 0.0 ], [ 723192.365994052030146, 737851.238969990983605, 0.0 ], [ 723195.273994051967748, 737854.035969991004094, 0.0 ], [ 723199.025994051015005, 737857.590969986049458, 0.0 ], [ 723201.652994049945846, 737860.026969989994541, 0.0 ], [ 723205.301994050038047, 737862.981969984946772, 0.0 ], [ 723208.67099404905457, 737865.676969981985167, 0.0 ], [ 723211.777994047966786, 737867.651969979982823, 0.0 ], [ 723214.863994047045708, 737869.426969990017824, 0.0 ], [ 723218.491994046024047, 737871.540969987981953, 0.0 ], [ 723221.237994045950472, 737873.255969980964437, 0.0 ], [ 723224.063994045020081, 737875.071969980956055, 0.0 ], [ 723226.308994043967687, 737876.688969981973059, 0.0 ], [ 723226.910994044039398, 737877.127969985944219, 0.0 ], [ 723227.832994043943472, 737877.805969986016862, 0.0 ], [ 723229.877994043054059, 737879.40396998997312, 0.0 ], [ 723231.722994041978382, 737880.880969987949356, 0.0 ], [ 723234.107994041987695, 737882.736969979014248, 0.0 ], [ 723237.154994040960446, 737884.431969978963025, 0.0 ], [ 723238.977994041051716, 737885.489969986025244, 0.0 ], [ 723241.143994039972313, 737886.925969982985407, 0.0 ], [ 723243.387994040036574, 737888.461969978990965, 0.0 ], [ 723245.051994038978592, 737889.43996997596696, 0.0 ], [ 723246.134994038962759, 737890.01796998095233, 0.0 ], [ 723247.815994038945064, 737890.494969986029901, 0.0 ], [ 723249.719994037994184, 737891.010969989001751, 0.0 ], [ 723250.900994037976488, 737891.287969983997755, 0.0 ], [ 723251.982994038029574, 737891.38596998702269, 0.0 ], [ 723253.663994036964141, 737891.462969986954704, 0.0 ], [ 723254.584994037053548, 737891.380969980964437, 0.0 ], [ 723255.604994038003497, 737891.137969983974472, 0.0 ], [ 723256.625994037021883, 737890.915969979017973, 0.0 ], [ 723258.004994036047719, 737890.452969981008209, 0.0 ], [ 723259.22499403601978, 737889.929969980963506, 0.0 ], [ 723260.284994035959244, 737889.306969981989823, 0.0 ], [ 723262.923994034994394, 737887.859969981014729, 0.0 ], [ 723264.903994034975767, 737886.79496998002287, 0.0 ], [ 723266.362994033959694, 737886.030969984014519, 0.0 ], [ 723267.601994034019299, 737885.047969985054806, 0.0 ], [ 723269.060994033003226, 737883.823969988035969, 0.0 ], [ 723270.239994033006951, 737882.619969979044981, 0.0 ], [ 723270.996994034037925, 737881.677969982032664, 0.0 ], [ 723271.455994033021852, 737880.715969978948124, 0.0 ], [ 723272.05399403301999, 737879.353969977004454, 0.0 ], [ 723273.029994033044204, 737877.269969986984506, 0.0 ], [ 723273.786994031979702, 737875.40696997998748, 0.0 ], [ 723274.283994031953625, 737873.803969981032424, 0.0 ], [ 723274.599994031945243, 737871.660969979944639, 0.0 ], [ 723274.614994031959213, 737869.359969984972849, 0.0 ], [ 723274.609994031954557, 737867.036969981971197, 0.0 ], [ 723274.444994032033719, 737864.675969981006347, 0.0 ], [ 723274.297994032036513, 737861.673969984054565, 0.0 ], [ 723274.05399403301999, 737859.732969976961613, 0.0 ], [ 723273.788994031958282, 737857.730969980009831, 0.0 ], [ 723273.364994033006951, 737855.83096997695975, 0.0 ], [ 723272.960994033026509, 737853.929969987017103, 0.0 ], [ 723272.53699403302744, 737852.570969984983094, 0.0 ], [ 723272.294994033058174, 737851.829969982034527, 0.0 ], [ 723270.447994032991119, 737849.45196998398751, 0.0 ], [ 723268.88399403297808, 737847.493969978997484, 0.0 ], [ 723267.497994033969007, 737845.674969985964708, 0.0 ], [ 723265.611994034028612, 737843.537969977012835, 0.0 ], [ 723263.36499403603375, 737841.119969979976304, 0.0 ], [ 723260.695994036039338, 737838.283969979966059, 0.0 ], [ 723258.810994036030024, 737836.304969985038042, 0.0 ], [ 723257.265994037035853, 737834.867969986982644, 0.0 ], [ 723256.2229940360412, 737833.908969986950979, 0.0 ], [ 723255.339994037058204, 737833.009969978011213, 0.0 ], [ 723253.976994037046097, 737831.611969987046905, 0.0 ], [ 723252.290994037990458, 737829.73396997700911, 0.0 ], [ 723250.564994037966244, 737827.77596998703666, 0.0 ], [ 723248.900994039024226, 737825.977969979983754, 0.0 ], [ 723247.495994038996287, 737824.619969986961223, 0.0 ], [ 723245.12899403902702, 737822.522969980956987, 0.0 ], [ 723242.201994040980935, 737820.207969979965128, 0.0 ], [ 723238.41299404099118, 737817.392969983979128, 0.0 ], [ 723236.047994042048231, 737815.836969982017763, 0.0 ], [ 723232.819994042045437, 737813.641969989053905, 0.0 ], [ 723229.41299404297024, 737811.40696997998748, 0.0 ], [ 723225.903994044056162, 737809.051969985943288, 0.0 ], [ 723223.759994045016356, 737807.715969990007579, 0.0 ], [ 723219.811994045972824, 737805.281969984993339, 0.0 ], [ 723215.441994047025219, 737802.709969985997304, 0.0 ], [ 723212.776994046987966, 737801.193969991058111, 0.0 ], [ 723210.451994047965854, 737799.636969989980571, 0.0 ], [ 723207.925994048011489, 737798.06196998397354, 0.0 ], [ 723205.179994049947709, 737796.205969983013347, 0.0 ], [ 723203.414994050050154, 737794.788969988003373, 0.0 ], [ 723201.990994050051086, 737793.630969988997094, 0.0 ], [ 723200.707994049997069, 737792.23196998401545, 0.0 ], [ 723199.20299405104015, 737790.653969986946322, 0.0 ], [ 723198.118994051008485, 737789.515969982021488, 0.0 ], [ 723197.254994050948881, 737787.875969990971498, 0.0 ], [ 723195.805994051042944, 737784.515969994012266, 0.0 ], [ 723194.297994051943533, 737780.876969991018996, 0.0 ], [ 723193.130994052044116, 737777.895969989942387, 0.0 ], [ 723191.580994053045288, 737774.115969980019145, 0.0 ], [ 723190.856994052999653, 737772.575969984056428, 0.0 ], [ 723189.510994052980095, 737770.136969989980571, 0.0 ], [ 723188.123994052992202, 737767.578969988040626, 0.0 ], [ 723187.44099405396264, 737766.238969983998686, 0.0 ], [ 723186.73799405398313, 737765.298969979980029, 0.0 ], [ 723185.754994053975679, 737764.139969991054386, 0.0 ], [ 723184.551994053996168, 737763.242969986982644, 0.0 ], [ 723182.487994055030867, 737762.105969990952872, 0.0 ], [ 723179.762994055054151, 737760.749969983007759, 0.0 ], [ 723177.858994056005031, 737759.752969985012896, 0.0 ], [ 723176.394994057016447, 737758.855969981988892, 0.0 ], [ 723175.433994055958465, 737758.277969983988442, 0.0 ], [ 723174.832994056050666, 737757.878969989949837, 0.0 ], [ 723173.749994056997821, 737757.199969989014789, 0.0 ], [ 723171.985994057031348, 737755.941969997016713, 0.0 ], [ 723169.78099405800458, 737754.446969988988712, 0.0 ], [ 723168.015994057990611, 737753.188969991984777, 0.0 ], [ 723166.8129940580111, 737752.169969983049668, 0.0 ], [ 723165.890994059038348, 737751.411969983018935, 0.0 ], [ 723165.509994058986194, 737750.791969993966632, 0.0 ], [ 723165.32699405902531, 737749.551969985011965, 0.0 ], [ 723165.102994058979675, 737747.89096998795867, 0.0 ], [ 723165.179994059028104, 737746.568969990010373, 0.0 ], [ 723165.475994059001096, 737744.166969986981712, 0.0 ], [ 723165.710994058987126, 737742.443969993037172, 0.0 ], [ 723167.408994058030657, 737740.399969990015961, 0.0 ], [ 723171.98699405696243, 737737.80696999002248, 0.0 ], [ 723178.004994055954739, 737734.471969987964258, 0.0 ], [ 723183.323994055041112, 737731.797969985054806, 0.0 ], [ 723186.502994053997099, 737729.929969990975223, 0.0 ], [ 723187.762994054006413, 737729.426969990017824, 0.0 ], [ 723189.402994052972645, 737728.942969982977957, 0.0 ], [ 723191.003994052996859, 737728.838969993055798, 0.0 ], [ 723193.864994051982649, 737728.492969981976785, 0.0 ], [ 723197.188994050957263, 737728.485969990957528, 0.0 ], [ 723200.19199405098334, 737728.659969988046214, 0.0 ], [ 723202.973994049942121, 737728.733969987020828, 0.0 ], [ 723206.056994047947228, 737728.947969989967532, 0.0 ], [ 723208.297994047985412, 737728.461969990981743, 0.0 ], [ 723212.058994046994485, 737727.873969987034798, 0.0 ], [ 723214.541994047001936, 737727.707969984039664, 0.0 ], [ 723216.562994046020322, 737727.723969983053394, 0.0 ], [ 723217.463994045974687, 737727.641969986958429, 0.0 ], [ 723218.704994046012871, 737727.658969989977777, 0.0 ], [ 723219.846994044957682, 737727.856969989021309, 0.0 ], [ 723221.607994045014493, 737728.273969987989403, 0.0 ], [ 723223.591994044021703, 737728.829969987971708, 0.0 ], [ 723225.093994044000283, 737729.387969988980331, 0.0 ], [ 723227.017994043999352, 737730.523969979025424, 0.0 ], [ 723229.523994043003768, 737732.259969990001991, 0.0 ], [ 723232.810994041967206, 737734.454969985992648, 0.0 ], [ 723235.25699404196348, 737735.990969983045943, 0.0 ], [ 723238.02299404097721, 737737.80696999002248, 0.0 ], [ 723240.428994041052647, 737739.422969984007068, 0.0 ], [ 723242.811994038987905, 737740.217969989054836, 0.0 ], [ 723245.175994039047509, 737740.773969984031282, 0.0 ], [ 723247.257994038984179, 737741.0899699840229, 0.0 ], [ 723249.399994038045406, 737741.265969973988831, 0.0 ], [ 723250.800994037999772, 737741.342969976947643, 0.0 ], [ 723252.982994038029574, 737741.057969979010522, 0.0 ], [ 723254.982994036981836, 737740.832969977054745, 0.0 ], [ 723256.80499403597787, 737740.448969981982373, 0.0 ], [ 723258.44499403599184, 737739.864969979971647, 0.0 ], [ 723259.923994036042131, 737739.280969985993579, 0.0 ], [ 723261.444994034944102, 737738.63696998602245, 0.0 ], [ 723262.624994034995325, 737738.133969989023171, 0.0 ], [ 723263.624994034995325, 737737.672969982028008, 0.0 ], [ 723264.842994034988806, 737736.588969975011423, 0.0 ], [ 723265.90199403394945, 737735.605969976983033, 0.0 ], [ 723266.900994034018368, 737734.722969981958158, 0.0 ], [ 723267.839994034031406, 737733.759969986975193, 0.0 ], [ 723268.696994032943621, 737732.43696998397354, 0.0 ], [ 723269.853994032950141, 737730.472969976020977, 0.0 ], [ 723271.310994033003226, 737728.147969983052462, 0.0 ], [ 723272.56799403205514, 737725.962969979969785, 0.0 ], [ 723273.6629940320272, 737723.678969979053363, 0.0 ], [ 723274.958994032000192, 737721.233969982014969, 0.0 ], [ 723275.914994032005779, 737719.0899699840229, 0.0 ], [ 723276.949994030990638, 737716.40596998098772, 0.0 ], [ 723277.347994031966664, 737715.18396997905802, 0.0 ], [ 723277.684994032024406, 737713.741969980997965, 0.0 ], [ 723278.200994031969458, 737711.558969974052161, 0.0 ], [ 723278.774994030944072, 737708.475969985011034, 0.0 ], [ 723279.470994031988084, 737706.070969976950437, 0.0 ], [ 723280.065994031028822, 737703.768969980999827, 0.0 ], [ 723280.46399403095711, 737702.285969975986518, 0.0 ], [ 723281.018994029960595, 737700.403969982988201, 0.0 ], [ 723281.675994029967114, 737698.340969986049458, 0.0 ], [ 723282.331994030042551, 737696.29696998198051, 0.0 ], [ 723283.207994029973634, 737694.173969979048707, 0.0 ], [ 723283.885994030046277, 737692.850969986990094, 0.0 ], [ 723284.504994028946385, 737691.768969982047565, 0.0 ], [ 723285.441994028980844, 737690.645969985984266, 0.0 ], [ 723286.500994028989226, 737689.722969972994179, 0.0 ], [ 723287.800994029035792, 737688.698969983961433, 0.0 ], [ 723288.719994029030204, 737688.156969974050298, 0.0 ], [ 723289.560994029045105, 737687.834969975054264, 0.0 ], [ 723291.039994028047659, 737687.270969980047084, 0.0 ], [ 723292.419994027004577, 737686.666969981044531, 0.0 ], [ 723293.399994026985951, 737686.32496998005081, 0.0 ], [ 723294.219994027051143, 737686.222969974973239, 0.0 ], [ 723294.900994027033448, 737686.301969980006106, 0.0 ], [ 723295.641994026955217, 737686.399969980004244, 0.0 ], [ 723296.242994026979432, 737686.518969977973029, 0.0 ], [ 723296.803994026966393, 737686.837969977990724, 0.0 ], [ 723297.525994027033448, 737687.276969974976964, 0.0 ], [ 723298.047994025982916, 737687.796969976043329, 0.0 ], [ 723298.789994025952183, 737688.395969977020286, 0.0 ], [ 723299.790994024951942, 737688.993969977949746, 0.0 ], [ 723301.995994025026448, 737690.330969979055226, 0.0 ], [ 723304.820994024048559, 737691.825969976955093, 0.0 ], [ 723307.366994024021551, 737693.221969979000278, 0.0 ], [ 723309.630994023988023, 737694.617969974991865, 0.0 ], [ 723310.793994022998959, 737695.255969983991235, 0.0 ], [ 723312.440994022996165, 737697.674969978979789, 0.0 ], [ 723313.82599402195774, 737699.732969981967472, 0.0 ], [ 723315.290994022041559, 737701.451969978981651, 0.0 ], [ 723316.655994020984508, 737703.089969980996102, 0.0 ], [ 723317.478994020959362, 737704.448969978955574, 0.0 ], [ 723318.202994021004997, 737705.648969977977686, 0.0 ], [ 723319.766994021018036, 737707.146969969966449, 0.0 ], [ 723321.250994020956568, 737708.543969972990453, 0.0 ], [ 723322.274994021048769, 737709.682969977031462, 0.0 ], [ 723323.378994020051323, 737711.022969980025664, 0.0 ], [ 723325.04399401997216, 737713.119969972991385, 0.0 ], [ 723326.327994019025937, 737714.578969978960231, 0.0 ], [ 723327.832994019030593, 737716.09696997795254, 0.0 ], [ 723329.576994018047117, 737717.473969982005656, 0.0 ], [ 723331.000994018046185, 737718.631969981943257, 0.0 ], [ 723331.702994017978199, 737719.130969982943498, 0.0 ], [ 723332.644994018017314, 737719.789969975943677, 0.0 ], [ 723335.129994016955607, 737721.386969981947914, 0.0 ], [ 723337.474994015996344, 737722.64196997997351, 0.0 ], [ 723340.059994015959091, 737724.057969975983724, 0.0 ], [ 723342.384994014981203, 737725.233969978988171, 0.0 ], [ 723344.989994014962576, 737726.548969979980029, 0.0 ], [ 723347.914994013961405, 737727.943969976040535, 0.0 ], [ 723350.179994013044052, 737729.140969980042428, 0.0 ], [ 723352.34399401396513, 737730.116969975992106, 0.0 ], [ 723354.346994012943469, 737731.092969972058199, 0.0 ], [ 723356.430994012043811, 737731.989969976944849, 0.0 ], [ 723358.17299401096534, 737732.606969974003732, 0.0 ], [ 723359.93599401100073, 737733.182969972956926, 0.0 ], [ 723361.498994010966271, 737733.4399699739879, 0.0 ], [ 723364.280994010041468, 737733.834969980991445, 0.0 ], [ 723367.604994009016082, 737734.488969973055646, 0.0 ], [ 723369.888994007953443, 737735.022969973972067, 0.0 ], [ 723372.090994008001871, 737735.498969972948544, 0.0 ], [ 723374.43499400804285, 737736.154969971976243, 0.0 ], [ 723376.197994007030502, 737736.631969971000217, 0.0 ], [ 723377.298994007054716, 737736.989969974034466, 0.0 ], [ 723378.380994005943649, 737737.527969977003522, 0.0 ], [ 723379.222994006006047, 737738.106969968997873, 0.0 ], [ 723380.025994005962275, 737738.805969979963265, 0.0 ], [ 723380.74799400602933, 737739.663969971006736, 0.0 ], [ 723381.711994005949236, 737741.203969971043989, 0.0 ], [ 723382.294994005002081, 737742.483969973050989, 0.0 ], [ 723382.878994005965069, 737744.022969968034886, 0.0 ], [ 723383.462994004948996, 737745.863969977945089, 0.0 ], [ 723383.826994006056339, 737747.26496996905189, 0.0 ], [ 723384.069994005025364, 737748.483969970024191, 0.0 ], [ 723384.19099400495179, 737749.184969978057779, 0.0 ], [ 723384.054994005011395, 737750.906969978008419, 0.0 ], [ 723383.918994004954584, 737753.088969978969544, 0.0 ], [ 723383.862994004972279, 737754.810969974030741, 0.0 ], [ 723383.785994005040266, 737756.211969980038702, 0.0 ], [ 723383.726994005031884, 737757.112969973008148, 0.0 ], [ 723383.747994004981592, 737757.412969980039634, 0.0 ], [ 723383.889994004974142, 737758.312969970051199, 0.0 ], [ 723384.333994004991837, 737759.89396997098811, 0.0 ], [ 723384.655994005035609, 737760.893969972035848, 0.0 ], [ 723385.298994004959241, 737761.61396997096017, 0.0 ], [ 723386.541994004044682, 737762.710969969979487, 0.0 ], [ 723387.864994004019536, 737763.608969972003251, 0.0 ], [ 723389.046994004049338, 737764.24796997604426, 0.0 ], [ 723389.74799400405027, 737764.285969972028397, 0.0 ], [ 723390.508994002942927, 737764.344969970989041, 0.0 ], [ 723391.948994003003463, 737763.960969969979487, 0.0 ], [ 723393.809994003036991, 737763.656969978008419, 0.0 ], [ 723396.051994001958519, 737763.291969968006015, 0.0 ], [ 723397.551994001958519, 737763.067969972966239, 0.0 ], [ 723398.072994002024643, 737763.306969973025844, 0.0 ], [ 723399.075994001002982, 737764.225969971041195, 0.0 ], [ 723399.679994001984596, 737765.686969971982762, 0.0 ], [ 723400.323994001955725, 737767.405969970976003, 0.0 ], [ 723400.64599400095176, 737768.005969978054054, 0.0 ], [ 723400.90699400100857, 737768.445969984051771, 0.0 ], [ 723401.386994000989944, 737768.984969974961132, 0.0 ], [ 723402.450993999955244, 737770.143969977041706, 0.0 ], [ 723404.216994000016712, 737771.981969974003732, 0.0 ], [ 723405.42099400004372, 737773.199969970970415, 0.0 ], [ 723406.924993998953141, 737774.977969976025634, 0.0 ], [ 723408.148993998998776, 737776.396969976951368, 0.0 ], [ 723409.714993998990394, 737778.0949699759949, 0.0 ], [ 723411.13899399805814, 737779.61296997196041, 0.0 ], [ 723413.144993997993879, 737781.750969973043539, 0.0 ], [ 723415.893993997946382, 737784.746969972038642, 0.0 ], [ 723418.019993996946141, 737787.084969972027466, 0.0 ], [ 723419.846993995946832, 737789.28296997002326, 0.0 ], [ 723421.391993995988742, 737791.120969970943406, 0.0 ], [ 723422.876993995043449, 737793.038969969958998, 0.0 ], [ 723424.523993995040655, 737795.197969974018633, 0.0 ], [ 723425.626993995043449, 737796.376969969947822, 0.0 ], [ 723426.769993994035758, 737797.454969975049607, 0.0 ], [ 723427.91299399395939, 737798.512969971052371, 0.0 ], [ 723428.915993993985467, 737799.491969974013045, 0.0 ], [ 723430.219993993989192, 737800.69096997496672, 0.0 ], [ 723432.124993992969394, 737802.587969962973148, 0.0 ], [ 723434.110993993002921, 737804.344969970989041, 0.0 ], [ 723435.635993993026204, 737805.823969966964796, 0.0 ], [ 723437.38099399197381, 737807.660969979013316, 0.0 ], [ 723439.165993990958668, 737809.498969970038161, 0.0 ], [ 723440.771993990987539, 737811.456969973049127, 0.0 ], [ 723442.316993991029449, 737813.335969973006286, 0.0 ], [ 723444.082993990043178, 737815.432969967019744, 0.0 ], [ 723445.887993989977986, 737817.290969967958517, 0.0 ], [ 723448.596993990009651, 737820.166969964979216, 0.0 ], [ 723451.163993989001028, 737822.784969973028637, 0.0 ], [ 723454.033993987948634, 737825.760969968046993, 0.0 ], [ 723456.44099398702383, 737828.277969971997663, 0.0 ], [ 723459.349993985961191, 737831.273969977977686, 0.0 ], [ 723460.77399398596026, 737832.712969971005805, 0.0 ], [ 723462.178993985056877, 737834.450969974976033, 0.0 ], [ 723464.045993985957466, 737836.948969966033474, 0.0 ], [ 723465.9929939849535, 737839.606969965971075, 0.0 ], [ 723467.358993983943947, 737841.645969965029508, 0.0 ], [ 723468.443993984023109, 737843.504969969042577, 0.0 ], [ 723469.849993983982131, 737845.884969966951758, 0.0 ], [ 723471.435993983992375, 737848.36296996800229, 0.0 ], [ 723472.821993983001448, 737850.241969970986247, 0.0 ], [ 723473.864993982948363, 737851.539969973964617, 0.0 ], [ 723474.547993983025663, 737852.439969963976182, 0.0 ], [ 723475.930993982008658, 737853.617969969986007, 0.0 ], [ 723477.414993982994929, 737854.675969967036508, 0.0 ], [ 723478.176993982051499, 737855.254969966947101, 0.0 ], [ 723479.900993981049396, 737856.551969968946651, 0.0 ], [ 723482.707993980962783, 737858.527969960006885, 0.0 ], [ 723485.113993979990482, 737860.463969973032363, 0.0 ], [ 723488.140993978944607, 737862.739969974965788, 0.0 ], [ 723490.586993979057297, 737864.595969963003881, 0.0 ], [ 723492.952993978047743, 737866.451969965011813, 0.0 ], [ 723495.478993976954371, 737868.288969966000877, 0.0 ], [ 723497.543993977014907, 737869.824969972018152, 0.0 ], [ 723498.847993977018632, 737870.78296996303834, 0.0 ], [ 723500.031993975979276, 737872.101969970972277, 0.0 ], [ 723502.057993976050057, 737874.519969957997091, 0.0 ], [ 723503.543993975035846, 737876.558969971025363, 0.0 ], [ 723505.469993975013494, 737879.115969963022508, 0.0 ], [ 723506.795993975014426, 737880.914969963021576, 0.0 ], [ 723507.818993974011391, 737882.073969968012534, 0.0 ], [ 723508.781993974000216, 737882.911969966022298, 0.0 ], [ 723510.165993973962031, 737884.350969966035336, 0.0 ], [ 723511.790993973962031, 737886.028969960054383, 0.0 ], [ 723513.957993973046541, 737888.325969964032993, 0.0 ], [ 723516.484993973048404, 737890.762969961040653, 0.0 ], [ 723518.129993972019292, 737892.359969959943555, 0.0 ], [ 723519.473993971943855, 737893.45896995998919, 0.0 ], [ 723521.237993970979005, 737895.036969962995499, 0.0 ], [ 723522.401993970968761, 737896.113969965022989, 0.0 ], [ 723523.666993970051408, 737898.053969964035787, 0.0 ], [ 723525.031993970042095, 737900.232969961012714, 0.0 ], [ 723526.959993968950585, 737903.050969969946891, 0.0 ], [ 723528.586993969045579, 737905.288969964021817, 0.0 ], [ 723530.251993968966417, 737907.307969963992946, 0.0 ], [ 723532.218993967981078, 737909.584969969000667, 0.0 ], [ 723534.405993968015537, 737912.182969963992946, 0.0 ], [ 723536.171993967960589, 737914.400969968992285, 0.0 ], [ 723537.857993967016228, 737916.438969966955483, 0.0 ], [ 723538.76199396699667, 737917.718969968031161, 0.0 ], [ 723539.102993967011571, 737918.237969961948693, 0.0 ], [ 723539.924993967055343, 737919.336969960015267, 0.0 ], [ 723541.09099396597594, 737921.275969963986427, 0.0 ], [ 723542.718993966002017, 737924.19496996095404, 0.0 ], [ 723544.266993965022266, 737927.194969963980839, 0.0 ], [ 723546.235993964946829, 737930.89396996400319, 0.0 ], [ 723547.843993964022957, 737933.992969964048825, 0.0 ], [ 723549.99399396404624, 737937.490969963022508, 0.0 ], [ 723552.503993964055553, 737941.728969961055554, 0.0 ], [ 723554.975993962958455, 737945.866969960974529, 0.0 ], [ 723557.585993962013163, 737949.705969966948032, 0.0 ], [ 723559.392993962042965, 737952.383969965972938, 0.0 ], [ 723561.199993961025029, 737954.980969966971315, 0.0 ], [ 723562.965993960970081, 737957.299969956977293, 0.0 ], [ 723564.912993961013854, 737959.636969957966357, 0.0 ], [ 723567.441993959946558, 737962.794969958020374, 0.0 ], [ 723570.65299395902548, 737966.791969961952418, 0.0 ], [ 723574.084993958007544, 737970.867969959042966, 0.0 ], [ 723577.696993957972154, 737974.983969956054352, 0.0 ], [ 723581.367993955966085, 737979.178969961008988, 0.0 ], [ 723583.756993956048973, 737981.915969962021336, 0.0 ], [ 723586.886993955005892, 737985.753969963989221, 0.0 ], [ 723589.51699395396281, 737988.949969963985495, 0.0 ], [ 723591.622993953991681, 737991.426969963009469, 0.0 ], [ 723592.104993953951634, 737991.926969966036268, 0.0 ], [ 723592.445993953966536, 737992.286969961947761, 0.0 ], [ 723593.30899395304732, 737993.165969960042275, 0.0 ], [ 723595.053993953042664, 737994.86396996199619, 0.0 ], [ 723596.29699395201169, 737996.101969965035096, 0.0 ], [ 723597.560993951978162, 737997.139969966956414, 0.0 ], [ 723599.745993952034041, 737998.596969955950044, 0.0 ], [ 723602.611993951024488, 738000.27196996496059, 0.0 ], [ 723606.238993949955329, 738002.405969960032962, 0.0 ], [ 723610.226993949036114, 738004.738969953963533, 0.0 ], [ 723613.714993948000483, 738006.753969960962422, 0.0 ], [ 723616.279993947944604, 738008.269969954970293, 0.0 ], [ 723618.805993946967646, 738009.724969960050657, 0.0 ], [ 723620.9099939459702, 738010.981969962012954, 0.0 ], [ 723625.418993945000693, 738013.673969959956594, 0.0 ], [ 723628.124993945006281, 738015.249969955999404, 0.0 ], [ 723630.529993943986483, 738016.626969957957044, 0.0 ], [ 723633.375993944006041, 738018.180969959008507, 0.0 ], [ 723635.840993943042122, 738019.576969956047833, 0.0 ], [ 723637.704993942053989, 738020.554969953023829, 0.0 ], [ 723640.909993942012079, 738022.027969955001026, 0.0 ], [ 723644.736993939965032, 738023.701969956979156, 0.0 ], [ 723647.481993939029053, 738024.896969957975671, 0.0 ], [ 723648.630993940052576, 738025.381969959009439, 0.0 ], [ 723680.599993931944482, 738039.350969946943223, 0.0 ], [ 723685.977993929991499, 738041.544969953945838, 0.0 ], [ 723700.747993926983327, 738051.169969954993576, 0.0 ], [ 723727.578993920003995, 738067.881969945970923, 0.0 ], [ 723744.796993916039355, 738080.122969949967228, 0.0 ], [ 723755.539993913029321, 738088.432969953049906, 0.0 ], [ 723756.731993912020698, 738089.169969953945838, 0.0 ], [ 723772.930993909016252, 738095.249969952041283, 0.0 ], [ 723777.116993907024153, 738096.625969946966507, 0.0 ], [ 723783.366993905976415, 738099.431969949044287, 0.0 ], [ 723785.051993906032294, 738100.774969942052849, 0.0 ], [ 723807.353993900003843, 738123.874969949945807, 0.0 ], [ 723813.108993898960762, 738130.738969938945957, 0.0 ], [ 723820.524993896018714, 738142.389969951007515, 0.0 ], [ 723830.144993894034997, 738153.889969949959777, 0.0 ], [ 723839.155993891996332, 738162.89896994899027, 0.0 ], [ 723841.623993890942074, 738164.94596994202584, 0.0 ], [ 723843.289993889979087, 738165.759969942038879, 0.0 ], [ 723845.818993889959529, 738166.640969939995557, 0.0 ], [ 723867.604993885033764, 738172.342969945981167, 0.0 ], [ 723870.515993883949704, 738173.262969941948541, 0.0 ], [ 723882.075993880978785, 738175.776969945989549, 0.0 ], [ 723887.189993879990652, 738176.645969938952476, 0.0 ], [ 723890.838993879035115, 738177.008969940012321, 0.0 ], [ 723894.463993877987377, 738177.164969944045879, 0.0 ], [ 723896.408993877004832, 738177.831969946040772, 0.0 ], [ 723898.275993876974098, 738178.71396993403323, 0.0 ], [ 723900.460993877029978, 738180.003969941986725, 0.0 ], [ 723907.863993874052539, 738185.04696993296966, 0.0 ], [ 723916.420993873034604, 738192.067969935014844, 0.0 ], [ 723923.933727254043333, 738198.680735263042152, 0.0 ], [ 723926.64499387005344, 738201.154969939962029, 0.0 ], [ 723927.439993869978935, 738201.603969934978522, 0.0 ], [ 723927.710993868997321, 738201.894969944027252, 0.0 ], [ 723928.00699387001805, 738202.106969936052337, 0.0 ], [ 723928.244993868982419, 738202.223969938000664, 0.0 ], [ 723928.496993870008737, 738202.306969939963892, 0.0 ], [ 723928.757993869949132, 738202.354969933978282, 0.0 ], [ 723929.121993868960999, 738202.359969933051616, 0.0 ], [ 723929.384993870044127, 738202.320969933993183, 0.0 ], [ 723929.691993869026192, 738202.126969937002286, 0.0 ], [ 723929.986993868951686, 738201.919969944050536, 0.0 ], [ 723930.30799386894796, 738201.756969933980145, 0.0 ], [ 723930.648993868962862, 738201.639969934942201, 0.0 ], [ 723931.002993869013153, 738201.572969935950823, 0.0 ], [ 723931.362993868999183, 738201.556969934026711, 0.0 ], [ 723931.720993867958896, 738201.591969946981408, 0.0 ], [ 723932.070993868052028, 738201.676969937980175, 0.0 ], [ 723932.405993868014775, 738201.80996993498411, 0.0 ], [ 723932.717993868049234, 738201.989969938993454, 0.0 ], [ 723933.001993868034333, 738202.210969937965274, 0.0 ], [ 723933.251993868965656, 738202.469969940953888, 0.0 ], [ 723933.543993868050165, 738203.192969936993904, 0.0 ], [ 723933.733993867994286, 738204.015969945001416, 0.0 ], [ 723948.453993865055963, 738209.704969938960858, 0.0 ], [ 723955.388993863016367, 738212.103969941032119, 0.0 ], [ 723957.301993862958625, 738211.064969931961969, 0.0 ], [ 723958.233993862057105, 738213.436969932983629, 0.0 ], [ 723960.098993861000054, 738213.07796993595548, 0.0 ], [ 723961.156993860960938, 738213.289969937992282, 0.0 ], [ 723970.335993858985603, 738218.954969936050475, 0.0 ], [ 723973.079993858002126, 738218.566969939973205, 0.0 ], [ 723974.681993857957423, 738218.52496993902605, 0.0 ], [ 723978.88899385696277, 738217.972969932947308, 0.0 ], [ 723982.916993855964392, 738219.0779699269915, 0.0 ], [ 724000.987993850954808, 738223.884969937964343, 0.0 ], [ 724019.195993846049532, 738230.753969933954068, 0.0 ], [ 724020.644993845955469, 738230.415969936992042, 0.0 ], [ 724020.896993846050464, 738230.224969937000424, 0.0 ], [ 724021.178993846056983, 738230.080969925969839, 0.0 ], [ 724021.481993846013211, 738229.988969929981977, 0.0 ], [ 724021.796993845957331, 738229.952969925012439, 0.0 ], [ 724022.112993845948949, 738229.972969935042784, 0.0 ], [ 724022.419993845978752, 738230.047969936043955, 0.0 ], [ 724022.708993845968507, 738230.176969932974316, 0.0 ], [ 724022.96999384497758, 738230.355969937052578, 0.0 ], [ 724023.195993845001794, 738230.577969933045097, 0.0 ], [ 724023.378993846010417, 738230.835969929001294, 0.0 ], [ 724023.512993845972233, 738231.12196992803365, 0.0 ], [ 724024.150993844959885, 738232.359969933051616, 0.0 ], [ 724024.27799384505488, 738232.605969932046719, 0.0 ], [ 724024.431993845035322, 738232.83696993405465, 0.0 ], [ 724024.60999384499155, 738233.049969934043474, 0.0 ], [ 724024.809993844944984, 738233.241969933034852, 0.0 ], [ 724025.028993844985962, 738233.410969935008325, 0.0 ], [ 724025.265993844950572, 738233.555969928042032, 0.0 ], [ 724025.516993846045807, 738233.673969927011058, 0.0 ], [ 724025.778993844985962, 738233.763969935942441, 0.0 ], [ 724026.048993845004588, 738233.824969931971282, 0.0 ], [ 724026.324993844027631, 738233.855969932046719, 0.0 ], [ 724026.601993844960816, 738233.857969925971702, 0.0 ], [ 724028.220993845025077, 738234.036969934008084, 0.0 ], [ 724039.688993840944022, 738235.32696992799174, 0.0 ], [ 724043.184993840986863, 738235.786969925975427, 0.0 ], [ 724058.171993836993352, 738239.097969932015985, 0.0 ], [ 724073.325993833015673, 738241.730969929951243, 0.0 ], [ 724075.263993832049891, 738241.992969930055551, 0.0 ], [ 724077.012993832002394, 738243.012969932053238, 0.0 ], [ 724086.185993829043582, 738247.338969924952835, 0.0 ], [ 724092.014993828022853, 738248.48396992997732, 0.0 ], [ 724102.729993824963458, 738250.926969932042994, 0.0 ], [ 724106.376993824960664, 738247.052969921962358, 0.0 ], [ 724106.652993825031444, 738246.915969923022203, 0.0 ], [ 724106.953993825009093, 738246.855969917960465, 0.0 ], [ 724107.259993824991398, 738246.874969923985191, 0.0 ], [ 724107.55199382500723, 738246.972969923983328, 0.0 ], [ 724107.807993824011646, 738247.141969930031337, 0.0 ], [ 724108.010993825038895, 738247.371969921048731, 0.0 ], [ 724108.148993824026547, 738247.646969928988256, 0.0 ], [ 724109.207993824034929, 738249.539969927049242, 0.0 ], [ 724110.719993824022822, 738250.257969922036864, 0.0 ], [ 724118.695993821020238, 738254.368969924049452, 0.0 ], [ 724123.781993821030483, 738257.567969921976328, 0.0 ], [ 724128.157993818982504, 738261.537969926022924, 0.0 ], [ 724129.937993817962706, 738263.238969922997057, 0.0 ], [ 724133.344993817037903, 738264.597969923983328, 0.0 ], [ 724134.008993817027658, 738264.105969922035001, 0.0 ], [ 724134.33299381705001, 738263.93896992597729, 0.0 ], [ 724134.66699381696526, 738263.793969916994683, 0.0 ], [ 724135.008993817958981, 738263.6699699240271, 0.0 ], [ 724135.358993817004375, 738263.567969923955388, 0.0 ], [ 724135.713993816985749, 738263.488969924976118, 0.0 ], [ 724136.073993816971779, 738263.431969927041791, 0.0 ], [ 724136.435993816005066, 738263.398969930014573, 0.0 ], [ 724136.799993816995993, 738263.387969919014722, 0.0 ], [ 724137.163993817055598, 738263.400969919050112, 0.0 ], [ 724137.52599381597247, 738263.436969929025508, 0.0 ], [ 724137.884993816027418, 738263.495969921001233, 0.0 ], [ 724138.239993816008791, 738263.577969923964702, 0.0 ], [ 724138.588993816985749, 738263.681969924014993, 0.0 ], [ 724138.929993815952912, 738263.807969919987954, 0.0 ], [ 724139.262993816053495, 738263.955969922943041, 0.0 ], [ 724139.585993816028349, 738264.12396992801223, 0.0 ], [ 724139.896993816015311, 738264.312969921971671, 0.0 ], [ 724140.174993815948255, 738264.520969917997718, 0.0 ], [ 724140.431993816047907, 738264.731969921966083, 0.0 ], [ 724140.69199381605722, 738264.93896992795635, 0.0 ], [ 724140.954993815044872, 738265.140969926025718, 0.0 ], [ 724141.221993815037422, 738265.339969925000332, 0.0 ], [ 724141.490993816056289, 738265.533969921991229, 0.0 ], [ 724141.762993816053495, 738265.724969923961908, 0.0 ], [ 724142.037993815960363, 738265.910969921038486, 0.0 ], [ 724142.315993814961985, 738266.092969925026409, 0.0 ], [ 724142.596993815037422, 738266.269969925051555, 0.0 ], [ 724142.879993814975023, 738266.442969926982187, 0.0 ], [ 724143.165993815055117, 738266.6119699239498, 0.0 ], [ 724143.454993815044872, 738266.775969929993153, 0.0 ], [ 724143.745993815013207, 738266.935969928046688, 0.0 ], [ 724144.039993816055357, 738267.091969921952114, 0.0 ], [ 724144.335993816028349, 738267.242969918996096, 0.0 ], [ 724144.633993815048598, 738267.388969921972603, 0.0 ], [ 724144.933993814978749, 738267.530969916027971, 0.0 ], [ 724145.889993814053014, 738267.901969925034791, 0.0 ], [ 724147.264993814053014, 738268.397969924961217, 0.0 ], [ 724148.365993813960813, 738268.289969922043383, 0.0 ], [ 724154.878993812017143, 738270.86396992194932, 0.0 ], [ 724156.428993811947294, 738271.781969927018508, 0.0 ], [ 724158.120993811055087, 738272.481969918007962, 0.0 ], [ 724162.363993810955435, 738274.129969918983988, 0.0 ], [ 724170.126993809011765, 738277.638969918014482, 0.0 ], [ 724171.90299380698707, 738277.99896992801223, 0.0 ], [ 724174.536993806948885, 738278.628969916957431, 0.0 ], [ 724177.720993806957267, 738280.085969920037314, 0.0 ], [ 724180.809993805945851, 738281.201969919027761, 0.0 ], [ 724185.794993805000558, 738284.338969915988855, 0.0 ], [ 724191.513993802946061, 738286.303969917003997, 0.0 ], [ 724193.17099380295258, 738286.682969919987954, 0.0 ], [ 724194.421993803000078, 738287.477969917003065, 0.0 ], [ 724196.674993801978417, 738288.102969918050803, 0.0 ], [ 724199.804993801051751, 738289.099969923961908, 0.0 ], [ 724203.570993799949065, 738290.401969925034791, 0.0 ], [ 724205.421993799041957, 738291.222969918977469, 0.0 ], [ 724206.751993799000047, 738292.138969916966744, 0.0 ], [ 724210.301993797998875, 738294.859969923039898, 0.0 ], [ 724212.060993797960691, 738295.07996991102118, 0.0 ], [ 724216.353993796976283, 738295.788969918037765, 0.0 ], [ 724216.746993795968592, 738296.373969921958633, 0.0 ], [ 724219.020993795944378, 738297.059969921945594, 0.0 ], [ 724221.827993795042858, 738298.2319699190557, 0.0 ], [ 724226.202993792947382, 738300.541969922953285, 0.0 ], [ 724226.412993793957867, 738300.752969922032207, 0.0 ], [ 724226.700993792968802, 738301.023969916976057, 0.0 ], [ 724226.999993794015609, 738301.28396991500631, 0.0 ], [ 724227.308993794023991, 738301.531969922943972, 0.0 ], [ 724227.627993792993948, 738301.766969923046418, 0.0 ], [ 724227.872993794037029, 738301.935969913960434, 0.0 ], [ 724228.205993794021197, 738302.148969911970198, 0.0 ], [ 724228.54799379396718, 738302.349969918024726, 0.0 ], [ 724228.896993792965077, 738302.535969911026768, 0.0 ], [ 724229.253993793041445, 738302.709969921037555, 0.0 ], [ 724229.616993793984875, 738302.868969919974916, 0.0 ], [ 724229.984993792953901, 738303.012969919014722, 0.0 ], [ 724230.358993793954141, 738303.143969919998199, 0.0 ], [ 724230.737993792979978, 738303.259969920036383, 0.0 ], [ 724231.120993793010712, 738303.359969920944422, 0.0 ], [ 724231.507993792998604, 738303.445969920023344, 0.0 ], [ 724231.897993793012574, 738303.51696991501376, 0.0 ], [ 724232.289993793005124, 738303.571969914017245, 0.0 ], [ 724232.579993793042377, 738303.564969911007211, 0.0 ], [ 724232.953993792994879, 738303.562969913007692, 0.0 ], [ 724233.327993792947382, 738303.569969911011867, 0.0 ], [ 724233.70099379203748, 738303.583969915984198, 0.0 ], [ 724234.073993791942485, 738303.606969914981164, 0.0 ], [ 724234.446993791963905, 738303.637969924020581, 0.0 ], [ 724234.818993792054243, 738303.677969912998378, 0.0 ], [ 724235.188993792049587, 738303.724969914997928, 0.0 ], [ 724237.419993791962042, 738304.649969917023554, 0.0 ], [ 724250.682993788039312, 738311.721969914040528, 0.0 ], [ 724252.104993787943386, 738313.398969916044734, 0.0 ], [ 724254.140993786975741, 738315.483969911001623, 0.0 ], [ 724255.115993786021136, 738315.934969914960675, 0.0 ], [ 724256.120993786025792, 738317.345969915040769, 0.0 ], [ 724257.167993786046281, 738318.477969918982126, 0.0 ], [ 724259.634993785992265, 738319.686969907023013, 0.0 ], [ 724261.784993786015548, 738320.650969914975576, 0.0 ], [ 724267.698993784026243, 738323.138969914987683, 0.0 ], [ 724272.225993782049045, 738324.370969917974435, 0.0 ], [ 724272.867993782041594, 738324.138969908002764, 0.0 ], [ 724273.477993782027625, 738323.244969916995615, 0.0 ], [ 724274.976993781980127, 738321.700969913974404, 0.0 ], [ 724276.915993780945428, 738320.102969908970408, 0.0 ], [ 724278.104993780958466, 738319.276969913044013, 0.0 ], [ 724279.549993779975921, 738318.912969921017066, 0.0 ], [ 724282.73699378001038, 738318.28896990895737, 0.0 ], [ 724285.31599377898965, 738318.497969912015833, 0.0 ], [ 724286.891993778990582, 738318.815969911986031, 0.0 ], [ 724288.726993778022006, 738319.376969913952053, 0.0 ], [ 724290.240993777988479, 738319.993969912989996, 0.0 ], [ 724291.232993777026422, 738320.584969909978099, 0.0 ], [ 724292.125993776950054, 738321.31596991897095, 0.0 ], [ 724293.533993777004071, 738325.89296991401352, 0.0 ], [ 724293.572993776993826, 738327.733969904948026, 0.0 ], [ 724293.436993777053431, 738327.950969913974404, 0.0 ], [ 724293.307993776979856, 738328.173969913972542, 0.0 ], [ 724293.187993776984513, 738328.400969914044254, 0.0 ], [ 724293.076993776950985, 738328.632969915983267, 0.0 ], [ 724292.974993776995689, 738328.868969916948117, 0.0 ], [ 724292.881993777002208, 738329.107969913980924, 0.0 ], [ 724292.796993777039461, 738329.350969917024486, 0.0 ], [ 724292.721993776969612, 738329.596969907986932, 0.0 ], [ 724292.655993776977994, 738329.84496991999913, 0.0 ], [ 724292.599993776995689, 738330.09596991003491, 0.0 ], [ 724292.5529937769752, 738330.347969908034429, 0.0 ], [ 724292.515993776964024, 738330.601969916024245, 0.0 ], [ 724292.487993777031079, 738330.857969908043742, 0.0 ], [ 724292.469993776991032, 738331.113969911006279, 0.0 ], [ 724292.460993777029216, 738331.370969917974435, 0.0 ], [ 724292.461993778008036, 738331.627969915047288, 0.0 ], [ 724292.472993777017109, 738331.884969908045605, 0.0 ], [ 724292.493993776966818, 738332.140969912987202, 0.0 ], [ 724292.523993776994757, 738332.395969909033738, 0.0 ], [ 724292.562993776984513, 738332.649969912017696, 0.0 ], [ 724292.612993777031079, 738332.901969915023074, 0.0 ], [ 724292.670993778039701, 738333.151969908969477, 0.0 ], [ 724292.738993776962161, 738333.399969912949018, 0.0 ], [ 724292.816993777058087, 738333.644969915039837, 0.0 ], [ 724292.902993776951917, 738333.886969918035902, 0.0 ], [ 724292.998993776971474, 738334.125969919958152, 0.0 ], [ 724293.102993777021766, 738334.35996991104912, 0.0 ], [ 724293.215993777033873, 738334.590969920041971, 0.0 ], [ 724293.337993777007796, 738334.816969910054468, 0.0 ], [ 724293.467993777012452, 738335.038969913963228, 0.0 ], [ 724293.606993776978925, 738335.254969917004928, 0.0 ], [ 724293.752993777045049, 738335.465969913988374, 0.0 ], [ 724293.907993776956573, 738335.671969908988103, 0.0 ], [ 724294.069993776967749, 738335.870969910989515, 0.0 ], [ 724294.238993776962161, 738336.063969913055189, 0.0 ], [ 724295.969993775943294, 738336.983969916007482, 0.0 ], [ 724302.607993775047362, 738340.800969906034879, 0.0 ], [ 724304.593993774964474, 738341.305969904991798, 0.0 ], [ 724304.940993773983791, 738341.330969913979061, 0.0 ], [ 724305.288993773981929, 738341.339969911961816, 0.0 ], [ 724305.637993774958886, 738341.331969907041639, 0.0 ], [ 724305.984993773978204, 738341.306969907949679, 0.0 ], [ 724306.330993773997761, 738341.2669699130347, 0.0 ], [ 724306.673993773991242, 738341.208969912026078, 0.0 ], [ 724307.014993774006143, 738341.135969907045364, 0.0 ], [ 724307.35199377394747, 738341.046969910967164, 0.0 ], [ 724307.683993772952817, 738340.941969914943911, 0.0 ], [ 724308.009993772953749, 738340.820969908963889, 0.0 ], [ 724308.330993772950023, 738340.684969912050292, 0.0 ], [ 724310.103993772994727, 738341.365969914011657, 0.0 ], [ 724311.8339937729761, 738342.20496991102118, 0.0 ], [ 724320.421993770054542, 738347.083969915052876, 0.0 ], [ 724326.167993768001907, 738350.13096991495695, 0.0 ], [ 724339.420993765001185, 738356.50196991104167, 0.0 ], [ 724350.661993762943894, 738361.91196990897879, 0.0 ], [ 724359.874993760022335, 738364.53696990897879, 0.0 ], [ 724401.909993750043213, 738378.357969901990145, 0.0 ], [ 724405.810993748018518, 738380.122969905030914, 0.0 ], [ 724410.760993747040629, 738381.158969911048189, 0.0 ], [ 724421.373993744025938, 738383.739969901973382, 0.0 ], [ 724427.658993743010797, 738385.291969898971729, 0.0 ], [ 724435.385993740987033, 738386.599969906033948, 0.0 ], [ 724444.569993737968616, 738388.16496990295127, 0.0 ], [ 724451.172993737040088, 738388.179969902033918, 0.0 ], [ 724461.571993733989075, 738388.47696989600081, 0.0 ], [ 724478.603993730037473, 738387.809969897964038, 0.0 ], [ 724491.478993725962937, 738386.836969895055518, 0.0 ], [ 724503.571993723046035, 738386.013969899038784, 0.0 ], [ 724507.455993721960112, 738385.797969894018024, 0.0 ], [ 724529.814993715961464, 738381.089969899039716, 0.0 ], [ 724567.00499370705802, 738374.089969887048937, 0.0 ], [ 724597.031993699958548, 738368.969969889032654, 0.0 ], [ 724600.035993698053062, 738368.703969893045723, 0.0 ], [ 724603.988993696984835, 738367.64796988805756, 0.0 ], [ 724608.704993695951998, 738366.300969894044101, 0.0 ], [ 724618.27499369403813, 738363.94896988500841, 0.0 ], [ 724620.923993692966178, 738363.298969894996844, 0.0 ], [ 724624.941993691958487, 738363.504969891044311, 0.0 ], [ 724627.998993691988289, 738363.83996988798026, 0.0 ], [ 724634.20199368998874, 738365.549969887943007, 0.0 ], [ 724647.377993686008267, 738369.720969890011474, 0.0 ], [ 724656.640993683948182, 738373.206969883991405, 0.0 ], [ 724662.215993682970293, 738375.530969885992818, 0.0 ], [ 724667.751993680023588, 738377.813969891052693, 0.0 ], [ 724672.249993680045009, 738379.865969890961424, 0.0 ], [ 724683.51499367703218, 738385.07596987998113, 0.0 ], [ 724700.005993672995828, 738393.264969881041907, 0.0 ], [ 724705.320993670960888, 738395.584969884948805, 0.0 ], [ 724707.027993671013974, 738396.804969880962744, 0.0 ], [ 724711.083993669948541, 738397.231969887041487, 0.0 ], [ 724712.681993669015355, 738397.44996987702325, 0.0 ], [ 724715.713993669021875, 738398.264969886047766, 0.0 ], [ 724723.764746258966625, 738400.551899597980082, 0.0 ], [ 724726.045993666048162, 738401.079969884944148, 0.0 ], [ 724728.386993665015325, 738401.005969885038212, 0.0 ], [ 724730.407993664965034, 738401.048969881027006, 0.0 ], [ 724731.889993665041402, 738400.845969888963737, 0.0 ], [ 724734.727993663051166, 738401.218969882000238, 0.0 ], [ 724739.103993662982248, 738401.768969879951328, 0.0 ], [ 724744.869993660948239, 738403.254969879053533, 0.0 ], [ 724751.912993659963831, 738404.955969881033525, 0.0 ], [ 724755.528993658954278, 738405.43796987796668, 0.0 ], [ 724767.063993655028753, 738408.229969877982512, 0.0 ], [ 724769.590993653982878, 738409.439969885046594, 0.0 ], [ 724772.60499365394935, 738410.074969875975512, 0.0 ], [ 724774.540993654052727, 738410.516969877993688, 0.0 ], [ 724775.600993653992191, 738410.588969873031601, 0.0 ], [ 724781.306993652018718, 738410.293969877995551, 0.0 ], [ 724783.987993650953285, 738410.303969876957126, 0.0 ], [ 724792.763993649045005, 738411.043969881022349, 0.0 ], [ 724799.014993646997027, 738412.035969875054434, 0.0 ], [ 724800.574993647052906, 738412.213969875010662, 0.0 ], [ 724802.572993646026589, 738412.416969878948294, 0.0 ], [ 724813.868993642972782, 738413.245969868963584, 0.0 ], [ 724835.37599363795016, 738415.230969873024151, 0.0 ], [ 724846.449993634945713, 738416.297969872946851, 0.0 ], [ 724850.829993632971309, 738416.487969876965508, 0.0 ], [ 724864.319993630051613, 738417.861969867022708, 0.0 ], [ 724870.929993627942167, 738419.057969874003902, 0.0 ], [ 724892.629993623006158, 738423.46696987200994, 0.0 ], [ 724900.210993621032685, 738425.51396987203043, 0.0 ], [ 724917.799993615946732, 738430.716969863045961, 0.0 ], [ 724933.415993612026796, 738435.236969872028567, 0.0 ], [ 724941.412993610021658, 738437.5899698700523, 0.0 ], [ 724946.25899360794574, 738439.044969868962653, 0.0 ], [ 724969.605993603006937, 738446.453969866037369, 0.0 ], [ 724978.533993600052781, 738449.597969866008498, 0.0 ], [ 724987.130993598024361, 738452.056969868950546, 0.0 ], [ 725000.163993594003841, 738456.687969865975901, 0.0 ], [ 725008.152993593015708, 738459.779969856026582, 0.0 ], [ 725016.364993590977974, 738462.534969863947481, 0.0 ], [ 725029.838993586949073, 738467.170969862025231, 0.0 ], [ 725033.36899358604569, 738468.250969866057858, 0.0 ], [ 725044.417993583949283, 738471.418969859951176, 0.0 ], [ 725070.344993576058187, 738478.857969852047972, 0.0 ], [ 725084.282993572996929, 738483.118969853036106, 0.0 ], [ 725088.467993572005071, 738484.645969855017029, 0.0 ], [ 725091.516993570956402, 738485.821969851036556, 0.0 ], [ 725099.074993569054641, 738489.729969860054553, 0.0 ], [ 725110.037993566016667, 738495.277969855000265, 0.0 ], [ 725115.807993564056233, 738498.183969859033823, 0.0 ], [ 725117.106993564055301, 738498.238969853031449, 0.0 ], [ 725119.478993564029224, 738499.046969851944596, 0.0 ], [ 725121.054993562982418, 738499.404969858005643, 0.0 ], [ 725138.787993559031747, 738502.607969861011952, 0.0 ], [ 725164.170993551961146, 738508.620969854993746, 0.0 ], [ 725170.396993551054038, 738510.19196985301096, 0.0 ], [ 725172.707993549993262, 738511.118969843955711, 0.0 ], [ 725174.41299354902003, 738512.458969846949913, 0.0 ], [ 725205.606993542052805, 738538.886969845974818, 0.0 ], [ 725210.064993540057912, 738542.818969849962741, 0.0 ], [ 725218.504993538022973, 738550.138969848980196, 0.0 ], [ 725225.360993535956368, 738556.059969846042804, 0.0 ], [ 725242.764993531978689, 738566.962969840038568, 0.0 ], [ 725267.198993525002152, 738582.608969848020934, 0.0 ], [ 725283.883993520983495, 738593.443969842046499, 0.0 ], [ 725306.308993514045142, 738607.925969840027392, 0.0 ], [ 725310.599993514013477, 738610.696969836950302, 0.0 ], [ 725321.209993510972708, 738615.578969844966196, 0.0 ], [ 725337.159993506968021, 738622.404969834955409, 0.0 ], [ 725338.494993505999446, 738622.8199698360404, 0.0 ], [ 725343.16399350494612, 738623.952969833044335, 0.0 ], [ 725346.617993504041806, 738624.692969836993143, 0.0 ], [ 725349.299432659056038, 738625.240059430012479, 0.0 ], [ 725357.63199350098148, 738626.939969836035743, 0.0 ], [ 725363.630993498954922, 738626.739969845046289, 0.0 ], [ 725369.62999349902384, 738625.281969830044545, 0.0 ], [ 725371.628993496997282, 738626.039969837991521, 0.0 ], [ 725387.125993493013084, 738634.737969835987315, 0.0 ], [ 725396.623993491055444, 738640.734969828976318, 0.0 ], [ 725404.122993489028886, 738645.234969835029915, 0.0 ], [ 725428.617993482970633, 738657.232969830976799, 0.0 ], [ 725430.616993481991813, 738657.632969836005941, 0.0 ], [ 725441.614993478986435, 738659.231969836051576, 0.0 ], [ 725453.611993475002237, 738659.431969834025949, 0.0 ], [ 725460.610993474023417, 738659.031969830044545, 0.0 ], [ 725476.106993469991721, 738649.433969832025468, 0.0 ], [ 725488.104993466055021, 738642.235969827976078, 0.0 ], [ 725493.103993466007523, 738638.735969822038896, 0.0 ], [ 725497.102993465028703, 738636.736969821038656, 0.0 ], [ 725523.596993456943892, 738626.406969825038686, 0.0 ], [ 725525.321993457037024, 738625.238969824044034, 0.0 ], [ 725527.840993455960415, 738623.531969820032828, 0.0 ], [ 725529.080993455951102, 738621.660969821969047, 0.0 ], [ 725529.045993456034921, 738619.920969821047038, 0.0 ], [ 725527.561993457027711, 738614.776969818980433, 0.0 ], [ 725525.657993457047269, 738609.311969824950211, 0.0 ], [ 725523.596791259013116, 738605.023549448000267, 0.0 ], [ 725522.394993457011878, 738602.524969825986773, 0.0 ], [ 725518.210993458982557, 738593.912969824974425, 0.0 ], [ 725510.48799346096348, 738577.996969821979292, 0.0 ], [ 725493.216993464971893, 738543.163969828048721, 0.0 ], [ 725490.265993466018699, 738536.966969826957211, 0.0 ], [ 725480.952993468963541, 738520.112969825044274, 0.0 ], [ 725478.952993468963541, 738516.528969833045267, 0.0 ], [ 725473.080993470037356, 738506.856969823944382, 0.0 ], [ 725468.597993472008966, 738499.84296982397791, 0.0 ], [ 725455.329993476043455, 738482.402969834045507, 0.0 ], [ 725452.667993476032279, 738478.990969829959795, 0.0 ], [ 725437.21099348005373, 738460.485969827976078, 0.0 ], [ 725434.699993481044658, 738457.776969832950272, 0.0 ], [ 725418.731993485009298, 738438.464969833963551, 0.0 ], [ 725403.772993489052169, 738418.425969835952856, 0.0 ], [ 725399.852993490057997, 738412.998969838023186, 0.0 ], [ 725392.702993492013775, 738403.131969830952585, 0.0 ], [ 725370.475993496947922, 738364.140969834057614, 0.0 ], [ 725365.56999349896796, 738355.67996983404737, 0.0 ], [ 725350.5349935030099, 738333.498969841049984, 0.0 ], [ 725330.152993508032523, 738308.234969840035774, 0.0 ], [ 725314.614993512048386, 738289.32096983701922, 0.0 ], [ 725295.574993517016992, 738271.482969840057194, 0.0 ], [ 725289.477993519045413, 738265.63096983905416, 0.0 ], [ 725286.889993519056588, 738264.501969843055122, 0.0 ], [ 725279.389993521035649, 738260.613969843019731, 0.0 ], [ 725265.202993524959311, 738253.588969849050045, 0.0 ], [ 725244.483993530971929, 738240.346969840000384, 0.0 ], [ 725225.142993535962887, 738227.299969841958955, 0.0 ], [ 725222.255993535974994, 738224.345969847054221, 0.0 ], [ 725197.533993543009274, 738202.333969846949913, 0.0 ], [ 725164.198993550962768, 738173.095969847054221, 0.0 ], [ 725152.253993554972112, 738160.279969844967127, 0.0 ], [ 725122.090993562014773, 738136.163969859946519, 0.0 ], [ 725082.649993572966196, 738104.798969854949974, 0.0 ], [ 725066.228993576951325, 738093.586969861993566, 0.0 ], [ 725054.831993579980917, 738087.574969855020754, 0.0 ], [ 725041.625993584049866, 738080.499969857977703, 0.0 ], [ 725023.24799358798191, 738070.786969866952859, 0.0 ], [ 725006.204993593040854, 738061.567969860974699, 0.0 ], [ 724967.103993603028357, 738040.631969869020395, 0.0 ], [ 724938.283993610995822, 738025.37296986405272, 0.0 ], [ 724928.480993613018654, 738020.169969863956794, 0.0 ], [ 724911.841993617010303, 738011.323969876975752, 0.0 ], [ 724890.366993622039445, 737999.924969875952229, 0.0 ], [ 724826.742993638967164, 737965.853969875024632, 0.0 ], [ 724748.757993660052307, 737925.123969880980439, 0.0 ], [ 724723.759861769969575, 737912.208878675010055, 0.0 ], [ 724717.671993667958304, 737907.998969887965359, 0.0 ], [ 724704.382993672043085, 737900.410969879943877, 0.0 ], [ 724680.897993677994236, 737886.066969883977436, 0.0 ], [ 724631.996993690030649, 737856.497969888034277, 0.0 ], [ 724524.251993717043661, 737791.205969905015081, 0.0 ], [ 724433.016993741039187, 737735.542969904956408, 0.0 ], [ 724416.828993745031767, 737725.700969906989485, 0.0 ], [ 724312.872993772034533, 737654.367969912011176, 0.0 ], [ 724159.483993810950778, 737548.994969922001474, 0.0 ], [ 724100.542993825045414, 737503.606969931046478, 0.0 ], [ 724021.729993844986893, 737443.09096993599087, 0.0 ], [ 723998.72156823403202, 737425.509408841957338, 0.0 ], [ 723923.924239309970289, 737350.070347095956095, 0.0 ], [ 723911.665993873029947, 737339.951969931949861, 0.0 ], [ 723896.691993876011111, 737327.837969940039329, 0.0 ], [ 723884.064993879990652, 737317.55696994299069, 0.0 ], [ 723869.131993883056566, 737305.322969938046299, 0.0 ], [ 723854.316993886954151, 737293.329969941056333, 0.0 ], [ 723839.103993891039863, 737280.93396994099021, 0.0 ], [ 723821.903993895975873, 737266.964969940949231, 0.0 ], [ 723806.274993899045512, 737254.105969951022416, 0.0 ], [ 723784.023993905051611, 737235.804969948949292, 0.0 ], [ 723770.044993908028118, 737224.336969946976751, 0.0 ], [ 723751.612993913004175, 737209.18096995097585, 0.0 ], [ 723737.156993916956708, 737197.388969950960018, 0.0 ], [ 723715.626993922051042, 737178.833969949977472, 0.0 ], [ 723703.064993923995644, 737167.933969956007786, 0.0 ], [ 723690.382993928040378, 737156.894969959044829, 0.0 ], [ 723677.620993930962868, 737145.753969953977503, 0.0 ], [ 723663.728993935044855, 737133.265969960018992, 0.0 ], [ 723649.539993937942199, 737120.476969958050177, 0.0 ], [ 723636.026993941981345, 737108.112969961948693, 0.0 ], [ 723623.982993945013732, 737097.17596995504573, 0.0 ], [ 723615.498993947054259, 737089.282969956053421, 0.0 ], [ 723606.27999395004008, 737080.605969956028275, 0.0 ], [ 723593.563993952004239, 737068.544969963957556, 0.0 ], [ 723579.2189939559903, 737055.054969960008748, 0.0 ], [ 723566.343993959017098, 737042.993969963979907, 0.0 ], [ 723552.856993961962871, 737029.849969969014637, 0.0 ], [ 723538.475993967032991, 737015.619969964958727, 0.0 ], [ 723522.506993970950134, 736999.87996996298898, 0.0 ], [ 723506.019993974012323, 736983.676969968946651, 0.0 ], [ 723491.40199397795368, 736969.205969966948032, 0.0 ], [ 723479.582993980031461, 736957.490969968028367, 0.0 ], [ 723469.394993982976303, 736947.307969963992946, 0.0 ], [ 723464.075993985054083, 736941.514969962998293, 0.0 ], [ 723453.021993987029418, 736929.146969967056066, 0.0 ], [ 723440.576993991038762, 736915.34896996896714, 0.0 ], [ 723426.882993993000127, 736900.263969970983453, 0.0 ], [ 723414.060993997030891, 736886.2839699749602, 0.0 ], [ 723400.701994, 736871.580969979055226, 0.0 ], [ 723389.588994001969695, 736859.311969976057298, 0.0 ], [ 723386.252994004054926, 736855.750969971995801, 0.0 ], [ 723375.119994007050991, 736843.401969979051501, 0.0 ], [ 723364.380994008970447, 736831.694969978998415, 0.0 ], [ 723358.902994010946713, 736825.643969974946231, 0.0 ], [ 723351.085994011955336, 736816.597969978000037, 0.0 ], [ 723333.478994017001241, 736797.256969974958338, 0.0 ], [ 723314.264994021039456, 736776.222969976952299, 0.0 ], [ 723292.273994027054869, 736752.030969977960922, 0.0 ], [ 723273.647994030965492, 736731.60896998795215, 0.0 ], [ 723254.120994035969488, 736710.187969979015179, 0.0 ], [ 723235.457994041033089, 736689.604969979031011, 0.0 ], [ 723224.58099404303357, 736677.621969984960742, 0.0 ], [ 723217.366994044976309, 736669.372969990014099, 0.0 ], [ 723212.948994045960717, 736664.383969984017313, 0.0 ], [ 723206.438994048046879, 736656.988969992031343, 0.0 ], [ 723199.357994048972614, 736648.974969986942597, 0.0 ], [ 723195.117994050960988, 736644.176969983032905, 0.0 ], [ 723185.498994052992202, 736633.298969979048707, 0.0 ], [ 723176.834994054981507, 736623.62196998600848, 0.0 ], [ 723167.449994057998993, 736613.008969984948635, 0.0 ], [ 723157.555994058959186, 736601.786969988024794, 0.0 ], [ 723147.094994063023478, 736590.010969985974953, 0.0 ], [ 723137.43399406503886, 736579.23396998795215, 0.0 ], [ 723127.888994066976011, 736568.556969985016622, 0.0 ], [ 723124.086994067998603, 736564.687969996011816, 0.0 ], [ 723123.016994068049826, 736563.50996999302879, 0.0 ], [ 723121.181994069018401, 736561.386969986953773, 0.0 ], [ 723117.808994070044719, 736557.520969995995983, 0.0 ], [ 723114.295994071057066, 736553.654969998053275, 0.0 ], [ 723110.443994072033092, 736549.507969988044351, 0.0 ], [ 723105.952994073042646, 736544.619969991967082, 0.0 ], [ 723101.022994072991423, 736539.031969989999197, 0.0 ], [ 723095.79399407596793, 736533.042969997040927, 0.0 ], [ 723091.682994076050818, 736528.55596998904366, 0.0 ], [ 723089.705994075979106, 736526.331969999009743, 0.0 ], [ 723085.794994077994488, 736521.684969994006678, 0.0 ], [ 723080.724994078977033, 736516.256969991023652, 0.0 ], [ 723074.89699408004526, 736509.645969997975044, 0.0 ], [ 723068.549994081957266, 736502.495969992014579, 0.0 ], [ 723063.919994083000347, 736497.287969992961735, 0.0 ], [ 723059.508994083967991, 736492.199970004032366, 0.0 ], [ 723054.199994085007347, 736486.20996999903582, 0.0 ], [ 723048.751994085963815, 736479.820969994994812, 0.0 ], [ 723043.184994088020176, 736473.490969992009923, 0.0 ], [ 723037.595994089031592, 736466.98196999297943, 0.0 ], [ 723031.828994091018103, 736460.37196999695152, 0.0 ], [ 723026.09999409201555, 736453.840969995013438, 0.0 ], [ 723019.134994092979468, 736445.768969999975525, 0.0 ], [ 723012.40999409602955, 736438.197970004053786, 0.0 ], [ 723008.955994096002541, 736434.07196999900043, 0.0 ], [ 723005.14399409701582, 736429.944969999953173, 0.0 ], [ 723001.511994097963907, 736425.778969999053515, 0.0 ], [ 722995.265994100016542, 736418.247969996999018, 0.0 ], [ 722989.079994100960903, 736411.196970000048168, 0.0 ], [ 722983.051994103007019, 736404.146969998953864, 0.0 ], [ 722976.844994104001671, 736397.015970002044924, 0.0 ], [ 722972.673994104960002, 736392.268969999975525, 0.0 ], [ 722968.562994105974212, 736387.480970000964589, 0.0 ], [ 722964.90999410697259, 736383.614969996036962, 0.0 ], [ 722962.45599410799332, 736380.610969995963387, 0.0 ], [ 722955.569994108984247, 736372.798970006988384, 0.0 ], [ 722950.619994109962136, 736367.07097, 0.0 ], [ 722944.652994111995213, 736360.25997000397183, 0.0 ], [ 722939.304994113044813, 736354.130969997961074, 0.0 ], [ 722932.717994114966132, 736346.67897000303492, 0.0 ], [ 722927.508994115982205, 736340.890970002044924, 0.0 ], [ 722925.832994116004556, 736338.746970003005117, 0.0 ], [ 722921.722994116949849, 736333.439970009028912, 0.0 ], [ 722916.713994118967094, 736327.131969999987632, 0.0 ], [ 722910.847994119976647, 736319.560970003018156, 0.0 ], [ 722903.625994122005068, 736310.247970012016594, 0.0 ], [ 722898.437994122970849, 736303.59997000801377, 0.0 ], [ 722892.411994123947807, 736295.749970006057993, 0.0 ], [ 722885.408994126017205, 736286.637970009003766, 0.0 ], [ 722878.52599412703421, 736277.64597001101356, 0.0 ], [ 722873.318994128960185, 736270.615970012964681, 0.0 ], [ 722865.456994132022373, 736260.421970003051683, 0.0 ], [ 722859.511994131957181, 736252.551970012951642, 0.0 ], [ 722851.888994134031236, 736242.878970014047809, 0.0 ], [ 722845.144994135946035, 736234.126970013021491, 0.0 ], [ 722838.189114655018784, 736225.777114678989165, 0.0 ], [ 722837.791994138038717, 736225.244970013969578, 0.0 ], [ 722836.140994137036614, 736223.137970009003766, 0.0 ], [ 722833.396994138951413, 736219.404970010975376, 0.0 ], [ 722829.856994139961898, 736214.767970005050302, 0.0 ], [ 722825.899994140956551, 736209.50897001195699, 0.0 ], [ 722822.202994141029194, 736204.370970012038015, 0.0 ], [ 722817.690994143020362, 736197.948970008990727, 0.0 ], [ 722813.47699414298404, 736192.048970011994243, 0.0 ], [ 722807.752994145033881, 736183.840970007004216, 0.0 ], [ 722802.904994145967066, 736176.557970004971139, 0.0 ], [ 722797.499994146986865, 736168.671970017952845, 0.0 ], [ 722790.900994149036705, 736159.180970018962398, 0.0 ], [ 722784.601994151016697, 736149.909970017964952, 0.0 ], [ 722781.262994150980376, 736145.033970013028011, 0.0 ], [ 722776.811994152958505, 736138.532970007974654, 0.0 ], [ 722772.619994153035805, 736132.232970013050362, 0.0 ], [ 722766.979994155000895, 736123.184970012982376, 0.0 ], [ 722760.067994156037457, 736112.11197001603432, 0.0 ], [ 722753.17699415795505, 736101.118970011011697, 0.0 ], [ 722745.172994159976952, 736088.339970016037114, 0.0 ], [ 722736.474994161981158, 736074.237970015965402, 0.0 ], [ 722727.95499416498933, 736060.576970019028522, 0.0 ], [ 722722.889994165045209, 736052.632970019010827, 0.0 ], [ 722717.169994167052209, 736043.56497001403477, 0.0 ], [ 722709.622994169010781, 736031.487970020971261, 0.0 ], [ 722701.28199417097494, 736018.227970022009686, 0.0 ], [ 722693.100994172040373, 736004.788970021996647, 0.0 ], [ 722690.757994172978215, 736000.876970021054149, 0.0 ], [ 722685.35599417402409, 735992.230970019008964, 0.0 ], [ 722677.84499417594634, 735981.254970017005689, 0.0 ], [ 722669.595994177972898, 735969.395970024052076, 0.0 ], [ 722659.896994180977345, 735955.548970023053698, 0.0 ], [ 722651.608994181966409, 735943.709970023948699, 0.0 ], [ 722642.347994185052812, 735930.364970020949841, 0.0 ], [ 722633.440994187025353, 735918.061970024020411, 0.0 ], [ 722623.520994190010242, 735904.353970021009445, 0.0 ], [ 722609.903994192951359, 735885.449970019049942, 0.0 ], [ 722601.256994194001891, 735873.487970029003918, 0.0 ], [ 722588.215994197991677, 735855.384970022947527, 0.0 ], [ 722577.778994200052693, 735841.074970026966184, 0.0 ], [ 722565.870994203025475, 735824.558970025042072, 0.0 ], [ 722556.088994206045754, 735811.311970029957592, 0.0 ], [ 722543.245994208962657, 735793.670970031991601, 0.0 ], [ 722530.363994212006219, 735776.008970028953627, 0.0 ], [ 722518.69399421394337, 735759.972970030969009, 0.0 ], [ 722508.793994216946885, 735746.264970034942962, 0.0 ], [ 722497.93799421901349, 735731.553970035049133, 0.0 ], [ 722485.116994222975336, 735713.752970029949211, 0.0 ], [ 722470.444994225981645, 735693.661970030982047, 0.0 ], [ 722455.67399422894232, 735673.25197003595531, 0.0 ], [ 722441.658994231955148, 735654.023970030946657, 0.0 ], [ 722429.630994235980324, 735637.366970035014674, 0.0 ], [ 722421.578183925012127, 735625.910239903023466, 0.0 ], [ 722419.220994238043204, 735622.612970035988837, 0.0 ], [ 722416.551994238980114, 735618.877970034955069, 0.0 ], [ 722408.128994241007604, 735607.296970039024018, 0.0 ], [ 722401.119994241977111, 735597.736970036057755, 0.0 ], [ 722395.30699424399063, 735589.853970033000223, 0.0 ], [ 722384.960994245950133, 735575.625970041030087, 0.0 ], [ 722377.051994247944094, 735564.552970041055232, 0.0 ], [ 722365.64799425099045, 735548.648970043985173, 0.0 ], [ 722356.144994253991172, 735535.653970042010769, 0.0 ], [ 722345.325994255952537, 735520.878970045014285, 0.0 ], [ 722339.595994257018901, 735512.736970043973997, 0.0 ], [ 722335.935994258034043, 735506.90397004398983, 0.0 ], [ 722330.611994258943014, 735498.447970043984242, 0.0 ], [ 722328.30299425998237, 735494.795970042003319, 0.0 ], [ 722326.030994259985164, 735491.20197003998328, 0.0 ], [ 722324.246620816993527, 735488.596392045961693, 0.0 ], [ 722322.037994261016138, 735485.177970041986555, 0.0 ], [ 722317.716994261951186, 735478.260970041970722, 0.0 ], [ 722312.380994264036417, 735469.669970039045438, 0.0 ], [ 722306.655994264991023, 735460.412970044999383, 0.0 ], [ 722300.122994265984744, 735450.224970042007044, 0.0 ], [ 722294.278994268039241, 735440.746970048057847, 0.0 ], [ 722288.592994268983603, 735431.490970039973035, 0.0 ], [ 722281.552994271041825, 735420.357970042037778, 0.0 ], [ 722273.950994272949174, 735408.074970043962821, 0.0 ], [ 722269.042994273942895, 735400.309970050002448, 0.0 ], [ 722263.353994274977595, 735391.233970048953779, 0.0 ], [ 722256.706994276959449, 735380.644970047986135, 0.0 ], [ 722249.238994278945029, 735368.724970050039701, 0.0 ], [ 722242.085994280991144, 735357.109970052028075, 0.0 ], [ 722236.787994281970896, 735348.697970048990101, 0.0 ], [ 722230.768994283047505, 735338.978970044991001, 0.0 ], [ 722225.256994285038672, 735330.104970043990761, 0.0 ], [ 722219.31099428597372, 735319.425970050971955, 0.0 ], [ 722213.264994287979789, 735308.664970048004761, 0.0 ], [ 722206.38899428898003, 735295.853970046038739, 0.0 ], [ 722201.690994290052913, 735287.391970050986856, 0.0 ], [ 722196.920994290965609, 735278.388970047002658, 0.0 ], [ 722191.734994292957708, 735269.079970052000135, 0.0 ], [ 722187.390994293964468, 735261.061970049981028, 0.0 ], [ 722182.285994293983094, 735251.63497005100362, 0.0 ], [ 722178.531994294957258, 735244.343970049987547, 0.0 ], [ 722174.800994295976125, 735236.695970054948702, 0.0 ], [ 722170.88399429700803, 735228.104970050044358, 0.0 ], [ 722167.863994298037142, 735221.185970052029006, 0.0 ], [ 722165.770994298043661, 735216.457970045972615, 0.0 ], [ 722164.3709942989517, 735212.280970048974268, 0.0 ], [ 722162.624994299956597, 735207.137970049981959, 0.0 ], [ 722160.847994299023412, 735201.335970054962672, 0.0 ], [ 722159.305994300055318, 735195.835970049025491, 0.0 ], [ 722157.760994300013408, 735189.217970047960989, 0.0 ], [ 722155.964994300040416, 735181.915970045956783, 0.0 ], [ 722154.014994301949628, 735174.13197005004622, 0.0 ], [ 722151.36499430204276, 735162.279970056028105, 0.0 ], [ 722150.134994301944971, 735157.287970053032041, 0.0 ], [ 722149.832994302036241, 735156.061970054055564, 0.0 ], [ 722150.583994301967323, 735155.311970049049705, 0.0 ], [ 722155.597994301002473, 735151.284970051026903, 0.0 ], [ 722162.448994299047627, 735146.044970056042075, 0.0 ], [ 722171.137994296965189, 735139.409970051026903, 0.0 ], [ 722178.69899429497309, 735133.499970052042045, 0.0 ], [ 722186.235994294052944, 735127.749970045988448, 0.0 ], [ 722190.658994292025454, 735124.593970054993406, 0.0 ], [ 722197.74899429094512, 735119.335970044019632, 0.0 ], [ 722206.253994288039394, 735113.059970055008307, 0.0 ], [ 722216.275994286057539, 735105.464970045024529, 0.0 ], [ 722225.122994284960441, 735099.073970049968921, 0.0 ], [ 722234.720994282048196, 735091.792970048030838, 0.0 ], [ 722243.789994279970415, 735085.184970043948852, 0.0 ], [ 722252.821994276950136, 735078.394970049965195, 0.0 ], [ 722263.851994274999015, 735070.254970047972165, 0.0 ], [ 722274.214994273032062, 735062.564970041043125, 0.0 ], [ 722320.185994260944426, 735026.04097004502546, 0.0 ], [ 722324.241994259995408, 735022.818970039952546, 0.0 ], [ 722355.650994252995588, 734997.651970037026331, 0.0 ], [ 722362.918994251056574, 734992.167970036971383, 0.0 ], [ 722366.069994251010939, 734989.585970042971894, 0.0 ], [ 722370.02599424996879, 734986.759970045997761, 0.0 ], [ 722371.818994248984382, 734985.052970043034293, 0.0 ], [ 722373.657994249020703, 734981.986970038968138, 0.0 ], [ 722375.348994247964583, 734978.33797004504595, 0.0 ], [ 722375.442994249053299, 734976.557970038033091, 0.0 ], [ 722374.029994247946888, 734974.030970041989349, 0.0 ], [ 722373.538994248956442, 734973.540970033034682, 0.0 ], [ 722370.420994249056093, 734969.198970042984001, 0.0 ], [ 722366.694994249963202, 734966.26697003794834, 0.0 ], [ 722364.572994251037017, 734966.266970045980997, 0.0 ], [ 722361.697994251037017, 734967.010970044997521, 0.0 ], [ 722359.89899425196927, 734967.977970032952726, 0.0 ], [ 722355.305994253023528, 734971.651970039005391, 0.0 ], [ 722349.158994253957644, 734976.096970040001906, 0.0 ], [ 722336.14599425799679, 734985.833970039035194, 0.0 ], [ 722329.524994259001687, 734991.009970042970963, 0.0 ], [ 722324.241689787013456, 734995.600215996964835, 0.0 ], [ 722317.284994262969121, 735001.219970040954649, 0.0 ], [ 722312.230994262965396, 735004.965970047051087, 0.0 ], [ 722301.882994265994057, 735012.452970043988898, 0.0 ], [ 722282.665616241982207, 735026.041229947004467, 0.0 ], [ 722275.541994272032753, 735030.938970042043366, 0.0 ], [ 722260.303994275978766, 735042.637970044044778, 0.0 ], [ 722246.055994278984144, 735053.550970042007975, 0.0 ], [ 722244.101994280004874, 735055.090970042045228, 0.0 ], [ 722240.173994280979969, 735058.18597003701143, 0.0 ], [ 722232.385994283016771, 735064.154970042989589, 0.0 ], [ 722229.442994283046573, 735066.410970048978925, 0.0 ], [ 722221.458994284970686, 735072.573970049968921, 0.0 ], [ 722218.277994286036119, 735075.054970044991933, 0.0 ], [ 722212.949994286987931, 735079.210970044950955, 0.0 ], [ 722212.454994286992587, 735079.588970046956092, 0.0 ], [ 722204.864994289004244, 735085.393970047007315, 0.0 ], [ 722202.773994290037081, 735086.979970042011701, 0.0 ], [ 722196.049994291039184, 735092.080970052047633, 0.0 ], [ 722193.145994291990064, 735094.283970054006204, 0.0 ], [ 722185.363994293031283, 735100.370970054995269, 0.0 ], [ 722184.990994293009862, 735100.74497005098965, 0.0 ], [ 722184.754994294024073, 735100.981970048043877, 0.0 ], [ 722184.522994293947704, 735101.817970053991303, 0.0 ], [ 722184.592994294012897, 735102.538970047957264, 0.0 ], [ 722184.645994293969125, 735103.018970058998093, 0.0 ], [ 722184.480994294048287, 735103.416970049962401, 0.0 ], [ 722181.955994294025004, 735105.300970052951016, 0.0 ], [ 722175.489994295989163, 735110.166970049962401, 0.0 ], [ 722169.771994297974743, 735114.443970046006143, 0.0 ], [ 722165.954994298052043, 735117.16797005594708, 0.0 ], [ 722161.852994299028069, 735120.267970051034354, 0.0 ], [ 722157.467994299950078, 735123.60497005097568, 0.0 ], [ 722153.081994301057421, 735127.000970056978986, 0.0 ], [ 722146.109994302969426, 735132.41997004696168, 0.0 ], [ 722140.594994304003194, 735136.479970055981539, 0.0 ], [ 722136.836994305951521, 735139.265970058972016, 0.0 ], [ 722134.550994305987842, 735141.131970060057938, 0.0 ], [ 722132.083994306041859, 735143.156970056006685, 0.0 ], [ 722126.382994308019988, 735147.653970054001547, 0.0 ], [ 722120.091994308982976, 735152.842970057041384, 0.0 ], [ 722115.824994310038164, 735156.359970054007135, 0.0 ], [ 722109.374994311016053, 735161.546970056020655, 0.0 ], [ 722103.954994312953204, 735165.967970060999505, 0.0 ], [ 722098.412994313985109, 735170.526970059960149, 0.0 ], [ 722096.432994315051474, 735172.0389700520318, 0.0 ], [ 722093.341994315967895, 735174.313970049959607, 0.0 ], [ 722088.514994316967204, 735177.782970056054182, 0.0 ], [ 722083.181994318030775, 735181.666970059974119, 0.0 ], [ 722078.495994318975136, 735185.098970060003921, 0.0 ], [ 722072.437994319945574, 735189.49097005603835, 0.0 ], [ 722066.581994322012179, 735193.625970056978986, 0.0 ], [ 722064.865994321997277, 735194.860970063018613, 0.0 ], [ 722062.704994322964922, 735196.329970060032792, 0.0 ], [ 722053.653994324035011, 735203.09897006500978, 0.0 ], [ 722045.592994326958433, 735209.101970055955462, 0.0 ], [ 722040.360994328046218, 735212.985970061970875, 0.0 ], [ 722035.429994328995235, 735216.753970065969042, 0.0 ], [ 722029.508994331001304, 735221.207970062969252, 0.0 ], [ 722025.124994331970811, 735224.484970055986196, 0.0 ], [ 722021.486994332051836, 735227.331970065948553, 0.0 ], [ 722016.515994334011339, 735231.059970063040964, 0.0 ], [ 722011.565994334057905, 735234.788970059016719, 0.0 ], [ 722005.885994335985743, 735239.265970063977875, 0.0 ], [ 721998.589994337991811, 735244.800970065989532, 0.0 ], [ 721990.830994340009056, 735250.726970063988119, 0.0 ], [ 721985.555994341033511, 735254.749970062053762, 0.0 ], [ 721983.83799434104003, 735256.051970059983432, 0.0 ], [ 721981.419994342955761, 735257.884970066952519, 0.0 ], [ 721980.867994341999292, 735258.302970060962252, 0.0 ], [ 721974.642994344001636, 735263.072970060049556, 0.0 ], [ 721967.551994345034473, 735268.409970064996742, 0.0 ], [ 721960.800994346966036, 735273.671970061957836, 0.0 ], [ 721955.991994348005392, 735277.321970068034716, 0.0 ], [ 721951.908994348952547, 735280.44297006202396, 0.0 ], [ 721947.502994350041263, 735283.81797007098794, 0.0 ], [ 721943.562994351028465, 735286.801970066037029, 0.0 ], [ 721934.125994352973066, 735293.944970068987459, 0.0 ], [ 721927.780994354980066, 735298.771970066009089, 0.0 ], [ 721922.106994356028736, 735302.829970062943175, 0.0 ], [ 721917.560994356987067, 735306.184970065951347, 0.0 ], [ 721912.48999435803853, 735309.99097006500233, 0.0 ], [ 721906.36699435999617, 735314.701970066991635, 0.0 ], [ 721903.233994361013174, 735317.09697006305214, 0.0 ], [ 721899.998994361027144, 735319.669970075017773, 0.0 ], [ 721895.650994361960329, 735323.245970065006986, 0.0 ], [ 721890.776994363986887, 735327.234970069024712, 0.0 ], [ 721885.253994364989921, 735331.814970063976943, 0.0 ], [ 721878.679994366015308, 735337.31997007294558, 0.0 ], [ 721874.695994367008097, 735340.561970073031262, 0.0 ], [ 721867.373994368943386, 735346.614970074035227, 0.0 ], [ 721861.691994369961321, 735351.132970071979798, 0.0 ], [ 721856.65899437200278, 735355.119970069965348, 0.0 ], [ 721851.35999437305145, 735359.44297007098794, 0.0 ], [ 721846.932994373957627, 735362.95897007198073, 0.0 ], [ 721843.858994374983013, 735365.56897007394582, 0.0 ], [ 721841.870994374970905, 735367.231970072956756, 0.0 ], [ 721836.984994375961833, 735370.913970072055236, 0.0 ], [ 721831.994994377018884, 735374.561970073031262, 0.0 ], [ 721826.661994379013777, 735378.544970068964176, 0.0 ], [ 721821.731994380010292, 735382.192970065982081, 0.0 ], [ 721817.28599438094534, 735385.627970069996081, 0.0 ], [ 721806.780994383036159, 735393.416970073012635, 0.0 ], [ 721802.739994383999147, 735396.457970069954172, 0.0 ], [ 721798.134994384949096, 735399.810970076941885, 0.0 ], [ 721794.254994387039915, 735402.754970078007318, 0.0 ], [ 721790.940994387026876, 735405.265970078995451, 0.0 ], [ 721787.826994388015009, 735407.781970074982382, 0.0 ], [ 721784.288994387956336, 735410.629970079986379, 0.0 ], [ 721779.030994390021078, 735414.892970078974031, 0.0 ], [ 721774.762994391028769, 735418.410970075055957, 0.0 ], [ 721770.598994391970336, 735421.710970071959309, 0.0 ], [ 721766.815994392964058, 735424.855970073025674, 0.0 ], [ 721763.68199439404998, 735427.350970073021017, 0.0 ], [ 721753.268994395970367, 735435.698970073019154, 0.0 ], [ 721746.311994398012757, 735441.338970075012185, 0.0 ], [ 721740.224994399002753, 735446.309970080037601, 0.0 ], [ 721736.705994399031624, 735449.138970079948194, 0.0 ], [ 721735.511994399945252, 735450.160970082972199, 0.0 ], [ 721734.786994399968535, 735450.590970081975684, 0.0 ], [ 721733.500994401052594, 735451.072970081004314, 0.0 ], [ 721728.780994402011856, 735452.604970074957237, 0.0 ], [ 721725.545994402957149, 735453.81797007995192, 0.0 ], [ 721723.354994402965531, 735454.666970071964897, 0.0 ], [ 721721.603994403965771, 735455.461970075033605, 0.0 ], [ 721719.910994403995574, 735456.477970074978657, 0.0 ], [ 721718.214994403999299, 735457.652970080962405, 0.0 ], [ 721715.788994404952973, 735459.577970074955374, 0.0 ], [ 721712.189994405955076, 735462.48497007903643, 0.0 ], [ 721709.055994407040998, 735464.93997007701546, 0.0 ], [ 721705.475994406966493, 735467.887970088981092, 0.0 ], [ 721697.530994408996776, 735474.192970080999658, 0.0 ], [ 721689.848994410946034, 735480.260970087954774, 0.0 ], [ 721683.359994412050582, 735485.385970078990795, 0.0 ], [ 721677.414994413033128, 735490.119970081024803, 0.0 ], [ 721675.676994415000081, 735491.494970076018944, 0.0 ], [ 721675.373994413996115, 735491.750970080960542, 0.0 ], [ 721675.218994415015914, 735492.827970082056709, 0.0 ], [ 721675.135994413984008, 735494.386970088002272, 0.0 ], [ 721675.358994413982145, 735495.587970077991486, 0.0 ], [ 721675.568994413944893, 735496.310970079037361, 0.0 ], [ 721675.701994413975626, 735496.832970081013627, 0.0 ], [ 721675.134994414984249, 735497.324970079003833, 0.0 ], [ 721669.47699441597797, 735501.582970079034567, 0.0 ], [ 721666.062994417035952, 735504.133970087044872, 0.0 ], [ 721663.515994417015463, 735506.075970078003593, 0.0 ], [ 721660.343994418042712, 735508.510970083996654, 0.0 ], [ 721658.057994417962618, 735510.396970081957988, 0.0 ], [ 721652.17499442002736, 735515.070970084052533, 0.0 ], [ 721645.115994420950301, 735520.848970090039074, 0.0 ], [ 721638.30299442296382, 735526.289970085024834, 0.0 ], [ 721630.5179944250267, 735532.57697008503601, 0.0 ], [ 721524.418924574973062, 735618.930024571018293, 0.0 ], [ 721523.415994449984282, 735619.711970087955706, 0.0 ], [ 721515.458922617021017, 735625.916026100981981, 0.0 ], [ 721354.077994488994591, 735751.750970099004917, 0.0 ], [ 721261.637994511052966, 735823.251970111043192, 0.0 ], [ 721260.704994510975666, 735824.722970106056891, 0.0 ], [ 721225.19499451899901, 735851.844970104983076, 0.0 ], [ 721195.203994525945745, 735874.719970111967996, 0.0 ], [ 721196.152994525968097, 735875.888970111962408, 0.0 ], [ 721195.667994525982067, 735876.384970105951652, 0.0 ], [ 721196.022994525963441, 735876.927970106946304, 0.0 ], [ 721193.229994526947848, 735878.361970111029223, 0.0 ], [ 721187.00299452804029, 735883.381970104994252, 0.0 ], [ 721188.089994527981617, 735884.791970112011768, 0.0 ], [ 721192.59699452703353, 735890.433970106998459, 0.0 ], [ 721193.465994526050054, 735891.541970117948949, 0.0 ], [ 721201.118994525051676, 735885.754970115958713, 0.0 ], [ 721215.284994521993212, 735874.049970112973824, 0.0 ], [ 721265.997994509991258, 735835.005970104015432, 0.0 ], [ 721266.983994508977048, 735834.757970110978931, 0.0 ], [ 721270.172994507942349, 735834.410970111959614, 0.0 ], [ 721271.890994508052245, 735834.486970109050162, 0.0 ], [ 721274.66499450802803, 735833.012970105977729, 0.0 ], [ 721280.668994507053867, 735830.289970095967874, 0.0 ], [ 721284.064994505955838, 735828.662970104953274, 0.0 ], [ 721286.598994505009614, 735827.025970109039918, 0.0 ], [ 721288.939994503976777, 735824.807970107998699, 0.0 ], [ 721290.368994503980502, 735823.761970104998909, 0.0 ], [ 721291.895994503051043, 735823.056970110046677, 0.0 ], [ 721293.554994503967464, 735823.211970107047819, 0.0 ], [ 721295.82599450298585, 735824.053970098029822, 0.0 ], [ 721299.976994502008893, 735824.971970099955797, 0.0 ], [ 721300.872994501958601, 735825.41997010295745, 0.0 ], [ 721304.143994500976987, 735826.270970106008463, 0.0 ], [ 721309.727994499029592, 735827.863970107049681, 0.0 ], [ 721317.729994497960433, 735829.797970106010325, 0.0 ], [ 721322.035994497011416, 735831.138970101019368, 0.0 ], [ 721323.287994495942257, 735831.910970106953755, 0.0 ], [ 721325.818994496017694, 735835.033970110001974, 0.0 ], [ 721328.384994494961575, 735838.536970101995394, 0.0 ], [ 721329.509994494961575, 735840.167970099020749, 0.0 ], [ 721330.346994495019317, 735840.455970100942068, 0.0 ], [ 721331.790994493989274, 735840.128970106015913, 0.0 ], [ 721341.512994491960853, 735833.220970108057372, 0.0 ], [ 721342.296994491945952, 735832.848970107035711, 0.0 ], [ 721343.832994492026046, 735833.302970106014982, 0.0 ], [ 721345.488994491053745, 735834.328970102942549, 0.0 ], [ 721345.701994491042569, 735834.4609701030422, 0.0 ], [ 721348.132994491024874, 735835.343970105051994, 0.0 ], [ 721350.48799448995851, 735835.885970099945553, 0.0 ], [ 721353.13999448902905, 735836.610970102017745, 0.0 ], [ 721354.456994489999488, 735836.742970105959103, 0.0 ], [ 721356.95699448895175, 735841.39797010505572, 0.0 ], [ 721361.771994487033226, 735847.172970104962587, 0.0 ], [ 721365.771994487033226, 735844.895970104960725, 0.0 ], [ 721363.006994487019256, 735840.969970099045895, 0.0 ], [ 721362.098994488012977, 735839.796970105962828, 0.0 ], [ 721363.068994487053715, 735838.885970097966492, 0.0 ], [ 721369.116994485957548, 735833.802970104967244, 0.0 ], [ 721369.881994485040195, 735833.159970102016814, 0.0 ], [ 721378.757994484039955, 735825.693970108986832, 0.0 ], [ 721379.108994483947754, 735824.09197009797208, 0.0 ], [ 721381.098994483007118, 735822.418970103026368, 0.0 ], [ 721381.523994483053684, 735819.623970095999539, 0.0 ], [ 721381.770994483027607, 735818.000970099004917, 0.0 ], [ 721382.018994483049028, 735817.788970098015852, 0.0 ], [ 721382.821994483005255, 735817.619970098952763, 0.0 ], [ 721384.426994482055306, 735816.867970103980042, 0.0 ], [ 721385.72399448195938, 735816.444970099953935, 0.0 ], [ 721386.851994481985457, 735816.077970103011467, 0.0 ], [ 721388.052994481055066, 735815.842970099998638, 0.0 ], [ 721389.311994481016882, 735815.568970098043792, 0.0 ], [ 721390.995994479977526, 735815.771970103029162, 0.0 ], [ 721391.306994481012225, 735815.809970099944621, 0.0 ], [ 721391.690994480974041, 735815.855970098054968, 0.0 ], [ 721396.120994479977526, 735816.797970097046345, 0.0 ], [ 721399.136994478991255, 735817.500970104010776, 0.0 ], [ 721402.285994478035718, 735818.234970101038925, 0.0 ], [ 721410.882994476007298, 735820.615970095968805, 0.0 ], [ 721419.712994473986328, 735823.737970105954446, 0.0 ], [ 721428.582994472002611, 735826.740970097016543, 0.0 ], [ 721432.630994471022859, 735827.998970097978599, 0.0 ], [ 721434.126994470949285, 735828.43297009402886, 0.0 ], [ 721435.066994471009821, 735828.26197009999305, 0.0 ], [ 721447.661994467955083, 735833.019970098044723, 0.0 ], [ 721459.817994465003721, 735837.453970093978569, 0.0 ], [ 721469.740994462976232, 735841.185970089980401, 0.0 ], [ 721476.275994461029768, 735843.846970095997676, 0.0 ], [ 721479.618994459975511, 735845.578970093978569, 0.0 ], [ 721484.236994459992275, 735847.860970092006028, 0.0 ], [ 721489.487994457944296, 735850.83097008895129, 0.0 ], [ 721494.355994457029738, 735854.195970096974634, 0.0 ], [ 721500.990994455991313, 735858.957970086950809, 0.0 ], [ 721508.319994454039261, 735864.20497008995153, 0.0 ], [ 721517.37399445194751, 735871.049970092950389, 0.0 ], [ 721524.421495717950165, 735875.988620594958775, 0.0 ], [ 721534.815994446980767, 735883.349970096023753, 0.0 ], [ 721544.973994445055723, 735890.616970096947625, 0.0 ], [ 721555.327994441962801, 735898.045970097999088, 0.0 ], [ 721565.031994440942071, 735905.00297008396592, 0.0 ], [ 721576.391994436969981, 735913.212970089982264, 0.0 ], [ 721580.946994437021203, 735916.525970092043281, 0.0 ], [ 721581.630994435981847, 735917.378970087040216, 0.0 ], [ 721581.974994436022826, 735918.165970084024593, 0.0 ], [ 721582.415994436014444, 735919.15597008599434, 0.0 ], [ 721582.845994435949251, 735920.644970090012066, 0.0 ], [ 721583.26999443594832, 735922.453970083035529, 0.0 ], [ 721583.803994436981156, 735924.745970090967603, 0.0 ], [ 721584.285994436009787, 735926.675970092997886, 0.0 ], [ 721584.728994435979985, 735928.504970086039975, 0.0 ], [ 721584.919994435971603, 735929.929970092955045, 0.0 ], [ 721585.128994436003268, 735931.513970092055388, 0.0 ], [ 721585.289994435966946, 735934.438970088027418, 0.0 ], [ 721585.493994435993955, 735937.26397008204367, 0.0 ], [ 721585.679994435980916, 735938.947970084962435, 0.0 ], [ 721585.889994435943663, 735940.431970081990585, 0.0 ], [ 721586.01799443596974, 735942.075970091973431, 0.0 ], [ 721586.238994435989298, 735944.020970087032765, 0.0 ], [ 721586.276994436047971, 735946.081970094004646, 0.0 ], [ 721586.446994435042143, 735947.606970092980191, 0.0 ], [ 721586.551994435954839, 735949.368970085051842, 0.0 ], [ 721586.535994436009787, 735951.16897009103559, 0.0 ], [ 721586.481994434958324, 735952.828970085945912, 0.0 ], [ 721586.376994436024688, 735954.086970083997585, 0.0 ], [ 721586.245994435972534, 735955.664970093057491, 0.0 ], [ 721586.082994436030276, 735956.782970090047456, 0.0 ], [ 721585.906994436052628, 735957.638970084954053, 0.0 ], [ 721585.8629944359418, 735958.837970084045082, 0.0 ], [ 721585.76999443594832, 735960.456970085971989, 0.0 ], [ 721585.574994435999542, 735962.193970081978478, 0.0 ], [ 721585.349994436022826, 735963.449970087967813, 0.0 ], [ 721585.186994435964152, 735964.606970091001131, 0.0 ], [ 721584.988994435989298, 735966.483970085973851, 0.0 ], [ 721584.590994435944594, 735969.356970087974332, 0.0 ], [ 721584.427994436002336, 735971.494970083003864, 0.0 ], [ 721584.175994436023757, 735974.109970089048147, 0.0 ], [ 721583.938994435942732, 735975.925970089971088, 0.0 ], [ 721583.948994435952045, 735976.466970084002241, 0.0 ], [ 721584.067994436016306, 735977.508970084018074, 0.0 ], [ 721583.965994435944594, 735978.60697008902207, 0.0 ], [ 721583.842994436039589, 735980.74597009003628, 0.0 ], [ 721583.865994435967878, 735983.566970090963878, 0.0 ], [ 721583.884994436055422, 735986.627970090019517, 0.0 ], [ 721584.066994435968809, 735988.532970085041597, 0.0 ], [ 721584.119994436972775, 735989.894970083027147, 0.0 ], [ 721584.073994435952045, 735991.17397008894477, 0.0 ], [ 721583.89299443596974, 735993.210970091051422, 0.0 ], [ 721583.731994436006062, 735995.288970089051872, 0.0 ], [ 721583.459994437056594, 735997.863970083999448, 0.0 ], [ 721583.439994435990229, 735999.864970089984126, 0.0 ], [ 721583.474994436954148, 736002.085970083018765, 0.0 ], [ 721583.493994435993955, 736003.146970093948767, 0.0 ], [ 721583.512994435965084, 736004.207970086019486, 0.0 ], [ 721583.819994435994886, 736005.833970090956427, 0.0 ], [ 721584.331994435982779, 736008.285970089957118, 0.0 ], [ 721584.675994436023757, 736010.092970091034658, 0.0 ], [ 721585.010994435986504, 736011.339970086002722, 0.0 ], [ 721585.096994435996749, 736012.021970086032525, 0.0 ], [ 721585.433994436054491, 736013.16897009103559, 0.0 ], [ 721586.119994436041452, 736014.902970085036941, 0.0 ], [ 721587.057994434959255, 736017.042970085982233, 0.0 ], [ 721588.172994434949942, 736019.32597008603625, 0.0 ], [ 721589.157994435052387, 736021.025970084941946, 0.0 ], [ 721590.398994434042834, 736023.010970085975714, 0.0 ], [ 721591.289994435035624, 736024.509970086044632, 0.0 ], [ 721592.536994433961809, 736026.195970091037452, 0.0 ], [ 721593.646994433947839, 736027.71797008800786, 0.0 ], [ 721594.571994433994405, 736029.43797008600086, 0.0 ], [ 721594.954994434025139, 736030.285970080993138, 0.0 ], [ 721595.134994433959946, 736031.269970083027147, 0.0 ], [ 721595.394994433037937, 736032.29497009201441, 0.0 ], [ 721595.717994433012791, 736033.161970091983676, 0.0 ], [ 721595.814994434011169, 736034.323970086988993, 0.0 ], [ 721595.911994433030486, 736035.466970092966221, 0.0 ], [ 721596.064994432963431, 736036.829970087041147, 0.0 ], [ 721596.120994432945736, 736037.991970092989504, 0.0 ], [ 721596.027994432952255, 736038.669970088056289, 0.0 ], [ 721595.811994433053769, 736039.465970091056079, 0.0 ], [ 721595.624994433950633, 736040.78297008399386, 0.0 ], [ 721595.495994433993474, 736042.239970089984126, 0.0 ], [ 721595.477994433953427, 736043.160970085998997, 0.0 ], [ 721595.543994433013722, 736043.821970088058151, 0.0 ], [ 721595.590994433965534, 736044.483970083994791, 0.0 ], [ 721595.6139944329625, 736045.32497008703649, 0.0 ], [ 721595.638994434033521, 736046.06397008697968, 0.0 ], [ 721595.521994433016516, 736046.922970090992749, 0.0 ], [ 721595.335994433029555, 736048.239970086026005, 0.0 ], [ 721595.108994434005581, 736049.555970084969886, 0.0 ], [ 721594.792994432966225, 736051.429970090975985, 0.0 ], [ 721594.587994434055872, 736052.645970089943148, 0.0 ], [ 721594.554994434001856, 736053.285970092052594, 0.0 ], [ 721594.505994434002787, 736054.765970085980371, 0.0 ], [ 721594.43599443405401, 736056.263970084022731, 0.0 ], [ 721594.320994433946908, 736057.00197009195108, 0.0 ], [ 721594.287994434009306, 736057.641970084048808, 0.0 ], [ 721594.151994433952495, 736058.41997008305043, 0.0 ], [ 721593.993994434014894, 736059.316970080020837, 0.0 ], [ 721593.836994434008375, 736060.152970083989203, 0.0 ], [ 721593.719994434039108, 736061.010970087023452, 0.0 ], [ 721593.681994433980435, 736061.930970084969886, 0.0 ], [ 721593.56099443405401, 736062.96897009096574, 0.0 ], [ 721593.419994433992542, 736064.006970089976676, 0.0 ], [ 721593.197994434041902, 736065.081970087951049, 0.0 ], [ 721592.654994433978572, 736067.212970094988123, 0.0 ], [ 721592.364994434057735, 736068.727970088017173, 0.0 ], [ 721592.343994433991611, 736069.74697008903604, 0.0 ], [ 721592.179994434001856, 736071.944970092037693, 0.0 ], [ 721592.1409944340121, 736073.923970079980791, 0.0 ], [ 721592.098994433996268, 736074.98397008900065, 0.0 ], [ 721592.050994434976019, 736076.403970089042559, 0.0 ], [ 721591.835994433960877, 736078.139970086980611, 0.0 ], [ 721591.537994435057044, 736080.054970090044662, 0.0 ], [ 721591.349994434975088, 736081.491970082977787, 0.0 ], [ 721591.128994434024207, 736082.507970085949637, 0.0 ], [ 721591.189994434942491, 736083.447970091947354, 0.0 ], [ 721591.081994434003718, 736084.866970087052323, 0.0 ], [ 721590.93599443405401, 736086.144970093970187, 0.0 ], [ 721590.90899443498347, 736088.504970086039975, 0.0 ], [ 721590.835994433960877, 736090.163970086956397, 0.0 ], [ 721590.691994435037486, 736091.361970092053525, 0.0 ], [ 721590.479994434979744, 736092.937970082974061, 0.0 ], [ 721590.309994434006512, 736094.414970092009753, 0.0 ], [ 721590.352994435001165, 736096.256970091955736, 0.0 ], [ 721590.377994435024448, 736097.996970089967363, 0.0 ], [ 721590.567994434968568, 736099.541970086051151, 0.0 ], [ 721590.852994435001165, 736102.287970087956637, 0.0 ], [ 721590.888994434033521, 736103.469970087986439, 0.0 ], [ 721591.168994433945045, 736105.476970089948736, 0.0 ], [ 721591.482994435005821, 736107.782970092957839, 0.0 ], [ 721592.010994435055181, 736109.414970093988813, 0.0 ], [ 721592.307994434027933, 736110.540970089961775, 0.0 ], [ 721592.524994433973916, 736111.704970085993409, 0.0 ], [ 721592.665994434035383, 736112.648970091948286, 0.0 ], [ 721592.885994434007443, 736113.6539700840367, 0.0 ], [ 721593.122994433972053, 736114.818970083026215, 0.0 ], [ 721593.549994433997199, 736116.446970092016272, 0.0 ], [ 721594.169994432944804, 736118.460970083950087, 0.0 ], [ 721594.58199443295598, 736119.868970092968084, 0.0 ], [ 721594.796994433971122, 736121.093970090034418, 0.0 ], [ 721595.311994433985092, 736123.365970083978027, 0.0 ], [ 721595.736994434031658, 736125.15397008205764, 0.0 ], [ 721596.185994433006272, 736126.70397008897271, 0.0 ], [ 721596.49999443301931, 736127.990970090962946, 0.0 ], [ 721596.796994433039799, 736129.136970088002272, 0.0 ], [ 721596.952994432998821, 736130.339970080996864, 0.0 ], [ 721597.135994432959706, 736131.224970084964298, 0.0 ], [ 721597.419994432944804, 736132.010970083996654, 0.0 ], [ 721597.847994433017448, 736133.618970082025044, 0.0 ], [ 721598.688994433032349, 736135.59697008994408, 0.0 ], [ 721599.060994433006272, 736137.024970090016723, 0.0 ], [ 721599.277994432020932, 736138.108970085973851, 0.0 ], [ 721599.521994433016516, 736138.914970085956156, 0.0 ], [ 721599.788994433009066, 736139.559970082947984, 0.0 ], [ 721600.256994431954809, 736140.209970085998066, 0.0 ], [ 721600.841994432033971, 736140.941970088053495, 0.0 ], [ 721601.509994431980886, 736141.595970090012997, 0.0 ], [ 721601.819994432036765, 736142.102970081032254, 0.0 ], [ 721602.378994432045147, 736143.172970089945011, 0.0 ], [ 721602.97299443196971, 736144.445970083004795, 0.0 ], [ 721603.708994432003237, 736145.700970083009452, 0.0 ], [ 721604.656994431978092, 736147.239970089984126, 0.0 ], [ 721605.739994431030937, 736149.142970080953091, 0.0 ], [ 721606.928994431975298, 736150.707970084971748, 0.0 ], [ 721608.529994430951774, 736152.699970087967813, 0.0 ], [ 721609.406994429999031, 736153.857970091048628, 0.0 ], [ 721610.53599442995619, 736155.401970084989443, 0.0 ], [ 721612.231994429952465, 736157.635970085044391, 0.0 ], [ 721613.145994429010898, 736158.994970083003864, 0.0 ], [ 721614.354994429973885, 736160.499970079981722, 0.0 ], [ 721615.512994428980164, 736161.662970087956637, 0.0 ], [ 721617.003994427970611, 736163.153970082988963, 0.0 ], [ 721617.943994428962469, 736164.1529700900428, 0.0 ], [ 721619.348994427942671, 736165.900970087037422, 0.0 ], [ 721621.621994427987374, 736168.307970087043941, 0.0 ], [ 721623.728994427016005, 736171.030970087042078, 0.0 ], [ 721626.029994426993653, 736173.977970079984516, 0.0 ], [ 721627.63099442597013, 736175.950970088946633, 0.0 ], [ 721630.237994426046498, 736179.62397008901462, 0.0 ], [ 721631.227994424989447, 736181.184970087022521, 0.0 ], [ 721632.764994425000623, 736183.375970092019998, 0.0 ], [ 721633.47499442496337, 736183.869970083003864, 0.0 ], [ 721633.741994424024597, 736184.017970090033486, 0.0 ], [ 721634.023994424031116, 736184.131970082991756, 0.0 ], [ 721634.318994425004348, 736184.211970083997585, 0.0 ], [ 721634.619994424981996, 736184.255970082944259, 0.0 ], [ 721634.924994423985481, 736184.263970089959912, 0.0 ], [ 721635.227994424058124, 736184.234970081946813, 0.0 ], [ 721635.525994424009696, 736184.170970089035109, 0.0 ], [ 721636.072994424030185, 736184.001970076002181, 0.0 ], [ 721636.535994422971271, 736183.850970083032735, 0.0 ], [ 721636.814994423999451, 736183.896970088942908, 0.0 ], [ 721637.470994423958473, 736184.149970081984065, 0.0 ], [ 721638.525994424009696, 736184.411970083019696, 0.0 ], [ 721638.862994423951022, 736184.507970085949637, 0.0 ], [ 721639.208994423039258, 736184.56397008895874, 0.0 ], [ 721639.559994422947057, 736184.580970081035048, 0.0 ], [ 721639.909994423040189, 736184.558970088954084, 0.0 ], [ 721640.254994423012249, 736184.495970085030422, 0.0 ], [ 721640.590994423022494, 736184.394970078021288, 0.0 ], [ 721640.912994422949851, 736184.256970087997615, 0.0 ], [ 721642.022994423052296, 736183.600970080005936, 0.0 ], [ 721643.016994421952404, 736182.960970090003684, 0.0 ], [ 721645.19199442199897, 736181.223970083054155, 0.0 ], [ 721647.248994420981035, 736179.443970086053014, 0.0 ], [ 721649.013994420995004, 736178.158970087999478, 0.0 ], [ 721650.00799442094285, 736177.479970084968954, 0.0 ], [ 721650.956994420965202, 736177.057970077963546, 0.0 ], [ 721652.145994420978241, 736176.64197008300107, 0.0 ], [ 721653.694994420045987, 736176.192970082978718, 0.0 ], [ 721653.943994419998489, 736176.163970088004135, 0.0 ], [ 721654.317994419950992, 736176.143970082979649, 0.0 ], [ 721654.567994419950992, 736176.144970083958469, 0.0 ], [ 721654.817994419950992, 736176.156970091047697, 0.0 ], [ 721655.06699442001991, 736176.181970080942847, 0.0 ], [ 721655.436994418967515, 736176.240970080951229, 0.0 ], [ 721655.681994420010597, 736176.29497008305043, 0.0 ], [ 721656.041994418948889, 736176.396970084984787, 0.0 ], [ 721656.277994418982416, 736176.479970079963095, 0.0 ], [ 721658.789994418970309, 736177.555970081011765, 0.0 ], [ 721660.905994417960756, 736178.797970082028769, 0.0 ], [ 721662.665994417970069, 736179.832970079965889, 0.0 ], [ 721664.582994417985901, 736180.991970080998726, 0.0 ], [ 721665.810994417057373, 736181.636970081948675, 0.0 ], [ 721667.296994416974485, 736182.346970085985959, 0.0 ], [ 721668.468994416994974, 736182.749970079050399, 0.0 ], [ 721669.575994416954927, 736183.432970079942606, 0.0 ], [ 721670.743994415970519, 736184.096970084006898, 0.0 ], [ 721671.86599441501312, 736184.979970081942156, 0.0 ], [ 721673.045994414947927, 736186.003970080055296, 0.0 ], [ 721674.417994415038265, 736187.41097007796634, 0.0 ], [ 721675.515994415036403, 736188.573970081051812, 0.0 ], [ 721676.61399441503454, 736189.635970085975714, 0.0 ], [ 721676.884994414984249, 736189.778970077983104, 0.0 ], [ 721677.173994414974004, 736189.878970089019276, 0.0 ], [ 721677.47599441499915, 736189.932970079011284, 0.0 ], [ 721677.781994414981455, 736189.939970075036399, 0.0 ], [ 721678.084994415054098, 736189.899970081984065, 0.0 ], [ 721678.752994413953274, 736189.738970089005306, 0.0 ], [ 721680.430994414025918, 736188.89197008300107, 0.0 ], [ 721682.834994412958622, 736187.719970086007379, 0.0 ], [ 721685.501994412974454, 736186.451970080030151, 0.0 ], [ 721687.862994411960244, 736185.41997008305043, 0.0 ], [ 721689.844994410988875, 736184.378970082034357, 0.0 ], [ 721693.342994411010295, 736182.507970085949637, 0.0 ], [ 721695.121994410990737, 736181.562970082042739, 0.0 ], [ 721696.103994410019368, 736181.48297008103691, 0.0 ], [ 721696.388994410051964, 736181.657970085041597, 0.0 ], [ 721696.61999440996442, 736181.897970080026425, 0.0 ], [ 721696.784994410001673, 736182.188970086048357, 0.0 ], [ 721696.870994410011917, 736182.511970079969615, 0.0 ], [ 721696.873994408990256, 736182.845970083959401, 0.0 ], [ 721696.542994410032406, 736183.572970074950717, 0.0 ], [ 721695.987994409981184, 736184.301970086991787, 0.0 ], [ 721695.418994409963489, 736184.750970080960542, 0.0 ], [ 721693.436994411051273, 736185.81197007803712, 0.0 ], [ 721690.686994411982596, 736187.236970084952191, 0.0 ], [ 721688.299994411994703, 736188.54997007898055, 0.0 ], [ 721686.176994411973283, 736189.647970090969466, 0.0 ], [ 721684.925994412973523, 736190.242970083956607, 0.0 ], [ 721682.946994413039647, 736191.122970083961263, 0.0 ], [ 721681.332994412980042, 736191.770970085053705, 0.0 ], [ 721679.639994414057583, 736192.396970088942908, 0.0 ], [ 721678.028994414024055, 736192.945970088941976, 0.0 ], [ 721677.766994414036162, 736193.021970086032525, 0.0 ], [ 721677.502994415001012, 736193.088970078970306, 0.0 ], [ 721677.235994413960725, 736193.145970087032765, 0.0 ], [ 721676.966994413989596, 736193.193970079999417, 0.0 ], [ 721676.696994415018708, 736193.231970077962615, 0.0 ], [ 721676.425994414021261, 736193.260970077011734, 0.0 ], [ 721676.152994413976558, 736193.279970085946843, 0.0 ], [ 721675.880994415027089, 736193.289970075944439, 0.0 ], [ 721675.607994414982386, 736193.289970078971237, 0.0 ], [ 721675.334994415054098, 736193.27997008501552, 0.0 ], [ 721675.062994415056892, 736193.260970077011734, 0.0 ], [ 721674.794994415016845, 736193.249970084987581, 0.0 ], [ 721674.53499441605527, 736193.258970087044872, 0.0 ], [ 721674.274994414998218, 736193.245970076997764, 0.0 ], [ 721674.016994416015223, 736193.211970082018524, 0.0 ], [ 721673.762994416058064, 736193.156970079056919, 0.0 ], [ 721673.513994415989146, 736193.080970081035048, 0.0 ], [ 721673.271994414972141, 736192.984970084973611, 0.0 ], [ 721673.037994415033609, 736192.86997008905746, 0.0 ], [ 721672.814994415035471, 736192.73697008099407, 0.0 ], [ 721672.602994416025467, 736192.584970084950328, 0.0 ], [ 721672.404994416050613, 736192.416970078949817, 0.0 ], [ 721672.219994415994734, 736192.232970083015971, 0.0 ], [ 721671.692994415992871, 736191.637970078038052, 0.0 ], [ 721671.28499441605527, 736191.04997007898055, 0.0 ], [ 721670.83499441598542, 736190.52097007795237, 0.0 ], [ 721670.106994415982626, 736189.925970087992027, 0.0 ], [ 721669.514994416036643, 736189.473970087012276, 0.0 ], [ 721668.727994416025467, 736188.797970084007829, 0.0 ], [ 721668.095994416973554, 736188.384970086975954, 0.0 ], [ 721666.588994416990317, 736187.733970085973851, 0.0 ], [ 721664.073994418024085, 736186.463970083044842, 0.0 ], [ 721662.013994417968206, 736185.422970085055567, 0.0 ], [ 721660.749994419049472, 736184.616970079019666, 0.0 ], [ 721659.306994418962859, 736183.686970078968443, 0.0 ], [ 721658.356994419009425, 736183.187970084021799, 0.0 ], [ 721657.265994418994524, 736182.765970085980371, 0.0 ], [ 721656.091994420043193, 736182.401970079052262, 0.0 ], [ 721655.156994419987313, 736182.123970079002902, 0.0 ], [ 721654.419994420022704, 736181.949970080982894, 0.0 ], [ 721653.959994419943541, 736181.979970084968954, 0.0 ], [ 721653.153994419961236, 736182.223970085033216, 0.0 ], [ 721652.466994420043193, 736182.609970086021349, 0.0 ], [ 721651.269994419999421, 736183.425970091018826, 0.0 ], [ 721649.34599442104809, 736184.587970089050941, 0.0 ], [ 721647.197994421003386, 736185.945970084052533, 0.0 ], [ 721645.960994421970099, 736186.801970081054606, 0.0 ], [ 721644.247994421981275, 736188.366970080998726, 0.0 ], [ 721643.088994421996176, 736189.344970086007379, 0.0 ], [ 721642.295994422980584, 736189.988970089005306, 0.0 ], [ 721641.706994422944263, 736190.397970080957748, 0.0 ], [ 721640.95999442297034, 736190.742970091057941, 0.0 ], [ 721640.171994423028082, 736191.086970085045323, 0.0 ], [ 721639.846994422958232, 736191.360970085952431, 0.0 ], [ 721639.600994423031807, 736191.615970087004825, 0.0 ], [ 721639.516994423000142, 736191.854970084037632, 0.0 ], [ 721639.450994423008524, 736192.131970081944019, 0.0 ], [ 721639.364994424046017, 736192.430970079032704, 0.0 ], [ 721639.397994423983619, 736192.791970085003413, 0.0 ], [ 721639.469994424027391, 736193.192970087984577, 0.0 ], [ 721639.520994424005039, 736193.634970076964237, 0.0 ], [ 721639.632994423969649, 736194.016970081022009, 0.0 ], [ 721639.746994422981516, 736194.359970081946813, 0.0 ], [ 721640.155994422966614, 736194.887970078969374, 0.0 ], [ 721640.896994424052536, 736195.863970082020387, 0.0 ], [ 721641.814994422020391, 736196.981970084947534, 0.0 ], [ 721642.594994422979653, 736198.037970087956637, 0.0 ], [ 721643.937994422041811, 736199.925970084033906, 0.0 ], [ 721645.179994422011077, 736201.770970087032765, 0.0 ], [ 721647.472994421026669, 736205.178970084991306, 0.0 ], [ 721649.919994420954026, 736208.868970087030903, 0.0 ], [ 721652.837994419969618, 736213.027970080031082, 0.0 ], [ 721655.741994419950061, 736216.887970080948435, 0.0 ], [ 721659.036994418944232, 736221.194970082025975, 0.0 ], [ 721660.727994419052266, 736223.669970078975894, 0.0 ], [ 721662.124099227017723, 736225.785109282005578, 0.0 ], [ 721674.000994415022433, 736241.558970081969164, 0.0 ], [ 721690.063994411029853, 736257.73197008005809, 0.0 ], [ 721712.451994406990707, 736280.995970080955885, 0.0 ], [ 721720.458994403947145, 736289.413970079971477, 0.0 ], [ 721722.172994403983466, 736291.377970081055537, 0.0 ], [ 721725.048994404030964, 736294.789970080018975, 0.0 ], [ 721728.766994402045384, 736299.335970081971027, 0.0 ], [ 721730.517994401976466, 736301.936970080016181, 0.0 ], [ 721735.63499440101441, 736308.848970078979619, 0.0 ], [ 721743.252994399052113, 736318.984970074961893, 0.0 ], [ 721748.815994397969916, 736326.438970081042498, 0.0 ], [ 721751.793994397041388, 736329.902970082010143, 0.0 ], [ 721754.298994397046044, 736332.848970073042437, 0.0 ], [ 721756.338994396035559, 736334.99897008005064, 0.0 ], [ 721758.455994396004826, 736337.022970080957748, 0.0 ], [ 721759.784994394984096, 736337.913970079971477, 0.0 ], [ 721760.984994395053945, 736338.852970079053193, 0.0 ], [ 721762.894994394970126, 736341.151970074046403, 0.0 ], [ 721764.40199439402204, 736343.188970074057579, 0.0 ], [ 721767.010994393960573, 736347.331970073981211, 0.0 ], [ 721775.400994391995482, 736359.439970073988661, 0.0 ], [ 721776.113994391984306, 736359.326970070018433, 0.0 ], [ 721777.175994390971027, 736358.333970083971508, 0.0 ], [ 721778.57599439099431, 736356.913970082998276, 0.0 ], [ 721780.594994390965439, 736355.049970070947893, 0.0 ], [ 721781.518994390964508, 736354.610970071982592, 0.0 ], [ 721782.743994390009902, 736354.305970081943087, 0.0 ], [ 721784.099994390038773, 736353.824970070039853, 0.0 ], [ 721786.939994388958439, 736352.816970076994039, 0.0 ], [ 721789.321994389058091, 736351.823970069992356, 0.0 ], [ 721790.784994387999177, 736351.090970076038502, 0.0 ], [ 721791.873994386987761, 736349.994970077998005, 0.0 ], [ 721792.555994387948886, 736348.916970071964897, 0.0 ], [ 721793.191994388005696, 736347.609970074030571, 0.0 ], [ 721793.914994386956096, 736345.794970073038712, 0.0 ], [ 721794.611994386999868, 736344.005970073048957, 0.0 ], [ 721795.398994385963306, 736342.802970077027567, 0.0 ], [ 721796.636994385975413, 736341.811970068025403, 0.0 ], [ 721798.494994385982864, 736340.401970074046403, 0.0 ], [ 721801.232994384947233, 736338.120970083982684, 0.0 ], [ 721804.614994383999147, 736335.470970073947683, 0.0 ], [ 721807.557994385017082, 736333.168970069964416, 0.0 ], [ 721808.308994384016842, 736332.421970076975413, 0.0 ], [ 721809.192994383978657, 736331.448970071971416, 0.0 ], [ 721810.314994383021258, 736329.947970070992596, 0.0 ], [ 721812.157994383014739, 736328.00497007498052, 0.0 ], [ 721815.261994382017292, 736325.22197007399518, 0.0 ], [ 721819.245994381955825, 736321.696970070945099, 0.0 ], [ 721822.431994379963726, 736318.68797007901594, 0.0 ], [ 721827.930994378984906, 736313.033970072050579, 0.0 ], [ 721832.293994377949275, 736308.27097007795237, 0.0 ], [ 721833.285994378034957, 736306.969970070989802, 0.0 ], [ 721834.64199437701609, 736305.245970075018704, 0.0 ], [ 721836.900994376977906, 736302.801970073953271, 0.0 ], [ 721840.021994377020746, 736299.283970067976043, 0.0 ], [ 721843.942994375014678, 736295.045970072969794, 0.0 ], [ 721845.176994376000948, 736294.333970075007528, 0.0 ], [ 721846.279994374956004, 736293.77197007695213, 0.0 ], [ 721847.96899437403772, 736293.17197007604409, 0.0 ], [ 721849.352994375047274, 736292.56497007003054, 0.0 ], [ 721850.561994374031201, 736291.775970067945309, 0.0 ], [ 721851.368994373944588, 736290.80297006899491, 0.0 ], [ 721851.821994374040514, 736289.769970069988631, 0.0 ], [ 721852.504994374001399, 736288.665970069007017, 0.0 ], [ 721853.67699437297415, 736287.266970069962554, 0.0 ], [ 721855.258994373027235, 736285.648970074020326, 0.0 ], [ 721856.877994372975081, 736284.716970068053342, 0.0 ], [ 721858.620994371944107, 736283.938970071030781, 0.0 ], [ 721860.241994371986948, 736282.929970078985207, 0.0 ], [ 721862.025994371972047, 736281.392970066983253, 0.0 ], [ 721864.02199437096715, 736279.374970079981722, 0.0 ], [ 721866.854994370019995, 736276.257970068953, 0.0 ], [ 721873.560994368046522, 736268.671970073948614, 0.0 ], [ 721874.309994369046763, 736269.321970066986978, 0.0 ], [ 721865.651994370971806, 736279.179970075027086, 0.0 ], [ 721861.007994372048415, 736283.987970068003051, 0.0 ], [ 721859.793994372012094, 736284.927970070042647, 0.0 ], [ 721858.199994371971115, 736285.911970071028918, 0.0 ], [ 721855.83199437300209, 736287.437970074010082, 0.0 ], [ 721854.330994372954592, 736288.855970071046613, 0.0 ], [ 721853.079994373954833, 736290.405970074003562, 0.0 ], [ 721850.941994374035858, 736293.079970070975833, 0.0 ], [ 721848.866994373966008, 736295.247970066964626, 0.0 ], [ 721847.662994374986738, 736295.730970073025674, 0.0 ], [ 721846.440994375036098, 736295.833970063948072, 0.0 ], [ 721845.114994375035167, 736296.136970072053373, 0.0 ], [ 721843.951994376024231, 736297.077970077982172, 0.0 ], [ 721843.091994376038201, 736298.17797007295303, 0.0 ], [ 721841.450994375976734, 736300.151970071019605, 0.0 ], [ 721840.068994375993498, 736301.925970072043128, 0.0 ], [ 721838.450994377024472, 736304.077970067970455, 0.0 ], [ 721837.603994376957417, 736305.737970066023991, 0.0 ], [ 721836.847994377021678, 736306.686970075010322, 0.0 ], [ 721834.617994377971627, 736308.953970068949275, 0.0 ], [ 721831.736994378035888, 736312.01897007599473, 0.0 ], [ 721827.64199437899515, 736316.04997007898055, 0.0 ], [ 721825.308994379942305, 736318.31497007701546, 0.0 ], [ 721823.877994379960001, 736319.962970072985627, 0.0 ], [ 721822.157994381035678, 736322.136970074963756, 0.0 ], [ 721820.544994381023571, 736324.034970070002601, 0.0 ], [ 721819.092994380975142, 736325.45297007902991, 0.0 ], [ 721816.998994381981902, 736327.289970071986318, 0.0 ], [ 721815.85799438203685, 736328.435970074962825, 0.0 ], [ 721814.011994382017292, 736330.530970079009421, 0.0 ], [ 721812.782994383014739, 736332.258970070048235, 0.0 ], [ 721811.477994382963516, 736333.985970073961653, 0.0 ], [ 721810.136994382948615, 736334.97397007397376, 0.0 ], [ 721805.038994385045953, 736338.375970075954683, 0.0 ], [ 721803.438994384952821, 736339.586970078991726, 0.0 ], [ 721802.788994385045953, 736340.335970074986108, 0.0 ], [ 721801.922994385007769, 736341.690970072988421, 0.0 ], [ 721800.698994386009872, 736343.240970076993108, 0.0 ], [ 721799.227994385990314, 736344.352970069972798, 0.0 ], [ 721797.913994385977276, 736345.266970079042949, 0.0 ], [ 721796.675994387012906, 736346.155970067949966, 0.0 ], [ 721796.373994386987761, 736347.241970077971928, 0.0 ], [ 721796.393994385958649, 736348.8169700789731, 0.0 ], [ 721796.478994386969134, 736350.87697007204406, 0.0 ], [ 721796.292994386982173, 736352.549970075953752, 0.0 ], [ 721795.692994387005456, 736353.323970071040094, 0.0 ], [ 721795.023994387011044, 736353.716970073990524, 0.0 ], [ 721793.873994386987761, 736354.048970079980791, 0.0 ], [ 721792.040994388051331, 736354.265970077947713, 0.0 ], [ 721790.309994388953783, 736354.458970073028468, 0.0 ], [ 721789.440994389005937, 736354.746970072970726, 0.0 ], [ 721789.477994389017113, 736355.407970078988001, 0.0 ], [ 721789.994994387961924, 736356.230970076052472, 0.0 ], [ 721791.018994388054125, 736357.090970069053583, 0.0 ], [ 721793.57499438803643, 736358.792970072012395, 0.0 ], [ 721795.074994386988692, 736359.966970077017322, 0.0 ], [ 721796.6539943870157, 736361.039970073965378, 0.0 ], [ 721797.616994385956787, 736361.11097007105127, 0.0 ], [ 721798.952994385967031, 736360.400970073998906, 0.0 ], [ 721800.034994386020117, 736359.635970077011734, 0.0 ], [ 721801.117994386004284, 736358.869970071013086, 0.0 ], [ 721802.082994385040365, 736358.812970072962344, 0.0 ], [ 721803.473994384985417, 736359.120970080955885, 0.0 ], [ 721805.440994385047816, 736359.871970069012605, 0.0 ], [ 721807.297994383960031, 736360.951970077003352, 0.0 ], [ 721809.352994382963516, 736362.338970080018044, 0.0 ], [ 721812.055994382943027, 736364.29897007800173, 0.0 ], [ 721814.135994381969795, 736365.713970078038983, 0.0 ], [ 721816.120994381955825, 736366.743970072944649, 0.0 ], [ 721818.612994380993769, 736367.860970076988451, 0.0 ], [ 721820.353994381031953, 736368.480970075004734, 0.0 ], [ 721820.568994380999357, 736369.14597007597331, 0.0 ], [ 721820.851994381053373, 736370.192970074946061, 0.0 ], [ 721821.230994381010532, 736371.495970075950027, 0.0 ], [ 721821.626994380960241, 736373.281970073003322, 0.0 ], [ 721821.683994380990043, 736374.222970066010021, 0.0 ], [ 721821.519994381000288, 736374.778970067040063, 0.0 ], [ 721821.066994381020777, 736374.61697006796021, 0.0 ], [ 721820.947994380956516, 736374.258970070979558, 0.0 ], [ 721820.857994380989112, 736373.672970079001971, 0.0 ], [ 721820.804994381032884, 736372.528970074024983, 0.0 ], [ 721820.527994381031021, 736371.176970076048747, 0.0 ], [ 721819.862994380993769, 736370.121970075997524, 0.0 ], [ 721818.893994382000528, 736369.060970065998845, 0.0 ], [ 721817.842994380975142, 736368.251970074954443, 0.0 ], [ 721815.903994382009842, 736367.450970076955855, 0.0 ], [ 721812.930994382943027, 736366.247970076976344, 0.0 ], [ 721811.171994384028949, 736365.322970074019395, 0.0 ], [ 721810.043994382955134, 736364.562970079947263, 0.0 ], [ 721808.771994384005666, 736363.419970071990974, 0.0 ], [ 721806.79399438505061, 736361.982970069977455, 0.0 ], [ 721805.114994385046884, 736360.90697007405106, 0.0 ], [ 721803.820994385983795, 736360.829970072954893, 0.0 ], [ 721801.984994385042228, 736361.148970075999387, 0.0 ], [ 721798.997994386008941, 736361.925970069947653, 0.0 ], [ 721798.048994387034327, 736362.363970070960931, 0.0 ], [ 721797.076994386967272, 736362.749970079050399, 0.0 ], [ 721796.272994386032224, 736362.302970079006627, 0.0 ], [ 721795.347994387033395, 736361.546970078023151, 0.0 ], [ 721794.124994387035258, 736360.454970075981691, 0.0 ], [ 721792.867994387983344, 736359.794970078975894, 0.0 ], [ 721791.159994387999177, 736358.895970079000108, 0.0 ], [ 721789.982994387974031, 736358.085970078012906, 0.0 ], [ 721789.212994389003143, 736357.205970079055987, 0.0 ], [ 721788.263994388980791, 736356.373970070970245, 0.0 ], [ 721787.307994388975203, 736355.973970078979619, 0.0 ], [ 721786.192994388984516, 736355.823970078025013, 0.0 ], [ 721784.871994388988242, 736355.847970078000799, 0.0 ], [ 721783.723994388943538, 736356.052970080985688, 0.0 ], [ 721782.418994390056469, 736356.585970074986108, 0.0 ], [ 721781.234994390048087, 736357.323970078956336, 0.0 ], [ 721780.199994390946813, 736358.242970071965829, 0.0 ], [ 721779.290994390961714, 736359.238970070960931, 0.0 ], [ 721778.762994391028769, 736360.193970076041296, 0.0 ], [ 721778.95299439097289, 736360.857970071956515, 0.0 ], [ 721779.621994390035979, 736361.684970075031742, 0.0 ], [ 721780.710994389955886, 736363.128970075049438, 0.0 ], [ 721782.174994389992207, 736364.834970072028227, 0.0 ], [ 721782.848994389991276, 736365.432970077963546, 0.0 ], [ 721783.31399438995868, 736366.229970079963095, 0.0 ], [ 721783.453994389041327, 736366.867970076971687, 0.0 ], [ 721783.166994389961474, 736367.268970072036609, 0.0 ], [ 721782.655994390021078, 736367.410970075987279, 0.0 ], [ 721781.301994389970787, 736367.763970079948194, 0.0 ], [ 721781.992994389962405, 736368.768970072036609, 0.0 ], [ 721783.319994390010834, 736371.005970072001219, 0.0 ], [ 721785.873994388966821, 736375.273970082984306, 0.0 ], [ 721788.711994388955645, 736380.589970072032884, 0.0 ], [ 721793.469994388055056, 736388.991970070055686, 0.0 ], [ 721796.701994386967272, 736393.705970074981451, 0.0 ], [ 721800.884994385996833, 736397.80397007195279, 0.0 ], [ 721803.132994384970516, 736399.728970078052953, 0.0 ], [ 721803.518994385027327, 736399.431970078032464, 0.0 ], [ 721803.753994385013357, 736399.106970070977695, 0.0 ], [ 721804.076994384988211, 736398.224970077048056, 0.0 ], [ 721803.97099438495934, 736397.180970079032704, 0.0 ], [ 721803.511994385975413, 736396.027970071998425, 0.0 ], [ 721803.172994385007769, 736395.233970073051751, 0.0 ], [ 721803.287994384998456, 736394.525970073998906, 0.0 ], [ 721803.611994385020807, 736393.617970071965829, 0.0 ], [ 721803.884994384949096, 736392.682970072957687, 0.0 ], [ 721803.952994385967031, 736391.845970068941824, 0.0 ], [ 721803.848994384985417, 736390.700970074976794, 0.0 ], [ 721803.948994384962134, 736389.509970076032914, 0.0 ], [ 721804.343994384980761, 736388.83197007200215, 0.0 ], [ 721805.429994384991005, 736389.133970069000497, 0.0 ], [ 721807.117994384025224, 736389.827970072044991, 0.0 ], [ 721809.308994384016842, 736390.735970070003532, 0.0 ], [ 721809.651994382962584, 736391.377970078028738, 0.0 ], [ 721809.488994383951649, 736391.90797007700894, 0.0 ], [ 721809.222994384006597, 736392.486970070982352, 0.0 ], [ 721809.260994383948855, 736393.096970075042918, 0.0 ], [ 721809.646994384005666, 736394.120970076997764, 0.0 ], [ 721810.235994382994249, 736395.148970079957508, 0.0 ], [ 721811.137994382996112, 736395.776970074977726, 0.0 ], [ 721811.809994383947924, 736396.450970066944137, 0.0 ], [ 721812.523994383052923, 736397.582970077986829, 0.0 ], [ 721812.648994383052923, 736398.930970067041926, 0.0 ], [ 721811.98299438401591, 736400.441970068961382, 0.0 ], [ 721811.197994383983314, 736401.568970069987699, 0.0 ], [ 721810.314994383021258, 736402.516970076947473, 0.0 ], [ 721809.45699438394513, 736403.464970067958347, 0.0 ], [ 721809.442994383978657, 736404.174970075022429, 0.0 ], [ 721809.870994384051301, 736404.335970069980249, 0.0 ], [ 721810.523994383984245, 736404.704970067949034, 0.0 ], [ 721810.965994382975623, 736405.47597007395234, 0.0 ], [ 721811.026994384010322, 736406.239970072056167, 0.0 ], [ 721811.493994383024983, 736407.010970073984936, 0.0 ], [ 721812.192994383047335, 736407.583970078965649, 0.0 ], [ 721812.866994383046404, 736408.180970076005906, 0.0 ], [ 721813.630994383012876, 736409.288970072986558, 0.0 ], [ 721814.348994383006357, 736410.243970073992386, 0.0 ], [ 721814.830994382034987, 736410.253970079007559, 0.0 ], [ 721814.99799438205082, 736409.570970072993077, 0.0 ], [ 721815.301994382054545, 736408.332970077055506, 0.0 ], [ 721815.68799438199494, 736406.867970071965829, 0.0 ], [ 721816.026994382031262, 736405.172970082028769, 0.0 ], [ 721816.491994381998666, 736403.530970075982623, 0.0 ], [ 721816.996994382003322, 736402.423970079049468, 0.0 ], [ 721817.710994382039644, 736400.989970072987489, 0.0 ], [ 721818.583994381944649, 736399.305970072979107, 0.0 ], [ 721819.375994381029159, 736397.849970074021257, 0.0 ], [ 721820.030994381057099, 736396.871970074018463, 0.0 ], [ 721820.702994380961172, 736396.300970074022189, 0.0 ], [ 721821.700994380982593, 736395.965970073011704, 0.0 ], [ 721822.510994381038472, 736396.032970075961202, 0.0 ], [ 721823.489994380972348, 736396.636970079038292, 0.0 ], [ 721824.384994379943237, 736397.569970075972378, 0.0 ], [ 721825.232994380057789, 736398.349970076000318, 0.0 ], [ 721825.746994378976524, 736398.080970074981451, 0.0 ], [ 721826.108994379988872, 736397.757970070000738, 0.0 ], [ 721826.733994379057549, 736397.033970071002841, 0.0 ], [ 721827.103994379984215, 736396.253970070043579, 0.0 ], [ 721827.301994379027747, 736395.291970071964897, 0.0 ], [ 721827.509994379943237, 736393.798970067990012, 0.0 ], [ 721827.763994378969073, 736392.532970075961202, 0.0 ], [ 721828.152994379051961, 736390.914970070007257, 0.0 ], [ 721828.757994379033335, 736389.860970078036189, 0.0 ], [ 721829.323994379024953, 736389.541970071033575, 0.0 ], [ 721830.133994378964417, 736389.684970068978146, 0.0 ], [ 721830.98999437794555, 736390.08397007198073, 0.0 ], [ 721831.760994378011674, 736390.835970073007047, 0.0 ], [ 721832.707994378055446, 736391.718970070942305, 0.0 ], [ 721833.680994378053583, 736392.602970071020536, 0.0 ], [ 721834.457994378055446, 736393.126970072975382, 0.0 ], [ 721835.260994376963936, 736393.624970067990944, 0.0 ], [ 721835.78299437800888, 736394.193970068008639, 0.0 ], [ 721836.451994376955554, 736394.969970075995661, 0.0 ], [ 721835.694994376972318, 736394.750970070948824, 0.0 ], [ 721834.636994377942756, 736394.348970066988841, 0.0 ], [ 721833.501994378049858, 736393.918970076949336, 0.0 ], [ 721833.00499437795952, 736393.350970071973279, 0.0 ], [ 721832.509994377964176, 736392.705970069975592, 0.0 ], [ 721831.983994378009811, 736392.364970077993348, 0.0 ], [ 721831.127994379028678, 736392.016970074968413, 0.0 ], [ 721830.167994378949516, 736391.768970067962073, 0.0 ], [ 721829.653994378983043, 736392.063970074988902, 0.0 ], [ 721829.256994378985837, 736392.842970076017082, 0.0 ], [ 721828.879994379007258, 736393.875970073975623, 0.0 ], [ 721828.699994378956035, 736395.243970077019185, 0.0 ], [ 721828.66999437904451, 736396.691970075946301, 0.0 ], [ 721828.368994378950447, 736397.777970075956546, 0.0 ], [ 721827.79699437902309, 736398.401970074046403, 0.0 ], [ 721827.097994380048476, 736399.046970073017292, 0.0 ], [ 721826.25199437898118, 736399.486970075988211, 0.0 ], [ 721825.283994380035438, 736399.619970074971206, 0.0 ], [ 721824.31299438001588, 736399.904970076051541, 0.0 ], [ 721824.948994379956275, 736401.11197007400915, 0.0 ], [ 721826.554994379053824, 736403.30297006899491, 0.0 ], [ 721828.119994380045682, 736405.011970076011494, 0.0 ], [ 721829.519994379021227, 736406.157970073050819, 0.0 ], [ 721830.775994378025644, 736406.843970073037781, 0.0 ], [ 721831.733994379057549, 736407.218970075948164, 0.0 ], [ 721832.819994378020056, 736407.46997007203754, 0.0 ], [ 721833.887994379037991, 736407.415970069007017, 0.0 ], [ 721834.848994378000498, 736407.662970072007738, 0.0 ], [ 721836.085994377965108, 736408.017970068962313, 0.0 ], [ 721837.442994376993738, 736408.731970079010352, 0.0 ], [ 721838.97399437695276, 736409.626970064942725, 0.0 ], [ 721839.84799437597394, 736410.405970072955824, 0.0 ], [ 721840.339994376990944, 736411.203970075002871, 0.0 ], [ 721840.72399437695276, 736412.277970070019364, 0.0 ], [ 721840.857994375983253, 736413.220970078022219, 0.0 ], [ 721840.562994376057759, 736413.950970079051331, 0.0 ], [ 721840.113994376035407, 736414.780970067949966, 0.0 ], [ 721839.638994376990013, 736415.685970077989623, 0.0 ], [ 721839.314994376967661, 736416.617970074992627, 0.0 ], [ 721839.294994376949035, 736417.582970074028708, 0.0 ], [ 721839.531994375982322, 736418.42597007798031, 0.0 ], [ 721840.04699437704403, 736419.350970076047815, 0.0 ], [ 721840.965994375990704, 736420.385970065952279, 0.0 ], [ 721842.118994376040064, 736421.119970074971206, 0.0 ], [ 721843.759994375985116, 736421.635970068979077, 0.0 ], [ 721844.120994376018643, 736421.363970073056407, 0.0 ], [ 721844.484994375961833, 736420.939970067003742, 0.0 ], [ 721845.204994376050308, 736420.52297007094603, 0.0 ], [ 721846.119994375039823, 736420.490970070008188, 0.0 ], [ 721846.832994375028647, 736420.37797007302288, 0.0 ], [ 721847.347994375042617, 736420.00797006697394, 0.0 ], [ 721847.641994375037029, 736419.327970072044991, 0.0 ], [ 721847.839994373964146, 736418.340970074990764, 0.0 ], [ 721848.268994375015609, 736417.231970067019574, 0.0 ], [ 721849.037994374055415, 736415.647970076999627, 0.0 ], [ 721849.727994373999536, 736414.187970065977424, 0.0 ], [ 721850.164994374033995, 736413.917970070964657, 0.0 ], [ 721850.621994373970665, 736413.952970074024051, 0.0 ], [ 721850.761994373984635, 736414.539970073034056, 0.0 ], [ 721850.647994374041446, 736415.172970070037991, 0.0 ], [ 721850.139994374010712, 736416.431970073957928, 0.0 ], [ 721849.423994373995811, 736417.890970067004673, 0.0 ], [ 721849.147994374972768, 736418.976970077026635, 0.0 ], [ 721849.144994374946691, 736420.374970071949065, 0.0 ], [ 721849.195994375040755, 736421.593970065005124, 0.0 ], [ 721848.853994374978356, 736422.170970074017532, 0.0 ], [ 721848.446994374971837, 736422.188970071030781, 0.0 ], [ 721847.764994374942034, 736421.996970072970726, 0.0 ], [ 721846.751994373975322, 736421.874970074044541, 0.0 ], [ 721845.376994375954382, 736422.074970079003833, 0.0 ], [ 721843.059994374983944, 736422.307970068999566, 0.0 ], [ 721841.438994375988841, 736422.121970072970726, 0.0 ], [ 721840.404994376003742, 736421.745970070944168, 0.0 ], [ 721839.580994377029128, 736421.043970074970275, 0.0 ], [ 721838.558994377031922, 736420.082970067975111, 0.0 ], [ 721837.902994376956485, 736418.570970067987218, 0.0 ], [ 721837.875994376954623, 736417.426970075001009, 0.0 ], [ 721838.152994376956485, 736416.290970072965138, 0.0 ], [ 721838.405994376982562, 736415.10197006794624, 0.0 ], [ 721838.460994377033785, 736413.654970071045682, 0.0 ], [ 721838.487994377035648, 736412.282970073982142, 0.0 ], [ 721838.049994376953691, 736411.334970075986348, 0.0 ], [ 721836.84899437695276, 736410.446970078977756, 0.0 ], [ 721834.656994377961382, 736409.589970069006085, 0.0 ], [ 721832.785994378034957, 736409.144970078021288, 0.0 ], [ 721831.552994378027506, 736408.611970069003291, 0.0 ], [ 721830.575994377955794, 736407.95697007200215, 0.0 ], [ 721828.396994378999807, 736406.388970072031952, 0.0 ], [ 721826.247994379955344, 736404.668970069964416, 0.0 ], [ 721822.881994380033575, 736401.526970081031322, 0.0 ], [ 721821.704994381056167, 736400.740970081998967, 0.0 ], [ 721821.041994380997494, 736400.879970073001459, 0.0 ], [ 721820.525994381052442, 736401.275970077025704, 0.0 ], [ 721819.288994382019155, 736403.358970068977214, 0.0 ], [ 721819.252994381007738, 736403.916970071033575, 0.0 ], [ 721819.616994380950928, 736404.736970079946332, 0.0 ], [ 721820.207994380965829, 736405.638970067957416, 0.0 ], [ 721821.224994380958378, 736406.878970077028498, 0.0 ], [ 721822.421994379954413, 736407.994970069034025, 0.0 ], [ 721823.213994379970245, 736408.975970078958198, 0.0 ], [ 721823.277994379983284, 736409.535970072029158, 0.0 ], [ 721822.916994379949756, 736409.833970076055266, 0.0 ], [ 721822.41099438094534, 736409.77297007094603, 0.0 ], [ 721821.809994381037541, 736409.353970080963336, 0.0 ], [ 721820.93699438101612, 736408.522970073972829, 0.0 ], [ 721819.842994380975142, 736407.358970070956275, 0.0 ], [ 721818.922994381980971, 736406.399970073951408, 0.0 ], [ 721818.359994380967692, 736406.591970073990524, 0.0 ], [ 721817.865994381951168, 736407.165970077039674, 0.0 ], [ 721817.514994382043369, 736408.224970076000318, 0.0 ], [ 721817.514994382043369, 736409.444970082025975, 0.0 ], [ 721817.897994381957687, 736411.865970070008188, 0.0 ], [ 721818.266994380974211, 736414.945970074040815, 0.0 ], [ 721818.172994381980971, 736417.103970080963336, 0.0 ], [ 721818.637994381948374, 736417.924970073043369, 0.0 ], [ 721819.30099438095931, 736419.030970075982623, 0.0 ], [ 721819.732994380989112, 736419.014970076037571, 0.0 ], [ 721820.412994381040335, 736420.577970069018193, 0.0 ], [ 721821.633994380943477, 736422.989970077993348, 0.0 ], [ 721823.150994381052442, 736425.840970074990764, 0.0 ], [ 721825.07599438005127, 736428.597970076021738, 0.0 ], [ 721826.887994379037991, 736430.717970076948404, 0.0 ], [ 721828.918994378997013, 736433.196970076998696, 0.0 ], [ 721830.724994378979318, 736435.59497008100152, 0.0 ], [ 721833.168994377949275, 736437.854970069951378, 0.0 ], [ 721835.939994378015399, 736440.22297007299494, 0.0 ], [ 721837.893994376994669, 736441.608970068045892, 0.0 ], [ 721840.243994376040064, 736443.408970072981901, 0.0 ], [ 721842.436994376010261, 736445.510970077011734, 0.0 ], [ 721845.167994374991395, 736448.61497007694561, 0.0 ], [ 721847.123994374996983, 736451.117970071965829, 0.0 ], [ 721849.146994373993948, 736452.784970066975802, 0.0 ], [ 721851.439994374057278, 736454.964970070053823, 0.0 ], [ 721853.877994372975081, 736457.42797007097397, 0.0 ], [ 721855.846994373016059, 736459.346970070037059, 0.0 ], [ 721857.034994372050278, 736460.869970076950267, 0.0 ], [ 721858.222994372015819, 736462.391970069962554, 0.0 ], [ 721860.831994371954352, 736465.264970069052652, 0.0 ], [ 721865.87899436999578, 736470.650970073998906, 0.0 ], [ 721868.097994370036758, 736472.651970074046403, 0.0 ], [ 721869.560994370025583, 736473.163970074034296, 0.0 ], [ 721870.728994369041175, 736473.212970069027506, 0.0 ], [ 721872.181994369020686, 736472.962970074964687, 0.0 ], [ 721873.671994369011372, 736472.103970070020296, 0.0 ], [ 721875.047994368011132, 736470.659970066975802, 0.0 ], [ 721876.271994368056767, 736469.185970067046583, 0.0 ], [ 721877.199994368012995, 736468.467970064957626, 0.0 ], [ 721878.359994368045591, 736467.652970066992566, 0.0 ], [ 721879.592994367005304, 736466.991970077040605, 0.0 ], [ 721881.254994367016479, 736466.44097007100936, 0.0 ], [ 721883.143994366982952, 736465.971970070968382, 0.0 ], [ 721885.162994366022758, 736465.403970064013265, 0.0 ], [ 721886.994994365959428, 736465.212970066000707, 0.0 ], [ 721889.075994365033694, 736465.330970066017471, 0.0 ], [ 721890.825994365033694, 736465.467970067984425, 0.0 ], [ 721892.569994364050217, 736465.857970071025193, 0.0 ], [ 721894.639994363998994, 736466.509970064042136, 0.0 ], [ 721896.777994362986647, 736467.51897006703075, 0.0 ], [ 721898.204994361964054, 736468.563970074057579, 0.0 ], [ 721899.448994362959638, 736469.83397007198073, 0.0 ], [ 721900.634994362015277, 736471.457970069022849, 0.0 ], [ 721902.242994362022728, 736473.59897006500978, 0.0 ], [ 721903.399994362029247, 736475.39997006196063, 0.0 ], [ 721903.750994362053461, 736476.880970065947622, 0.0 ], [ 721903.463994360994548, 736478.500970066990703, 0.0 ], [ 721902.946994362049736, 736480.165970064001158, 0.0 ], [ 721902.090994362020865, 736482.307970067951828, 0.0 ], [ 721901.846994361956604, 736484.309970065020025, 0.0 ], [ 721902.257994362036698, 736485.333970068022609, 0.0 ], [ 721903.28499436203856, 736486.065970072988421, 0.0 ], [ 721904.622994360979646, 736486.474970067036338, 0.0 ], [ 721906.472994360956363, 736486.638970065978356, 0.0 ], [ 721908.715994360973127, 736486.303970066946931, 0.0 ], [ 721910.83899435994681, 736485.558970071957447, 0.0 ], [ 721912.46199435996823, 736484.448970073950477, 0.0 ], [ 721913.35099435900338, 736483.197970069944859, 0.0 ], [ 721914.304994359961711, 736481.260970063041896, 0.0 ], [ 721915.256994358962402, 736479.374970071017742, 0.0 ], [ 721915.950994358980097, 736477.738970075035468, 0.0 ], [ 721915.792994359042495, 736476.744970064959489, 0.0 ], [ 721915.389994358993135, 736475.313970071030781, 0.0 ], [ 721914.956994359032251, 736472.891970066004433, 0.0 ], [ 721914.98899435903877, 736470.047970063053071, 0.0 ], [ 721915.44799435895402, 736467.491970069007948, 0.0 ], [ 721916.695994358044118, 736464.824970067013055, 0.0 ], [ 721918.314994357991964, 736462.647970066056587, 0.0 ], [ 721919.892994357971475, 736461.205970069975592, 0.0 ], [ 721920.6969943579752, 736460.40997006604448, 0.0 ], [ 721923.003994356957264, 736458.170970069011673, 0.0 ], [ 721925.660994356032461, 736456.141970062046312, 0.0 ], [ 721927.869994355947711, 736454.917970067006536, 0.0 ], [ 721930.072994356043637, 736453.996970067033544, 0.0 ], [ 721931.484994355007075, 736453.262970058014616, 0.0 ], [ 721932.959994354052469, 736451.895970070036128, 0.0 ], [ 721937.350994353997521, 736447.057970065041445, 0.0 ], [ 721941.66399435303174, 736442.318970064981841, 0.0 ], [ 721950.052994349971414, 736433.243970067007467, 0.0 ], [ 721958.050994348945096, 736424.643970060977153, 0.0 ], [ 721959.911994348047301, 736423.004970071022399, 0.0 ], [ 721961.019994348054752, 736422.264970061951317, 0.0 ], [ 721962.428994348039851, 736421.658970064017922, 0.0 ], [ 721963.458994347951375, 736420.993970060022548, 0.0 ], [ 721965.701994347036816, 736419.362970061018132, 0.0 ], [ 721968.692994346027263, 736417.138970065978356, 0.0 ], [ 721970.731994346017018, 736415.55397006100975, 0.0 ], [ 721972.059994344948791, 736413.979970067040995, 0.0 ], [ 721973.750994345056824, 736411.957970062969252, 0.0 ], [ 721975.573994345031679, 736409.758970065973699, 0.0 ], [ 721977.826994344010018, 736407.620970065006986, 0.0 ], [ 721980.418994343024679, 736405.107970069977455, 0.0 ], [ 721992.471994339954108, 736393.160970063996501, 0.0 ], [ 722005.517994337948039, 736379.861970057943836, 0.0 ], [ 722006.611994337057695, 736381.077970057958737, 0.0 ], [ 721989.263994341949001, 736398.555970060988329, 0.0 ], [ 721983.454994342057034, 736404.406970066949725, 0.0 ], [ 721980.395994342979975, 736407.469970060046762, 0.0 ], [ 721976.675994344055653, 736411.788970064022578, 0.0 ], [ 721973.659994345041923, 736415.181970068952069, 0.0 ], [ 721972.263994344975799, 736416.448970069992356, 0.0 ], [ 721970.458994345972314, 736417.731970067950897, 0.0 ], [ 721967.337994346977212, 736420.081970058963634, 0.0 ], [ 721964.139994347002357, 736422.454970060032792, 0.0 ], [ 721958.967994348960929, 736425.754970061010681, 0.0 ], [ 721958.241994348005392, 736426.501970064011402, 0.0 ], [ 721956.941994350054301, 736427.947970062959939, 0.0 ], [ 721954.732994350022636, 736430.417970063979737, 0.0 ], [ 721943.41199435305316, 736442.557970065972768, 0.0 ], [ 721932.007994355051778, 736455.051970066037029, 0.0 ], [ 721930.669994354946539, 736455.887970066978596, 0.0 ], [ 721928.978994354954921, 736456.564970072009601, 0.0 ], [ 721927.051994355977513, 736457.694970070966519, 0.0 ], [ 721925.018994356039912, 736458.948970069992356, 0.0 ], [ 721923.855994357028976, 736459.941970066050999, 0.0 ], [ 721922.610994357033633, 736461.235970068955794, 0.0 ], [ 721921.21099435701035, 736462.604970062966458, 0.0 ], [ 721919.807994358008727, 736464.125970063963905, 0.0 ], [ 721918.579994358005933, 736465.87897006701678, 0.0 ], [ 721917.393994358950295, 736467.962970066000707, 0.0 ], [ 721916.554994359030388, 736470.510970068047754, 0.0 ], [ 721916.296994357951917, 736471.953970063012093, 0.0 ], [ 721916.593994359020144, 736473.585970066022128, 0.0 ], [ 721917.043994358973578, 736475.194970070035197, 0.0 ], [ 721917.486994358012453, 736477.134970064973459, 0.0 ], [ 721917.802994358004071, 736479.121970072039403, 0.0 ], [ 721917.794994359021075, 736480.747970068943687, 0.0 ], [ 721917.464994358015247, 736481.985970068955794, 0.0 ], [ 721916.770994359045289, 736483.621970064006746, 0.0 ], [ 721915.825994358980097, 736485.10197006596718, 0.0 ], [ 721914.71099435898941, 736486.298970066010952, 0.0 ], [ 721913.416994358994998, 736487.465970064047724, 0.0 ], [ 721911.918994358973578, 736488.653970072045922, 0.0 ], [ 721910.431994360056706, 736489.385970068979077, 0.0 ], [ 721908.640994361019693, 736490.009970062994398, 0.0 ], [ 721906.778994361055084, 736490.327970072044991, 0.0 ], [ 721903.857994360965677, 736490.344970067963004, 0.0 ], [ 721902.010994361946359, 736490.002970064990222, 0.0 ], [ 721900.678994362009689, 736489.314970067003742, 0.0 ], [ 721899.760994362994097, 736488.255970072001219, 0.0 ], [ 721898.599994363030419, 736486.605970068019815, 0.0 ], [ 721898.015994362998754, 736485.349970065057278, 0.0 ], [ 721897.374994363053702, 736483.152970070950687, 0.0 ], [ 721897.55299436300993, 736481.86097007303033, 0.0 ], [ 721898.045994363026693, 736480.142970073968172, 0.0 ], [ 721898.44099436304532, 736478.169970065006055, 0.0 ], [ 721898.499994363053702, 736476.519970069988631, 0.0 ], [ 721898.353994362987578, 736474.992970073013566, 0.0 ], [ 721897.972994363051839, 736473.715970066958107, 0.0 ], [ 721897.203994362964295, 736472.810970077989623, 0.0 ], [ 721896.027994362986647, 736471.922970063984394, 0.0 ], [ 721893.81699436402414, 736470.734970069024712, 0.0 ], [ 721891.451994364964776, 736469.620970073039643, 0.0 ], [ 721889.032994364970364, 736468.682970075053163, 0.0 ], [ 721887.460994365974329, 736468.497970071970485, 0.0 ], [ 721885.55599436594639, 736468.560970072052442, 0.0 ], [ 721884.304994366015308, 736468.865970066050068, 0.0 ], [ 721882.274994367035106, 736469.967970074969344, 0.0 ], [ 721881.164994367049076, 736470.884970074053854, 0.0 ], [ 721879.223994367057458, 736472.648970067035407, 0.0 ], [ 721877.793994368053973, 736474.245970073039643, 0.0 ], [ 721876.492994367959909, 736475.793970067054033, 0.0 ], [ 721875.233994367998093, 736477.774970066966489, 0.0 ], [ 721873.787994369049557, 736480.13297006697394, 0.0 ], [ 721872.779994369018823, 736482.296970068942755, 0.0 ], [ 721872.369994368986227, 736483.736970077035949, 0.0 ], [ 721872.205994368996471, 736485.535970074008219, 0.0 ], [ 721872.248994368943386, 736487.188970076967962, 0.0 ], [ 721872.477994368993677, 736488.386970074032433, 0.0 ], [ 721873.356994368950836, 736490.15697007603012, 0.0 ], [ 721874.952994368039072, 736492.831970073981211, 0.0 ], [ 721875.004994367947802, 736494.025970072951168, 0.0 ], [ 721875.426994367968291, 736495.761970065999776, 0.0 ], [ 721876.397994369035587, 736497.99197006598115, 0.0 ], [ 721878.221994366962463, 736500.746970072039403, 0.0 ], [ 721879.607994367950596, 736502.501970070996322, 0.0 ], [ 721880.992994367028587, 736504.383970079943538, 0.0 ], [ 721883.495994366006926, 736507.456970070954412, 0.0 ], [ 721885.989994365954772, 736509.717970067053102, 0.0 ], [ 721889.727994365035556, 736513.247970071970485, 0.0 ], [ 721892.942994363955222, 736516.311970066046342, 0.0 ], [ 721897.886994363041595, 736521.744970071944408, 0.0 ], [ 721900.573994362028316, 736525.761970074963756, 0.0 ], [ 721902.400994361960329, 736528.36497006600257, 0.0 ], [ 721905.11799436097499, 736532.153970069019124, 0.0 ], [ 721908.10099436098244, 736536.633970075054094, 0.0 ], [ 721911.022994359955192, 736541.570970066008158, 0.0 ], [ 721914.643994358950295, 736547.104970064014196, 0.0 ], [ 721917.250994357978925, 736551.297970070969313, 0.0 ], [ 721920.468994357972406, 736556.697970067034476, 0.0 ], [ 721923.002994357026182, 736562.006970067042857, 0.0 ], [ 721926.078994355979376, 736568.139970069052652, 0.0 ], [ 721928.471994356019422, 736572.861970060970634, 0.0 ], [ 721930.724994354997762, 736576.971970068989322, 0.0 ], [ 721932.539994354941882, 736580.183970062993467, 0.0 ], [ 721934.232994353980757, 736583.088970063952729, 0.0 ], [ 721935.980994354002178, 736585.815970064024441, 0.0 ], [ 721937.849994353950024, 736588.850970061961561, 0.0 ], [ 721940.293994353036396, 736592.304970070021227, 0.0 ], [ 721943.232994352001697, 736596.453970063943416, 0.0 ], [ 721944.942994351964444, 736598.545970065053552, 0.0 ], [ 721945.806994352024049, 736599.756970067042857, 0.0 ], [ 721947.059994352050126, 736601.891970060998574, 0.0 ], [ 721947.958994352025911, 736603.889970061951317, 0.0 ], [ 721948.538994351984002, 736605.349970062961802, 0.0 ], [ 721949.156994350953028, 736606.150970070972107, 0.0 ], [ 721950.202994351042435, 736607.211970068980008, 0.0 ], [ 721952.156994350953028, 736608.547970060957596, 0.0 ], [ 721956.972994348965585, 736611.540970067027956, 0.0 ], [ 721964.30799434799701, 736615.576970061985776, 0.0 ], [ 721966.57199434703216, 736616.68897006905172, 0.0 ], [ 721969.941994345979765, 736617.036970062996261, 0.0 ], [ 721974.070994345005602, 736617.603970061056316, 0.0 ], [ 721977.973994344007224, 736618.012970070005395, 0.0 ], [ 721980.889994343975559, 736618.300970057956874, 0.0 ], [ 721985.327994341962039, 736619.914970065001398, 0.0 ], [ 721986.50999434303958, 736620.471970060025342, 0.0 ], [ 721988.844994341954589, 736621.7899700619746, 0.0 ], [ 721990.754994341055863, 736622.844970065052621, 0.0 ], [ 721993.518994339974597, 736625.541970057995059, 0.0 ], [ 721995.629994340008125, 736627.896970064961351, 0.0 ], [ 721997.913994338945486, 736630.508970065973699, 0.0 ], [ 722003.147994337952696, 736636.659970058011822, 0.0 ], [ 722007.37399433797691, 736641.190970055991784, 0.0 ], [ 722008.662994337035343, 736642.765970063977875, 0.0 ], [ 722009.164994337013923, 736644.325970064965077, 0.0 ], [ 722009.985994335962459, 736643.935970059013925, 0.0 ], [ 722010.734994336031377, 736643.341970063978806, 0.0 ], [ 722012.574994335998781, 736641.499970064032823, 0.0 ], [ 722014.26199433603324, 736639.730970063945279, 0.0 ], [ 722016.494994334992953, 736637.33697006595321, 0.0 ], [ 722018.170994334970601, 736634.856970063992776, 0.0 ], [ 722019.262994333985262, 736633.633970065042377, 0.0 ], [ 722020.586994334007613, 736633.508970058057457, 0.0 ], [ 722022.824994332971983, 736633.350970054976642, 0.0 ], [ 722024.002994333975948, 736632.891970057040453, 0.0 ], [ 722024.889994333032519, 736631.742970054969192, 0.0 ], [ 722025.589994332985952, 736629.749970057047904, 0.0 ], [ 722026.394994333037175, 736627.631970057962462, 0.0 ], [ 722026.951994332950562, 736625.255970068043098, 0.0 ], [ 722027.830994331976399, 736623.241970060975291, 0.0 ], [ 722030.511994331958704, 736617.530970062012784, 0.0 ], [ 722032.390994332032278, 736612.590970057994127, 0.0 ], [ 722032.93399433104787, 736609.603970061056316, 0.0 ], [ 722033.051994330948219, 736606.304970065015368, 0.0 ], [ 722032.898994331015274, 736602.592970067053102, 0.0 ], [ 722032.221994330990128, 736595.872970056952909, 0.0 ], [ 722031.858994332025759, 736592.512970061972737, 0.0 ], [ 722031.978994330973364, 736591.600970064057037, 0.0 ], [ 722032.491994331008755, 736590.087970067979768, 0.0 ], [ 722033.187994331005029, 736588.323970059980638, 0.0 ], [ 722033.053994331043214, 736587.406970062991604, 0.0 ], [ 722032.809994330978952, 736585.649970056023449, 0.0 ], [ 722032.276994331041351, 736581.903970060055144, 0.0 ], [ 722031.756994331954047, 736577.499970059026964, 0.0 ], [ 722031.221994330990128, 736572.58697006595321, 0.0 ], [ 722031.097994331968948, 736569.94297006202396, 0.0 ], [ 722031.507994330953807, 736568.527970060007647, 0.0 ], [ 722032.718994330964051, 736566.368970063980669, 0.0 ], [ 722033.881994331022725, 736564.156970069045201, 0.0 ], [ 722034.661994331050664, 736562.013970062951557, 0.0 ], [ 722035.476994330994785, 736559.413970057968982, 0.0 ], [ 722036.05999433004763, 736556.936970064998604, 0.0 ], [ 722036.533994329976849, 736553.618970070034266, 0.0 ], [ 722037.337994329980575, 736549.088970065000467, 0.0 ], [ 722038.009994330001064, 736544.732970054959878, 0.0 ], [ 722038.625994330039248, 736540.706970060942695, 0.0 ], [ 722039.168994329986162, 736536.476970060029998, 0.0 ], [ 722039.785994329024106, 736532.297970063053071, 0.0 ], [ 722040.472994329989888, 736527.282970056985505, 0.0 ], [ 722041.093994328984991, 736522.951970056048594, 0.0 ], [ 722042.536994328955188, 736514.446970063028857, 0.0 ], [ 722043.607994328020141, 736509.210970066022128, 0.0 ], [ 722044.255994328996167, 736506.074970053974539, 0.0 ], [ 722045.076994327944703, 736503.169970065006055, 0.0 ], [ 722045.835994328022934, 736500.823970064986497, 0.0 ], [ 722046.355994328041561, 736499.004970054025762, 0.0 ], [ 722046.570994328008965, 736497.180970064015128, 0.0 ], [ 722047.119994326960295, 736493.863970063976012, 0.0 ], [ 722047.987994328024797, 736489.919970058952458, 0.0 ], [ 722048.535994327976368, 736486.679970056982711, 0.0 ], [ 722049.160994327976368, 736484.684970060014166, 0.0 ], [ 722050.342994326958433, 736481.534970056964085, 0.0 ], [ 722051.015994327026419, 736478.373970060027204, 0.0 ], [ 722051.467994326958433, 736474.90197005297523, 0.0 ], [ 722052.125994325964712, 736469.987970061018132, 0.0 ], [ 722052.786994326044805, 736464.997970064985566, 0.0 ], [ 722053.430994326015934, 736459.575970059027895, 0.0 ], [ 722053.813994326977991, 736456.966970058972947, 0.0 ], [ 722054.012994325952604, 736454.684970056987368, 0.0 ], [ 722053.945994326029904, 736452.981970065971836, 0.0 ], [ 722054.264994326047599, 736450.95697006303817, 0.0 ], [ 722054.777994325966574, 736448.248970055952668, 0.0 ], [ 722055.557994324946776, 736444.860970058944076, 0.0 ], [ 722056.022994325961918, 736441.949970053974539, 0.0 ], [ 722056.786994324997067, 736438.128970055957325, 0.0 ], [ 722057.183994326042011, 736434.835970057058148, 0.0 ], [ 722057.868994325050153, 736428.600970059051178, 0.0 ], [ 722058.171994325006381, 736427.438970064045861, 0.0 ], [ 722058.601994325057603, 736427.523970053996891, 0.0 ], [ 722058.870994325028732, 736428.062970050959848, 0.0 ], [ 722059.045994324958883, 736429.437970060040243, 0.0 ], [ 722058.848994325031526, 736431.618970060022548, 0.0 ], [ 722058.401994324987754, 736434.859970064018853, 0.0 ], [ 722057.842994324979372, 736438.683970052981749, 0.0 ], [ 722057.186994325951673, 736443.471970056998543, 0.0 ], [ 722056.207994324970059, 736449.115970053942874, 0.0 ], [ 722055.981994325993583, 736451.498970065033063, 0.0 ], [ 722055.93999432597775, 736453.555970052955672, 0.0 ], [ 722055.764994326047599, 736455.939970058039762, 0.0 ], [ 722055.319994325982407, 736459.080970057984814, 0.0 ], [ 722054.637994325952604, 736462.672970055020414, 0.0 ], [ 722053.980994325946085, 736466.266970062046312, 0.0 ], [ 722053.565994326025248, 736469.17997006198857, 0.0 ], [ 722053.364994326024316, 736471.562970062950626, 0.0 ], [ 722053.136994326952845, 736474.022970058955252, 0.0 ], [ 722052.854994326015003, 736476.657970060012303, 0.0 ], [ 722052.370994325960055, 736479.212970060994849, 0.0 ], [ 722051.888994326000102, 736480.447970060980879, 0.0 ], [ 722051.556994326994754, 736481.736970062949695, 0.0 ], [ 722050.759994326974265, 736484.793970057973638, 0.0 ], [ 722050.042994327028282, 736487.548970061005093, 0.0 ], [ 722049.326994327013381, 736490.276970057981089, 0.0 ], [ 722048.449994327966124, 736493.408970057033002, 0.0 ], [ 722047.95699432794936, 736496.446970053017139, 0.0 ], [ 722047.657994327950291, 736499.920970058999956, 0.0 ], [ 722047.319994327030145, 736502.783970057033002, 0.0 ], [ 722046.766994326957501, 736505.058970061945729, 0.0 ], [ 722046.004994328017347, 736507.506970064947382, 0.0 ], [ 722044.990994328050874, 736511.194970065960661, 0.0 ], [ 722044.28099432901945, 736514.863970053964294, 0.0 ], [ 722043.488994329003617, 736518.809970060945489, 0.0 ], [ 722042.495994328986853, 736523.996970064006746, 0.0 ], [ 722042.023994329036213, 736527.186970063019544, 0.0 ], [ 722041.762994328979403, 736530.052970053977333, 0.0 ], [ 722041.384994328953326, 736533.651970059960149, 0.0 ], [ 722041.051994330016896, 736537.530970055959187, 0.0 ], [ 722040.589994329959154, 736541.534970064996742, 0.0 ], [ 722039.951994328992441, 736545.382970064994879, 0.0 ], [ 722039.131994329974987, 736550.77597006096039, 0.0 ], [ 722038.688994330004789, 736555.110970061039552, 0.0 ], [ 722037.865994330029935, 736560.605970064993016, 0.0 ], [ 722037.170994329964742, 736563.512970059993677, 0.0 ], [ 722036.323994330945425, 736565.222970059956424, 0.0 ], [ 722035.329994330997579, 736566.650970058981329, 0.0 ], [ 722034.362994331051596, 736568.001970064011402, 0.0 ], [ 722033.996994331013411, 736569.772970061982051, 0.0 ], [ 722034.117994331056252, 736571.273970060050488, 0.0 ], [ 722034.638994331005961, 736573.138970060041174, 0.0 ], [ 722035.081994330976158, 736575.128970053978264, 0.0 ], [ 722035.47199432994239, 736577.193970054970123, 0.0 ], [ 722035.603994330973364, 736579.431970056961291, 0.0 ], [ 722035.499994331039488, 736582.071970058022998, 0.0 ], [ 722035.54499433003366, 736584.841970063047484, 0.0 ], [ 722035.358994330046698, 736587.732970066950656, 0.0 ], [ 722035.326994330971502, 736590.551970061962493, 0.0 ], [ 722035.621994329965673, 736592.28497006604448, 0.0 ], [ 722035.941994330030866, 736594.044970056973398, 0.0 ], [ 722036.375994330039248, 736596.440970059018582, 0.0 ], [ 722036.779994330951013, 736599.065970059949905, 0.0 ], [ 722037.017994330031797, 736601.126970064011402, 0.0 ], [ 722037.082994331023656, 736602.931970056961291, 0.0 ], [ 722037.037994330050424, 736605.114970062044449, 0.0 ], [ 722036.930994329974055, 736607.88197005703114, 0.0 ], [ 722036.789994330029003, 736609.834970055962913, 0.0 ], [ 722036.443994330009446, 736611.859970059944317, 0.0 ], [ 722036.002994330017827, 736613.577970064943656, 0.0 ], [ 722035.385994330979884, 736615.165970065048896, 0.0 ], [ 722034.64099433098454, 736616.80197006103117, 0.0 ], [ 722033.843994330964051, 736618.562970060040243, 0.0 ], [ 722032.913994331029244, 736620.576970063033514, 0.0 ], [ 722032.057994331000373, 736622.718970061047003, 0.0 ], [ 722031.488994330982678, 736624.433970062993467, 0.0 ], [ 722031.097994331968948, 736626.178970059962012, 0.0 ], [ 722030.835994331981055, 736627.84897006303072, 0.0 ], [ 722030.743994330987334, 736629.854970062035136, 0.0 ], [ 722030.748994332039729, 736632.139970062999055, 0.0 ], [ 722030.926994331995957, 736634.607970057986677, 0.0 ], [ 722031.282994332024828, 736635.834970055962913, 0.0 ], [ 722031.840994331054389, 736637.140970056992956, 0.0 ], [ 722032.540994332055561, 736638.933970061014406, 0.0 ], [ 722033.537994330981746, 736641.138970055966638, 0.0 ], [ 722035.023994331015274, 736644.292970063979737, 0.0 ], [ 722036.091994330054149, 736646.701970068039373, 0.0 ], [ 722037.089994329959154, 736648.830970062990673, 0.0 ], [ 722037.970994330942631, 736650.498970065033063, 0.0 ], [ 722038.837994329980575, 736651.557970062945969, 0.0 ], [ 722040.374994328944013, 736653.392970061046071, 0.0 ], [ 722042.091994329006411, 736655.17997006198857, 0.0 ], [ 722043.936994328978471, 736656.919970058021136, 0.0 ], [ 722046.057994327973574, 736658.74097006698139, 0.0 ], [ 722048.209994327975437, 736660.358970056055114, 0.0 ], [ 722049.571994327008724, 736659.598970058956183, 0.0 ], [ 722050.658994326950051, 736658.554970063036308, 0.0 ], [ 722051.853994327015243, 736657.283970055985264, 0.0 ], [ 722052.770994325983338, 736655.904970054049045, 0.0 ], [ 722053.747994326986372, 736654.070970057975501, 0.0 ], [ 722055.923994326032698, 736650.710970059968531, 0.0 ], [ 722056.858994325972162, 736649.738970056991093, 0.0 ], [ 722058.137994325952604, 736649.283970055985264, 0.0 ], [ 722059.941994325025007, 736649.24397005897481, 0.0 ], [ 722061.542994324001484, 736649.225970059051178, 0.0 ], [ 722063.013994324021041, 736649.356970053049736, 0.0 ], [ 722064.684994323994033, 736649.567970060976222, 0.0 ], [ 722066.000994323054329, 736649.797970063053071, 0.0 ], [ 722067.273994322982617, 736650.941970056970604, 0.0 ], [ 722067.835994323017076, 736652.045970053994097, 0.0 ], [ 722068.572994322981685, 736653.203970056027174, 0.0 ], [ 722069.715994321973994, 736654.495970061048865, 0.0 ], [ 722070.759994321968406, 736655.609970059012994, 0.0 ], [ 722071.719994322047569, 736657.153970052953809, 0.0 ], [ 722072.246994322049432, 736658.687970057944767, 0.0 ], [ 722072.573994321981445, 736660.142970053944737, 0.0 ], [ 722072.299994322005659, 736661.102970054023899, 0.0 ], [ 722071.553994321962819, 736661.544970060000196, 0.0 ], [ 722070.947994322050363, 736661.37997005705256, 0.0 ], [ 722070.450994321960025, 736660.835970061016269, 0.0 ], [ 722069.684994322014973, 736659.778970067040063, 0.0 ], [ 722068.498994322959334, 736658.180970055982471, 0.0 ], [ 722067.214994322974235, 736656.350970054976642, 0.0 ], [ 722065.929994323989376, 736654.546970052993856, 0.0 ], [ 722064.714994324021973, 736653.074970062007196, 0.0 ], [ 722063.430994324036874, 736652.565970064024441, 0.0 ], [ 722062.102994324057363, 736652.919970061979257, 0.0 ], [ 722059.153994324966334, 736654.230970059987158, 0.0 ], [ 722058.351994325057603, 736655.027970060007647, 0.0 ], [ 722057.68899432499893, 736656.38597006094642, 0.0 ], [ 722057.32699432503432, 736657.92897005204577, 0.0 ], [ 722056.92399432498496, 736660.281970059964806, 0.0 ], [ 722056.283994326018728, 736661.742970056016929, 0.0 ], [ 722055.28499432594981, 736663.398970062960871, 0.0 ], [ 722054.296994326054119, 736664.596970063983463, 0.0 ], [ 722052.990994325955398, 736665.078970061964355, 0.0 ], [ 722051.33299432694912, 736665.400970055954531, 0.0 ], [ 722049.368994327029213, 736665.817970062955283, 0.0 ], [ 722047.69099432695657, 736665.885970060015097, 0.0 ], [ 722046.12499432801269, 736665.472970062983222, 0.0 ], [ 722044.381994327995926, 736665.030970062012784, 0.0 ], [ 722043.098994328989647, 736664.369970064959489, 0.0 ], [ 722041.37599432899151, 736662.912970055011101, 0.0 ], [ 722039.578994330018759, 736661.351970055955462, 0.0 ], [ 722037.762994330027141, 736659.46197006595321, 0.0 ], [ 722035.560994329978712, 736656.621970065054484, 0.0 ], [ 722033.086994330980815, 736653.32097005599644, 0.0 ], [ 722030.645994330989197, 736649.715970061020926, 0.0 ], [ 722029.140994332032278, 736647.52597006096039, 0.0 ], [ 722027.872994333039969, 736646.152970058028586, 0.0 ], [ 722026.849994331947528, 736645.24397006095387, 0.0 ], [ 722025.186994333053008, 736644.625970070948824, 0.0 ], [ 722023.307994332979433, 736644.562970067025162, 0.0 ], [ 722020.985994333983399, 736645.099970060051419, 0.0 ], [ 722018.988994335057214, 736645.897970058955252, 0.0 ], [ 722016.621994334971532, 736647.372970064054243, 0.0 ], [ 722014.505994335981086, 736649.0069700590102, 0.0 ], [ 722012.995994335971773, 736650.804970058961771, 0.0 ], [ 722011.642994335968979, 736652.427970063989051, 0.0 ], [ 722009.49999433697667, 736654.08697006397415, 0.0 ], [ 722007.59499433694873, 736655.368970063980669, 0.0 ], [ 722005.518994337995537, 736656.265970063977875, 0.0 ], [ 722005.072994337999262, 736658.212970062973909, 0.0 ], [ 722004.321994337951764, 736660.153970057959668, 0.0 ], [ 722003.399994338047691, 736663.055970062036067, 0.0 ], [ 722002.693994338973425, 736665.326970060006715, 0.0 ], [ 722002.350994338979945, 736667.199970058980398, 0.0 ], [ 722002.530994339031167, 736669.591970063047484, 0.0 ], [ 722002.947994339047, 736671.555970057030208, 0.0 ], [ 722003.544994337949902, 736673.472970057977363, 0.0 ], [ 722004.389994338038377, 736675.572970065055415, 0.0 ], [ 722005.766994338016957, 736677.835970068001188, 0.0 ], [ 722008.016994336969219, 736680.85397005896084, 0.0 ], [ 722011.266994336037897, 736684.652970060007647, 0.0 ], [ 722014.192994334967807, 736688.141970064025372, 0.0 ], [ 722017.013994334964082, 736691.856970057007857, 0.0 ], [ 722018.817994334967807, 736695.576970061985776, 0.0 ], [ 722020.052994334022515, 736699.792970060952939, 0.0 ], [ 722020.732994333957322, 736702.574970063054934, 0.0 ], [ 722021.562994334031828, 736705.512970058945939, 0.0 ], [ 722023.21699433401227, 736710.34797006403096, 0.0 ], [ 722026.04799433297012, 736717.262970056035556, 0.0 ], [ 722027.984994331956841, 736720.730970056029037, 0.0 ], [ 722032.15699433197733, 736726.657970056054182, 0.0 ], [ 722037.337994329980575, 736734.17997005500365, 0.0 ], [ 722044.227994328946806, 736742.650970063055865, 0.0 ], [ 722051.395994327031076, 736751.102970052976161, 0.0 ], [ 722057.677994325989857, 736759.510970061994158, 0.0 ], [ 722061.670994324958883, 736765.483970053959638, 0.0 ], [ 722065.636994324042462, 736771.558970051002689, 0.0 ], [ 722067.817994322977029, 736775.48997005703859, 0.0 ], [ 722069.301994321984239, 736779.989970059948973, 0.0 ], [ 722070.11499432194978, 736783.689970060018823, 0.0 ], [ 722070.450994321960025, 736787.125970063032582, 0.0 ], [ 722070.864994322997518, 736791.757970054051839, 0.0 ], [ 722071.357994321966544, 736796.262970053008758, 0.0 ], [ 722072.005994322011247, 736799.374970057047904, 0.0 ], [ 722076.358994320966303, 736810.182970060966909, 0.0 ], [ 722082.115216035977937, 736825.652483794023283, 0.0 ], [ 722084.902994318981655, 736832.111970055964775, 0.0 ], [ 722090.580994316958822, 736845.455970054026693, 0.0 ], [ 722094.386994317057543, 736851.981970053981058, 0.0 ], [ 722100.421994316042401, 736860.128970050951466, 0.0 ], [ 722105.702994314022362, 736866.581970055005513, 0.0 ], [ 722110.589994312962517, 736872.444970060954802, 0.0 ], [ 722115.604994312045164, 736878.207970052026212, 0.0 ], [ 722119.146994311013259, 736885.261970059946179, 0.0 ], [ 722122.492994309985079, 736899.626970055978745, 0.0 ], [ 722123.972994309966452, 736910.753970060963184, 0.0 ], [ 722125.891994309029542, 736916.455970050999895, 0.0 ], [ 722130.524994308012538, 736926.097970052971505, 0.0 ], [ 722133.939994308049791, 736933.17597006005235, 0.0 ], [ 722137.495994306984358, 736940.813970057992265, 0.0 ], [ 722139.199994307011366, 736943.209970052004792, 0.0 ], [ 722143.77299430500716, 736948.252970056957565, 0.0 ], [ 722147.573994304053485, 736952.543970050057396, 0.0 ], [ 722151.823994304053485, 736957.22597005800344, 0.0 ], [ 722156.540994302020408, 736961.382970059057698, 0.0 ], [ 722163.57299430097919, 736966.627970046014525, 0.0 ], [ 722166.909994299989194, 736968.675970053998753, 0.0 ], [ 722169.348994298954494, 736969.891970054013655, 0.0 ], [ 722171.743994298041798, 736970.802970050950535, 0.0 ], [ 722176.297994298045523, 736972.950970054022036, 0.0 ], [ 722181.904994296026416, 736975.804970051976852, 0.0 ], [ 722186.002994294976816, 736977.892970049986616, 0.0 ], [ 722190.273994295042939, 736980.237970044952817, 0.0 ], [ 722195.540994293056428, 736982.272970043006353, 0.0 ], [ 722199.04299429198727, 736983.713970053009689, 0.0 ], [ 722201.814994291984476, 736984.734970045043156, 0.0 ], [ 722207.576994289993308, 736986.220970046008006, 0.0 ], [ 722213.286994289024733, 736987.67997005500365, 0.0 ], [ 722218.169994286959991, 736988.640970043954439, 0.0 ], [ 722222.597994285984896, 736989.465970042976551, 0.0 ], [ 722227.866994285024703, 736990.15497004496865, 0.0 ], [ 722233.953994284034707, 736990.579970052000135, 0.0 ], [ 722236.898994283983484, 736990.612970044021495, 0.0 ], [ 722238.991994283045642, 736991.365970049053431, 0.0 ], [ 722241.829994281986728, 736992.971970045007765, 0.0 ], [ 722245.281994280987419, 736995.60497004899662, 0.0 ], [ 722246.744994280976243, 736997.361970043973997, 0.0 ], [ 722248.793994280043989, 737000.347970049013384, 0.0 ], [ 722251.878994278958999, 737004.828970049042255, 0.0 ], [ 722253.183994279010221, 737006.937970048980787, 0.0 ], [ 722256.962994277942926, 737009.703970046015456, 0.0 ], [ 722259.694994276971556, 737011.510970048024319, 0.0 ], [ 722262.078994277049787, 737013.005970046971925, 0.0 ], [ 722265.871994275948964, 737013.817970045958646, 0.0 ], [ 722269.382994274958037, 737014.751970048993826, 0.0 ], [ 722274.472994273994118, 737015.51297004299704, 0.0 ], [ 722282.039994272054173, 737016.881970054004341, 0.0 ], [ 722289.177994269994088, 737018.065970049006864, 0.0 ], [ 722291.226994269993156, 737018.487970044952817, 0.0 ], [ 722296.514994269004092, 737019.506970045040362, 0.0 ], [ 722300.157994267996401, 737020.189970043022186, 0.0 ], [ 722303.182994266971946, 737021.315970047959127, 0.0 ], [ 722307.376994266989641, 737023.684970046044327, 0.0 ], [ 722310.733994266018271, 737026.0119700509822, 0.0 ], [ 722313.636994265019894, 737028.152970046037808, 0.0 ], [ 722316.103994264034554, 737030.537970046978444, 0.0 ], [ 722317.819994264049456, 737032.349970048991963, 0.0 ], [ 722319.478994264034554, 737033.271970044006594, 0.0 ], [ 722323.015994262997992, 737034.153970042010769, 0.0 ], [ 722324.262994262971915, 737034.303970040986314, 0.0 ], [ 722336.514994258992374, 737035.778970042010769, 0.0 ], [ 722338.671994258998893, 737035.988970046048053, 0.0 ], [ 722340.586994259036146, 737036.1959700450534, 0.0 ], [ 722342.204994258005172, 737036.318970042048022, 0.0 ], [ 722343.497994257952087, 737036.816970036947168, 0.0 ], [ 722344.681994257960469, 737037.892970046028495, 0.0 ], [ 722345.382994257030077, 737039.241970045957714, 0.0 ], [ 722345.952994256978855, 737041.30997003801167, 0.0 ], [ 722346.213994257035665, 737044.131970047019422, 0.0 ], [ 722346.354994256980717, 737045.45397003996186, 0.0 ], [ 722346.456994257052429, 737046.753970043966547, 0.0 ], [ 722346.537994257058017, 737047.971970041049644, 0.0 ], [ 722346.571994257043116, 737048.474970038048923, 0.0 ], [ 722346.964994256966747, 737050.379970040055923, 0.0 ], [ 722348.165994256967679, 737051.715970047051087, 0.0 ], [ 722350.063994255964644, 737053.18297004699707, 0.0 ], [ 722351.171994255972095, 737054.017970044049434, 0.0 ], [ 722352.204994256026112, 737054.491970036993735, 0.0 ], [ 722353.379994255956262, 737054.848970041028224, 0.0 ], [ 722355.316994254942983, 737054.955970040056854, 0.0 ], [ 722357.917994254035875, 737054.892970043001696, 0.0 ], [ 722360.057994254049845, 737054.742970035993494, 0.0 ], [ 722361.364994253963232, 737054.281970044015907, 0.0 ], [ 722362.366994253010489, 737054.095970044028945, 0.0 ], [ 722363.808994253049605, 737053.91597004502546, 0.0 ], [ 722365.384994252002798, 737054.097970035043545, 0.0 ], [ 722367.797994251013733, 737054.611970040015876, 0.0 ], [ 722369.806994250975549, 737055.298970042029396, 0.0 ], [ 722371.672994251013733, 737056.264970039948821, 0.0 ], [ 722373.073994250968099, 737057.5449700379977, 0.0 ], [ 722373.956994249951094, 737058.716970036970451, 0.0 ], [ 722374.257994250045158, 737060.059970044996589, 0.0 ], [ 722374.25999425095506, 737061.299970036023296, 0.0 ], [ 722373.907994249952026, 737062.15497004496865, 0.0 ], [ 722373.158994251047261, 737062.863970043021254, 0.0 ], [ 722372.133994251023978, 737063.229970037005842, 0.0 ], [ 722371.270994251011871, 737063.496970038046129, 0.0 ], [ 722370.209994251024909, 737063.581970041035675, 0.0 ], [ 722369.488994251005352, 737063.651970042963512, 0.0 ], [ 722368.864994251984172, 737064.04297004302498, 0.0 ], [ 722368.298994251992553, 737064.433970037964173, 0.0 ], [ 722367.953994252020493, 737064.808970039011911, 0.0 ], [ 722366.977994251996279, 737068.794970044051297, 0.0 ], [ 722366.399994252016768, 737071.524970041005872, 0.0 ], [ 722366.323994252015837, 737072.663970042951405, 0.0 ], [ 722366.485994252027012, 737073.90497004694771, 0.0 ], [ 722366.729994251974858, 737075.047970040002838, 0.0 ], [ 722367.196994252037257, 737075.954970038961619, 0.0 ], [ 722368.567994251963682, 737077.973970036022365, 0.0 ], [ 722371.084994251024909, 737080.966970038018189, 0.0 ], [ 722372.879994250950404, 737082.671970032039098, 0.0 ], [ 722373.69099425105378, 737083.342970045981929, 0.0 ], [ 722374.323994250036776, 737083.791970035992563, 0.0 ], [ 722377.204994249041192, 737085.051970036001876, 0.0 ], [ 722379.766994248959236, 737086.187970043043606, 0.0 ], [ 722380.916994248982519, 737086.923970039002597, 0.0 ], [ 722381.724994248012081, 737087.733970043016598, 0.0 ], [ 722382.193994248984382, 737088.520970034995116, 0.0 ], [ 722382.61799424898345, 737089.685970042017289, 0.0 ], [ 722383.013994248001836, 737091.371970035019331, 0.0 ], [ 722383.265994247980416, 737093.333970037987456, 0.0 ], [ 722383.99199424800463, 737095.762970039038919, 0.0 ], [ 722385.199994247988798, 737097.898970038047992, 0.0 ], [ 722386.674994247034192, 737099.639970040996559, 0.0 ], [ 722387.680994246969931, 737100.65397003502585, 0.0 ], [ 722388.095994247007184, 737100.997970037045889, 0.0 ], [ 722389.72499424603302, 737101.720970034017228, 0.0 ], [ 722390.388994246954098, 737101.430970033979975, 0.0 ], [ 722390.993994247051887, 737101.038970035035163, 0.0 ], [ 722391.438994247000664, 737100.645970036974177, 0.0 ], [ 722392.542994246003218, 737100.341970043024048, 0.0 ], [ 722393.881994244991802, 737100.400970036047511, 0.0 ], [ 722395.135994244948961, 737100.797970038023777, 0.0 ], [ 722396.262994245043956, 737101.692970038973726, 0.0 ], [ 722396.94599424500484, 737102.90297003602609, 0.0 ], [ 722397.326994245056994, 737104.207970035960898, 0.0 ], [ 722397.327994244988076, 737105.566970034036785, 0.0 ], [ 722397.108994244947098, 737106.902970031951554, 0.0 ], [ 722396.995994245051406, 737107.820970035041682, 0.0 ], [ 722396.866994244977832, 737108.478970034047961, 0.0 ], [ 722396.573994245030917, 737109.394970035995357, 0.0 ], [ 722396.399994245031849, 737110.391970037017018, 0.0 ], [ 722396.346994244959205, 737111.310970040969551, 0.0 ], [ 722397.728994244942442, 737112.589970036991872, 0.0 ], [ 722398.861994244041853, 737113.085970034007914, 0.0 ], [ 722400.667994244024158, 737113.970970044028945, 0.0 ], [ 722402.531994243967347, 737115.055970040964894, 0.0 ], [ 722404.27799424296245, 737116.039970041019842, 0.0 ], [ 722405.806994242011569, 737116.761970035964623, 0.0 ], [ 722407.3189942430472, 737117.242970042047091, 0.0 ], [ 722408.170994241954759, 737116.434970038942993, 0.0 ], [ 722408.501994243008085, 737115.619970030966215, 0.0 ], [ 722408.938994241994806, 737114.445970033993945, 0.0 ], [ 722409.37199424195569, 737113.393970038974658, 0.0 ], [ 722410.042994242045097, 737112.602970040054061, 0.0 ], [ 722410.835994240944274, 737111.674970041960478, 0.0 ], [ 722411.967994241043925, 737110.850970032974146, 0.0 ], [ 722413.440994241042063, 737109.911970032961108, 0.0 ], [ 722414.103994240984321, 737111.040970033966005, 0.0 ], [ 722414.393994239973836, 737111.724970035953447, 0.0 ], [ 722414.166994240949862, 737113.64097003696952, 0.0 ], [ 722414.069994240999222, 737114.858970041037537, 0.0 ], [ 722414.116994239971973, 737115.758970041992143, 0.0 ], [ 722414.518994241021574, 737117.024970032041892, 0.0 ], [ 722415.165994239971042, 737119.37197004200425, 0.0 ], [ 722415.448994240025058, 737120.575970037956722, 0.0 ], [ 722415.776994240004569, 737121.400970038957894, 0.0 ], [ 722415.949994239956141, 737121.882970041013323, 0.0 ], [ 722416.534994240035303, 737121.530970041058026, 0.0 ], [ 722417.203994240029715, 737120.880970041966066, 0.0 ], [ 722417.693994240020402, 737120.147970041027293, 0.0 ], [ 722418.160994239035062, 737119.713970039971173, 0.0 ], [ 722418.767994240042754, 737119.082970028044656, 0.0 ], [ 722419.551994238980114, 737118.833970036008395, 0.0 ], [ 722420.22899423900526, 737119.003970036050305, 0.0 ], [ 722420.502994238981046, 737119.446970036020502, 0.0 ], [ 722420.651994238956831, 737120.208970032050274, 0.0 ], [ 722420.557994239032269, 737121.207970040035434, 0.0 ], [ 722420.644994240021333, 737122.128970033023506, 0.0 ], [ 722420.988994239014573, 737123.272970034042373, 0.0 ], [ 722421.003994239028543, 737125.011970035033301, 0.0 ], [ 722420.812994239036925, 737127.248970040003769, 0.0 ], [ 722420.592994238948449, 737128.664970032987185, 0.0 ], [ 722421.733994237962179, 737129.980970037984662, 0.0 ], [ 722423.388994237990119, 737131.743970033014193, 0.0 ], [ 722424.429994239006191, 737132.996970031992532, 0.0 ], [ 722425.187994237989187, 737134.587970037013292, 0.0 ], [ 722425.287994239013642, 737135.948970032972284, 0.0 ], [ 722425.116994237992913, 737136.724970038048923, 0.0 ], [ 722424.766994238016196, 737137.499970030970871, 0.0 ], [ 722424.336994239012711, 737138.193970041000284, 0.0 ], [ 722424.434994239010848, 737139.714970040949993, 0.0 ], [ 722425.484994238009676, 737143.2679700369481, 0.0 ], [ 722426.422994237975217, 737146.239970035967417, 0.0 ], [ 722427.098994237952866, 737150.786970037035644, 0.0 ], [ 722428.048994238022715, 737155.718970041023567, 0.0 ], [ 722428.594994236947969, 737159.524970037979074, 0.0 ], [ 722429.159994237008505, 737162.051970036001876, 0.0 ], [ 722429.770994237042032, 737164.079970038961619, 0.0 ], [ 722430.871994236949831, 737166.754970040055923, 0.0 ], [ 722432.102994236978702, 737168.829970028949901, 0.0 ], [ 722434.175994236022234, 737172.138970040017739, 0.0 ], [ 722435.156994236051105, 737173.431970042991452, 0.0 ], [ 722435.828994235023856, 737173.920970040024258, 0.0 ], [ 722437.000994235044345, 737174.456970041966997, 0.0 ], [ 722438.054994235048071, 737174.931970039033331, 0.0 ], [ 722439.102994234999642, 737175.706970033003017, 0.0 ], [ 722439.947994234971702, 737176.797970036976039, 0.0 ], [ 722440.413994234055281, 737177.723970031016506, 0.0 ], [ 722440.820994234993123, 737178.588970041018911, 0.0 ], [ 722441.705994233954698, 737179.681970036006533, 0.0 ], [ 722442.237994233961217, 737180.228970034979284, 0.0 ], [ 722443.929994234000333, 737180.792970033013262, 0.0 ], [ 722444.929994232952595, 737180.76697003596928, 0.0 ], [ 722445.884994233027101, 737180.999970035045408, 0.0 ], [ 722446.879994233022444, 737181.373970029992051, 0.0 ], [ 722447.452994232997298, 737181.84197003999725, 0.0 ], [ 722449.389994233031757, 737184.867970040999353, 0.0 ], [ 722452.148994231014512, 737189.104970033979043, 0.0 ], [ 722453.674994232016616, 737191.464970033033751, 0.0 ], [ 722455.873994230991229, 737194.275970033020712, 0.0 ], [ 722459.469994229963049, 737198.803970034001395, 0.0 ], [ 722461.250994230038486, 737198.669970039045438, 0.0 ], [ 722461.258994229952805, 737198.089970035944134, 0.0 ], [ 722461.508994229952805, 737197.372970035998151, 0.0 ], [ 722462.057994229020551, 737196.72097003494855, 0.0 ], [ 722462.782994228997268, 737196.31197003996931, 0.0 ], [ 722463.92399422894232, 737196.267970032989979, 0.0 ], [ 722464.778994229040109, 737196.519970032037236, 0.0 ], [ 722466.2979942279635, 737196.560970035032369, 0.0 ], [ 722467.941994228051044, 737196.283970032003708, 0.0 ], [ 722468.881994227995165, 737196.257970037055202, 0.0 ], [ 722469.579994227038696, 737196.346970036975108, 0.0 ], [ 722470.883994227042422, 737197.464970028959215, 0.0 ], [ 722471.952994226943702, 737198.219970028032549, 0.0 ], [ 722472.507994226994924, 737198.567970036994666, 0.0 ], [ 722473.428994226967916, 737198.440970035968348, 0.0 ], [ 722474.668994226958603, 737198.398970033973455, 0.0 ], [ 722475.782994225970469, 737198.813970034942031, 0.0 ], [ 722477.12799422594253, 737199.811970034963451, 0.0 ], [ 722477.927994225057773, 737201.242970037041232, 0.0 ], [ 722478.25299422594253, 737202.306970034027472, 0.0 ], [ 722478.519994226051494, 737203.190970028983429, 0.0 ], [ 722479.275994225055911, 737204.819970036973245, 0.0 ], [ 722479.604994224966504, 737205.62497003597673, 0.0 ], [ 722480.15499422501307, 737206.291970029007643, 0.0 ], [ 722481.043994224979542, 737207.12497003399767, 0.0 ], [ 722482.075994224986061, 737207.658970038057305, 0.0 ], [ 722483.646994224051014, 737208.240970037993975, 0.0 ], [ 722485.998994222958572, 737208.752970034023747, 0.0 ], [ 722489.048994223005138, 737209.295970033970661, 0.0 ], [ 722490.443994221976027, 737209.655970031977631, 0.0 ], [ 722492.184994222945534, 737209.559970033005811, 0.0 ], [ 722493.113994222017936, 737210.312970028957352, 0.0 ], [ 722494.21599422104191, 737211.508970035007223, 0.0 ], [ 722495.415994220995344, 737212.923970035044476, 0.0 ], [ 722495.768994220998138, 737213.388970031053759, 0.0 ], [ 722496.959994220989756, 737214.065970035037026, 0.0 ], [ 722497.495994220022112, 737214.352970032952726, 0.0 ], [ 722498.593994220951572, 737214.388970026979223, 0.0 ], [ 722499.850994221051224, 737214.545970030943863, 0.0 ], [ 722500.831994220032357, 737214.5199700279627, 0.0 ], [ 722502.202994219958782, 737213.699970033019781, 0.0 ], [ 722503.211994220037013, 737212.953970034024678, 0.0 ], [ 722504.338994218967855, 737212.429970034048893, 0.0 ], [ 722505.984994219033979, 737212.03397002897691, 0.0 ], [ 722507.749994218000211, 737211.538970027002506, 0.0 ], [ 722508.932994217961095, 737211.315970028983429, 0.0 ], [ 722509.474994217976928, 737211.20397003297694, 0.0 ], [ 722510.911994218011387, 737209.963970024022274, 0.0 ], [ 722512.373994217021391, 737208.324970028945245, 0.0 ], [ 722513.538994216942228, 737206.48297003202606, 0.0 ], [ 722514.294994216994382, 737205.39397002698388, 0.0 ], [ 722515.266994216945022, 737204.507970037055202, 0.0 ], [ 722518.592994216014631, 737201.135970029979944, 0.0 ], [ 722524.08299421495758, 737195.975970022031106, 0.0 ], [ 722528.331994213047437, 737192.416970030055381, 0.0 ], [ 722530.335994213004597, 737190.565970035037026, 0.0 ], [ 722532.605994211975485, 737188.438970025978051, 0.0 ], [ 722533.803994211950339, 737187.115970029029995, 0.0 ], [ 722535.570994211942889, 737185.121970036998391, 0.0 ], [ 722539.020994210033678, 737181.491970028961077, 0.0 ], [ 722541.352994209970348, 737179.184970024973154, 0.0 ], [ 722542.264994209981523, 737178.318970034946688, 0.0 ], [ 722543.280994210042991, 737178.532970024971291, 0.0 ], [ 722543.957994209951721, 737178.702970025944524, 0.0 ], [ 722545.037994210026227, 737178.677970024989918, 0.0 ], [ 722545.978994210017845, 737178.610970024950802, 0.0 ], [ 722547.192994209006429, 737177.608970034052618, 0.0 ], [ 722548.246994209010154, 737176.523970028036274, 0.0 ], [ 722548.955994207994081, 737175.853970026946627, 0.0 ], [ 722550.473994208034128, 737174.575970027013682, 0.0 ], [ 722555.329994205967523, 737170.425970033975318, 0.0 ], [ 722558.163994205999188, 737167.946970031945966, 0.0 ], [ 722560.87799420603551, 737165.485970029025339, 0.0 ], [ 722563.369994204957038, 737163.122970029944554, 0.0 ], [ 722566.03899420495145, 737160.920970026985742, 0.0 ], [ 722568.120994203956798, 737159.350970032042824, 0.0 ], [ 722570.438994202995673, 737157.943970034015365, 0.0 ], [ 722572.321994203026406, 737156.350970029947348, 0.0 ], [ 722574.068994203000329, 737154.396970020025037, 0.0 ], [ 722574.54899420205038, 737152.963970024022274, 0.0 ], [ 722574.55399420298636, 737151.203970024944283, 0.0 ], [ 722574.149994203005917, 737150.039970026002266, 0.0 ], [ 722573.819994203047827, 737149.314970021951012, 0.0 ], [ 722573.828994203009643, 737148.6759700239636, 0.0 ], [ 722574.136994202039205, 737148.099970023962669, 0.0 ], [ 722574.602994202054106, 737147.64697002095636, 0.0 ], [ 722575.106994202011265, 737147.33397002494894, 0.0 ], [ 722576.313994201947935, 737146.830970027018338, 0.0 ], [ 722576.758994202013128, 737146.436970025999472, 0.0 ], [ 722576.734994202037342, 737145.337970018968917, 0.0 ], [ 722576.836994201992638, 737143.779970024013892, 0.0 ], [ 722576.956994201987982, 737142.381970021990128, 0.0 ], [ 722577.402994201984257, 737140.469970026984811, 0.0 ], [ 722578.295994200976565, 737138.12297003204003, 0.0 ], [ 722578.919994201045483, 737136.391970030032098, 0.0 ], [ 722579.815994200995192, 737133.765970022999682, 0.0 ], [ 722581.238994200946763, 737129.307970028021373, 0.0 ], [ 722582.671994199976325, 737125.529970022034831, 0.0 ], [ 722583.683994199964218, 737123.20397002005484, 0.0 ], [ 722584.584994200034998, 737121.677970026968978, 0.0 ], [ 722586.024994199979119, 737120.258970021968707, 0.0 ], [ 722587.455994199030101, 737119.338970026001334, 0.0 ], [ 722588.942994198994711, 737118.819970024982467, 0.0 ], [ 722590.75299419905059, 737118.085970022017136, 0.0 ], [ 722592.297994198044762, 737117.667970019043423, 0.0 ], [ 722593.73899419803638, 737117.587970021995716, 0.0 ], [ 722595.05599419795908, 737117.766970025026239, 0.0 ], [ 722596.725994196953252, 737118.369970030034892, 0.0 ], [ 722599.466994195943698, 737119.6689700280549, 0.0 ], [ 722602.021994195994921, 737121.343970034038648, 0.0 ], [ 722603.126994195044972, 737122.398970021982677, 0.0 ], [ 722603.577994195045903, 737123.024970027036034, 0.0 ], [ 722603.729994195047766, 737123.606970021035522, 0.0 ], [ 722603.641994194942527, 737124.165970028028823, 0.0 ], [ 722603.117994196014479, 737124.497970022959635, 0.0 ], [ 722602.537994196056388, 737124.469970030011609, 0.0 ], [ 722600.864994195988402, 737124.105970022035763, 0.0 ], [ 722592.904994198004715, 737122.833970025996678, 0.0 ], [ 722591.289994198945351, 737122.591970021952875, 0.0 ], [ 722590.327994199004024, 737122.737970023998059, 0.0 ], [ 722589.804994198959321, 737122.930970026995055, 0.0 ], [ 722588.650994198047556, 737123.953970027039759, 0.0 ], [ 722587.655994198983535, 737125.039970019017346, 0.0 ], [ 722586.576994200004265, 737126.444970019045286, 0.0 ], [ 722585.836994200013578, 737127.912970028002746, 0.0 ], [ 722584.870994199998677, 737129.778970033978112, 0.0 ], [ 722583.831994200008921, 737132.542970019974746, 0.0 ], [ 722583.165994200040586, 737134.472970022005029, 0.0 ], [ 722582.578994201030582, 737136.362970023998059, 0.0 ], [ 722582.384994199965149, 737138.819970019045286, 0.0 ], [ 722582.10299419995863, 737143.193970029009506, 0.0 ], [ 722581.837994200992398, 737144.969970018020831, 0.0 ], [ 722581.265994200017303, 737147.28097002604045, 0.0 ], [ 722580.780994200031273, 737150.471970021026209, 0.0 ], [ 722580.622994199977256, 737151.769970034016296, 0.0 ], [ 722580.651994201005436, 737152.529970022034831, 0.0 ], [ 722581.706994201056659, 737154.264970022952184, 0.0 ], [ 722583.008994200034067, 737155.50197002699133, 0.0 ], [ 722583.973994200001471, 737156.574970031972043, 0.0 ], [ 722584.171994199976325, 737158.177970026037656, 0.0 ], [ 722584.138994200038724, 737159.0769700310193, 0.0 ], [ 722583.524994199979119, 737160.066970031009987, 0.0 ], [ 722582.959994200034998, 737160.418970025028102, 0.0 ], [ 722580.383994200034067, 737161.582970026996918, 0.0 ], [ 722578.13199420098681, 737162.590970027027652, 0.0 ], [ 722575.8309942020569, 737164.057970023015514, 0.0 ], [ 722573.267994201974943, 737165.819970031967387, 0.0 ], [ 722571.960994202992879, 737166.361970026046038, 0.0 ], [ 722569.268994204001501, 737167.283970023971051, 0.0 ], [ 722567.737994204042479, 737168.061970024951734, 0.0 ], [ 722566.323994204052724, 737169.120970032992773, 0.0 ], [ 722564.561994204996154, 737170.755970033002086, 0.0 ], [ 722562.609994204947725, 737173.087970027001575, 0.0 ], [ 722560.004994206014089, 737176.32997003395576, 0.0 ], [ 722556.824994207010604, 737180.762970032985322, 0.0 ], [ 722555.192994207027368, 737183.038970030960627, 0.0 ], [ 722554.019994206959382, 737183.961970031959936, 0.0 ], [ 722552.89299420802854, 737184.525970024056733, 0.0 ], [ 722550.807994207949378, 737184.955970028997399, 0.0 ], [ 722549.481994207948446, 737185.377970029017888, 0.0 ], [ 722548.714994209003635, 737185.846970024053007, 0.0 ], [ 722547.806994208949618, 737186.493970026029274, 0.0 ], [ 722547.213994208956137, 737187.484970025951043, 0.0 ], [ 722546.250994208967313, 737189.069970024051145, 0.0 ], [ 722544.926994208944961, 737190.790970035013743, 0.0 ], [ 722543.145994210033678, 737192.425970030017197, 0.0 ], [ 722539.682994210976176, 737195.534970024018548, 0.0 ], [ 722535.044994211988524, 737199.767970022046939, 0.0 ], [ 722533.252994211972691, 737202.122970030992292, 0.0 ], [ 722531.722994212992489, 737204.299970024963841, 0.0 ], [ 722530.527994213043712, 737206.841970024979673, 0.0 ], [ 722528.833994213026017, 737209.256970033049583, 0.0 ], [ 722526.783994212979451, 737211.467970027006231, 0.0 ], [ 722524.983994213980623, 737212.980970032978803, 0.0 ], [ 722523.772994215018116, 737213.723970026010647, 0.0 ], [ 722522.708994215005077, 737214.048970033996738, 0.0 ], [ 722520.86299421498552, 737214.602970032952726, 0.0 ], [ 722518.828994216048159, 737215.593970029964112, 0.0 ], [ 722517.592994216014631, 737216.774970025056973, 0.0 ], [ 722516.776994216023013, 737217.92297002999112, 0.0 ], [ 722516.158994216006249, 737219.213970029959455, 0.0 ], [ 722515.409994216985069, 737221.321970031014644, 0.0 ], [ 722514.098994216998108, 737224.942970031988807, 0.0 ], [ 722512.758994217030704, 737227.84297003003303, 0.0 ], [ 722511.897994218044914, 737229.349970035953447, 0.0 ], [ 722509.815994217991829, 737230.939970034058206, 0.0 ], [ 722508.984994217986241, 737231.727970030042343, 0.0 ], [ 722509.234994217986241, 737232.470970027963631, 0.0 ], [ 722509.895994217949919, 737233.839970030006953, 0.0 ], [ 722510.328994218027219, 737235.684970031026751, 0.0 ], [ 722510.895994217949919, 737236.652970029972494, 0.0 ], [ 722511.148994217044674, 737237.135970031959005, 0.0 ], [ 722512.024994218023494, 737237.428970034001395, 0.0 ], [ 722512.92099421704188, 737237.660970033030026, 0.0 ], [ 722514.27899421704933, 737237.719970035017468, 0.0 ], [ 722515.537994215963408, 737237.757970032980666, 0.0 ], [ 722518.448994216043502, 737238.318970025982708, 0.0 ], [ 722519.885994215030223, 737238.49897003301885, 0.0 ], [ 722521.264994214987382, 737238.558970030979253, 0.0 ], [ 722522.060994214960374, 737238.789970027050003, 0.0 ], [ 722522.771994214970618, 737239.399970027967356, 0.0 ], [ 722523.139994214987382, 737240.243970029056072, 0.0 ], [ 722522.859994214959443, 737241.698970029014163, 0.0 ], [ 722521.596994215040468, 737243.340970025048591, 0.0 ], [ 722520.768994214944541, 737243.949970024987124, 0.0 ], [ 722520.319994215969928, 737244.5819700229913, 0.0 ], [ 722519.682994215982035, 737245.792970021022484, 0.0 ], [ 722519.726994215976447, 737246.912970026955009, 0.0 ], [ 722520.426994214998558, 737248.322970026056282, 0.0 ], [ 722520.917994215968065, 737250.387970027048141, 0.0 ], [ 722521.151994214975275, 737252.270970026031137, 0.0 ], [ 722521.743994215037674, 737254.197970023960806, 0.0 ], [ 722522.462994214962237, 737255.707970033981837, 0.0 ], [ 722523.551994214998558, 737257.862970030982979, 0.0 ], [ 722525.051994214998558, 737260.602970020961948, 0.0 ], [ 722525.885994213982485, 737262.492970030056313, 0.0 ], [ 722526.405994214001112, 737263.879970030044205, 0.0 ], [ 722527.932994214002974, 737266.200970025034621, 0.0 ], [ 722529.526994214043953, 737267.941970029962249, 0.0 ], [ 722531.007994211977348, 737269.26297003403306, 0.0 ], [ 722532.115994213032536, 737270.117970025050454, 0.0 ], [ 722532.769994211965241, 737270.527970029041171, 0.0 ], [ 722533.720994211966172, 737269.680970025015995, 0.0 ], [ 722534.94199421198573, 737268.178970030974597, 0.0 ], [ 722536.015994212008081, 737267.133970028953627, 0.0 ], [ 722536.461994212004356, 737266.700970025034621, 0.0 ], [ 722539.907994210952893, 737267.568970025982708, 0.0 ], [ 722540.246994210057892, 737269.052970024989918, 0.0 ], [ 722538.92599421099294, 737269.154970032046549, 0.0 ], [ 722538.143994210986421, 737269.403970031999052, 0.0 ], [ 722537.416994211031124, 737269.892970027052797, 0.0 ], [ 722536.991994212032296, 737270.226970026036724, 0.0 ], [ 722536.660994212026708, 737271.021970027009957, 0.0 ], [ 722536.425994212040678, 737272.097970027010888, 0.0 ], [ 722536.543994212057441, 737273.638970028958283, 0.0 ], [ 722536.949994212016463, 737274.664970031008124, 0.0 ], [ 722537.399994211038575, 737275.390970029053278, 0.0 ], [ 722538.290994210983627, 737276.001970033976249, 0.0 ], [ 722539.282994210952893, 737276.475970032974146, 0.0 ], [ 722540.835994211025536, 737276.917970023001544, 0.0 ], [ 722542.727994209970348, 737277.504970022942871, 0.0 ], [ 722544.216994210029952, 737278.204970026970841, 0.0 ], [ 722545.887994208955206, 737278.788970023044385, 0.0 ], [ 722547.64099420804996, 737279.273970031994395, 0.0 ], [ 722550.075994209037162, 737279.547970024053939, 0.0 ], [ 722553.573994206963107, 737279.516970030032098, 0.0 ], [ 722556.314994205953553, 737279.415970033966005, 0.0 ], [ 722560.092994206002913, 737279.428970030043274, 0.0 ], [ 722562.967994204955176, 737279.6689700280549, 0.0 ], [ 722565.44299420400057, 737280.042970031965524, 0.0 ], [ 722569.249994202982634, 737280.836970026022755, 0.0 ], [ 722572.420994202024303, 737281.340970032033511, 0.0 ], [ 722575.834994202945381, 737281.748970021959394, 0.0 ], [ 722578.253994200960733, 737281.70297003001906, 0.0 ], [ 722581.39599420002196, 737281.427970021031797, 0.0 ], [ 722584.701994200004265, 737280.933970030979253, 0.0 ], [ 722588.973994198953733, 737279.954970028018579, 0.0 ], [ 722590.480994198005646, 737279.415970026981086, 0.0 ], [ 722593.564994198037311, 737277.660970028955489, 0.0 ], [ 722596.567994197015651, 737275.883970028953627, 0.0 ], [ 722599.436994196963497, 737273.745970029034652, 0.0 ], [ 722601.704994195955805, 737271.717970020021312, 0.0 ], [ 722603.953994194976985, 737269.549970022053458, 0.0 ], [ 722606.076994194998406, 737267.920970023027621, 0.0 ], [ 722607.932994193979539, 737266.767970029031858, 0.0 ], [ 722609.831994193955325, 737265.294970021001063, 0.0 ], [ 722612.503994193975814, 737262.993970023002476, 0.0 ], [ 722614.840994192054495, 737260.226970023009926, 0.0 ], [ 722616.005994191975333, 737258.504970022011548, 0.0 ], [ 722616.771994192968123, 737256.615970024024136, 0.0 ], [ 722617.303994192043319, 737255.663970025954768, 0.0 ], [ 722618.173994192038663, 737254.956970029044896, 0.0 ], [ 722619.189994191983715, 737253.831970026018098, 0.0 ], [ 722620.584994190954603, 737252.751970023964532, 0.0 ], [ 722621.533994190976955, 737252.044970022048801, 0.0 ], [ 722623.035994190955535, 737250.426970027037896, 0.0 ], [ 722624.913994190050289, 737247.694970029057004, 0.0 ], [ 722626.584994190023281, 737245.399970027036034, 0.0 ], [ 722627.638994188979268, 737244.414970020996407, 0.0 ], [ 722629.21299418900162, 737243.396970023051836, 0.0 ], [ 722630.718994189053774, 737242.837970016989857, 0.0 ], [ 722632.540994188981131, 737242.703970022965223, 0.0 ], [ 722634.905994188040495, 737242.336970028001815, 0.0 ], [ 722637.189994186977856, 737241.90997001901269, 0.0 ], [ 722638.273994187009521, 737241.624970025965013, 0.0 ], [ 722639.440994187025353, 737241.101970023009926, 0.0 ], [ 722641.253994185943156, 737240.107970020966604, 0.0 ], [ 722642.440994185977615, 737239.58497001894284, 0.0 ], [ 722644.303994184941985, 737239.370970024028793, 0.0 ], [ 722648.693994184024632, 737238.492970022023655, 0.0 ], [ 722652.158994183992036, 737238.041970017016865, 0.0 ], [ 722654.459994183038361, 737237.854970020009205, 0.0 ], [ 722656.998994181980379, 737237.910970021039248, 0.0 ], [ 722659.073994182050228, 737238.159970019944012, 0.0 ], [ 722661.085994180990383, 737238.727970022009686, 0.0 ], [ 722663.352994180982932, 737239.499970017001033, 0.0 ], [ 722667.785994180012494, 737241.360970017965883, 0.0 ], [ 722669.912994178943336, 737242.230970020056702, 0.0 ], [ 722672.025994178955443, 737242.66097002197057, 0.0 ], [ 722672.685994178988039, 737242.669970017974265, 0.0 ], [ 722674.272994177998044, 737242.051970020052977, 0.0 ], [ 722675.719994178041816, 737241.572970020002685, 0.0 ], [ 722676.66799417801667, 737240.945970020024106, 0.0 ], [ 722677.295994178042747, 737240.374970025965013, 0.0 ], [ 722678.075994177022949, 737238.906970020965673, 0.0 ], [ 722678.153994178050198, 737237.588970019016415, 0.0 ], [ 722677.949994178023189, 737236.485970019944943, 0.0 ], [ 722677.603994176955894, 737235.481970018008724, 0.0 ], [ 722677.329994176980108, 737235.057970019988716, 0.0 ], [ 722676.299994177999906, 737234.44397001399193, 0.0 ], [ 722674.552994178025983, 737233.519970022956841, 0.0 ], [ 722672.627994177979417, 737232.472970022005029, 0.0 ], [ 722669.756994178984314, 737230.592970015946776, 0.0 ], [ 722668.863994178944267, 737230.060970020014793, 0.0 ], [ 722667.732994180056266, 737229.445970018976368, 0.0 ], [ 722666.728994179982692, 737228.431970019009896, 0.0 ], [ 722665.691994179971516, 737226.79697002004832, 0.0 ], [ 722664.176994181005284, 737225.056970024015754, 0.0 ], [ 722662.153994180960581, 737222.46897002204787, 0.0 ], [ 722661.234994180966169, 737221.017970020999201, 0.0 ], [ 722660.053994180983864, 737218.280970023944974, 0.0 ], [ 722659.513994181994349, 737216.873970018001273, 0.0 ], [ 722659.293994182022288, 737215.451970017980784, 0.0 ], [ 722659.31299418094568, 737214.132970017963089, 0.0 ], [ 722659.690994182019494, 737212.817970026982948, 0.0 ], [ 722660.728994181961752, 737210.114970025955699, 0.0 ], [ 722661.951994181028567, 737206.932970019057393, 0.0 ], [ 722662.688994180993177, 737205.783970020944253, 0.0 ], [ 722663.217994180042297, 737205.11197001801338, 0.0 ], [ 722664.650994180003181, 737204.171970020979643, 0.0 ], [ 722667.084994180011563, 737203.065970020950772, 0.0 ], [ 722668.390994179993868, 737202.605970017961226, 0.0 ], [ 722669.531994180055335, 737202.521970016998239, 0.0 ], [ 722670.569994179997593, 737202.69597001594957, 0.0 ], [ 722671.919994179042988, 737203.274970020051114, 0.0 ], [ 722674.316994177992456, 737204.887970015057363, 0.0 ], [ 722675.742994177970104, 737205.867970025981776, 0.0 ], [ 722676.477994177956134, 737206.117970017949119, 0.0 ], [ 722677.750994178000838, 737206.575970023986883, 0.0 ], [ 722678.510994178010151, 737206.62697001604829, 0.0 ], [ 722682.809994176961482, 737206.566970012965612, 0.0 ], [ 722684.389994175988249, 737206.509970020037144, 0.0 ], [ 722687.493994174990803, 737206.153970018960536, 0.0 ], [ 722689.654994174954481, 737206.023970018024556, 0.0 ], [ 722692.350994174019434, 737206.181970017962158, 0.0 ], [ 722696.668994172941893, 737206.222970018978231, 0.0 ], [ 722701.107994170975871, 737206.144970017019659, 0.0 ], [ 722703.168994170962833, 737206.033970016054809, 0.0 ], [ 722705.034994169953279, 737205.500970021006651, 0.0 ], [ 722705.917994169984013, 737205.272970014950261, 0.0 ], [ 722708.011994170024991, 737204.302970016957261, 0.0 ], [ 722710.4049941690173, 737203.236970019992441, 0.0 ], [ 722712.088994169025682, 737202.940970016992651, 0.0 ], [ 722713.407994169043377, 737202.938970015966333, 0.0 ], [ 722714.681994169019163, 737203.356970019056462, 0.0 ], [ 722716.45599416794721, 737203.761970020015724, 0.0 ], [ 722718.091994168004021, 737203.964970021042973, 0.0 ], [ 722719.386994166998193, 737204.262970017036423, 0.0 ], [ 722720.638994166976772, 737204.800970016047359, 0.0 ], [ 722722.318994167027995, 737206.182970013003796, 0.0 ], [ 722724.531994165969081, 737208.05397001397796, 0.0 ], [ 722726.021994165959768, 737210.1149700100068, 0.0 ], [ 722727.249994165962562, 737212.370970012038015, 0.0 ], [ 722728.374994165031239, 737214.784970017964952, 0.0 ], [ 722729.401994165033102, 737217.09897001797799, 0.0 ], [ 722730.289994164952077, 737219.389970017015003, 0.0 ], [ 722731.520994164980948, 737221.426970015047118, 0.0 ], [ 722732.757994164014235, 737223.063970018993132, 0.0 ], [ 722733.724994163960218, 737223.896970015019178, 0.0 ], [ 722734.457994163967669, 737224.366970013943501, 0.0 ], [ 722735.830994163057767, 737224.805970023968257, 0.0 ], [ 722741.183994162012823, 737226.580970015958883, 0.0 ], [ 722742.940994160948321, 737226.72597001795657, 0.0 ], [ 722744.397994162049145, 737226.885970012051985, 0.0 ], [ 722745.01699416199699, 737227.014970013056882, 0.0 ], [ 722745.568994160043076, 737227.542970011942089, 0.0 ], [ 722746.336994161014445, 737228.412970021017827, 0.0 ], [ 722747.821994159952737, 737229.372970012947917, 0.0 ], [ 722749.627994160051458, 737230.318970020976849, 0.0 ], [ 722751.218994159949943, 737230.960970017011277, 0.0 ], [ 722752.571994159021415, 737231.359970011049882, 0.0 ], [ 722753.106994159054011, 737231.706970019033179, 0.0 ], [ 722754.527994159027003, 737231.626970018958673, 0.0 ], [ 722756.247994157951325, 737231.571970021002926, 0.0 ], [ 722757.226994159049354, 737231.564970016945153, 0.0 ], [ 722759.398994156974368, 737232.095970010966994, 0.0 ], [ 722762.943994155968539, 737233.024970020982437, 0.0 ], [ 722766.668994155945256, 737234.016970015014522, 0.0 ], [ 722768.955994155956432, 737234.908970013959333, 0.0 ], [ 722771.214994154986925, 737236.280970014980994, 0.0 ], [ 722774.487994153983891, 737238.1449700120138, 0.0 ], [ 722777.993994152988307, 737240.453970005037263, 0.0 ], [ 722779.341994152986445, 737241.291970012011006, 0.0 ], [ 722780.513994151959196, 737241.828970015980303, 0.0 ], [ 722781.76799415203277, 737242.14597001101356, 0.0 ], [ 722783.443994152010418, 737242.389970008051023, 0.0 ], [ 722784.162994151003659, 737242.479970015003346, 0.0 ], [ 722784.794994152034633, 737243.008970009046607, 0.0 ], [ 722785.896994150942191, 737244.203970017028041, 0.0 ], [ 722786.756994151044637, 737245.674970017978922, 0.0 ], [ 722788.091994149959646, 737247.372970015043393, 0.0 ], [ 722789.020994149963371, 737248.185970016987994, 0.0 ], [ 722790.11099415004719, 737248.880970012047328, 0.0 ], [ 722791.003994149039499, 737249.273970016045496, 0.0 ], [ 722791.904994150041603, 737249.206970004946925, 0.0 ], [ 722794.711994149023667, 737248.625970009947196, 0.0 ], [ 722796.777994147967547, 737248.155970009043813, 0.0 ], [ 722798.563994148047641, 737247.680970013956539, 0.0 ], [ 722799.762994147953577, 737247.637970009003766, 0.0 ], [ 722800.72099414805416, 737247.810970013029873, 0.0 ], [ 722802.309994147974066, 737248.57297000894323, 0.0 ], [ 722803.499994146986865, 737249.229970015003346, 0.0 ], [ 722805.013994146953337, 737249.549970014020801, 0.0 ], [ 722806.553994145942852, 737249.531970013980754, 0.0 ], [ 722808.475994145963341, 737249.398970014997758, 0.0 ], [ 722810.015994144952856, 737249.320970010943711, 0.0 ], [ 722812.084994144970551, 737250.029970015981235, 0.0 ], [ 722813.987994143972173, 737251.156970013980754, 0.0 ], [ 722815.570994143956341, 737252.338970017968677, 0.0 ], [ 722816.576994144008495, 737253.312970009050332, 0.0 ], [ 722817.280994144035503, 737254.420970016042702, 0.0 ], [ 722817.610994142945856, 737255.125970014021732, 0.0 ], [ 722818.302994144032709, 737255.694970007054508, 0.0 ], [ 722819.553994143032469, 737256.252970015048049, 0.0 ], [ 722821.005994142964482, 737256.832970013027079, 0.0 ], [ 722824.046994142001495, 737258.034970005042851, 0.0 ], [ 722826.167994140996598, 737257.964970014058053, 0.0 ], [ 722828.074994141003117, 737257.432970004971139, 0.0 ], [ 722830.058994141058065, 737257.040970008005388, 0.0 ], [ 722831.700994140002877, 737256.86397000902798, 0.0 ], [ 722832.816994140041061, 737257.119970006053336, 0.0 ], [ 722833.886994139989838, 737257.733970002969727, 0.0 ], [ 722835.869994138949551, 737258.920970014994964, 0.0 ], [ 722836.386994138010778, 737259.188970012008213, 0.0 ], [ 722837.108994139009155, 737258.998970014043152, 0.0 ], [ 722838.673994138021953, 737258.520970006007701, 0.0 ], [ 722840.681994138052687, 737257.98897000704892, 0.0 ], [ 722841.783994136960246, 737257.784970015985891, 0.0 ], [ 722843.263994137058035, 737257.7059700130485, 0.0 ], [ 722844.599994136951864, 737257.964970011962578, 0.0 ], [ 722846.265994137036614, 737258.967970015015453, 0.0 ], [ 722847.88499413698446, 737260.330970005947165, 0.0 ], [ 722851.014994136057794, 737263.872970005962998, 0.0 ], [ 722851.583994135027751, 737264.600970002007671, 0.0 ], [ 722852.156994136050344, 737265.028970003011636, 0.0 ], [ 722853.264994135010056, 737265.843970007030293, 0.0 ], [ 722854.28799413505476, 737267.056970008998178, 0.0 ], [ 722856.657994134002365, 737270.609970006975345, 0.0 ], [ 722857.20099413394928, 737271.716970002977178, 0.0 ], [ 722857.313994133961387, 737272.217970003955998, 0.0 ], [ 722857.034994133980945, 737273.613970006001182, 0.0 ], [ 722855.485994133981876, 737272.851970014045946, 0.0 ], [ 722854.873994134017266, 737272.283970010001212, 0.0 ], [ 722853.748994134948589, 737269.848970004008152, 0.0 ], [ 722852.77299413504079, 737268.135970014031045, 0.0 ], [ 722851.887994135962799, 737267.163970008026809, 0.0 ], [ 722850.661994136055, 737266.187970008002594, 0.0 ], [ 722849.749994136043824, 737265.634970010025427, 0.0 ], [ 722848.982994136051275, 737264.703970010974444, 0.0 ], [ 722848.471994135994464, 737264.096970004960895, 0.0 ], [ 722847.865994137013331, 737263.128970006015152, 0.0 ], [ 722846.801994137000293, 737262.033970013959333, 0.0 ], [ 722845.39799413701985, 737260.934970011003315, 0.0 ], [ 722844.80299413704779, 737260.586970005999319, 0.0 ], [ 722843.523994136950932, 737260.568970003980212, 0.0 ], [ 722841.901994138024747, 737260.785970008000731, 0.0 ], [ 722840.855994138051756, 737261.230970010044985, 0.0 ], [ 722838.210994138964452, 737261.613970009959303, 0.0 ], [ 722835.108994140056893, 737261.869970015948638, 0.0 ], [ 722833.881994139053859, 737260.992970008053817, 0.0 ], [ 722833.067994139972143, 737260.581970011000521, 0.0 ], [ 722832.451994140050374, 737260.332970004994422, 0.0 ], [ 722831.933994140010327, 737260.225970010040328, 0.0 ], [ 722830.670994139974937, 737260.447970011038706, 0.0 ], [ 722828.720994140952826, 737261.15997001202777, 0.0 ], [ 722827.858994140988216, 737261.427970007993281, 0.0 ], [ 722826.059994142036885, 737261.322970006964169, 0.0 ], [ 722823.704994142055511, 737261.089970011962578, 0.0 ], [ 722821.792994142975658, 737260.562970011960715, 0.0 ], [ 722819.878994142985903, 737260.155970009975135, 0.0 ], [ 722819.062994142994285, 737259.883970016031526, 0.0 ], [ 722817.71299414394889, 737259.264970008982345, 0.0 ], [ 722816.684994144015945, 737258.41097001102753, 0.0 ], [ 722814.750994144007564, 737256.624970015953295, 0.0 ], [ 722813.388994144974276, 737255.4259700110415, 0.0 ], [ 722812.239994144998491, 737254.629970015026629, 0.0 ], [ 722811.087994144996628, 737254.133970018010587, 0.0 ], [ 722809.057994146016426, 737253.526970010949299, 0.0 ], [ 722807.345994145958684, 737252.982970005949028, 0.0 ], [ 722806.00999414594844, 737252.683970006997697, 0.0 ], [ 722804.253994146944024, 737252.498970007989556, 0.0 ], [ 722802.275994147057645, 737252.410970009979792, 0.0 ], [ 722799.436994147021323, 737252.410970011958852, 0.0 ], [ 722797.734994148020633, 737252.586970012984239, 0.0 ], [ 722795.747994148987345, 737253.138970018946566, 0.0 ], [ 722794.345994148985483, 737253.358970007975586, 0.0 ], [ 722792.823994148988277, 737253.497970015974715, 0.0 ], [ 722791.307994149043225, 737253.256970013026148, 0.0 ], [ 722789.954994149971753, 737252.857970015029423, 0.0 ], [ 722788.50399415101856, 737252.236970009980723, 0.0 ], [ 722787.25599415099714, 737251.379970006993972, 0.0 ], [ 722782.50699415197596, 737247.914970010053366, 0.0 ], [ 722781.197994151967578, 737247.11597001797054, 0.0 ], [ 722778.852994153043255, 737246.162970016943291, 0.0 ], [ 722777.541994153987616, 737245.524970010039397, 0.0 ], [ 722776.195994153968059, 737244.586970016011037, 0.0 ], [ 722774.277994154021144, 737243.099970016046427, 0.0 ], [ 722772.952994154999033, 737242.041970017016865, 0.0 ], [ 722772.197994154994376, 737241.69097001105547, 0.0 ], [ 722770.568994155037217, 737241.009970018058084, 0.0 ], [ 722767.728994156001136, 737239.689970009960234, 0.0 ], [ 722765.06499415601138, 737238.591970009962097, 0.0 ], [ 722762.257994157029316, 737237.772970014018938, 0.0 ], [ 722760.822994156973436, 737237.472970013041049, 0.0 ], [ 722759.711994157987647, 737236.876970008015633, 0.0 ], [ 722758.715994157944806, 737236.583970010047778, 0.0 ], [ 722757.040994158014655, 737236.280970011022873, 0.0 ], [ 722754.9439941579476, 737236.110970019013621, 0.0 ], [ 722751.674994159955531, 737235.504970020032488, 0.0 ], [ 722748.106994159985334, 737234.694970021024346, 0.0 ], [ 722744.423994160955772, 737233.603970017051324, 0.0 ], [ 722740.502994162030518, 737232.389970010961406, 0.0 ], [ 722739.26999416295439, 737231.911970017012209, 0.0 ], [ 722735.176994164008647, 737230.114970013964921, 0.0 ], [ 722728.876994165009819, 737227.387970009003766, 0.0 ], [ 722727.308994165039621, 737226.685970023972914, 0.0 ], [ 722726.158994165947661, 737225.98997001897078, 0.0 ], [ 722724.774994165985845, 737224.829970016959123, 0.0 ], [ 722724.300994166056626, 737224.403970021987334, 0.0 ], [ 722724.088994165998884, 737223.841970026027411, 0.0 ], [ 722723.878994166967459, 737223.17897001595702, 0.0 ], [ 722723.568994165980257, 737222.454970013001002, 0.0 ], [ 722723.419994167052209, 737221.672970014042221, 0.0 ], [ 722723.339994166046381, 737220.231970011023805, 0.0 ], [ 722723.068994165980257, 737218.249970015021972, 0.0 ], [ 722722.572994166985154, 737216.562970018945634, 0.0 ], [ 722721.505994166946039, 737214.248970012995414, 0.0 ], [ 722720.586994166951627, 737212.776970018981956, 0.0 ], [ 722719.758994166972116, 737211.924970014952123, 0.0 ], [ 722718.173994168057106, 737210.982970023993403, 0.0 ], [ 722716.422994168009609, 737210.338970022043213, 0.0 ], [ 722715.249994168058038, 737209.882970019010827, 0.0 ], [ 722714.190994168049656, 737209.767970014945604, 0.0 ], [ 722713.172994169057347, 737209.713970014941879, 0.0 ], [ 722712.091994169051759, 737209.797970014973544, 0.0 ], [ 722710.144994170055725, 737210.330970020964742, 0.0 ], [ 722707.273994170012884, 737211.248970018001273, 0.0 ], [ 722705.226994171040133, 737211.779970019008033, 0.0 ], [ 722703.604994170949794, 737212.016970011987723, 0.0 ], [ 722702.1849941710243, 737212.016970021999441, 0.0 ], [ 722700.262994172051549, 737212.189970017992891, 0.0 ], [ 722696.575994172948413, 737212.797970018000342, 0.0 ], [ 722694.414994174032472, 737213.007970022037625, 0.0 ], [ 722692.913994173053652, 737213.046970022027381, 0.0 ], [ 722691.794994174037129, 737213.010970021015964, 0.0 ], [ 722689.780994175001979, 737212.701970019028522, 0.0 ], [ 722686.809994174982421, 737212.10097001795657, 0.0 ], [ 722683.77799417602364, 737211.617970015970059, 0.0 ], [ 722681.924994176952168, 737211.152970019029453, 0.0 ], [ 722679.591994176968001, 737210.739970018039457, 0.0 ], [ 722677.015994178014807, 737210.523970023961738, 0.0 ], [ 722675.659994179033674, 737210.344970016973093, 0.0 ], [ 722674.184994179056957, 737210.023970021051355, 0.0 ], [ 722672.867994179017842, 737209.825970020960085, 0.0 ], [ 722671.803994179004803, 737210.110970014007762, 0.0 ], [ 722670.117994179949164, 737210.62697002501227, 0.0 ], [ 722668.142994179972447, 737211.678970020031556, 0.0 ], [ 722667.454994180006906, 737212.26797001704108, 0.0 ], [ 722666.826994179980829, 737212.858970017987303, 0.0 ], [ 722666.398994180024602, 737213.472970015951432, 0.0 ], [ 722665.946994181023911, 737214.385970016010106, 0.0 ], [ 722665.805994180031121, 737215.883970023947768, 0.0 ], [ 722666.016994180972688, 737217.885970017989166, 0.0 ], [ 722666.648994180024602, 737219.853970017051324, 0.0 ], [ 722667.547994180000387, 737221.28597002197057, 0.0 ], [ 722669.194994179997593, 737223.62797001702711, 0.0 ], [ 722671.578994179028086, 737226.159970022039488, 0.0 ], [ 722673.18099417805206, 737227.302970021031797, 0.0 ], [ 722674.574994178023189, 737227.761970020947047, 0.0 ], [ 722675.731994178029709, 737227.898970021982677, 0.0 ], [ 722678.190994177013636, 737227.892970017972402, 0.0 ], [ 722679.966994176968001, 737228.157970024971291, 0.0 ], [ 722681.578994177049026, 737228.600970020052046, 0.0 ], [ 722683.386994175962172, 737229.425970023032278, 0.0 ], [ 722684.73299417598173, 737230.403970015002415, 0.0 ], [ 722685.322994175949134, 737231.111970021971501, 0.0 ], [ 722685.989994175033644, 737232.060970020946115, 0.0 ], [ 722686.681994174956344, 737233.950970028992742, 0.0 ], [ 722687.311994174961001, 737236.03797001496423, 0.0 ], [ 722687.489994175033644, 737239.07897002401296, 0.0 ], [ 722687.280994175001979, 737242.495970022049733, 0.0 ], [ 722686.681994176004082, 737243.965970017947257, 0.0 ], [ 722685.84399417496752, 737245.2339700240409, 0.0 ], [ 722684.125994176021777, 737246.528970025014132, 0.0 ], [ 722682.311994177056476, 737247.62397002405487, 0.0 ], [ 722680.523994176997803, 737248.237970015965402, 0.0 ], [ 722678.63699417700991, 737248.770970026962459, 0.0 ], [ 722677.673994177952409, 737249.036970013054088, 0.0 ], [ 722676.545994178042747, 737249.640970021020621, 0.0 ], [ 722674.710994177963585, 737250.734970016987063, 0.0 ], [ 722673.485994179034606, 737251.056970015051775, 0.0 ], [ 722672.385994179057889, 737251.161970017943531, 0.0 ], [ 722670.01399417896755, 737250.668970025028102, 0.0 ], [ 722667.963994179968722, 737250.059970017056912, 0.0 ], [ 722666.135994181036949, 737249.2339700240409, 0.0 ], [ 722663.990994179970585, 737248.164970022975467, 0.0 ], [ 722660.913994182017632, 737246.621970023028553, 0.0 ], [ 722658.588994181947783, 737245.669970019953325, 0.0 ], [ 722656.497994182980619, 737245.059970021946356, 0.0 ], [ 722654.263994183042087, 737244.688970015966333, 0.0 ], [ 722652.346994183957577, 737244.562970023951493, 0.0 ], [ 722650.368994183954783, 737244.45497002301272, 0.0 ], [ 722649.226994183962233, 737244.678970020031556, 0.0 ], [ 722647.164994184975512, 737244.849970020004548, 0.0 ], [ 722644.01399418595247, 737245.723970022983849, 0.0 ], [ 722641.342994185979478, 737246.585970023996197, 0.0 ], [ 722639.696994186961092, 737247.062970016035251, 0.0 ], [ 722639.136994187021628, 737247.114970023045316, 0.0 ], [ 722637.437994186999276, 737247.050970025942661, 0.0 ], [ 722636.004994187969714, 737246.530970013001934, 0.0 ], [ 722634.928994187968783, 737246.375970017979853, 0.0 ], [ 722633.285994188045152, 737246.572970023960806, 0.0 ], [ 722631.83799418900162, 737247.191970019019209, 0.0 ], [ 722630.929994188947603, 737247.738970021950081, 0.0 ], [ 722629.493994188960642, 737249.018970023025759, 0.0 ], [ 722628.844994190032594, 737249.669970024027862, 0.0 ], [ 722628.334994190023281, 737250.32097001594957, 0.0 ], [ 722627.512994189979509, 737251.928970015025698, 0.0 ], [ 722626.329994190018624, 737255.030970023944974, 0.0 ], [ 722624.30999419, 737259.381970021990128, 0.0 ], [ 722622.600994191016071, 737262.835970022948459, 0.0 ], [ 722621.759994191001169, 737264.442970028030686, 0.0 ], [ 722620.377994191017933, 737265.982970025972463, 0.0 ], [ 722617.783994192024693, 737268.54597002803348, 0.0 ], [ 722615.712994192028418, 737270.715970020974055, 0.0 ], [ 722614.490994191961363, 737272.317970028962009, 0.0 ], [ 722613.574994193040766, 737273.464970028027892, 0.0 ], [ 722611.450994192971848, 737275.253970021964051, 0.0 ], [ 722608.721994193969294, 737277.474970021052286, 0.0 ], [ 722605.048994194949046, 737279.860970029956661, 0.0 ], [ 722599.459994195960462, 737283.520970026031137, 0.0 ], [ 722595.18199419695884, 737286.339970021042973, 0.0 ], [ 722591.353994198027067, 737288.384970023995265, 0.0 ], [ 722589.060994199011475, 737289.451970019959845, 0.0 ], [ 722587.071994199999608, 737290.103970029973425, 0.0 ], [ 722584.244994200998917, 737290.723970024031587, 0.0 ], [ 722580.702994200983085, 737290.973970031947829, 0.0 ], [ 722577.041994201950729, 737291.042970026959665, 0.0 ], [ 722574.262994203018025, 737291.082970021991059, 0.0 ], [ 722570.945994202978909, 737290.996970021980815, 0.0 ], [ 722567.526994204032235, 737291.008970028022304, 0.0 ], [ 722564.570994204957969, 737290.846970028942451, 0.0 ], [ 722562.256994204944931, 737290.473970029968768, 0.0 ], [ 722559.797994205961004, 737290.479970026994124, 0.0 ], [ 722558.19499420595821, 737290.696970036020502, 0.0 ], [ 722557.032994206994772, 737290.920970025006682, 0.0 ], [ 722556.145994205959141, 737291.447970028035343, 0.0 ], [ 722555.286994206951931, 737292.755970026948489, 0.0 ], [ 722555.106994207017124, 737294.211970021016896, 0.0 ], [ 722555.312994207022712, 737298.013970030006021, 0.0 ], [ 722555.711994206998497, 737300.93797003198415, 0.0 ], [ 722555.895994207006879, 737303.498970023007132, 0.0 ], [ 722555.716994207003154, 737304.855970024014823, 0.0 ], [ 722556.315994207048789, 737306.344970028963871, 0.0 ], [ 722557.736994205974042, 737307.62297002505511, 0.0 ], [ 722559.507994206040166, 737309.627970024943352, 0.0 ], [ 722560.564994205022231, 737311.20297003001906, 0.0 ], [ 722560.967994204955176, 737312.40697002003435, 0.0 ], [ 722561.509994206018746, 737313.733970026951283, 0.0 ], [ 722562.550994205987081, 737315.008970021037385, 0.0 ], [ 722563.83399420499336, 737316.226970029994845, 0.0 ], [ 722565.237994204042479, 737317.244970028055832, 0.0 ], [ 722565.968994203954935, 737316.476970021962188, 0.0 ], [ 722566.714994203997776, 737316.046970022958703, 0.0 ], [ 722567.691994203953072, 737316.240970026003197, 0.0 ], [ 722568.875994203961454, 737317.295970023958944, 0.0 ], [ 722569.978994203964248, 737318.471970023005269, 0.0 ], [ 722570.641994202975184, 737319.720970027032308, 0.0 ], [ 722570.942994202952832, 737321.043970023980364, 0.0 ], [ 722571.106994202942587, 737322.165970026981086, 0.0 ], [ 722572.282994203967974, 737323.861970028025098, 0.0 ], [ 722574.503994202008471, 737326.511970023973845, 0.0 ], [ 722575.263994202017784, 737327.941970026004128, 0.0 ], [ 722576.17599420202896, 737329.874970027944073, 0.0 ], [ 722577.400994202005677, 737330.950970027013682, 0.0 ], [ 722579.124994202051312, 737331.974970030947588, 0.0 ], [ 722580.990994201041758, 737332.980970027041622, 0.0 ], [ 722582.036994199967012, 737333.935970025951974, 0.0 ], [ 722582.626994200982153, 737334.602970025036484, 0.0 ], [ 722583.541994199971668, 737336.374970020959154, 0.0 ], [ 722585.699994200025685, 737340.723970022052526, 0.0 ], [ 722588.605994199053384, 737345.902970022987574, 0.0 ], [ 722590.326994198956527, 737348.565970028052106, 0.0 ], [ 722592.233994198031723, 737350.91197002097033, 0.0 ], [ 722593.35099419800099, 737352.547970024985261, 0.0 ], [ 722593.734994197962806, 737353.631970025016926, 0.0 ], [ 722593.996994197950698, 737354.834970021969639, 0.0 ], [ 722593.690994197968394, 737356.790970023022965, 0.0 ], [ 722593.081994198029861, 737358.860970032052137, 0.0 ], [ 722592.048994197975844, 737361.165970021043904, 0.0 ], [ 722590.369994199019857, 737363.979970030952245, 0.0 ], [ 722588.372994199045934, 737366.730970024014823, 0.0 ], [ 722586.46099419996608, 737369.022970029967837, 0.0 ], [ 722584.536994199967012, 737370.775970019982196, 0.0 ], [ 722582.189994200947694, 737372.720970020978712, 0.0 ], [ 722578.694994200952351, 737375.351970026968047, 0.0 ], [ 722576.277994201984257, 737376.575970027945004, 0.0 ], [ 722573.782994203036651, 737377.760970021015964, 0.0 ], [ 722569.643994204001501, 737379.261970021994784, 0.0 ], [ 722565.245994205004536, 737380.659970022039488, 0.0 ], [ 722562.795994205051102, 737381.383970028953627, 0.0 ], [ 722557.759994206018746, 737382.632970032049343, 0.0 ], [ 722550.559994208044372, 737384.350970027968287, 0.0 ], [ 722541.27299421094358, 737386.519970025983639, 0.0 ], [ 722531.043994212988764, 737388.834970031981356, 0.0 ], [ 722520.215994216036052, 737391.161970025044866, 0.0 ], [ 722506.979994219029322, 737394.072970030014403, 0.0 ], [ 722494.027994222007692, 737396.729970037005842, 0.0 ], [ 722481.896994224982336, 737399.317970035015605, 0.0 ], [ 722466.556994228041731, 737402.540970031986944, 0.0 ], [ 722453.805994231952354, 737405.159970032051206, 0.0 ], [ 722439.607994235004298, 737408.217970038997009, 0.0 ], [ 722431.787994237034582, 737409.94797003804706, 0.0 ], [ 722429.039994237944484, 737410.508970033028163, 0.0 ], [ 722422.350994238979183, 737411.413970030960627, 0.0 ], [ 722415.658994241035543, 737412.419970031944104, 0.0 ], [ 722409.189994242042303, 737413.248970036976971, 0.0 ], [ 722403.202994244056754, 737413.902970041963272, 0.0 ], [ 722396.417994246003218, 737414.426970039028674, 0.0 ], [ 722390.213994247023948, 737414.939970038947649, 0.0 ], [ 722378.986994249047711, 737415.760970036033541, 0.0 ], [ 722368.959994251956232, 737416.479970042011701, 0.0 ], [ 722363.416994253988378, 737416.881970037007704, 0.0 ], [ 722361.33599425398279, 737417.07197004603222, 0.0 ], [ 722352.552994256024249, 737417.548970037954859, 0.0 ], [ 722341.009994258056395, 737418.04597004596144, 0.0 ], [ 722332.347994260955602, 737418.423970040050335, 0.0 ], [ 722324.26699426304549, 737418.83097003295552, 0.0 ], [ 722302.981994268018752, 737419.555970042943954, 0.0 ], [ 722295.533994268975221, 737419.915970050962642, 0.0 ], [ 722289.543994270963594, 737419.719970045029186, 0.0 ], [ 722281.757994272978976, 737419.234970045043156, 0.0 ], [ 722275.946994274971075, 737418.966970048029907, 0.0 ], [ 722265.53199427598156, 737419.064970046048984, 0.0 ], [ 722218.279994287993759, 737419.774970056023449, 0.0 ], [ 722197.580994292977266, 737419.821970043005422, 0.0 ], [ 722189.667994295014068, 737419.282970053027384, 0.0 ], [ 722185.692994295968674, 737418.669970048009418, 0.0 ], [ 722177.226994297001511, 737417.841970055014826, 0.0 ], [ 722171.219994298997335, 737417.213970054988749, 0.0 ], [ 722164.425994300050661, 737415.351970053045079, 0.0 ], [ 722159.127994301961735, 737413.569970058044419, 0.0 ], [ 722155.418994302977808, 737412.352970049949363, 0.0 ], [ 722143.413994304952212, 737409.371970055974089, 0.0 ], [ 722135.140994308050722, 737406.515970051987097, 0.0 ], [ 722125.152994310017675, 737403.065970057039522, 0.0 ], [ 722115.26899431203492, 737399.440970054944046, 0.0 ], [ 722108.281994314049371, 737397.091970050008968, 0.0 ], [ 722103.892994315014221, 737394.236970050958917, 0.0 ], [ 722099.79899431602098, 737390.676970056956634, 0.0 ], [ 722097.830994316958822, 737388.782970058033243, 0.0 ], [ 722096.91399431694299, 737386.376970060984604, 0.0 ], [ 722097.385994317010045, 737383.084970062016509, 0.0 ], [ 722098.67899431695696, 737379.301970054046251, 0.0 ], [ 722100.252994316047989, 737374.253970055957325, 0.0 ], [ 722101.933994314982556, 737370.172970050945878, 0.0 ], [ 722103.494994314969517, 737365.7599700599676, 0.0 ], [ 722105.42499431502074, 737359.371970060979947, 0.0 ], [ 722106.748994313995354, 737352.795970053994097, 0.0 ], [ 722107.683994314051233, 737346.667970053036697, 0.0 ], [ 722107.831994313979521, 737341.794970060000196, 0.0 ], [ 722107.672994313994423, 737337.016970054944977, 0.0 ], [ 722106.89599431399256, 737328.82397005695384, 0.0 ], [ 722105.973994315019809, 737321.541970061021857, 0.0 ], [ 722105.046994314994663, 737317.05397006100975, 0.0 ], [ 722103.936994315008633, 737312.891970059950836, 0.0 ], [ 722102.875994315021671, 737308.781970054027624, 0.0 ], [ 722101.308994316030294, 737305.830970057053491, 0.0 ], [ 722096.599994317046367, 737301.24197005701717, 0.0 ], [ 722093.480994316982105, 737298.462970060994849, 0.0 ], [ 722091.669994318042882, 737296.3179700600449, 0.0 ], [ 722090.411994318012148, 737294.438970054034144, 0.0 ], [ 722089.508994319010526, 737292.617970059043728, 0.0 ], [ 722088.687994317966513, 737290.467970055993646, 0.0 ], [ 722088.483994318987243, 737286.679970061057247, 0.0 ], [ 722088.976994319004007, 737283.591970055946149, 0.0 ], [ 722089.664994318969548, 737280.887970054056495, 0.0 ], [ 722089.976994319004007, 737277.973970054998063, 0.0 ], [ 722090.107994318008423, 737275.233970058034174, 0.0 ], [ 722090.400994319003075, 737273.25797005800996, 0.0 ], [ 722090.675994317978621, 737270.92797006003093, 0.0 ], [ 722089.466994317946956, 737267.855970056960359, 0.0 ], [ 722087.278994319029152, 737265.551970059983432, 0.0 ], [ 722084.661994318943471, 737263.010970053961501, 0.0 ], [ 722079.252994321053848, 737259.144970061024651, 0.0 ], [ 722075.604994322056882, 737256.176970061962493, 0.0 ], [ 722070.40699432301335, 737251.908970057964325, 0.0 ], [ 722066.738994323997758, 737248.635970058967359, 0.0 ], [ 722061.995994325028732, 737245.772970053949393, 0.0 ], [ 722058.603994325967506, 737243.92797006003093, 0.0 ], [ 722054.758994327043183, 737241.869970064028166, 0.0 ], [ 722051.458994326996617, 737240.508970062015578, 0.0 ], [ 722047.934994328999892, 737238.940970057039522, 0.0 ], [ 722040.080994329997338, 737236.676970056956634, 0.0 ], [ 722034.796994330943562, 737235.555970067041926, 0.0 ], [ 722030.310994331957772, 737235.060970055987127, 0.0 ], [ 722026.910994332982227, 737234.865970058948733, 0.0 ], [ 722022.118994334945455, 737234.465970059041865, 0.0 ], [ 722019.073994335019961, 737234.379970064037479, 0.0 ], [ 722016.159994335961528, 737234.06797006202396, 0.0 ], [ 722014.34199433599133, 737233.472970066010021, 0.0 ], [ 722013.587994336034171, 737232.986970067024231, 0.0 ], [ 722011.8599943369627, 737231.874970062985085, 0.0 ], [ 722009.62299433699809, 737229.441970068030059, 0.0 ], [ 722008.830994336982258, 737228.359970067976974, 0.0 ], [ 722008.48299433698412, 737228.014970069052652, 0.0 ], [ 722006.409994338057004, 737227.549970061983913, 0.0 ], [ 722002.801994338980876, 737227.579970063990913, 0.0 ], [ 721996.379994340008125, 737228.746970065054484, 0.0 ], [ 721993.777994340984151, 737229.304970058030449, 0.0 ], [ 721993.376994341029786, 737229.376970067038201, 0.0 ], [ 721991.866994341020472, 737229.647970056044869, 0.0 ], [ 721990.627994342008606, 737229.317970065982081, 0.0 ], [ 721990.36899434204679, 737229.005970058962703, 0.0 ], [ 721989.511994341970421, 737227.975970059982501, 0.0 ], [ 721989.458994342014194, 737226.806970068020746, 0.0 ], [ 721990.331994342035614, 737226.366970062023029, 0.0 ], [ 721993.242994340951554, 737225.509970061015338, 0.0 ], [ 721994.38899433996994, 737225.405970067018643, 0.0 ], [ 722000.109994339058176, 737223.791970063000917, 0.0 ], [ 722002.422994339023717, 737222.391970059019513, 0.0 ], [ 722005.004994338960387, 737221.553970056003891, 0.0 ], [ 722007.173994338023476, 737221.037970073055476, 0.0 ], [ 722008.964994337991811, 737220.387970059993677, 0.0 ], [ 722009.991994336945936, 737219.823970061959699, 0.0 ], [ 722010.511994336964563, 737219.199970065033995, 0.0 ], [ 722010.381994336959906, 737218.105970063013956, 0.0 ], [ 722009.115994337014854, 737216.63297005998902, 0.0 ], [ 722007.074994337977841, 737214.483970065950416, 0.0 ], [ 722004.312994337989949, 737212.955970057984814, 0.0 ], [ 722000.627994338981807, 737210.494970064028166, 0.0 ], [ 721997.671994340023957, 737208.430970062036067, 0.0 ], [ 721996.021994341048412, 737207.152970061055385, 0.0 ], [ 721995.872994340956211, 737203.136970064020716, 0.0 ], [ 721995.08999434101861, 737199.108970060013235, 0.0 ], [ 721994.215994340949692, 737195.79097006097436, 0.0 ], [ 721993.215994340949692, 737192.442970064003021, 0.0 ], [ 721992.398994341026992, 737190.090970062999986, 0.0 ], [ 721991.504994341987185, 737187.760970068047754, 0.0 ], [ 721990.497994342003949, 737186.116970067028888, 0.0 ], [ 721989.93599434196949, 737184.987970066955313, 0.0 ], [ 721986.048994343029335, 737182.445970067055896, 0.0 ], [ 721984.735994342947379, 737181.605970061966218, 0.0 ], [ 721980.484994343947619, 737178.754970066947863, 0.0 ], [ 721978.179994344944134, 737177.160970065975562, 0.0 ], [ 721974.605994345969521, 737174.294970066985115, 0.0 ], [ 721965.904994347016327, 737167.417970067006536, 0.0 ], [ 721964.030994347995147, 737165.83097006904427, 0.0 ], [ 721960.314994349027984, 737162.404970068950206, 0.0 ], [ 721956.379994350019842, 737158.542970056994818, 0.0 ], [ 721951.475994350970723, 737153.543970071012154, 0.0 ], [ 721948.591994352056645, 737150.387970068957657, 0.0 ], [ 721944.210994353052229, 737145.906970064039342, 0.0 ], [ 721941.818994353991002, 737143.623970065033063, 0.0 ], [ 721937.6609943540534, 737139.401970069971867, 0.0 ], [ 721929.840994355967268, 737131.678970071021467, 0.0 ], [ 721919.136994358035736, 737120.772970066056587, 0.0 ], [ 721915.582994358963333, 737116.867970068007708, 0.0 ], [ 721914.819994359044358, 737116.902970060007647, 0.0 ], [ 721896.813994362950325, 737095.211970070959069, 0.0 ], [ 721884.48999436700251, 737080.185970074962825, 0.0 ], [ 721865.426994370995089, 737056.721970075042918, 0.0 ], [ 721840.785994376987219, 737026.389970068004914, 0.0 ], [ 721834.7809943780303, 737019.286970076966099, 0.0 ], [ 721827.798994380049407, 737011.579970074002631, 0.0 ], [ 721821.880994381033815, 737005.213970076991245, 0.0 ], [ 721816.860994381946512, 736999.678970071021467, 0.0 ], [ 721810.018994383979589, 736991.238970077014528, 0.0 ], [ 721801.166994387051091, 736980.420970069942996, 0.0 ], [ 721790.77999438799452, 736967.642970075947233, 0.0 ], [ 721775.798994392040186, 736949.643970081000589, 0.0 ], [ 721757.436994396033697, 736926.649970076046884, 0.0 ], [ 721756.829994397005066, 736923.996970075997524, 0.0 ], [ 721754.771994397044182, 736920.171970083960332, 0.0 ], [ 721752.535994397941977, 736916.444970080978237, 0.0 ], [ 721749.421994397998787, 736912.06597007799428, 0.0 ], [ 721746.330994399031624, 736907.889970076037571, 0.0 ], [ 721749.745994398952462, 736905.487970079993829, 0.0 ], [ 721746.29499439895153, 736900.777970085036941, 0.0 ], [ 721742.019994399975985, 736902.470970076974481, 0.0 ], [ 721738.026994401006959, 736897.667970070033334, 0.0 ], [ 721731.161994401947595, 736889.073970076045953, 0.0 ], [ 721714.130994406994432, 736868.137970085954294, 0.0 ], [ 721708.900994407944381, 736861.659970078035258, 0.0 ], [ 721706.633994407951832, 736859.455970083014108, 0.0 ], [ 721704.187994409003295, 736857.273970081005245, 0.0 ], [ 721701.599994409014471, 736854.631970084970817, 0.0 ], [ 721695.692994410987012, 736847.708970078034326, 0.0 ], [ 721688.421994413016364, 736839.208970080944709, 0.0 ], [ 721682.504994414048269, 736832.766970076947473, 0.0 ], [ 721676.190994414966553, 736825.654970083967783, 0.0 ], [ 721644.499994423007593, 736787.8469700809801, 0.0 ], [ 721635.253994424943812, 736776.61097008001525, 0.0 ], [ 721623.527994427946396, 736762.091970084002241, 0.0 ], [ 721617.587994428002276, 736754.737970088026486, 0.0 ], [ 721604.701994432020001, 736738.854970084968954, 0.0 ], [ 721603.074994432972744, 736740.193970086984336, 0.0 ], [ 721558.657994442968629, 736686.052970090997405, 0.0 ], [ 721558.370994442957453, 736685.157970094005577, 0.0 ], [ 721558.137994442950003, 736684.13697008905001, 0.0 ], [ 721558.336994442972355, 736683.074970085988753, 0.0 ], [ 721557.582994443015195, 736680.188970086048357, 0.0 ], [ 721556.193994443048723, 736677.290970089030452, 0.0 ], [ 721554.719994443003088, 736674.770970090990886, 0.0 ], [ 721552.860994443995878, 736672.548970096977428, 0.0 ], [ 721550.973994445055723, 736670.401970083010383, 0.0 ], [ 721549.037994444952346, 736668.203970091999508, 0.0 ], [ 721547.339994444977492, 736666.772970087942667, 0.0 ], [ 721546.365994445979595, 736665.913970093009993, 0.0 ], [ 721544.711994445999153, 736664.788970096036792, 0.0 ], [ 721543.055994446040131, 736663.840970090008341, 0.0 ], [ 721542.099994446034543, 736663.363970092032105, 0.0 ], [ 721541.028994446969591, 736662.300970086012967, 0.0 ], [ 721539.387994447955862, 736660.59197008702904, 0.0 ], [ 721538.100994447013363, 736658.939970090053976, 0.0 ], [ 721537.305994446971454, 736659.278970089042559, 0.0 ], [ 721524.429164192988537, 736642.669867828022689, 0.0 ], [ 721504.683994455030188, 736616.455970088019967, 0.0 ], [ 721473.887994462042116, 736576.200970098958351, 0.0 ], [ 721452.650994466966949, 736548.047970097977668, 0.0 ], [ 721440.908994470024481, 736532.695970096043311, 0.0 ], [ 721436.895994471036829, 736527.358970094006509, 0.0 ], [ 721436.831994471023791, 736524.119970101048239, 0.0 ], [ 721435.901994470972568, 736522.095970095950179, 0.0 ], [ 721435.349994470947422, 736520.273970094975084, 0.0 ], [ 721434.069994471035898, 736516.508970099966973, 0.0 ], [ 721432.564994471962564, 736513.361970099969767, 0.0 ], [ 721431.514994472032413, 736511.358970100991428, 0.0 ], [ 721427.192994473036379, 736503.91997010295745, 0.0 ], [ 721423.959994473960251, 736498.505970092024654, 0.0 ], [ 721420.054994474980049, 736491.429970094002783, 0.0 ], [ 721417.002994474954903, 736485.975970093044452, 0.0 ], [ 721414.860994476010092, 736482.266970098018646, 0.0 ], [ 721413.851994476048276, 736480.163970098947175, 0.0 ], [ 721411.121994476998225, 736474.131970101036131, 0.0 ], [ 721409.241994476993568, 736469.96497010497842, 0.0 ], [ 721408.529994477052242, 736468.640970097039826, 0.0 ], [ 721421.993994473945349, 736458.489970096969046, 0.0 ], [ 721421.218994474038482, 736457.525970097049139, 0.0 ], [ 721407.715994477970526, 736467.397970102028921, 0.0 ], [ 721405.767994477995671, 736464.969970106030814, 0.0 ], [ 721403.12599447905086, 736461.517970100045204, 0.0 ], [ 721401.814994478947483, 736459.65197010198608, 0.0 ], [ 721400.623994478955865, 736457.765970099018887, 0.0 ], [ 721399.037994479993358, 736454.919970092945732, 0.0 ], [ 721397.175994480028749, 736451.532970099942759, 0.0 ], [ 721395.508994480012916, 736448.924970104009844, 0.0 ], [ 721393.777994481031783, 736447.017970100045204, 0.0 ], [ 721391.053994482033886, 736444.025970099959522, 0.0 ], [ 721388.270994481979869, 736440.772970102960244, 0.0 ], [ 721385.824994483031332, 736437.961970097967423, 0.0 ], [ 721383.936994482995942, 736435.57297010300681, 0.0 ], [ 721382.725994482985698, 736433.928970103035681, 0.0 ], [ 721381.276994484011084, 736431.741970103001222, 0.0 ], [ 721379.309994483948685, 736428.99397010798566, 0.0 ], [ 721377.125994484988041, 736426.104970096959732, 0.0 ], [ 721375.774994484963827, 736424.13797009899281, 0.0 ], [ 721374.288994485046715, 736421.431970098055899, 0.0 ], [ 721372.898994485964067, 736419.465970103046857, 0.0 ], [ 721371.866994485957548, 736418.000970097957179, 0.0 ], [ 721371.05099448596593, 736417.076970100984909, 0.0 ], [ 721367.487994487048127, 736413.980970103992149, 0.0 ], [ 721364.199994488037191, 736411.406970103038475, 0.0 ], [ 721362.148994487943128, 736409.816970100044273, 0.0 ], [ 721358.524994489038363, 736406.860970105975866, 0.0 ], [ 721356.474994488991797, 736404.95097009500023, 0.0 ], [ 721354.047994490014389, 736402.640970095992088, 0.0 ], [ 721352.657994491048157, 736400.473970097955316, 0.0 ], [ 721351.247994491015561, 736398.348970099003054, 0.0 ], [ 721348.865994491032325, 736395.017970102955587, 0.0 ], [ 721345.785994492005557, 736390.943970105028711, 0.0 ], [ 721342.784994491958059, 736387.190970101044513, 0.0 ], [ 721340.299994493019767, 736384.199970102054067, 0.0 ], [ 721338.751994492951781, 736382.07297010498587, 0.0 ], [ 721337.461994493962266, 736380.047970102983527, 0.0 ], [ 721335.634994494030252, 736377.239970110007562, 0.0 ], [ 721332.324994495022111, 736371.385970100993291, 0.0 ], [ 721327.489994495990686, 736362.385970100993291, 0.0 ], [ 721325.984994497033767, 736359.438970098039135, 0.0 ], [ 721324.59599449695088, 736357.053970105946064, 0.0 ], [ 721322.969994497019798, 736354.585970103973523, 0.0 ], [ 721321.538994497037493, 736352.639970103045925, 0.0 ], [ 721319.788994497968815, 736350.751970096025616, 0.0 ], [ 721317.539994498016313, 736348.68197010003496, 0.0 ], [ 721316.245994498021901, 736347.41597010102123, 0.0 ], [ 721315.267994498950429, 736347.091970109962858, 0.0 ], [ 721312.653994500054978, 736346.13897010195069, 0.0 ], [ 721310.27999449998606, 736344.868970102048479, 0.0 ], [ 721307.769994501024485, 736343.156970105948858, 0.0 ], [ 721306.374994501005858, 736342.189970107050613, 0.0 ], [ 721305.578994501032867, 736341.405970099032857, 0.0 ], [ 721303.255994501989335, 736338.156970110954717, 0.0 ], [ 721300.950994502054527, 736335.006970111979172, 0.0 ], [ 721298.270994503051043, 736331.254970103967935, 0.0 ], [ 721295.568994503002614, 736327.462970111053437, 0.0 ], [ 721289.475994504988194, 736318.194970109965652, 0.0 ], [ 721286.399994506035, 736313.582970101037063, 0.0 ], [ 721280.641994507052004, 736305.11797010502778, 0.0 ], [ 721275.817994507960975, 736298.017970112035982, 0.0 ], [ 721271.806994508951902, 736292.359970113961026, 0.0 ], [ 721269.046994509990327, 736288.667970109032467, 0.0 ], [ 721265.927994510042481, 736284.213970105047338, 0.0 ], [ 721262.911994509981014, 736279.720970107009634, 0.0 ], [ 721260.806994511978701, 736276.5529701160267, 0.0 ], [ 721259.100994511973113, 736274.204970109043643, 0.0 ], [ 721257.708994511980563, 736272.338970112032257, 0.0 ], [ 721256.276994512998499, 736270.611970104044303, 0.0 ], [ 721255.283994512050413, 736269.227970110019669, 0.0 ], [ 721254.351994512951933, 736267.583970103994943, 0.0 ], [ 721253.740994513034821, 736265.96197011496406, 0.0 ], [ 721253.288994512986392, 736264.359970108023845, 0.0 ], [ 721252.795994512969628, 736263.017970109009184, 0.0 ], [ 721252.418994512991048, 736262.356970114051364, 0.0 ], [ 721251.344994514016435, 736261.071970107033849, 0.0 ], [ 721249.670994514017366, 736259.86397011205554, 0.0 ], [ 721248.096994515042752, 736258.976970106945373, 0.0 ], [ 721246.561994513962418, 736257.969970106962137, 0.0 ], [ 721244.78999451501295, 736256.260970112984069, 0.0 ], [ 721242.603994515957311, 736253.791970103047788, 0.0 ], [ 721241.212994516012259, 736251.825970103032887, 0.0 ], [ 721239.980994516052306, 736250.260970109025948, 0.0 ], [ 721238.230994516052306, 736248.492970117949881, 0.0 ], [ 721236.717994516948238, 736247.044970105052926, 0.0 ], [ 721235.821994516998529, 736246.139970110030845, 0.0 ], [ 721234.406994516961277, 736245.154970110976137, 0.0 ], [ 721232.892994518042542, 736244.187970109982416, 0.0 ], [ 721232.176994518027641, 736243.444970107986592, 0.0 ], [ 721231.402994518051855, 736242.280970109044574, 0.0 ], [ 721230.724994517979212, 736241.857970108045265, 0.0 ], [ 721228.411994518944994, 736240.727970106992871, 0.0 ], [ 721226.47699451900553, 736239.738970114034601, 0.0 ], [ 721225.022994520026259, 736238.471970106009394, 0.0 ], [ 721222.157994520035572, 736235.678970113047399, 0.0 ], [ 721219.690994521020912, 736233.487970105954446, 0.0 ], [ 721218.016994521021843, 736231.960970108979382, 0.0 ], [ 721215.747994521982037, 736229.86997010500636, 0.0 ], [ 721213.636994521948509, 736228.220970108057372, 0.0 ], [ 721212.201994523056783, 736227.253970106947236, 0.0 ], [ 721210.785994522972032, 736226.446970107033849, 0.0 ], [ 721209.829994522966444, 736226.067970116040669, 0.0 ], [ 721209.311994523042813, 736225.958970107021742, 0.0 ], [ 721209.140994522953406, 736225.787970114964992, 0.0 ], [ 721198.439994525979273, 736215.54297010996379, 0.0 ], [ 721186.255994527949952, 736203.410970111959614, 0.0 ], [ 721177.261994531028904, 736194.406970108975656, 0.0 ], [ 721170.42299453204032, 736187.44897011294961, 0.0 ], [ 721164.28799453296233, 736181.206970109022222, 0.0 ], [ 721157.232994535006583, 736174.341970111941919, 0.0 ], [ 721149.187994536943734, 736166.466970107983798, 0.0 ], [ 721142.132994538056664, 736159.601970111951232, 0.0 ], [ 721137.353994540055282, 736155.297970119980164, 0.0 ], [ 721133.32799454103224, 736151.80097011604812, 0.0 ], [ 721128.541994540952146, 736148.274970120983198, 0.0 ], [ 721120.709994542994536, 736143.282970114960335, 0.0 ], [ 721105.156994548044167, 736132.157970121013932, 0.0 ], [ 721089.978994549950585, 736121.415970121044666, 0.0 ], [ 721080.7619945530314, 736114.850970115046948, 0.0 ], [ 721068.487994555034675, 736106.016970113967545, 0.0 ], [ 721053.788994558970444, 736095.459970118012279, 0.0 ], [ 721041.59099456097465, 736086.845970122027211, 0.0 ], [ 721016.898994566989131, 736069.336970126023516, 0.0 ], [ 721013.539994567981921, 736065.462970118969679, 0.0 ], [ 721009.933994569000788, 736060.712970118969679, 0.0 ], [ 721007.836994569050148, 736057.471970126964152, 0.0 ], [ 721004.925994570017792, 736052.934970124973916, 0.0 ], [ 721002.319994569988921, 736049.144970122957602, 0.0 ], [ 721000.593994571012445, 736046.390970124048181, 0.0 ], [ 721000.003994571045041, 736044.899970120983198, 0.0 ], [ 720999.630994571023621, 736043.511970127001405, 0.0 ], [ 720999.733994571026415, 736042.438970123999752, 0.0 ], [ 721013.235994567978196, 736031.467970123980194, 0.0 ], [ 721034.65399456396699, 736014.291970115969889, 0.0 ], [ 721056.716994557995349, 735996.661970118992031, 0.0 ], [ 721070.55699455505237, 735985.752970115048811, 0.0 ], [ 721065.88999455596786, 735980.209970114054158, 0.0 ], [ 721058.013994558015838, 735986.354970113956369, 0.0 ], [ 721048.566994559951127, 735993.604970123036765, 0.0 ], [ 721037.325994562008418, 736002.298970118048601, 0.0 ], [ 721025.643994565005414, 736011.267970127984881, 0.0 ], [ 721024.301994565990753, 736012.324970123008825, 0.0 ], [ 721018.289994567050599, 736017.057970121968538, 0.0 ], [ 721005.367994570056908, 736008.916970125050284, 0.0 ], [ 720983.738994574989192, 735995.355970131000504, 0.0 ], [ 720966.780994578963146, 735984.717970123048872, 0.0 ], [ 720949.899994582985528, 735974.459970126976259, 0.0 ], [ 720939.282994584995322, 735967.861970128957182, 0.0 ], [ 720929.262994586955756, 735961.627970124944113, 0.0 ], [ 720918.328994589974172, 735954.746970126056112, 0.0 ], [ 720909.760994591983035, 735949.385970131959766, 0.0 ], [ 720909.321994591969997, 735949.101970131974667, 0.0 ], [ 720899.007994594052434, 735942.426970124943182, 0.0 ], [ 720888.987994596944191, 735936.092970125027932, 0.0 ], [ 720876.776994599029422, 735929.019970125053078, 0.0 ], [ 720865.307994602015242, 735921.571970131015405, 0.0 ], [ 720848.538994604954496, 735912.195970132015646, 0.0 ], [ 720840.539994608028792, 735907.880970129044726, 0.0 ], [ 720832.279994608950801, 735903.803970130975358, 0.0 ], [ 720822.62499461194966, 735899.133970135007985, 0.0 ], [ 720813.044994613039307, 735895.003970135003328, 0.0 ], [ 720797.190994616947137, 735888.136970128980465, 0.0 ], [ 720783.466994620044716, 735882.427970136050135, 0.0 ], [ 720773.265994622022845, 735878.45297013502568, 0.0 ], [ 720759.058994626044296, 735873.020970131037757, 0.0 ], [ 720744.153994629043154, 735867.360970132052898, 0.0 ], [ 720738.213994630961679, 735865.384970134007744, 0.0 ], [ 720724.592346110963263, 735861.017797820037231, 0.0 ], [ 720722.172994634020142, 735860.374970133998431, 0.0 ], [ 720717.28799463598989, 735858.942970136995427, 0.0 ], [ 720712.159994635963812, 735857.367970147985034, 0.0 ], [ 720704.105994638055563, 735854.627970144967549, 0.0 ], [ 720696.531994640943594, 735851.964970136992633, 0.0 ], [ 720687.013994641951285, 735848.59097014204599, 0.0 ], [ 720679.419994644005783, 735845.787970141973346, 0.0 ], [ 720670.521994646056555, 735842.351970145013183, 0.0 ], [ 720662.323994647013023, 735838.631970145972446, 0.0 ], [ 720656.729994648951106, 735835.918970150058158, 0.0 ], [ 720651.554994651000015, 735833.104970142012462, 0.0 ], [ 720646.018994651036337, 735829.971970143960789, 0.0 ], [ 720641.365994652966037, 735827.333970144973136, 0.0 ], [ 720635.708994652959518, 735824.101970145944506, 0.0 ], [ 720625.318994655972347, 735818.191970149986446, 0.0 ], [ 720613.765994659042917, 735811.588970144977793, 0.0 ], [ 720604.056994660990313, 735805.995970148942433, 0.0 ], [ 720591.297994664055295, 735798.418970145983621, 0.0 ], [ 720581.248994666035287, 735792.507970142993145, 0.0 ], [ 720575.250994667992927, 735788.956970151979476, 0.0 ], [ 720559.661994670983404, 735779.452970147947781, 0.0 ], [ 720544.23199467395898, 735769.647970151039772, 0.0 ], [ 720529.287994678015821, 735761.020970148965716, 0.0 ], [ 720514.328994681010954, 735753.373970150016248, 0.0 ], [ 720501.720994684030302, 735747.795970147009939, 0.0 ], [ 720490.616994687006809, 735743.309970148955472, 0.0 ], [ 720461.806994693004526, 735733.57197015103884, 0.0 ], [ 720430.79599470004905, 735723.642970151035115, 0.0 ], [ 720406.355994704994373, 735716.003970158053562, 0.0 ], [ 720385.582994709955528, 735709.944970153970644, 0.0 ], [ 720383.019994709989987, 735705.17697016603779, 0.0 ], [ 720380.915994710987434, 735704.447970152948983, 0.0 ], [ 720380.953994709998369, 735704.127970163943246, 0.0 ], [ 720378.570994711015373, 735703.338970158947632, 0.0 ], [ 720379.823994711041451, 735699.072970157023519, 0.0 ], [ 720365.929994713980705, 735695.12097016396001, 0.0 ], [ 720363.629994714981876, 735703.392970163957216, 0.0 ], [ 720353.73499471694231, 735700.601970155956224, 0.0 ], [ 720350.229994717054069, 735699.598970161983743, 0.0 ], [ 720336.288994721020572, 735695.626970164943486, 0.0 ], [ 720325.170994722982869, 735692.301970156957395, 0.0 ], [ 720313.755994725972414, 735689.316970158950426, 0.0 ], [ 720304.145994727965444, 735687.344970160978846, 0.0 ], [ 720291.373994730995037, 735685.386970167048275, 0.0 ], [ 720286.631994731957093, 735684.970970157999545, 0.0 ], [ 720276.088994735036977, 735684.422970160958357, 0.0 ], [ 720260.966994737973437, 735684.317970162024722, 0.0 ], [ 720247.870994740980677, 735685.401970166014507, 0.0 ], [ 720235.22099474305287, 735687.823970164987259, 0.0 ], [ 720220.299994747037999, 735691.777970163966529, 0.0 ], [ 720209.455994748976082, 735695.312970170984045, 0.0 ], [ 720198.112994752009399, 735699.028970167040825, 0.0 ], [ 720188.409994752961211, 735702.53597017202992, 0.0 ], [ 720176.930994756985456, 735706.952970172977075, 0.0 ], [ 720164.392994759953581, 735711.714970170054585, 0.0 ], [ 720154.691994761000387, 735715.783970167045482, 0.0 ], [ 720143.255994764040224, 735720.940970167052001, 0.0 ], [ 720135.15499476599507, 735724.800970169948414, 0.0 ], [ 720128.092994767008349, 735728.475970176048577, 0.0 ], [ 720120.949994768947363, 735732.130970177007839, 0.0 ], [ 720114.566994769964367, 735735.683970171026886, 0.0 ], [ 720107.047994771972299, 735740.200970178004354, 0.0 ], [ 720100.945994772948325, 735743.790970172965899, 0.0 ], [ 720094.105994774959981, 735748.064970180043019, 0.0 ], [ 720086.787994776968844, 735752.521970179048367, 0.0 ], [ 720076.99699477897957, 735758.610970176989213, 0.0 ], [ 720071.772994779981673, 735761.956970178056508, 0.0 ], [ 720070.640994779998437, 735762.686970176990144, 0.0 ], [ 720061.264994782046415, 735768.728970173979178, 0.0 ], [ 720051.872994784032926, 735774.635970182018355, 0.0 ], [ 720040.445994787034579, 735781.472970172995701, 0.0 ], [ 720030.571994788944721, 735786.941970178042538, 0.0 ], [ 720026.004994791001081, 735789.524970173020847, 0.0 ], [ 720021.894994791015051, 735791.784970185952261, 0.0 ], [ 720016.389994792058133, 735794.931970178964548, 0.0 ], [ 720011.00399479304906, 735797.779970188974403, 0.0 ], [ 720004.399994794977829, 735801.111970179947093, 0.0 ], [ 719995.979994797031395, 735805.173970181960613, 0.0 ], [ 719987.736994797945954, 735808.854970177053474, 0.0 ], [ 719982.84699480002746, 735810.998970182030462, 0.0 ], [ 719976.039994801045395, 735813.873970187967643, 0.0 ], [ 719971.189994803047739, 735815.876970184966922, 0.0 ], [ 719967.456994803040288, 735817.37597018503584, 0.0 ], [ 719961.786994804977439, 735819.50297018000856, 0.0 ], [ 719956.275994805968367, 735821.410970182041638, 0.0 ], [ 719951.002994806971401, 735822.997970181982964, 0.0 ], [ 719945.370994808035903, 735824.644970186054707, 0.0 ], [ 719938.858994808979332, 735826.376970189972781, 0.0 ], [ 719933.024994811043143, 735827.919970178976655, 0.0 ], [ 719928.669994811993092, 735828.978970178053714, 0.0 ], [ 719926.299994811997749, 735829.475970190018415, 0.0 ], [ 719924.762994811986573, 735829.785970187047496, 0.0 ], [ 719890.672994820051827, 735837.55097018298693, 0.0 ], [ 719846.495994828990661, 735847.125970190041699, 0.0 ], [ 719834.330994833027944, 735849.525970187038183, 0.0 ], [ 719784.058994843042456, 735860.649970195954666, 0.0 ], [ 719733.874994853977114, 735873.154970192001201, 0.0 ], [ 719710.174994859960862, 735879.358970192959532, 0.0 ], [ 719687.137994864024222, 735885.048970201984048, 0.0 ], [ 719653.472994872019626, 735893.690970194991678, 0.0 ], [ 719642.666994874947704, 735896.201970204012468, 0.0 ], [ 719628.977994877030142, 735899.047970204963349, 0.0 ], [ 719609.625994881032966, 735901.967970199999399, 0.0 ], [ 719595.864994885050692, 735903.85497020103503, 0.0 ], [ 719585.43299488699995, 735904.786970200948417, 0.0 ], [ 719574.3239948899718, 735905.513970199041069, 0.0 ], [ 719566.637994891032577, 735905.809970207046717, 0.0 ], [ 719559.174994891975075, 735905.827970211976208, 0.0 ], [ 719549.512994894990698, 735905.606970207998529, 0.0 ], [ 719542.533994895988144, 735905.208970210049301, 0.0 ], [ 719535.776994897983968, 735904.512970202951692, 0.0 ], [ 719524.100994901033118, 735903.613970202975906, 0.0 ], [ 719510.322994902962819, 735902.57897020294331, 0.0 ], [ 719501.671994904987514, 735901.065970203955658, 0.0 ], [ 719501.677994905039668, 735895.623970206012018, 0.0 ], [ 719501.087994906003587, 735891.997970200027339, 0.0 ], [ 719499.279994906042702, 735888.161970208981074, 0.0 ], [ 719495.243994905962609, 735882.605970215052366, 0.0 ], [ 719492.526994906947948, 735879.780970207997598, 0.0 ], [ 719490.53299490804784, 735878.884970203973353, 0.0 ], [ 719487.618994908058085, 735878.079970214050263, 0.0 ], [ 719485.340994909056462, 735877.860970207024366, 0.0 ], [ 719483.538994909031317, 735877.9659702089848, 0.0 ], [ 719483.299994908971712, 735875.398970208014362, 0.0 ], [ 719483.183994909049943, 735872.580970205017366, 0.0 ], [ 719481.186994910007343, 735848.113970204954967, 0.0 ], [ 719471.604994912049733, 735840.771970215952024, 0.0 ], [ 719442.212994917994365, 735843.107970206998289, 0.0 ], [ 719433.074994920054451, 735852.114970208029263, 0.0 ], [ 719434.304994920035824, 735853.365970212966204, 0.0 ], [ 719436.192994919023477, 735876.409970210981555, 0.0 ], [ 719436.373994919005781, 735879.891970211989246, 0.0 ], [ 719436.416994918952696, 735880.715970212011598, 0.0 ], [ 719436.432994919014163, 735881.033970208954997, 0.0 ], [ 719436.726994920056313, 735884.528970208019018, 0.0 ], [ 719437.56299491901882, 735894.486970211029984, 0.0 ], [ 719437.704994919011369, 735896.60697020997759, 0.0 ], [ 719437.959994919016026, 735899.954970216029324, 0.0 ], [ 719422.215994923026301, 735899.421970208990388, 0.0 ], [ 719407.633994924952276, 735898.939970216015354, 0.0 ], [ 719386.785994929959998, 735897.725970217958093, 0.0 ], [ 719384.629994931048714, 735897.655970211955719, 0.0 ], [ 719299.254994948976673, 735893.992970224004239, 0.0 ], [ 719274.864994953968562, 735893.988970219041221, 0.0 ], [ 719220.053994967020117, 735897.431970222969539, 0.0 ], [ 719150.373994981055148, 735902.106970224995166, 0.0 ], [ 719124.934776640031487, 735904.036982010002248, 0.0 ], [ 719112.671994989039376, 735904.698970232042484, 0.0 ], [ 719097.720994991948828, 735905.826970236958005, 0.0 ], [ 719062.419994998956099, 735908.133970233961008, 0.0 ], [ 719051.686995003023185, 735909.153970228042454, 0.0 ], [ 719047.967995002982207, 735909.660970231983811, 0.0 ], [ 719032.859995006001554, 735912.207970238057896, 0.0 ], [ 719002.824995012953877, 735918.883970238966867, 0.0 ], [ 718968.021995019982569, 735930.025970238959417, 0.0 ], [ 718942.430995024973527, 735939.710970239015296, 0.0 ], [ 718908.95299503300339, 735954.148970240028575, 0.0 ], [ 718846.916995045961812, 735984.195970239001326, 0.0 ], [ 718819.874995051999576, 735998.42097024503164, 0.0 ], [ 718801.956995056010783, 736008.958970246021636, 0.0 ], [ 718770.475995062035508, 736029.403970252955332, 0.0 ], [ 718765.663995063048787, 736032.710970252985135, 0.0 ], [ 718760.312995065003633, 736036.099970243056305, 0.0 ], [ 718736.952995070023462, 736051.897970251971856, 0.0 ], [ 718726.170995070948265, 736058.615970249054953, 0.0 ], [ 718723.870995071949437, 736060.250970255001448, 0.0 ], [ 718713.511995075037703, 736067.056970251956955, 0.0 ], [ 718707.522995076025836, 736071.286970247048885, 0.0 ], [ 718700.972995077027008, 736075.416970254038461, 0.0 ], [ 718681.685995082021691, 736088.189970253035426, 0.0 ], [ 718641.751995088998228, 736113.874970261007547, 0.0 ], [ 718628.21899509197101, 736121.881970255984925, 0.0 ], [ 718617.570995094953105, 736128.234970254008658, 0.0 ], [ 718615.524995094980113, 736125.320970249944367, 0.0 ], [ 718594.414995099999942, 736135.816970249055885, 0.0 ], [ 718582.530995102017187, 736141.916970256017521, 0.0 ], [ 718571.765995105030015, 736146.875970258028246, 0.0 ], [ 718565.8509951060405, 736148.685970259946771, 0.0 ], [ 718560.036995106958784, 736150.736970262019895, 0.0 ], [ 718556.622995106969029, 736152.801970253000036, 0.0 ], [ 718552.4479951079702, 736154.448970259050839, 0.0 ], [ 718538.762995111057535, 736158.973970263032243, 0.0 ], [ 718535.066995113040321, 736160.979970260988921, 0.0 ], [ 718530.752995113027282, 736162.926970258005895, 0.0 ], [ 718525.857995114056394, 736164.595970258000307, 0.0 ], [ 718518.527995115960948, 736167.847970262053423, 0.0 ], [ 718497.64899511996191, 736173.965970264980569, 0.0 ], [ 718489.994995121029206, 736175.979970262036659, 0.0 ], [ 718488.597995121963322, 736176.782970263971947, 0.0 ], [ 718486.938995121978223, 736177.285970257013105, 0.0 ], [ 718464.356995127047412, 736181.586970268050209, 0.0 ], [ 718464.031995126977563, 736178.788970264024101, 0.0 ], [ 718461.474995127995498, 736180.212970262044109, 0.0 ], [ 718461.697995127993636, 736181.751970262033865, 0.0 ], [ 718458.339995127986185, 736181.998970262007788, 0.0 ], [ 718445.668995131039992, 736183.621970260050148, 0.0 ], [ 718435.494995133019984, 736184.480970263015479, 0.0 ], [ 718434.213995132944547, 736183.98397025896702, 0.0 ], [ 718422.79999513598159, 736173.849970262963325, 0.0 ], [ 718411.462995138019323, 736162.556970264995471, 0.0 ], [ 718387.991995143005624, 736141.190970266005024, 0.0 ], [ 718373.831995145999826, 736127.963970263954252, 0.0 ], [ 718367.921995147014968, 736121.676970269996673, 0.0 ], [ 718362.775995147996582, 736117.048970269039273, 0.0 ], [ 718358.631995148956776, 736113.998970263986848, 0.0 ], [ 718356.087995148962364, 736111.82497026398778, 0.0 ], [ 718353.864995150943287, 736109.549970263033174, 0.0 ], [ 718335.441995154018514, 736093.231970263994299, 0.0 ], [ 718325.647995156003162, 736084.054970273049548, 0.0 ], [ 718325.107577234972268, 736084.045578663004562, 0.0 ], [ 718275.467995165963657, 736037.530970277963206, 0.0 ], [ 718268.882995167979971, 736031.358970272005536, 0.0 ], [ 718268.803995167952962, 736031.281970278010704, 0.0 ], [ 718258.050995170022361, 736020.299970275023952, 0.0 ], [ 718252.196995171019807, 736013.777970273979008, 0.0 ], [ 718247.619995172950439, 736008.274970273021609, 0.0 ], [ 718243.562995173037052, 736003.993970277020708, 0.0 ], [ 718235.809995173942298, 735994.929970277007669, 0.0 ], [ 718234.074995175004005, 735993.135970280971378, 0.0 ], [ 718232.13399517594371, 735991.128970272024162, 0.0 ], [ 718230.053995175985619, 735989.606970277964137, 0.0 ], [ 718229.606995175010525, 735989.125970277003944, 0.0 ], [ 718229.380995176034048, 735988.881970277056098, 0.0 ], [ 718226.856995175941847, 735986.165970267960802, 0.0 ], [ 718221.840995177975856, 735981.602970278006978, 0.0 ], [ 718219.235995177994482, 735979.043970283004455, 0.0 ], [ 718218.662995178019628, 735978.480970280943438, 0.0 ], [ 718208.948995179962367, 735970.636970276944339, 0.0 ], [ 718200.414995181956328, 735964.312970279948786, 0.0 ], [ 718195.876995182945393, 735962.109970276011154, 0.0 ], [ 718192.115995183004998, 735960.521970281028189, 0.0 ], [ 718189.618995183962397, 735959.466970282024704, 0.0 ], [ 718173.148995187948458, 735953.532970278058201, 0.0 ], [ 718165.188995189033449, 735950.892970275948755, 0.0 ], [ 718141.416995194973424, 735943.637970278039575, 0.0 ], [ 718140.704995195032097, 735943.378970275982283, 0.0 ], [ 718132.352995196008123, 735940.338970281998627, 0.0 ], [ 718125.622995196958072, 735937.889970279997215, 0.0 ], [ 718097.113995203049853, 735928.008970277034678, 0.0 ], [ 718066.841995210037567, 735919.758970284019597, 0.0 ], [ 718038.576995215029456, 735911.901970289996825, 0.0 ], [ 718037.411995216039941, 735911.577970282989554, 0.0 ], [ 718012.321995220961981, 735904.877970286994241, 0.0 ], [ 717997.484995224047452, 735900.874970284989104, 0.0 ], [ 717993.986995224026032, 735899.492970288032666, 0.0 ], [ 717984.650995225994848, 735895.70797028997913, 0.0 ], [ 717945.226995234959759, 735878.425970289041288, 0.0 ], [ 717928.952995238010772, 735871.755970287951641, 0.0 ], [ 717924.89499523898121, 735869.694970294018276, 0.0 ], [ 717919.877995240036398, 735865.891970293945633, 0.0 ], [ 717914.561995240976103, 735861.048970296978951, 0.0 ], [ 717881.286995248054154, 735830.012970290961675, 0.0 ], [ 717875.010995249031112, 735823.949970299028791, 0.0 ], [ 717874.17199524899479, 735823.409970300970599, 0.0 ], [ 717867.696995249949396, 735817.846970295999199, 0.0 ], [ 717863.9389952509664, 735815.78497029596474, 0.0 ], [ 717861.019995252019726, 735813.86197029100731, 0.0 ], [ 717859.000995252048597, 735812.92197029304225, 0.0 ], [ 717853.144995253998786, 735808.458970293053426, 0.0 ], [ 717851.404995254008099, 735806.857970300014131, 0.0 ], [ 717846.468995254952461, 735802.035970296012238, 0.0 ], [ 717842.032995256013237, 735796.893970291945152, 0.0 ], [ 717840.533995255944319, 735794.653970293002203, 0.0 ], [ 717838.077995256986469, 735790.452970296959393, 0.0 ], [ 717836.858995256945491, 735788.89197029103525, 0.0 ], [ 717835.745995257049799, 735786.505970288999379, 0.0 ], [ 717832.32499525800813, 735780.829970289953053, 0.0 ], [ 717830.006995258969255, 735778.348970300983638, 0.0 ], [ 717826.636995258973911, 735775.587970293941908, 0.0 ], [ 717823.264995260047726, 735772.818970291991718, 0.0 ], [ 717811.118995261960663, 735762.699970296001993, 0.0 ], [ 717810.130995261948556, 735761.653970303013921, 0.0 ], [ 717805.402995264041238, 735757.976970294024795, 0.0 ], [ 717797.586995264980942, 735753.312970304046758, 0.0 ], [ 717795.74799526494462, 735752.511970294988714, 0.0 ], [ 717791.869995265966281, 735748.94997030205559, 0.0 ], [ 717782.635995269054547, 735741.565970298019238, 0.0 ], [ 717777.299995269975625, 735737.56297029403504, 0.0 ], [ 717773.721995269996114, 735735.120970292016864, 0.0 ], [ 717770.064995271037333, 735732.138970302999951, 0.0 ], [ 717767.107995270984247, 735729.476970294024795, 0.0 ], [ 717761.190995272016153, 735724.913970306050032, 0.0 ], [ 717746.520995275001042, 735712.486970297992229, 0.0 ], [ 717743.441995276021771, 735710.04597030999139, 0.0 ], [ 717738.485995276947506, 735705.522970300982706, 0.0 ], [ 717736.027995276963338, 735702.941970305051655, 0.0 ], [ 717734.028995277942158, 735701.260970299947076, 0.0 ], [ 717728.952995278988965, 735696.358970302972011, 0.0 ], [ 717727.533995278994553, 735695.557970306952484, 0.0 ], [ 717719.655995280016214, 735692.733970309025608, 0.0 ], [ 717715.418995282030664, 735689.590970298973843, 0.0 ], [ 717698.605995286023244, 735683.361970302998088, 0.0 ], [ 717694.367995286011137, 735681.998970301006921, 0.0 ], [ 717684.790995288058184, 735679.653970299987122, 0.0 ], [ 717683.550995287951082, 735679.112970295944251, 0.0 ], [ 717682.210995287983678, 735678.371970304986462, 0.0 ], [ 717676.81399528903421, 735674.768970309058204, 0.0 ], [ 717673.776995289954357, 735671.905970307998359, 0.0 ], [ 717670.57899529102724, 735669.545970308943652, 0.0 ], [ 717666.200995292048901, 735666.563970300019719, 0.0 ], [ 717663.241995292017236, 735664.92197030398529, 0.0 ], [ 717659.003995293052867, 735663.197970309993252, 0.0 ], [ 717652.725995294051245, 735661.095970307011157, 0.0 ], [ 717646.388995295972563, 735659.791970305959694, 0.0 ], [ 717640.189995296997949, 735659.367970300954767, 0.0 ], [ 717636.81099529704079, 735658.926970298984088, 0.0 ], [ 717625.651995299966075, 735658.299970302963629, 0.0 ], [ 717620.532995300949551, 735658.776970311999321, 0.0 ], [ 717617.392995301983319, 735659.334970302996226, 0.0 ], [ 717610.612995304050855, 735660.949970306013711, 0.0 ], [ 717605.092995304032229, 735662.625970304012299, 0.0 ], [ 717599.472995306015946, 735664.542970306007192, 0.0 ], [ 717586.811995308031328, 735669.313970307004638, 0.0 ], [ 717583.209995309007354, 735671.890970306005329, 0.0 ], [ 717576.691995310015045, 735674.857970305951312, 0.0 ], [ 717572.892995310947299, 735669.064970312057994, 0.0 ], [ 717568.942995312041603, 735663.469970311038196, 0.0 ], [ 717564.361995312036015, 735656.98097031598445, 0.0 ], [ 717563.282995313056745, 735655.260970302042551, 0.0 ], [ 717571.985995311057195, 735651.886970306979492, 0.0 ], [ 717638.630995296989568, 735625.941970307962038, 0.0 ], [ 717687.473995286971331, 735606.893970306962729, 0.0 ], [ 717694.769995286013, 735604.054970304947346, 0.0 ], [ 717750.41699527495075, 735582.401970296981744, 0.0 ], [ 717750.044995274976827, 735586.290970292990096, 0.0 ], [ 717752.439995273947716, 735593.379970303038135, 0.0 ], [ 717754.703995272982866, 735596.673970301053487, 0.0 ], [ 717757.777995273005217, 735601.694970302982256, 0.0 ], [ 717758.853995273006149, 735602.620970297954045, 0.0 ], [ 717762.972995272022672, 735606.886970294988714, 0.0 ], [ 717771.013995270011947, 735614.716970297973603, 0.0 ], [ 717774.598995269974694, 735617.878970302990638, 0.0 ], [ 717778.846995268948376, 735620.343970292946324, 0.0 ], [ 717781.597995267948136, 735621.775970294023864, 0.0 ], [ 717787.43299526697956, 735624.261970303952694, 0.0 ], [ 717791.850995265995152, 735625.940970293944702, 0.0 ], [ 717803.842995263054036, 735630.635970295988955, 0.0 ], [ 717805.778995263040997, 735635.456970292027108, 0.0 ], [ 717808.296995262033306, 735639.136970298946835, 0.0 ], [ 717815.269995260983706, 735647.359970301040448, 0.0 ], [ 717822.95299525896553, 735651.862970295944251, 0.0 ], [ 717833.473995257983916, 735658.014970296993852, 0.0 ], [ 717835.494995257002302, 735659.338970295037143, 0.0 ], [ 717836.858995256945491, 735660.231970299035311, 0.0 ], [ 717839.897995256003924, 735661.613970299018547, 0.0 ], [ 717841.916995255975053, 735662.813970293034799, 0.0 ], [ 717850.475995254004374, 735669.273970294045284, 0.0 ], [ 717850.662995254038833, 735669.40997029596474, 0.0 ], [ 717852.950995253981091, 735670.940970289986581, 0.0 ], [ 717859.544995252974331, 735676.662970289005898, 0.0 ], [ 717864.141995251993649, 735681.464970287051983, 0.0 ], [ 717874.513995249057189, 735691.450970288016833, 0.0 ], [ 717886.887995247030631, 735706.096970287966542, 0.0 ], [ 717889.119995245942846, 735709.476970292977057, 0.0 ], [ 717892.218995245057158, 735711.837970289052464, 0.0 ], [ 717894.616995244985446, 735713.899970298050903, 0.0 ], [ 717897.136995245004073, 735714.460970291984268, 0.0 ], [ 717900.31599524396006, 735714.242970295017585, 0.0 ], [ 717907.555995241971686, 735712.659970285953023, 0.0 ], [ 717908.795995241962373, 735712.388970291009173, 0.0 ], [ 717916.656995240948163, 735708.513970289961435, 0.0 ], [ 717919.891995240002871, 735708.912970292964019, 0.0 ], [ 717921.141995240002871, 735710.267970288055949, 0.0 ], [ 717930.84899523796048, 735721.071970293996856, 0.0 ], [ 717934.24099523795303, 735724.820970289991237, 0.0 ], [ 717937.149995235959068, 735728.624970286968164, 0.0 ], [ 717941.907995235989802, 735734.719970286008902, 0.0 ], [ 717944.714995234971866, 735738.040970289963298, 0.0 ], [ 717949.709995234035887, 735743.948970288038254, 0.0 ], [ 717957.582995231961831, 735752.732970291050151, 0.0 ], [ 717963.958995230961591, 735758.275970287970267, 0.0 ], [ 717968.355995230027474, 735761.617970285005867, 0.0 ], [ 717980.867995226988569, 735771.70497028902173, 0.0 ], [ 717998.38299522397574, 735785.244970284053124, 0.0 ], [ 718004.552995222969912, 735790.09697028901428, 0.0 ], [ 718008.988995222025551, 735793.938970293034799, 0.0 ], [ 718013.529995220946148, 735796.099970289971679, 0.0 ], [ 718013.656995221041143, 735796.159970285953023, 0.0 ], [ 718014.773995219962671, 735796.340970288962126, 0.0 ], [ 718017.027995220036246, 735796.57897028804291, 0.0 ], [ 718017.826995220035315, 735796.663970288005657, 0.0 ], [ 718021.58699521899689, 735795.565970284980722, 0.0 ], [ 718022.754995218012482, 735794.274970283964649, 0.0 ], [ 718024.748995219008066, 735792.068970286985859, 0.0 ], [ 718029.153995217988268, 735782.732970281969756, 0.0 ], [ 718031.050995217054151, 735780.326970283989795, 0.0 ], [ 718031.894995216047391, 735779.255970285041258, 0.0 ], [ 718044.097995214047842, 735773.603970285970718, 0.0 ], [ 718048.577995212981477, 735772.426970283966511, 0.0 ], [ 718052.937995212967508, 735770.589970279950649, 0.0 ], [ 718057.657995212008245, 735769.41297027899418, 0.0 ], [ 718066.284995210007764, 735766.781970284995623, 0.0 ], [ 718072.398995207971893, 735764.882970288046636, 0.0 ], [ 718080.578995206975378, 735761.607970283948816, 0.0 ], [ 718089.959995205048472, 735758.194970287033357, 0.0 ], [ 718094.359995204024017, 735757.037970285047777, 0.0 ], [ 718099.720995203009807, 735755.141970276017673, 0.0 ], [ 718103.879995201947168, 735754.24497027695179, 0.0 ], [ 718106.960995201021433, 735752.925970282056369, 0.0 ], [ 718109.78099520097021, 735751.207970281946473, 0.0 ], [ 718118.601995198987424, 735748.154970278963447, 0.0 ], [ 718124.041995198000222, 735746.557970279012807, 0.0 ], [ 718136.48199519503396, 735743.726970279007219, 0.0 ], [ 718142.721995193976909, 735741.469970275997184, 0.0 ], [ 718146.70199519302696, 735740.353970282012597, 0.0 ], [ 718160.561995189986192, 735737.46197027398739, 0.0 ], [ 718169.820995187968947, 735735.747970278956927, 0.0 ], [ 718176.321995186968707, 735734.152970275958069, 0.0 ], [ 718193.461995183024555, 735729.244970279047266, 0.0 ], [ 718211.082995180040598, 735725.095970273949206, 0.0 ], [ 718214.94299517897889, 735723.578970275004394, 0.0 ], [ 718228.545995175954886, 735715.407970270956866, 0.0 ], [ 718262.030995168955997, 735698.531970273004845, 0.0 ], [ 718273.279995167045854, 735695.206970273051411, 0.0 ], [ 718278.49199516500812, 735693.322970277979039, 0.0 ], [ 718292.493995161959901, 735686.65297027095221, 0.0 ], [ 718299.05999516195152, 735683.166970273945481, 0.0 ], [ 718306.115995159954764, 735679.702970272046514, 0.0 ], [ 718324.061995155992918, 735672.786970266955905, 0.0 ], [ 718325.10346012795344, 735672.424156656023115, 0.0 ], [ 718328.83999515499454, 735671.206970270024613, 0.0 ], [ 718342.954995151958428, 735666.209970262018032, 0.0 ], [ 718345.050995151046664, 735665.461970263975672, 0.0 ], [ 718360.497995147947222, 735661.068970266962424, 0.0 ], [ 718373.647995145991445, 735657.962970267049968, 0.0 ], [ 718393.407995142042637, 735652.955970267998055, 0.0 ], [ 718411.972995136980899, 735648.113970270962454, 0.0 ], [ 718428.257995133986697, 735644.383970270049758, 0.0 ], [ 718430.135995134012774, 735643.500970265944488, 0.0 ], [ 718441.182995131006464, 735639.500970268971287, 0.0 ], [ 718450.873995129950345, 735636.702970260987058, 0.0 ], [ 718457.429995127953589, 735635.990970265003853, 0.0 ], [ 718461.466995127033442, 735635.062970265978947, 0.0 ], [ 718479.368995122960769, 735628.112970268004574, 0.0 ], [ 718482.721995122963563, 735627.066970256040804, 0.0 ], [ 718485.258995122043416, 735625.935970262973569, 0.0 ], [ 718534.010995112010278, 735607.965970261953771, 0.0 ], [ 718541.837995109963231, 735605.808970259036869, 0.0 ], [ 718553.406995108001865, 735602.069970258045942, 0.0 ], [ 718558.982995106955059, 735600.40697025496047, 0.0 ], [ 718577.865995101979934, 735594.70097025798168, 0.0 ], [ 718581.824995102011599, 735593.06397025694605, 0.0 ], [ 718586.16499510104768, 735591.425970255979337, 0.0 ], [ 718614.883995095035061, 735582.059970258036628, 0.0 ], [ 718625.601995093049482, 735579.204970253980719, 0.0 ], [ 718634.582995090982877, 735577.349970250041224, 0.0 ], [ 718641.999995089019649, 735576.252970254980028, 0.0 ], [ 718660.317995085031725, 735574.040970252943225, 0.0 ], [ 718724.667995071969926, 735566.689970243955031, 0.0 ], [ 718745.22499506699387, 735564.839970243046992, 0.0 ], [ 718761.320995063986629, 735563.586970251984894, 0.0 ], [ 718779.876995060010813, 735563.954970248043537, 0.0 ], [ 718786.316995059023611, 735563.416970242979005, 0.0 ], [ 718792.315995058044791, 735562.759970242041163, 0.0 ], [ 718804.013995054992847, 735561.664970244979486, 0.0 ], [ 718815.23199505195953, 735560.989970245980658, 0.0 ], [ 718822.869995050947182, 735560.312970240949653, 0.0 ], [ 718833.988995047984645, 735560.357970244949684, 0.0 ], [ 718852.264995045028627, 735560.825970237026922, 0.0 ], [ 718862.222995043033734, 735560.849970242008567, 0.0 ], [ 718883.397995037958026, 735560.539970244979486, 0.0 ], [ 718900.514995033969171, 735558.226970238029025, 0.0 ], [ 718911.713995032943785, 735557.331970234052278, 0.0 ], [ 718930.589995027985424, 735556.519970242981799, 0.0 ], [ 718952.0059950229479, 735555.728970243013464, 0.0 ], [ 718972.08199501899071, 735555.257970239967108, 0.0 ], [ 718984.459995015989989, 735554.142970239976421, 0.0 ], [ 718987.179995015962049, 735553.585970237036236, 0.0 ], [ 718996.739995014038868, 735550.849970237002708, 0.0 ], [ 719000.11899501294829, 735550.690970232943073, 0.0 ], [ 719003.697995012043975, 735550.25297023402527, 0.0 ], [ 719023.012995008029975, 735552.680970235960558, 0.0 ], [ 719026.273995007039048, 735552.920970228035003, 0.0 ], [ 719035.511995004955679, 735552.185970230959356, 0.0 ], [ 719051.708995001972653, 735550.032970233005472, 0.0 ], [ 719066.785994997946545, 735549.459970231982879, 0.0 ], [ 719083.161994994967245, 735549.006970235961489, 0.0 ], [ 719105.178994989953935, 735547.796970225987025, 0.0 ], [ 719124.930994985974394, 735546.906970230978914, 0.0 ], [ 719127.397994986036792, 735546.403970228973776, 0.0 ], [ 719129.523994985967875, 735545.655970223946497, 0.0 ], [ 719130.852994984947145, 735544.672970228944905, 0.0 ], [ 719132.815994985052384, 735541.861970226047561, 0.0 ], [ 719134.255994983948767, 735539.417970224050805, 0.0 ], [ 719134.747994984034449, 735537.981970230001025, 0.0 ], [ 719134.74499498505611, 735535.961970228003338, 0.0 ], [ 719133.968994984054007, 735533.05597022594884, 0.0 ], [ 719131.319994985009544, 735526.91397023096215, 0.0 ], [ 719130.242994984961115, 735524.065970225958154, 0.0 ], [ 719129.78199498495087, 735521.859970228979364, 0.0 ], [ 719129.257994984975085, 735519.877970229950733, 0.0 ], [ 719124.93081670301035, 735508.129166582017206, 0.0 ], [ 719123.693994986009784, 735502.553970230044797, 0.0 ], [ 719122.695994985988364, 735497.254970230977051, 0.0 ], [ 719121.978994986973703, 735491.994970232015476, 0.0 ], [ 719122.063994987052865, 735480.397970226942562, 0.0 ], [ 719122.46899498696439, 735469.219970235018991, 0.0 ], [ 719123.372994986944832, 735457.9619702269556, 0.0 ], [ 719124.33899498602841, 735442.939970233943313, 0.0 ], [ 719124.929994986043312, 735441.178970227017999, 0.0 ], [ 719125.46399498602841, 735439.360970224021003, 0.0 ], [ 719125.706994986045174, 735436.521970227011479, 0.0 ], [ 719125.586994986049831, 735434.087970227003098, 0.0 ], [ 719124.929994986043312, 735430.591970233013853, 0.0 ], [ 719123.805994987022132, 735425.828970232978463, 0.0 ], [ 719122.208994986955076, 735421.729970223968849, 0.0 ], [ 719118.972994987037964, 735413.849970228970051, 0.0 ], [ 719117.694994988036342, 735411.029970222967677, 0.0 ], [ 719117.014994987985119, 735409.809970231959596, 0.0 ], [ 719116.835994987981394, 735408.669970229035243, 0.0 ], [ 719121.667994986986741, 735376.224970230017789, 0.0 ], [ 719123.028994987020269, 735373.094970226055011, 0.0 ], [ 719124.929414062993601, 735367.895559594966471, 0.0 ], [ 719125.657994986046106, 735366.839970231056213, 0.0 ], [ 719125.93599498597905, 735364.691970229963772, 0.0 ], [ 719125.741994985030033, 735354.482970232027583, 0.0 ], [ 719125.308994986000471, 735351.170970233040862, 0.0 ], [ 719124.928994985995814, 735350.45797022501938, 0.0 ], [ 719123.56099498597905, 735347.14497022901196, 0.0 ], [ 719122.401994987041689, 735343.774970229016617, 0.0 ], [ 719120.20399498695042, 735338.105970225995407, 0.0 ], [ 719119.646994987037033, 735332.246970231994055, 0.0 ], [ 719119.209994987002574, 735326.207970225950703, 0.0 ], [ 719117.874994987039827, 735316.868970236042514, 0.0 ], [ 719116.979994987952523, 735304.671970227034763, 0.0 ], [ 719116.960994987981394, 735302.9319702249486, 0.0 ], [ 719116.381994987954386, 735299.392970231012441, 0.0 ], [ 719116.149994987994432, 735292.689970229985192, 0.0 ], [ 719116.10599498800002, 735291.413970237015747, 0.0 ], [ 719115.128994988976046, 735283.494970233994536, 0.0 ], [ 719114.772994988015853, 735274.976970231975429, 0.0 ], [ 719113.656994987977669, 735265.697970226989128, 0.0 ], [ 719113.077994988998398, 735263.318970227963291, 0.0 ], [ 719112.359994989004917, 735259.09897022601217, 0.0 ], [ 719111.90199498902075, 735253.279970232048072, 0.0 ], [ 719111.826994988950901, 735242.541970225051045, 0.0 ], [ 719111.351994988974184, 735230.144970234017819, 0.0 ], [ 719111.098994988948107, 735214.806970234028995, 0.0 ], [ 719111.162994988029823, 735206.008970235008746, 0.0 ], [ 719112.522994988947175, 735204.329970233025961, 0.0 ], [ 719115.422994988039136, 735203.22497023397591, 0.0 ], [ 719124.927767629968002, 735203.287968722055666, 0.0 ], [ 719138.102994982968085, 735201.76797022705432, 0.0 ], [ 719144.230994981946424, 735200.837970230029896, 0.0 ], [ 719148.796994981006719, 735200.055970230023377, 0.0 ], [ 719151.759994979947805, 735199.619970225961879, 0.0 ], [ 719154.022994979983196, 735199.378970226971433, 0.0 ], [ 719169.083994976943359, 735199.142970224958844, 0.0 ], [ 719173.765994974994101, 735198.841970226028934, 0.0 ], [ 719178.90899497398641, 735198.38397022895515, 0.0 ], [ 719181.308994974009693, 735198.443970227031969, 0.0 ], [ 719192.762994972057641, 735199.05897021794226, 0.0 ], [ 719199.338994969963096, 735199.532970229047351, 0.0 ], [ 719202.936994969029911, 735199.702970228972845, 0.0 ], [ 719212.689994966960512, 735200.543970228056423, 0.0 ], [ 719215.608994966954924, 735200.687970216968097, 0.0 ], [ 719236.36299496202264, 735201.19897021795623, 0.0 ], [ 719242.641994960024022, 735201.290970226982608, 0.0 ], [ 719246.281994960037991, 735201.260970221017487, 0.0 ], [ 719254.286994957947172, 735200.606970224995166, 0.0 ], [ 719263.156994955963455, 735199.360970220994204, 0.0 ], [ 719264.857994955964386, 735199.194970216951333, 0.0 ], [ 719270.119994955020957, 735198.977970220032148, 0.0 ], [ 719279.404994952958077, 735198.274970220052637, 0.0 ], [ 719290.656994950026274, 735196.707970218034461, 0.0 ], [ 719302.553994948044419, 735197.065970218973234, 0.0 ], [ 719321.292994944029488, 735197.120970212039538, 0.0 ], [ 719342.053994938964024, 735196.771970208967105, 0.0 ], [ 719343.629994938964956, 735196.621970214997418, 0.0 ], [ 719359.0579949360108, 735191.684970214962959, 0.0 ], [ 719425.641994921024889, 735186.46697021194268, 0.0 ], [ 719504.746994904009625, 735179.905970206018537, 0.0 ], [ 719512.585994901950471, 735179.515970211010426, 0.0 ], [ 719592.726994885015301, 735176.255970207042992, 0.0 ], [ 719603.625994881964289, 735175.74897019402124, 0.0 ], [ 719611.745994881028309, 735176.299970197957009, 0.0 ], [ 719658.781994870048948, 735177.638970194966532, 0.0 ], [ 719696.23899486195296, 735178.824970199959353, 0.0 ], [ 719761.698994847945869, 735176.185970191960223, 0.0 ], [ 719784.538994843023829, 735175.194970192038454, 0.0 ], [ 719924.756539345951751, 735180.476953021949157, 0.0 ], [ 719924.756994812050834, 735186.541970188962296, 0.0 ], [ 720026.748994790017605, 735188.117970176972449, 0.0 ], [ 720079.551994777983055, 735187.538970179972239, 0.0 ], [ 720080.072994778049178, 735181.955970171955414, 0.0 ], [ 720083.155994776985608, 735182.355970178032294, 0.0 ], [ 720085.009994777035899, 735182.561970176990144, 0.0 ], [ 720086.557994776056148, 735182.713970178039744, 0.0 ], [ 720088.416994775994681, 735182.871970174019225, 0.0 ], [ 720089.966994774993509, 735182.983970175962895, 0.0 ], [ 720091.518994775018655, 735183.077970177051611, 0.0 ], [ 720093.382994774030522, 735183.166970178019255, 0.0 ], [ 720095.868994773947634, 735183.244970174971968, 0.0 ], [ 720097.734994773054495, 735183.272970177000389, 0.0 ], [ 720099.910994773032144, 735183.272970182006247, 0.0 ], [ 720101.776994772953913, 735183.244970169034787, 0.0 ], [ 720102.510994773008861, 735183.079970179009251, 0.0 ], [ 720103.240994771942496, 735182.891970171011053, 0.0 ], [ 720103.963994772057049, 735182.682970172027126, 0.0 ], [ 720104.679994771955535, 735182.451970173977315, 0.0 ], [ 720105.740994771942496, 735182.0649701730581, 0.0 ], [ 720106.782994771958329, 735181.629970171954483, 0.0 ], [ 720107.803994772024453, 735181.147970168967731, 0.0 ], [ 720108.801994770998135, 735180.61897017096635, 0.0 ], [ 720109.774994770996273, 735180.046970178955235, 0.0 ], [ 720110.720994770992547, 735179.42997017595917, 0.0 ], [ 720111.334994771052152, 735178.994970167055726, 0.0 ], [ 720111.935994770028628, 735178.541970168007538, 0.0 ], [ 720112.810994770028628, 735177.827970174956135, 0.0 ], [ 720113.652994769974612, 735177.075970167992637, 0.0 ], [ 720114.458994769956917, 735176.284970171982422, 0.0 ], [ 720115.22899476904422, 735175.458970180014148, 0.0 ], [ 720115.959994770004414, 735174.598970166989602, 0.0 ], [ 720116.65199477004353, 735173.705970169045031, 0.0 ], [ 720117.301994769950397, 735172.782970173051581, 0.0 ], [ 720117.711994769051671, 735172.150970173999667, 0.0 ], [ 720118.101994768949226, 735171.507970180013217, 0.0 ], [ 720118.471994768944569, 735170.851970180054195, 0.0 ], [ 720118.822994768968783, 735170.185970172053203, 0.0 ], [ 720119.30999476800207, 735169.167970173992217, 0.0 ], [ 720119.608994768001139, 735168.476970180054195, 0.0 ], [ 720119.886994768981822, 735167.776970176957548, 0.0 ], [ 720120.143994768965058, 735167.069970178999938, 0.0 ], [ 720120.378994768951088, 735166.353970173047855, 0.0 ], [ 720120.649994767969474, 735165.041970178019255, 0.0 ], [ 720120.890994769055396, 735163.724970172974281, 0.0 ], [ 720121.102994767948985, 735162.401970178005286, 0.0 ], [ 720121.283994768047705, 735161.074970167945139, 0.0 ], [ 720121.434994769049808, 735159.743970177951269, 0.0 ], [ 720121.555994768044911, 735158.409970178967342, 0.0 ], [ 720121.645994768943638, 735157.073970171040855, 0.0 ], [ 720121.706994767999277, 735155.734970177058131, 0.0 ], [ 720121.735994767979719, 735154.395970177953131, 0.0 ], [ 720121.735994769027457, 735153.056970173027366, 0.0 ], [ 720121.718994767987169, 735152.163970174035057, 0.0 ], [ 720121.666994767962024, 735150.824970173998736, 0.0 ], [ 720119.970994769013487, 735116.728970175958239, 0.0 ], [ 720119.790994768962264, 735115.137970168958418, 0.0 ], [ 720116.542994769988582, 735086.398970170994289, 0.0 ], [ 720116.36899476905819, 735079.798970179050229, 0.0 ], [ 720116.036994770052843, 735069.558970176964067, 0.0 ], [ 720115.650994768948294, 735060.598970173974521, 0.0 ], [ 720115.413994768983684, 735053.338970178971067, 0.0 ], [ 720115.187994770007208, 735048.198970176046714, 0.0 ], [ 720114.809994769981131, 735040.798970172996633, 0.0 ], [ 720114.771994770038873, 735035.997970166034065, 0.0 ], [ 720114.918994770036079, 735031.895970175042748, 0.0 ], [ 720114.87099476903677, 735028.33597017894499, 0.0 ], [ 720114.892994769965298, 735026.05597016797401, 0.0 ], [ 720115.07899476995226, 734998.920970165985636, 0.0 ], [ 720115.111994770006277, 734979.241970177041367, 0.0 ], [ 720115.498994768946432, 734936.89697017299477, 0.0 ], [ 720115.638994768960401, 734896.715970181045122, 0.0 ], [ 720115.434994769981131, 734887.150970170972869, 0.0 ], [ 720116.854994983994402, 734884.668498590006493, 0.0 ], [ 720118.274994767969474, 734882.185970172984526, 0.0 ], [ 720119.387994769029319, 734880.23997016903013, 0.0 ], [ 720119.957994768046774, 734879.816970178042538, 0.0 ], [ 720120.598994769039564, 734879.511970169958659, 0.0 ], [ 720120.937994768028148, 734879.407970173982903, 0.0 ], [ 720121.134994769003242, 734879.56797016703058, 0.0 ], [ 720121.808994767954573, 734880.715970173943788, 0.0 ], [ 720122.18399498204235, 734882.00099859398324, 0.0 ], [ 720122.266494982992299, 734883.086998598999344, 0.0 ], [ 720122.348994981963187, 734884.172998597030528, 0.0 ], [ 720122.54399498202838, 734885.133498599985614, 0.0 ], [ 720122.738994981977157, 734886.093998595024459, 0.0 ], [ 720123.068494981969707, 734887.015998590039089, 0.0 ], [ 720123.397994981962256, 734887.937998592969961, 0.0 ], [ 720123.912494982010685, 734888.906998591031879, 0.0 ], [ 720124.426994981942698, 734889.875998600036837, 0.0 ], [ 720124.994994982029311, 734890.660998595994897, 0.0 ], [ 720125.562994981999509, 734891.445998591952957, 0.0 ], [ 720126.139494981965981, 734892.010998597019352, 0.0 ], [ 720126.715994982048869, 734892.575998596963473, 0.0 ], [ 720127.372494981973432, 734893.046498593990691, 0.0 ], [ 720128.028994980966672, 734893.516998596023768, 0.0 ], [ 720128.899494981043972, 734893.940998591948301, 0.0 ], [ 720129.769994979957119, 734894.364998596953228, 0.0 ], [ 720131.609494979958981, 734894.417498599039391, 0.0 ], [ 720133.448994979960844, 734894.46999859099742, 0.0 ], [ 720134.710994979948737, 734894.392498595989309, 0.0 ], [ 720135.972994979005307, 734894.314998592017218, 0.0 ], [ 720138.560994978994131, 734893.910498589044437, 0.0 ], [ 720141.148994978051633, 734893.505998595035635, 0.0 ], [ 720144.43449497804977, 734893.244498598040082, 0.0 ], [ 720147.719994975952432, 734892.982998593011871, 0.0 ], [ 720155.841494975029491, 734891.926998586044647, 0.0 ], [ 720163.962994972942397, 734890.870998588041402, 0.0 ], [ 720166.460994972032495, 734890.464998592971824, 0.0 ], [ 720168.958994972053915, 734890.058998593012802, 0.0 ], [ 720171.886494970996864, 734889.670498596969992, 0.0 ], [ 720174.813994970056228, 734889.281998589984141, 0.0 ], [ 720177.638994970009662, 734889.071998588973656, 0.0 ], [ 720183.802494968986139, 734888.971998585970141, 0.0 ], [ 720189.965994967031293, 734888.871998596005142, 0.0 ], [ 720192.925494965980761, 734888.974998592981137, 0.0 ], [ 720195.884994965046644, 734889.077998587978072, 0.0 ], [ 720197.786994965979829, 734888.971498589962721, 0.0 ], [ 720199.68899496505037, 734888.864998591016047, 0.0 ], [ 720201.950494964024983, 734888.825498588033952, 0.0 ], [ 720204.211994964047335, 734888.78599858796224, 0.0 ], [ 720232.003994956961833, 734889.701498589944094, 0.0 ], [ 720259.795994951040484, 734890.616998582030647, 0.0 ], [ 720270.378994949045591, 734891.185998586006463, 0.0 ], [ 720280.96199494600296, 734891.754998591961339, 0.0 ], [ 720287.256494945031591, 734892.167498582974076, 0.0 ], [ 720293.550994943012483, 734892.579998583998531, 0.0 ], [ 720298.828994942014106, 734892.793998586013913, 0.0 ], [ 720331.434494934044778, 734893.584998582024127, 0.0 ], [ 720364.039994927006774, 734894.375998580013402, 0.0 ], [ 720372.579994924948551, 734894.518498586956412, 0.0 ], [ 720381.119994923006743, 734894.660998577950522, 0.0 ], [ 720388.328494922025129, 734894.859498579986393, 0.0 ], [ 720395.536994919995777, 734895.057998582953587, 0.0 ], [ 720424.776494913036004, 734895.567498579039238, 0.0 ], [ 720454.015994905959815, 734896.076998583041131, 0.0 ], [ 720461.673994904034771, 734896.316998578025959, 0.0 ], [ 720482.980994898942299, 734897.967998569016345, 0.0 ], [ 720504.287994893966243, 734899.618998578982428, 0.0 ], [ 720509.875494893058203, 734899.868998578051105, 0.0 ], [ 720515.462994892033748, 734900.118998570949771, 0.0 ], [ 720523.054994890000671, 734900.093998571974225, 0.0 ], [ 720530.646994887967594, 734900.068998569971882, 0.0 ], [ 720542.524494885001332, 734899.870498572941869, 0.0 ], [ 720554.401994882035069, 734899.671998571953736, 0.0 ], [ 720555.288494882988743, 734899.887998574995436, 0.0 ], [ 720556.174994881963357, 734900.103998576989397, 0.0 ], [ 720556.773494882043451, 734900.204498574021272, 0.0 ], [ 720557.371994882007129, 734900.304998568026349, 0.0 ], [ 720558.202994882012717, 734900.249998569954187, 0.0 ], [ 720559.033994880970567, 734900.1949985739775, 0.0 ], [ 720559.846494880970567, 734900.079498569946736, 0.0 ], [ 720560.658994880970567, 734899.96399856894277, 0.0 ], [ 720561.40349488100037, 734899.716998570016585, 0.0 ], [ 720562.147994881030172, 734899.469998572021723, 0.0 ], [ 720562.534994881018065, 734899.086498574004509, 0.0 ], [ 720562.921994881005958, 734898.702998572029173, 0.0 ], [ 720563.834494880051352, 734897.996998572023585, 0.0 ], [ 720564.746994880028069, 734897.29099857097026, 0.0 ], [ 720565.360994879971258, 734897.10349857294932, 0.0 ], [ 720565.974994880030863, 734896.915998573997058, 0.0 ], [ 720566.657494880026206, 734896.7879985680338, 0.0 ], [ 720567.339994878973812, 734896.659998569986783, 0.0 ], [ 720568.767494878964499, 734896.805498566944152, 0.0 ], [ 720570.194994878955185, 734896.950998572981916, 0.0 ], [ 720570.585494879051112, 734896.947998568997718, 0.0 ], [ 720570.975994877982885, 734896.944998575025238, 0.0 ], [ 720572.131494877976365, 734896.645498577039689, 0.0 ], [ 720573.286994877969846, 734896.345998576027341, 0.0 ], [ 720575.251494877971709, 734895.559998575015925, 0.0 ], [ 720577.215994877042249, 734894.773998572025448, 0.0 ], [ 720578.612494876957498, 734893.887998571968637, 0.0 ], [ 720580.008994876057841, 734893.001998572959565, 0.0 ], [ 720581.565494876005687, 734891.10349857097026, 0.0 ], [ 720583.121994875953533, 734889.204998567001894, 0.0 ], [ 720584.061494876048528, 734887.780498574953526, 0.0 ], [ 720585.000994874979369, 734886.355998571962118, 0.0 ], [ 720585.450494876015, 734885.520498562022112, 0.0 ], [ 720585.899994874955155, 734884.684998568031006, 0.0 ], [ 720586.058994875987992, 734884.214998572017066, 0.0 ], [ 720586.702994875027798, 734880.671998571022414, 0.0 ], [ 720587.257994874962606, 734878.134998566005379, 0.0 ], [ 720587.812994875013828, 734875.597998567973264, 0.0 ], [ 720587.980994874960743, 734874.356998570030555, 0.0 ], [ 720588.148994875024073, 734873.115998564055189, 0.0 ], [ 720588.233494875021279, 734871.929498572018929, 0.0 ], [ 720588.317994875018485, 734870.742998571950011, 0.0 ], [ 720588.334994875011034, 734869.430498571018688, 0.0 ], [ 720588.351994875003584, 734868.117998571018688, 0.0 ], [ 720588.4234948749654, 734867.024998564971611, 0.0 ], [ 720588.494994875043631, 734865.931998573010787, 0.0 ], [ 720588.448994874954224, 734864.655498567037284, 0.0 ], [ 720588.402994874981232, 734863.378998565021902, 0.0 ], [ 720588.252994874957949, 734862.293998567038216, 0.0 ], [ 720588.102994875051081, 734861.20899856404867, 0.0 ], [ 720587.635494875023142, 734858.888998575042933, 0.0 ], [ 720587.167994874995202, 734856.56899857101962, 0.0 ], [ 720586.3224948750576, 734847.987498564994894, 0.0 ], [ 720585.476994875003584, 734839.405998568981886, 0.0 ], [ 720584.668494874960743, 734832.106498564011417, 0.0 ], [ 720583.85999487596564, 734824.806998564046808, 0.0 ], [ 720583.74999487597961, 734821.482498566969298, 0.0 ], [ 720583.63999487599358, 734818.157998566050082, 0.0 ], [ 720583.607494876021519, 734814.964998572948389, 0.0 ], [ 720583.574994876049459, 734811.771998565993272, 0.0 ], [ 720583.29749487596564, 734806.082498572999611, 0.0 ], [ 720583.019994875998236, 734800.392998564057052, 0.0 ], [ 720581.148494877037592, 734774.578498571994714, 0.0 ], [ 720579.27699487702921, 734748.763998568058014, 0.0 ], [ 720578.999494876945391, 734745.36249857605435, 0.0 ], [ 720578.721994876977988, 734741.960998571012169, 0.0 ], [ 720578.557494877022691, 734741.217498566024005, 0.0 ], [ 720578.392994876950979, 734740.473998568952084, 0.0 ], [ 720578.312994878040627, 734735.425498566008173, 0.0 ], [ 720578.232994877034798, 734730.376998570049182, 0.0 ], [ 720578.392494878033176, 734727.812498564948328, 0.0 ], [ 720578.551994877052493, 734725.247998569975607, 0.0 ], [ 720578.43199487705715, 734719.903998570051044, 0.0 ], [ 720578.311994876945391, 734714.559998563956469, 0.0 ], [ 720578.576994876959361, 734711.68049856601283, 0.0 ], [ 720578.841994876973331, 734708.800998572958633, 0.0 ], [ 720579.376994877005927, 734706.059998571057804, 0.0 ], [ 720579.911994877038524, 734703.31899857299868, 0.0 ], [ 720580.326994876959361, 734700.806498571997508, 0.0 ], [ 720580.741994875948876, 734698.293998567969538, 0.0 ], [ 720581.05699487705715, 734695.744498566025868, 0.0 ], [ 720581.371994875953533, 734693.19499857199844, 0.0 ], [ 720581.881494875997305, 734690.660498569952324, 0.0 ], [ 720582.390994876041077, 734688.125998566043563, 0.0 ], [ 720582.935994875966571, 734684.726498572039418, 0.0 ], [ 720583.480994876008481, 734681.326998563017696, 0.0 ], [ 720584.255994876031764, 734678.912498572026379, 0.0 ], [ 720585.030994875007309, 734676.497998574981466, 0.0 ], [ 720585.685494874953292, 734674.02349857299123, 0.0 ], [ 720586.339994875015691, 734671.548998567042872, 0.0 ], [ 720586.264994874945842, 734668.814998566987924, 0.0 ], [ 720586.189994874992408, 734666.080998572986573, 0.0 ], [ 720585.879994875984266, 734663.436498573981225, 0.0 ], [ 720585.569994876044802, 734660.791998564032838, 0.0 ], [ 720585.06149487500079, 734658.029498566989787, 0.0 ], [ 720584.552994876052253, 734655.266998570994474, 0.0 ], [ 720583.398994875955395, 734650.47399857500568, 0.0 ], [ 720582.831089162034914, 734648.115258106961846, 0.0 ], [ 720582.244994875974953, 734645.680998565047048, 0.0 ], [ 720581.681494876043871, 734643.548998567042872, 0.0 ], [ 720581.117994875996374, 734641.416998574044555, 0.0 ], [ 720580.920994875952601, 734640.031998567050323, 0.0 ], [ 720580.843994876020588, 734630.510498574003577, 0.0 ], [ 720580.766994877019897, 734620.988998570013791, 0.0 ], [ 720580.504994877032004, 734603.595998573000543, 0.0 ], [ 720580.242994877044111, 734586.202998575055972, 0.0 ], [ 720580.031494876951911, 734575.177998568047769, 0.0 ], [ 720579.819994876976125, 734564.152998571982607, 0.0 ], [ 720580.619494876009412, 734560.071998576982878, 0.0 ], [ 720581.41899487702176, 734555.99099856801331, 0.0 ], [ 720581.305994875961915, 734549.762498575961217, 0.0 ], [ 720581.192994875949807, 734543.533998565981165, 0.0 ], [ 720581.369994875974953, 734539.012498570024036, 0.0 ], [ 720581.546994877047837, 734534.49099856801331, 0.0 ], [ 720581.779994876007549, 734531.421498568030074, 0.0 ], [ 720582.012994876946323, 734528.351998570957221, 0.0 ], [ 720582.804994876962155, 734522.939998568966985, 0.0 ], [ 720584.428994875983335, 734515.109498573001474, 0.0 ], [ 720586.052994875004515, 734507.278998570051044, 0.0 ], [ 720586.398994875024073, 734504.622998569975607, 0.0 ], [ 720586.438494874979369, 734502.891498566954397, 0.0 ], [ 720586.477994875051081, 734501.159998568007722, 0.0 ], [ 720586.471994876046665, 734497.385998565005139, 0.0 ], [ 720586.465994875994511, 734493.611998568056151, 0.0 ], [ 720585.803494874970056, 734485.611498567042872, 0.0 ], [ 720585.140994876041077, 734477.610998566960916, 0.0 ], [ 720585.180494875996374, 734474.7894985669991, 0.0 ], [ 720585.219994875020348, 734471.967998577980325, 0.0 ], [ 720585.375494875945151, 734468.636498573003337, 0.0 ], [ 720585.530994876055047, 734465.304998570005409, 0.0 ], [ 720585.520994874997996, 734463.542998570948839, 0.0 ], [ 720584.908994875033386, 734459.578498573042452, 0.0 ], [ 720584.296994876000099, 734455.613998578046449, 0.0 ], [ 720583.658994875964709, 734450.857998567982577, 0.0 ], [ 720583.32749487599358, 734447.438498566043563, 0.0 ], [ 720582.995994876022451, 734444.018998570973054, 0.0 ], [ 720582.990994876017794, 734440.774998567998409, 0.0 ], [ 720583.632994876010343, 734433.47899856895674, 0.0 ], [ 720584.274994876002893, 734426.182998570031486, 0.0 ], [ 720584.840500332997181, 734419.814437109977007, 0.0 ], [ 720585.405994876055047, 734413.445998567040078, 0.0 ], [ 720585.91799487604294, 734407.752498573972844, 0.0 ], [ 720586.429994874983095, 734402.058998579042964, 0.0 ], [ 720586.949994876049459, 734396.445498569053598, 0.0 ], [ 720587.469994875020348, 734390.831998566980474, 0.0 ], [ 720587.995494875009172, 734384.397998573957011, 0.0 ], [ 720588.520994874997996, 734377.963998566032387, 0.0 ], [ 720588.95399487495888, 734372.198498563026078, 0.0 ], [ 720589.38699487503618, 734366.432998572010547, 0.0 ], [ 720590.181994874030352, 734355.482998572057113, 0.0 ], [ 720591.272994874045253, 734341.454998567001894, 0.0 ], [ 720591.287994873942807, 734341.317498569958843, 0.0 ], [ 720591.328994874027558, 734340.903998572961427, 0.0 ], [ 720591.359994875034317, 734340.489998569013551, 0.0 ], [ 720591.375994874048047, 734340.21399856696371, 0.0 ], [ 720591.387494873953983, 734339.937498574028723, 0.0 ], [ 720591.394494874053635, 734339.660498572979122, 0.0 ], [ 720591.397494875011034, 734339.383998565957882, 0.0 ], [ 720591.396494874032214, 734339.107498566969298, 0.0 ], [ 720591.39149487495888, 734338.829998565954156, 0.0 ], [ 720591.381994873983786, 734338.55349856801331, 0.0 ], [ 720591.367994874017313, 734338.277498568990268, 0.0 ], [ 720591.34099487401545, 734337.862998574972153, 0.0 ], [ 720591.315994873992167, 734337.58799856796395, 0.0 ], [ 720591.287994873942807, 734337.311998566961847, 0.0 ], [ 720591.255994874052703, 734337.037998566986062, 0.0 ], [ 720591.218994874041528, 734336.762998571968637, 0.0 ], [ 720591.15549487399403, 734336.352998567046598, 0.0 ], [ 720591.108494873973541, 734336.079998568980955, 0.0 ], [ 720591.057494875043631, 734335.807998572010547, 0.0 ], [ 720591.00249487394467, 734335.53699856903404, 0.0 ], [ 720590.942994875018485, 734335.266998569015414, 0.0 ], [ 720590.879494874039665, 734334.997498573968187, 0.0 ], [ 720590.811994874035008, 734334.728998573031276, 0.0 ], [ 720590.740494875004515, 734334.461498567019589, 0.0 ], [ 720590.703994874027558, 734334.327998567954637, 0.0 ], [ 720590.625994874979369, 734334.062998568988405, 0.0 ], [ 720590.543994875042699, 734333.797998566995375, 0.0 ], [ 720590.458994874963537, 734333.534998574992642, 0.0 ], [ 720590.368994873948395, 734333.272998568951152, 0.0 ], [ 720590.275994875002652, 734333.012998573947698, 0.0 ], [ 720590.177994873956777, 734332.753998567000963, 0.0 ], [ 720590.076994874048978, 734332.495998573023826, 0.0 ], [ 720589.97099487495143, 734332.23999856505543, 0.0 ], [ 720589.861994873965159, 734331.985998568008654, 0.0 ], [ 720587.283994875033386, 734329.440498574986123, 0.0 ], [ 720586.229994875960983, 734328.445498571032658, 0.0 ], [ 720584.949494875967503, 734327.269998564035632, 0.0 ], [ 720582.553994875983335, 734325.16549856599886, 0.0 ], [ 720582.443994877045043, 734325.071998569997959, 0.0 ], [ 720582.312994875945151, 734324.973498577950522, 0.0 ], [ 720582.18199487705715, 734324.874998567975126, 0.0 ], [ 720582.050494875991717, 734324.777498565963469, 0.0 ], [ 720581.91899487702176, 734324.679998566978611, 0.0 ], [ 720581.786994877038524, 734324.58299857005477, 0.0 ], [ 720581.654994877055287, 734324.485998574993573, 0.0 ], [ 720581.522494876990095, 734324.390498577966355, 0.0 ], [ 720581.389994877041318, 734324.294998569996096, 0.0 ], [ 720581.256994875962846, 734324.199498567031696, 0.0 ], [ 720581.12399487697985, 734324.10399856697768, 0.0 ], [ 720580.989994877018034, 734324.00999857194256, 0.0 ], [ 720580.855994877056219, 734323.915998570038937, 0.0 ], [ 720580.721994876977988, 734323.822498567053117, 0.0 ], [ 720580.587994875968434, 734323.728998571052216, 0.0 ], [ 720580.452994875959121, 734323.636498569976538, 0.0 ], [ 720580.317994875949807, 734323.543998574954458, 0.0 ], [ 720580.182494877022691, 734323.451998568023555, 0.0 ], [ 720580.046994877047837, 734323.359998574014753, 0.0 ], [ 720579.910994876991026, 734323.268998568993993, 0.0 ], [ 720579.774994877050631, 734323.177998565952294, 0.0 ], [ 720579.638494877028279, 734323.087498566019349, 0.0 ], [ 720579.501994877005927, 734322.996998568996787, 0.0 ], [ 720579.364994877018034, 734322.907498568994924, 0.0 ], [ 720579.227994877030142, 734322.817998563987203, 0.0 ], [ 720579.090494876960292, 734322.729498567990959, 0.0 ], [ 720578.952994877006859, 734322.640998575021513, 0.0 ], [ 720578.814994876971468, 734322.553498569992371, 0.0 ], [ 720578.676994877983816, 734322.465998569037765, 0.0 ], [ 720578.537994876969606, 734322.378998575964943, 0.0 ], [ 720578.398994877003133, 734322.291998566943221, 0.0 ], [ 720578.259994877036661, 734322.205998567980714, 0.0 ], [ 720578.120994876953773, 734322.119998564943671, 0.0 ], [ 720577.981494877953082, 734322.034998568007722, 0.0 ], [ 720577.841994878021069, 734321.949998566997238, 0.0 ], [ 720577.70149487699382, 734321.865498573984951, 0.0 ], [ 720577.560994877945632, 734321.780998575035483, 0.0 ], [ 720577.420494877034798, 734321.697498576017097, 0.0 ], [ 720577.27999487798661, 734321.613998570945114, 0.0 ], [ 720577.138494877959602, 734321.530998575035483, 0.0 ], [ 720576.996994878049009, 734321.447998572024517, 0.0 ], [ 720576.855494878022, 734321.366498567047529, 0.0 ], [ 720576.713994877994992, 734321.28499856905546, 0.0 ], [ 720576.571994878002442, 734321.203998569981195, 0.0 ], [ 720576.429994878009893, 734321.122998564038426, 0.0 ], [ 720576.286994877969846, 734321.042998566990718, 0.0 ], [ 720576.143994876998477, 734320.96299857494887, 0.0 ], [ 720576.000994878006168, 734320.882998574990779, 0.0 ], [ 720575.857994877966121, 734320.802998568979092, 0.0 ], [ 720575.714494877960533, 734320.7254985680338, 0.0 ], [ 720575.570994877954945, 734320.647998571046628, 0.0 ], [ 720575.426494878018275, 734320.570498573943041, 0.0 ], [ 720575.28199487796519, 734320.492998571018688, 0.0 ], [ 720575.137494878028519, 734320.41599857097026, 0.0 ], [ 720574.992994877975434, 734320.338998564984649, 0.0 ], [ 720574.847994877956808, 734320.263498564949259, 0.0 ], [ 720574.702994878054596, 734320.187998573994264, 0.0 ], [ 720574.557494879001752, 734320.112998569034971, 0.0 ], [ 720574.411994877969846, 734320.03799857001286, 0.0 ], [ 720574.265994878020138, 734319.96399856894277, 0.0 ], [ 720574.119994877954014, 734319.889998572994955, 0.0 ], [ 720573.973494878038764, 734319.816998578957282, 0.0 ], [ 720573.826994879054837, 734319.743998577003367, 0.0 ], [ 720573.680994878988713, 734319.671498566982336, 0.0 ], [ 720573.534994879039004, 734319.59899857302662, 0.0 ], [ 720573.386994878994301, 734319.527998571982607, 0.0 ], [ 720573.238994878949597, 734319.456998566049151, 0.0 ], [ 720573.091494878055528, 734319.386498574051075, 0.0 ], [ 720572.943994879024103, 734319.315998575999402, 0.0 ], [ 720572.7959948789794, 734319.246498576016165, 0.0 ], [ 720572.647994879051112, 734319.176998573006131, 0.0 ], [ 720572.500994878006168, 734319.124498571967706, 0.0 ], [ 720572.3539948790567, 734319.071998566039838, 0.0 ], [ 720572.205994877964258, 734319.021998574025929, 0.0 ], [ 720572.05799487803597, 734318.971998575958423, 0.0 ], [ 720571.908994880039245, 734318.925498567055911, 0.0 ], [ 720571.759994879015721, 734318.87899857305456, 0.0 ], [ 720571.609994878992438, 734318.834998572943732, 0.0 ], [ 720571.459994878969155, 734318.790998575044796, 0.0 ], [ 720571.309494878980331, 734318.749998571001925, 0.0 ], [ 720571.158994878991507, 734318.708998568006791, 0.0 ], [ 720571.007494878955185, 734318.670998570043594, 0.0 ], [ 720570.855994879035279, 734318.632998564979061, 0.0 ], [ 720570.703994879033417, 734318.597498564980924, 0.0 ], [ 720570.551994879962876, 734318.561998571036384, 0.0 ], [ 720570.398994878982194, 734318.529998564976268, 0.0 ], [ 720570.245994879049249, 734318.497998573002405, 0.0 ], [ 720570.092994880047627, 734318.468998566037044, 0.0 ], [ 720569.939994879998267, 734318.439998573041521, 0.0 ], [ 720569.785994878970087, 734318.41399857297074, 0.0 ], [ 720569.631994880037382, 734318.387998564052396, 0.0 ], [ 720569.477494879974984, 734318.364498573006131, 0.0 ], [ 720569.322994878981262, 734318.340998576022685, 0.0 ], [ 720569.167994878953323, 734318.320998567971401, 0.0 ], [ 720569.012994879041798, 734318.30099857703317, 0.0 ], [ 720568.858494880027138, 734318.283998569007963, 0.0 ], [ 720568.703994879964739, 734318.266998574952595, 0.0 ], [ 720568.547994880005717, 734318.252998573007062, 0.0 ], [ 720568.391994880046695, 734318.23899856605567, 0.0 ], [ 720568.236494880053215, 734318.227998572983779, 0.0 ], [ 720568.080994879011996, 734318.216998575953767, 0.0 ], [ 720567.924994879984297, 734318.208998569054529, 0.0 ], [ 720567.768994880025275, 734318.200998567976058, 0.0 ], [ 720567.612994879949838, 734318.19599857297726, 0.0 ], [ 720567.456994879990816, 734318.190998567966744, 0.0 ], [ 720567.300994880031794, 734318.188998569967225, 0.0 ], [ 720567.144994879956357, 734318.186998574994504, 0.0 ], [ 720566.988494880031794, 734318.188498573028482, 0.0 ], [ 720566.831994879990816, 734318.189998571993783, 0.0 ], [ 720566.675994880031794, 734318.193998571950942, 0.0 ], [ 720566.519994879956357, 734318.197998572955839, 0.0 ], [ 720566.363994881045073, 734318.205498566967435, 0.0 ], [ 720566.207994880038314, 734318.212998565053567, 0.0 ], [ 720566.052494880044833, 734318.222998567973264, 0.0 ], [ 720565.896994880051352, 734318.232998567982577, 0.0 ], [ 720565.741494880057871, 734318.246498567983508, 0.0 ], [ 720565.585994879947975, 734318.259998574038036, 0.0 ], [ 720559.705994880991057, 734318.081998575944453, 0.0 ], [ 720553.82599488296546, 734317.903998569003306, 0.0 ], [ 720547.417994883959182, 734317.700998567044735, 0.0 ], [ 720541.009994886000641, 734317.497998574050143, 0.0 ], [ 720535.379494886961766, 734317.48899857304059, 0.0 ], [ 720529.748994888039306, 734317.479998575989157, 0.0 ], [ 720522.615994891035371, 734317.544998573022895, 0.0 ], [ 720515.482994892052375, 734317.609998574014753, 0.0 ], [ 720511.939494892954826, 734318.327498569036834, 0.0 ], [ 720508.395994893042371, 734319.044998568948358, 0.0 ], [ 720501.815994894946925, 734321.190498578012921, 0.0 ], [ 720495.235994896967895, 734323.335998571943492, 0.0 ], [ 720493.24449489696417, 734323.970998576958664, 0.0 ], [ 720491.252994896960445, 734324.605998578947037, 0.0 ], [ 720487.551994898007251, 734325.191498580039479, 0.0 ], [ 720483.850994899054058, 734325.776998572051525, 0.0 ], [ 720482.495494900038466, 734326.063498571980745, 0.0 ], [ 720481.139994899975136, 734326.349998572957702, 0.0 ], [ 720480.968494900036603, 734326.448998576961458, 0.0 ], [ 720480.796994899981655, 734326.547998575959355, 0.0 ], [ 720480.662494900054298, 734326.632498573046178, 0.0 ], [ 720480.527994900010526, 734326.716998575022444, 0.0 ], [ 720480.396494899992831, 734326.80499858094845, 0.0 ], [ 720480.264994899975136, 734326.892998578026891, 0.0 ], [ 720480.134994899970479, 734326.984998579020612, 0.0 ], [ 720480.004994899965823, 734327.076998571050353, 0.0 ], [ 720479.878994900034741, 734327.173498578951694, 0.0 ], [ 720479.752994899987243, 734327.269998579053208, 0.0 ], [ 720479.598994900006801, 734327.395498572965153, 0.0 ], [ 720479.444994900026359, 734327.520998570951633, 0.0 ], [ 720479.325994899962097, 734327.625498580047861, 0.0 ], [ 720479.206994900945574, 734327.729998570051976, 0.0 ], [ 720479.090494900941849, 734327.837998569011688, 0.0 ], [ 720478.973994900006801, 734327.945998572045937, 0.0 ], [ 720478.861494899960235, 734328.057998577947728, 0.0 ], [ 720478.748994900030084, 734328.169998576049693, 0.0 ], [ 720478.639494900009595, 734328.28449858003296, 0.0 ], [ 720478.529994901036844, 734328.398998574004509, 0.0 ], [ 720478.424494900973514, 734328.517498570960015, 0.0 ], [ 720478.318994901026599, 734328.635998571990058, 0.0 ], [ 720478.216994900023565, 734328.757998576038517, 0.0 ], [ 720478.114994899951853, 734328.879998569027521, 0.0 ], [ 720478.016494901035912, 734329.00449857104104, 0.0 ], [ 720477.917994900024496, 734329.12899857503362, 0.0 ], [ 720477.823494900017977, 734329.25649857299868, 0.0 ], [ 720477.72899490094278, 734329.383998575038277, 0.0 ], [ 720477.638494901009835, 734329.514498571050353, 0.0 ], [ 720477.547994900029153, 734329.644998581032269, 0.0 ], [ 720477.46149490098469, 734329.777998576988466, 0.0 ], [ 720477.374994901008904, 734329.910998575040139, 0.0 ], [ 720477.292494900990278, 734330.046498570009135, 0.0 ], [ 720477.209994900040329, 734330.181998578016646, 0.0 ], [ 720477.136494901031256, 734330.298998574027792, 0.0 ], [ 720477.062994900974445, 734330.415998572017998, 0.0 ], [ 720476.964994900044985, 734330.572498574969359, 0.0 ], [ 720476.866994900046848, 734330.728998578968458, 0.0 ], [ 720476.76999490102753, 734330.885998578974977, 0.0 ], [ 720476.672994900960475, 734331.042998578981496, 0.0 ], [ 720476.576994900009595, 734331.200498581980355, 0.0 ], [ 720476.480994901037775, 734331.357998576015234, 0.0 ], [ 720476.385994900949299, 734331.515998573973775, 0.0 ], [ 720476.290994900977239, 734331.673998576006852, 0.0 ], [ 720476.172994900960475, 734331.872498576994985, 0.0 ], [ 720476.054994900943711, 734332.070998579962179, 0.0 ], [ 720475.961994900950231, 734332.229998579015955, 0.0 ], [ 720475.86899490095675, 734332.388998580048792, 0.0 ], [ 720475.775994900963269, 734332.548998577985913, 0.0 ], [ 720475.682994900969788, 734332.708998578018509, 0.0 ], [ 720475.591494900989346, 734332.86849857494235, 0.0 ], [ 720475.499994901008904, 734333.027998576988466, 0.0 ], [ 720475.408994900994003, 734333.188998574973084, 0.0 ], [ 720475.317994900979102, 734333.349998572957702, 0.0 ], [ 720475.227994901011698, 734333.510998575016856, 0.0 ], [ 720475.137994901044294, 734333.671998583944514, 0.0 ], [ 720475.048994901007973, 734333.833498570951633, 0.0 ], [ 720474.959994900971651, 734333.994998570997268, 0.0 ], [ 720474.871494901948608, 734334.156998572987504, 0.0 ], [ 720474.782994901994243, 734334.318998574977741, 0.0 ], [ 720474.695994902052917, 734334.481498572975397, 0.0 ], [ 720474.608994900947437, 734334.643998580053449, 0.0 ], [ 720474.52199490100611, 734334.806998578016646, 0.0 ], [ 720474.434994900948368, 734334.969998577027582, 0.0 ], [ 720474.349494901951402, 734335.133498570998199, 0.0 ], [ 720474.263994900975376, 734335.296998576959595, 0.0 ], [ 720474.178994901943952, 734335.460998571012169, 0.0 ], [ 720474.093994901981205, 734335.624998579965904, 0.0 ], [ 720472.366494901943952, 734338.78899857099168, 0.0 ], [ 720470.638994902023114, 734341.952998572029173, 0.0 ], [ 720469.308994902996346, 734344.160498572979122, 0.0 ], [ 720467.978994903038256, 734346.367998584057204, 0.0 ], [ 720467.053494903026149, 734348.372498573036864, 0.0 ], [ 720466.127994903945364, 734350.376998570980504, 0.0 ], [ 720465.533994904020801, 734351.686998576973565, 0.0 ], [ 720464.9399949030485, 734352.996998570975848, 0.0 ], [ 720463.965494903968647, 734355.530998573987745, 0.0 ], [ 720462.990994903957471, 734358.064998570014723, 0.0 ], [ 720462.13149490498472, 734360.240998573950492, 0.0 ], [ 720461.271994904032908, 734362.416998576023616, 0.0 ], [ 720460.433994904975407, 734364.503498582052998, 0.0 ], [ 720459.595994904986583, 734366.589998577954248, 0.0 ], [ 720458.635994905023836, 734368.843998578027822, 0.0 ], [ 720457.675994904944673, 734371.09799857402686, 0.0 ], [ 720456.463494905037805, 734374.01799857604783, 0.0 ], [ 720455.250994905945845, 734376.937998577952385, 0.0 ], [ 720453.905994905973785, 734379.995998573023826, 0.0 ], [ 720452.560994907049462, 734383.053998579038307, 0.0 ], [ 720451.495994906988926, 734385.61649857996963, 0.0 ], [ 720450.430994907044806, 734388.178998576011509, 0.0 ], [ 720450.025494907051325, 734389.55249857599847, 0.0 ], [ 720449.619994907057844, 734390.925998572027311, 0.0 ], [ 720449.320494906976819, 734392.001498574041761, 0.0 ], [ 720449.020994907943532, 734393.076998580945656, 0.0 ], [ 720448.778494906960987, 734394.342998572043143, 0.0 ], [ 720448.535994907957502, 734395.608998575014994, 0.0 ], [ 720448.324994907947257, 734396.775998573051766, 0.0 ], [ 720448.11399490700569, 734397.942998582031578, 0.0 ], [ 720447.880494907964021, 734399.809998578974046, 0.0 ], [ 720447.646994907991029, 734401.67699857801199, 0.0 ], [ 720447.407494907034561, 734404.433998579974286, 0.0 ], [ 720447.167994908057153, 734407.190998577047139, 0.0 ], [ 720446.932994907954708, 734410.307998580974527, 0.0 ], [ 720446.697994907968678, 734413.424998580943793, 0.0 ], [ 720446.459494907991029, 734417.242998572997749, 0.0 ], [ 720446.220994908013381, 734421.060998577042483, 0.0 ], [ 720446.145994907943532, 734423.621498579974286, 0.0 ], [ 720446.070994907990098, 734426.181998579995707, 0.0 ], [ 720445.739895135979168, 734429.070869095972739, 0.0 ], [ 720445.40899490902666, 734431.95799857203383, 0.0 ], [ 720445.199494907981716, 734433.085998577997088, 0.0 ], [ 720444.98999490798451, 734434.213998581049964, 0.0 ], [ 720444.134994908003137, 734436.861998575041071, 0.0 ], [ 720443.279994908953086, 734439.509998574038036, 0.0 ], [ 720443.052494909032248, 734440.03149858105462, 0.0 ], [ 720442.824994695954956, 734440.552970148972236, 0.0 ], [ 720441.532994696055539, 734443.423970159958117, 0.0 ], [ 720434.974994697025977, 734444.219970155041665, 0.0 ], [ 720432.933994697988965, 734444.312970158993267, 0.0 ], [ 720431.909994698944502, 734444.798970157979056, 0.0 ], [ 720430.403994697961025, 734445.51397015794646, 0.0 ], [ 720424.691994699998759, 734448.22997015202418, 0.0 ], [ 720424.48799469997175, 734447.770970153971575, 0.0 ], [ 720423.606994700036012, 734447.735970161040314, 0.0 ], [ 720423.470994701026939, 734448.317970150965266, 0.0 ], [ 720418.263994702021591, 734448.070970152039081, 0.0 ], [ 720418.219994702027179, 734447.570970159024, 0.0 ], [ 720417.078994701965712, 734447.55797015002463, 0.0 ], [ 720416.494994702050462, 734468.478970156051219, 0.0 ], [ 720416.39499470195733, 734471.549970156978816, 0.0 ], [ 720416.029994701966643, 734486.264970159041695, 0.0 ], [ 720415.930994702037424, 734489.538970152032562, 0.0 ], [ 720415.42299470200669, 734506.887970153009519, 0.0 ], [ 720415.381994702038355, 734510.129970159963705, 0.0 ], [ 720414.794994703028351, 734530.535970155964606, 0.0 ], [ 720414.67499470198527, 734533.899970159982331, 0.0 ], [ 720414.235994701972231, 734549.017970161046833, 0.0 ], [ 720414.112994702998549, 734552.126970150973648, 0.0 ], [ 720413.561994701973163, 734569.256970150046982, 0.0 ], [ 720413.542994702002034, 734572.513970155036077, 0.0 ], [ 720412.974994702031836, 734592.361970155965537, 0.0 ], [ 720412.301994916051626, 734611.645498579950072, 0.0 ], [ 720411.62899491598364, 734630.928998574963771, 0.0 ], [ 720408.861994917038828, 734630.869998577982187, 0.0 ], [ 720406.094994917046279, 734630.810998577973805, 0.0 ], [ 720404.797994917957112, 734630.726998578989878, 0.0 ], [ 720404.72299491695594, 734633.778498574043624, 0.0 ], [ 720404.647994918050244, 734636.82999858004041, 0.0 ], [ 720404.627494917018339, 734637.950498578022234, 0.0 ], [ 720404.606994917965494, 734639.07099857495632, 0.0 ], [ 720404.236494916956872, 734639.104498576954938, 0.0 ], [ 720403.865994918043725, 734639.137998585007153, 0.0 ], [ 720399.318994918954559, 734638.966998578049242, 0.0 ], [ 720394.771994919981807, 734638.795998584944755, 0.0 ], [ 720394.722994919982739, 734637.63399857794866, 0.0 ], [ 720394.67399491998367, 734636.47199858201202, 0.0 ], [ 720394.84849491994828, 734633.4434985750122, 0.0 ], [ 720395.022994920029305, 734630.414998581982218, 0.0 ], [ 720393.881994919967838, 734630.434998585027643, 0.0 ], [ 720390.835994921042584, 734630.390998578048311, 0.0 ], [ 720387.789994922000915, 734630.346998585038818, 0.0 ], [ 720387.856494921026751, 734630.683998588006943, 0.0 ], [ 720387.922994920983911, 734631.020998580032028, 0.0 ], [ 720387.167494921013713, 734631.011998581001535, 0.0 ], [ 720386.411994921974838, 734631.002998581039719, 0.0 ], [ 720385.647494922042824, 734631.010998575948179, 0.0 ], [ 720384.882994921994396, 734631.018998582963832, 0.0 ], [ 720384.712994921952486, 734630.494498583022505, 0.0 ], [ 720384.542994922026992, 734629.969998580985703, 0.0 ], [ 720384.377994921989739, 734629.76999857602641, 0.0 ], [ 720384.212994921952486, 734629.569998578052036, 0.0 ], [ 720383.842994921957143, 734629.234998587053269, 0.0 ], [ 720383.472994923009537, 734628.899998581036925, 0.0 ], [ 720382.092994923004881, 734628.109998579020612, 0.0 ], [ 720379.578994923038408, 734627.318498578038998, 0.0 ], [ 720377.064994924003258, 734626.526998579967767, 0.0 ], [ 720374.865994923980907, 734626.443998584058136, 0.0 ], [ 720372.666994925006293, 734626.36099858302623, 0.0 ], [ 720370.036994926049374, 734626.529998583020642, 0.0 ], [ 720367.406994926044717, 734626.698998583015054, 0.0 ], [ 720364.447494926978834, 734627.279498580959626, 0.0 ], [ 720361.487994928029366, 734627.859998577041551, 0.0 ], [ 720358.898494928027503, 734628.709998580045067, 0.0 ], [ 720356.308994928956963, 734629.559998578974046, 0.0 ], [ 720355.573994928970933, 734630.514998578000814, 0.0 ], [ 720354.838994928984903, 734631.469998579006642, 0.0 ], [ 720354.56399492896162, 734632.32949858205393, 0.0 ], [ 720354.288994929054752, 734633.188998576952145, 0.0 ], [ 720353.229994929977693, 734633.098998578032479, 0.0 ], [ 720352.979994929977693, 734632.264498581993394, 0.0 ], [ 720352.729994929977693, 734631.42999858094845, 0.0 ], [ 720347.985994930029847, 734633.079498581006192, 0.0 ], [ 720343.241994931944646, 734634.728998587001115, 0.0 ], [ 720339.242994933039881, 734635.832498579053208, 0.0 ], [ 720335.243994932970963, 734636.935998589964584, 0.0 ], [ 720333.648994934046641, 734637.601998587953858, 0.0 ], [ 720332.053994933958165, 734638.267998581985012, 0.0 ], [ 720332.093994933995418, 734637.622498583979905, 0.0 ], [ 720332.133994934032671, 734636.976998587022536, 0.0 ], [ 720331.509494933998212, 734636.737998586031608, 0.0 ], [ 720330.884994935011491, 734636.498998580034822, 0.0 ], [ 720330.955994933960028, 734634.131498578004539, 0.0 ], [ 720331.026994933956303, 734631.763998582959175, 0.0 ], [ 720331.255494934041053, 734624.203498587943614, 0.0 ], [ 720331.483994934009388, 734616.64299858501181, 0.0 ], [ 720333.803494933992624, 734616.757998586050235, 0.0 ], [ 720336.122994933044538, 734616.872998584993184, 0.0 ], [ 720336.21649493300356, 734612.969498581020162, 0.0 ], [ 720336.309994932962582, 734609.06599858799018, 0.0 ], [ 720336.371494933031499, 734606.490998585009947, 0.0 ], [ 720336.432994932984002, 734603.915998579002917, 0.0 ], [ 720326.354994936031289, 734603.595998579985462, 0.0 ], [ 720316.276994936983101, 734603.275998590048403, 0.0 ], [ 720316.199494938016869, 734605.634998584981076, 0.0 ], [ 720316.121994938002899, 734607.993998587015085, 0.0 ], [ 720316.084494938026182, 734609.133998585049994, 0.0 ], [ 720316.046994938049465, 734610.273998585995287, 0.0 ], [ 720316.06199493794702, 734613.073498587007634, 0.0 ], [ 720316.07699493796099, 734615.872998579056002, 0.0 ], [ 720317.71199493703898, 734615.867998584057204, 0.0 ], [ 720319.346994937048294, 734615.862998584052548, 0.0 ], [ 720319.316994937020354, 734622.751498586963862, 0.0 ], [ 720319.286994936992414, 734629.639998581958935, 0.0 ], [ 720319.206494936952367, 734631.490998586057685, 0.0 ], [ 720319.125994937028736, 734633.341998585965484, 0.0 ], [ 720319.0564949370455, 734634.950498581049033, 0.0 ], [ 720318.986994936945848, 734636.558998577995226, 0.0 ], [ 720318.006994936964475, 734636.698998583946377, 0.0 ], [ 720317.026994938030839, 734636.838998588034883, 0.0 ], [ 720317.033994938014075, 734637.62849858100526, 0.0 ], [ 720317.040994936949573, 734638.417998587945476, 0.0 ], [ 720314.808994938968681, 734638.490498583996668, 0.0 ], [ 720312.576994939008728, 734638.562998587964103, 0.0 ], [ 720308.32049494003877, 734638.920498581952415, 0.0 ], [ 720304.063994940952398, 734639.277998583973385, 0.0 ], [ 720300.950994941988029, 734639.3174985779915, 0.0 ], [ 720297.837994943023659, 734639.356998580973595, 0.0 ], [ 720295.314994942978956, 734639.118998587015085, 0.0 ], [ 720293.265494943945669, 734638.205998586956412, 0.0 ], [ 720291.215994943049736, 734637.292998580960557, 0.0 ], [ 720290.663994943955913, 734636.57799858704675, 0.0 ], [ 720290.111994944047183, 734635.385998592944816, 0.0 ], [ 720289.953994943993166, 734633.955998584977351, 0.0 ], [ 720289.952744944021106, 734632.948998581967317, 0.0 ], [ 720289.951494944049045, 734631.94199858198408, 0.0 ], [ 720289.948994730948471, 734629.927970158052631, 0.0 ], [ 720290.040994729963131, 734619.491970169008709, 0.0 ], [ 720290.560994729981758, 734598.301970161031932, 0.0 ], [ 720290.675994729972444, 734589.615970163955353, 0.0 ], [ 720290.753994729951955, 734588.704970160964876, 0.0 ], [ 720291.166994730010629, 734567.824970168992877, 0.0 ], [ 720291.715994730009697, 734546.111970158992335, 0.0 ], [ 720292.182994729955681, 734532.307970162946731, 0.0 ], [ 720292.951994730043225, 734501.107970166020095, 0.0 ], [ 720294.310994729050435, 734501.191970161045901, 0.0 ], [ 720294.397994728991762, 734497.470970166963525, 0.0 ], [ 720293.057994729024358, 734497.447970157954842, 0.0 ], [ 720293.810994729981758, 734471.261970157036558, 0.0 ], [ 720295.150994729017839, 734471.284970164997503, 0.0 ], [ 720295.180994729045779, 734467.462970166001469, 0.0 ], [ 720293.979994729044847, 734467.441970163956285, 0.0 ], [ 720294.797994729015045, 734437.773970160051249, 0.0 ], [ 720294.934994729002938, 734436.777970168041065, 0.0 ], [ 720295.136994729051366, 734426.964970165980048, 0.0 ], [ 720295.152960264007561, 734426.184654640033841, 0.0 ], [ 720295.189994729007594, 734424.406970156007446, 0.0 ], [ 720295.690994729055092, 734400.061970171984285, 0.0 ], [ 720296.091994729009457, 734380.506970167974941, 0.0 ], [ 720298.218994728056714, 734303.697970160050318, 0.0 ], [ 720302.169994727009907, 734303.787970158969983, 0.0 ], [ 720326.361994722043164, 734304.339970165048726, 0.0 ], [ 720326.658994721947238, 734304.389970152988099, 0.0 ], [ 720326.975994721986353, 734304.329970157006755, 0.0 ], [ 720327.248994722031057, 734304.159970154054463, 0.0 ], [ 720327.442994722048752, 734303.901970162056386, 0.0 ], [ 720327.96499472099822, 734293.173970159026794, 0.0 ], [ 720327.879994721966796, 734292.821970158955082, 0.0 ], [ 720327.670994722051546, 734292.565970159950666, 0.0 ], [ 720327.359994721948169, 734292.41497016500216, 0.0 ], [ 720312.19499472505413, 734291.955970164039172, 0.0 ], [ 720267.194994734949432, 734290.869970161002129, 0.0 ], [ 720249.668994738953188, 734290.450970162055455, 0.0 ], [ 720218.182994746020995, 734289.698970166034997, 0.0 ], [ 720203.998994749039412, 734289.322970165987499, 0.0 ], [ 720185.907994752982631, 734288.597970171016641, 0.0 ], [ 720180.706994754029438, 734288.462970166001469, 0.0 ], [ 720108.330994770047255, 734286.589970174012706, 0.0 ], [ 720108.647994769969955, 734281.041970174992457, 0.0 ], [ 720113.819994769990444, 734281.130970170954242, 0.0 ], [ 720114.425994768971577, 734261.048970171017572, 0.0 ], [ 720108.945994770037942, 734260.810970179038122, 0.0 ], [ 720109.131994770024903, 734254.230970171047375, 0.0 ], [ 720109.163994770031422, 734253.090970169054344, 0.0 ], [ 720097.144994772970676, 734252.772970177000389, 0.0 ], [ 720096.926994772977196, 734260.332970181014389, 0.0 ], [ 720099.083994772983715, 734260.428970171953551, 0.0 ], [ 720104.545994770945981, 734260.671970176044852, 0.0 ], [ 720104.445994772017002, 734262.110970175010152, 0.0 ], [ 720078.377994777052663, 734261.561970180948265, 0.0 ], [ 720074.327994778053835, 734261.476970174000598, 0.0 ], [ 720074.49199477804359, 734258.378970174002461, 0.0 ], [ 720078.414994776947424, 734258.53897017496638, 0.0 ], [ 720078.442994776996784, 734257.001970176002942, 0.0 ], [ 720078.727994992979802, 734256.975998595007695, 0.0 ], [ 720078.595994992996566, 734253.430498595000245, 0.0 ], [ 720078.46399499301333, 734249.884998596040532, 0.0 ], [ 720043.966995000024326, 734249.6874986019684, 0.0 ], [ 720009.469995007966645, 734249.489998598000966, 0.0 ], [ 720007.161495008971542, 734249.583498594001867, 0.0 ], [ 720004.852995009976439, 734249.676998603041284, 0.0 ], [ 720002.926995009998791, 734250.218998595955782, 0.0 ], [ 720001.000995010021143, 734250.760998595971614, 0.0 ], [ 719999.421995011041872, 734251.88749860401731, 0.0 ], [ 719997.842995011014864, 734253.013998595997691, 0.0 ], [ 719996.593995011993684, 734254.592998601961881, 0.0 ], [ 719995.344995012041181, 734256.171998598030768, 0.0 ], [ 719994.69599501194898, 734257.906498598051257, 0.0 ], [ 719994.046995011973195, 734259.640998605987988, 0.0 ], [ 719993.910995012032799, 734262.605998605955392, 0.0 ], [ 719993.774995011975989, 734265.570998598006554, 0.0 ], [ 719993.761994795990176, 734293.087970181019045, 0.0 ], [ 719992.358994796057232, 734296.369970184983686, 0.0 ], [ 719990.258994795964099, 734301.988970182952471, 0.0 ], [ 719989.119994797045365, 734305.689970185980201, 0.0 ], [ 719988.220994796953164, 734309.40997018001508, 0.0 ], [ 719987.501994797028601, 734314.349970182054676, 0.0 ], [ 719986.682994797942229, 734319.589970179949887, 0.0 ], [ 719986.123994797002524, 734324.789970183977857, 0.0 ], [ 719985.664994798018597, 734331.568970178021118, 0.0 ], [ 719985.585994797991589, 734336.748970184009522, 0.0 ], [ 719985.70599479705561, 734340.948970178025775, 0.0 ], [ 719985.986994797945954, 734344.907970177009702, 0.0 ], [ 719986.039994798018597, 734426.186970185022801, 0.0 ], [ 719985.332994797965512, 734463.680970181012526, 0.0 ], [ 719985.269994797999971, 734487.533970179967582, 0.0 ], [ 719984.250495014945045, 734487.569998599006794, 0.0 ], [ 719983.081995013984852, 734487.399998600943945, 0.0 ], [ 719983.067495014984161, 734486.113498596008867, 0.0 ], [ 719983.052995015052147, 734484.82699860597495, 0.0 ], [ 719978.407995015964843, 734484.816998605034314, 0.0 ], [ 719973.762995016993955, 734484.806998598971404, 0.0 ], [ 719972.233995017013513, 734484.794998598983511, 0.0 ], [ 719970.334495016955771, 734484.497998603037558, 0.0 ], [ 719968.434995017945766, 734484.20099860697519, 0.0 ], [ 719966.558495018049143, 734483.288998598000035, 0.0 ], [ 719964.681995018967427, 734482.376998601015657, 0.0 ], [ 719962.904995018965565, 734481.353498599957675, 0.0 ], [ 719961.12799502001144, 734480.329998600995168, 0.0 ], [ 719960.149495020043105, 734479.430498605943285, 0.0 ], [ 719959.170995019958355, 734478.53099860495422, 0.0 ], [ 719956.618495019967668, 734476.654498602962121, 0.0 ], [ 719954.065995021024719, 734474.777998605044559, 0.0 ], [ 719954.060495021054521, 734473.223998600966297, 0.0 ], [ 719954.054995020967908, 734471.66999860201031, 0.0 ], [ 719954.004995021037757, 734454.026498603983782, 0.0 ], [ 719953.954995022038929, 734436.382998598972335, 0.0 ], [ 719953.026995021034963, 734436.355498604010791, 0.0 ], [ 719952.098995022010058, 734436.327998602995649, 0.0 ], [ 719952.095995021052659, 734431.257498607039452, 0.0 ], [ 719952.092994928942062, 734426.186827664030716, 0.0 ], [ 719952.076494975015521, 734395.973913140944205, 0.0 ], [ 719952.059995022020303, 734365.760998605052009, 0.0 ], [ 719952.101495021954179, 734363.89049859601073, 0.0 ], [ 719952.14299502200447, 734362.019998606992885, 0.0 ], [ 719951.197995022055693, 734360.292498599039391, 0.0 ], [ 719950.2529950219905, 734358.564998602028936, 0.0 ], [ 719948.297495022998191, 734357.773498601978645, 0.0 ], [ 719946.341995022958145, 734356.981998607050627, 0.0 ], [ 719944.50399502296932, 734357.668498605955392, 0.0 ], [ 719942.665995024028234, 734358.35499860404525, 0.0 ], [ 719941.718995023984462, 734360.095998603035696, 0.0 ], [ 719940.771995024057105, 734361.836998602957465, 0.0 ], [ 719940.807495024055243, 734363.74849860498216, 0.0 ], [ 719940.84299502405338, 734365.659998605027795, 0.0 ], [ 719940.0184962550411, 734395.923453454044648, 0.0 ], [ 719939.193997484981082, 734426.186908298986964, 0.0 ], [ 719939.836495024967007, 734493.73599860095419, 0.0 ], [ 719940.478995023993775, 734561.284998605959117, 0.0 ], [ 719941.182995024020784, 734561.285998602979816, 0.0 ], [ 719941.886995024047792, 734561.286998605006374, 0.0 ], [ 719941.904495024005882, 734567.127498600049876, 0.0 ], [ 719941.921995023963973, 734572.967998599051498, 0.0 ], [ 719940.072495023952797, 734572.973998600966297, 0.0 ], [ 719938.222995024989359, 734572.979998609051108, 0.0 ], [ 719938.227995024994016, 734574.656998598948121, 0.0 ], [ 719938.232995024998672, 734576.333998608053662, 0.0 ], [ 719936.957495025009848, 734576.346498601953499, 0.0 ], [ 719935.681995025952347, 734576.358998602954671, 0.0 ], [ 719935.716495026019402, 734579.422998602036387, 0.0 ], [ 719935.750995025038719, 734582.486998604959808, 0.0 ], [ 719935.700995024992153, 734594.203498602029867, 0.0 ], [ 719935.650995025993325, 734605.919998603058048, 0.0 ], [ 719933.550995026016608, 734605.922998597030528, 0.0 ], [ 719931.450995026971214, 734605.925998606951907, 0.0 ], [ 719930.709995027049445, 734605.926998605951667, 0.0 ], [ 719927.730495027033612, 734605.931498599005863, 0.0 ], [ 719924.750792906968854, 734605.935998897999525, 0.0 ], [ 719922.700893967994489, 734605.938998755998909, 0.0 ], [ 719920.650995029020123, 734605.941998603055254, 0.0 ], [ 719919.75099502899684, 734605.942998604965396, 0.0 ], [ 719918.850995028973557, 734605.943998600007035, 0.0 ], [ 719916.79949502996169, 734605.946998603991233, 0.0 ], [ 719914.747995030949824, 734605.949998599011451, 0.0 ], [ 719914.748495029984042, 734606.388498601038009, 0.0 ], [ 719914.748995029949583, 734606.826998602016829, 0.0 ], [ 719914.749995029997081, 734607.38849860499613, 0.0 ], [ 719914.750995030975901, 734607.949998607975431, 0.0 ], [ 719913.885495031019673, 734607.989498598966748, 0.0 ], [ 719913.01999481394887, 734608.028970189974643, 0.0 ], [ 719873.827994822990149, 734596.158970191027038, 0.0 ], [ 719870.790994822978973, 734596.031970186042599, 0.0 ], [ 719869.344994822982699, 734596.660970194032416, 0.0 ], [ 719868.469994822982699, 734598.393970182049088, 0.0 ], [ 719867.077994824037887, 734599.802970182034187, 0.0 ], [ 719858.175994826015085, 734600.248970190994442, 0.0 ], [ 719858.278994826017879, 734602.308970188023522, 0.0 ], [ 719854.542994827032089, 734602.203970190952532, 0.0 ], [ 719845.66599482903257, 734602.72097018302884, 0.0 ], [ 719840.216994830057956, 734602.799970187945291, 0.0 ], [ 719840.239994829986244, 734599.959970194962807, 0.0 ], [ 719839.699994829948992, 734599.975970185012557, 0.0 ], [ 719839.687994829961099, 734597.331970195053145, 0.0 ], [ 719841.521994829992764, 734597.25097018503584, 0.0 ], [ 719841.419994828989729, 734593.883970192982815, 0.0 ], [ 719836.378994829952717, 734426.18797018902842, 0.0 ], [ 719831.838994830963202, 734275.098970192018896, 0.0 ], [ 719794.148994839983061, 734276.063970195944421, 0.0 ], [ 719652.065994870965369, 734279.765970192034729, 0.0 ], [ 719652.147994871018454, 734269.256970193004236, 0.0 ], [ 719652.093994871014729, 734260.032970204018056, 0.0 ], [ 719645.772994872997515, 734256.047970194951631, 0.0 ], [ 719649.011994872009382, 734252.485970198991708, 0.0 ], [ 719651.410994871053845, 734249.8469701949507, 0.0 ], [ 719652.190994870965369, 734249.206970199942589, 0.0 ], [ 719654.54899487097282, 734245.866970194969326, 0.0 ], [ 719656.348994869971648, 734242.526970196980983, 0.0 ], [ 719656.947994870017283, 734239.586970195989124, 0.0 ], [ 719657.126994870021008, 734235.806970200967044, 0.0 ], [ 719656.426994869951159, 734232.347970193950459, 0.0 ], [ 719654.925994870020077, 734228.985970202949829, 0.0 ], [ 719652.767994871013798, 734226.588970202952623, 0.0 ], [ 719649.204994871048257, 734224.270970202982426, 0.0 ], [ 719644.604994872002862, 734222.671970202005468, 0.0 ], [ 719641.625994873000309, 734222.391970198019408, 0.0 ], [ 719638.086995093035512, 734223.032998626003973, 0.0 ], [ 719636.106995093054138, 734223.843498617992736, 0.0 ], [ 719634.126995094004087, 734224.653998618014157, 0.0 ], [ 719632.777495093992911, 734225.333998613990843, 0.0 ], [ 719631.427995095029473, 734226.01399861194659, 0.0 ], [ 719630.379995094961487, 734226.648998614982702, 0.0 ], [ 719629.331995095009916, 734227.283998616971076, 0.0 ], [ 719624.382995096035302, 734230.280998619040474, 0.0 ], [ 719624.029995096032508, 734230.494998621987179, 0.0 ], [ 719620.566995096975006, 734232.518998618004844, 0.0 ], [ 719614.459995098994114, 734236.087498615961522, 0.0 ], [ 719606.413995099952444, 734240.717998621985316, 0.0 ], [ 719600.83549510105513, 734244.208998622954823, 0.0 ], [ 719595.256995102972724, 734247.699998619034886, 0.0 ], [ 719594.676995103014633, 734249.159998620045371, 0.0 ], [ 719594.096995103056543, 734250.61999861500226, 0.0 ], [ 719594.277495102956891, 734252.47949862095993, 0.0 ], [ 719594.457995102973655, 734254.338998625054955, 0.0 ], [ 719594.938995103002526, 734259.228498616022989, 0.0 ], [ 719595.419995103031397, 734264.117998625035398, 0.0 ], [ 719597.357495101983659, 734295.912998622050509, 0.0 ], [ 719599.294995101983659, 734327.707998616970144, 0.0 ], [ 719601.395495100994594, 734376.94849861797411, 0.0 ], [ 719603.495995101053268, 734426.188998620957136, 0.0 ], [ 719603.970495100948028, 734437.315998616046272, 0.0 ], [ 719604.444995100959204, 734448.442998624988832, 0.0 ], [ 719605.421995099983178, 734448.409498617984354, 0.0 ], [ 719606.39899510005489, 734448.375998620991595, 0.0 ], [ 719606.365495100035332, 734449.235998618998565, 0.0 ], [ 719606.331995100947097, 734450.095998618053272, 0.0 ], [ 719607.606995100039057, 734450.539998625055887, 0.0 ], [ 719608.881995099014603, 734450.983998622978106, 0.0 ], [ 719610.521995099028572, 734450.80499862099532, 0.0 ], [ 719611.610995098948479, 734451.16449862299487, 0.0 ], [ 719612.6999950989848, 734451.523998626042157, 0.0 ], [ 719611.988995098974556, 734454.752998622949235, 0.0 ], [ 719611.277995098964311, 734457.98199861694593, 0.0 ], [ 719612.095995099050924, 734463.659998620976694, 0.0 ], [ 719612.634495098958723, 734465.899498617043719, 0.0 ], [ 719613.172995098051615, 734468.138998624053784, 0.0 ], [ 719612.961495099007152, 734472.326998615986668, 0.0 ], [ 719612.749995099031366, 734476.514998620958067, 0.0 ], [ 719612.938995099044405, 734477.564998617977835, 0.0 ], [ 719613.127995099057443, 734478.614998618955724, 0.0 ], [ 719613.227495098952204, 734480.653998618014157, 0.0 ], [ 719613.326995098032057, 734482.692998621030711, 0.0 ], [ 719613.016995099023916, 734484.062498616054654, 0.0 ], [ 719612.706995098968036, 734485.431998615968041, 0.0 ], [ 719610.725995099055581, 734489.47899861598853, 0.0 ], [ 719608.74499509902671, 734493.525998614961281, 0.0 ], [ 719607.806995098944753, 734494.080498624942265, 0.0 ], [ 719606.86899510002695, 734494.634998620953411, 0.0 ], [ 719606.284995099995285, 734495.364998625009321, 0.0 ], [ 719606.354495099978521, 734496.024998623994179, 0.0 ], [ 719606.423995101009496, 734496.684998614015058, 0.0 ], [ 719605.659995101043023, 734502.322998616960831, 0.0 ], [ 719605.19649510004092, 734503.98049861995969, 0.0 ], [ 719604.732995101017877, 734505.637998613994569, 0.0 ], [ 719604.093995101051405, 734507.0849986190442, 0.0 ], [ 719603.454995100968517, 734508.531998620019294, 0.0 ], [ 719602.250495100975968, 734510.365998613997363, 0.0 ], [ 719601.045995102031156, 734512.199998617987148, 0.0 ], [ 719599.366995102027431, 734514.217498618992977, 0.0 ], [ 719597.687995102023706, 734516.234998618951067, 0.0 ], [ 719596.484995102975518, 734517.34049861994572, 0.0 ], [ 719595.281995102996007, 734518.445998616050929, 0.0 ], [ 719593.770995103055611, 734519.447998619987629, 0.0 ], [ 719592.259995102998801, 734520.449998621945269, 0.0 ], [ 719591.445495103951544, 734521.10099862201605, 0.0 ], [ 719590.630995103041641, 734521.751998621970415, 0.0 ], [ 719589.324495104025118, 734522.357498620986007, 0.0 ], [ 719588.017995105008595, 734522.96299862198066, 0.0 ], [ 719585.502995104994625, 734523.708498622057959, 0.0 ], [ 719582.987995106028393, 734524.453998618992046, 0.0 ], [ 719580.863995105959475, 734524.880498623009771, 0.0 ], [ 719578.739995106006972, 734525.306998625979759, 0.0 ], [ 719565.846495109028183, 734525.848998619010672, 0.0 ], [ 719552.952995112049393, 734526.390998619957827, 0.0 ], [ 719552.844495111959986, 734523.19199862901587, 0.0 ], [ 719552.735995113034733, 734519.992998620029539, 0.0 ], [ 719551.706995112006553, 734493.912998621002771, 0.0 ], [ 719550.677995112957433, 734467.832998616970144, 0.0 ], [ 719551.007995111984201, 734467.842998618958518, 0.0 ], [ 719551.337995112990029, 734467.85299862199463, 0.0 ], [ 719550.410502813057974, 734447.021171577973291, 0.0 ], [ 719549.482995113008656, 734426.188998618046753, 0.0 ], [ 719548.568495113053359, 734403.621998624992557, 0.0 ], [ 719547.653995114029385, 734381.054998627048917, 0.0 ], [ 719546.629495113971643, 734358.647998622967862, 0.0 ], [ 719545.604995114030316, 734336.240998620982282, 0.0 ], [ 719544.95999511401169, 734320.202998619992286, 0.0 ], [ 719544.314995113993064, 734304.16499861702323, 0.0 ], [ 719543.140495114028454, 734279.826998629956506, 0.0 ], [ 719541.965995114995167, 734255.488998624961823, 0.0 ], [ 719538.085495115956292, 734255.540998621028848, 0.0 ], [ 719534.204995117033832, 734255.592998625943437, 0.0 ], [ 719533.714995117043145, 734255.892498626955785, 0.0 ], [ 719533.224995117052458, 734256.191998617956415, 0.0 ], [ 719532.95649511704687, 734256.632498622057028, 0.0 ], [ 719532.687995117041282, 734257.072998626041226, 0.0 ], [ 719532.909495117026381, 734262.832498618052341, 0.0 ], [ 719533.13099511701148, 734268.591998621006496, 0.0 ], [ 719533.511995116947219, 734277.940498625044711, 0.0 ], [ 719533.892995115951635, 734287.288998623029329, 0.0 ], [ 719534.656495115952566, 734303.266998630017042, 0.0 ], [ 719535.419995115953498, 734319.244998618029058, 0.0 ], [ 719535.169995115953498, 734319.595498619950376, 0.0 ], [ 719534.919995115953498, 734319.945998623967171, 0.0 ], [ 719534.919995115953498, 734320.305498615955003, 0.0 ], [ 719534.919995115953498, 734320.664998620050028, 0.0 ], [ 719534.950495115946978, 734320.874998626997694, 0.0 ], [ 719534.980995116056874, 734321.084998624050058, 0.0 ], [ 719534.060495116049424, 734321.254998620948754, 0.0 ], [ 719533.139995116973296, 734321.424998627975583, 0.0 ], [ 719533.050495116040111, 734321.744998628040776, 0.0 ], [ 719532.960995116969571, 734322.064998617046513, 0.0 ], [ 719533.261995116947219, 734327.584498628042638, 0.0 ], [ 719533.562995115993544, 734333.10399862297345, 0.0 ], [ 719534.246495116967708, 734348.441998619004153, 0.0 ], [ 719534.929995115962811, 734363.779998618992977, 0.0 ], [ 719535.16099511703942, 734367.819498618016951, 0.0 ], [ 719535.391995116020553, 734371.858998626004905, 0.0 ], [ 719535.96199511596933, 734372.048998620011844, 0.0 ], [ 719536.531995116034523, 734372.238998626009561, 0.0 ], [ 719536.931995116057806, 734372.338498621946201, 0.0 ], [ 719537.331995115964673, 734372.437998621026054, 0.0 ], [ 719537.32199511595536, 734372.897998622967862, 0.0 ], [ 719537.311995115946047, 734373.357998623978347, 0.0 ], [ 719537.441995115950704, 734373.63799861795269, 0.0 ], [ 719537.57199511595536, 734373.917998616001569, 0.0 ], [ 719537.782495116000064, 734374.067998614977114, 0.0 ], [ 719537.992995116044767, 734374.217998623033054, 0.0 ], [ 719538.485995115013793, 734388.805998621042818, 0.0 ], [ 719538.978995115030557, 734403.393998628947884, 0.0 ], [ 719539.259495115024038, 734406.943998622009531, 0.0 ], [ 719539.539995115017518, 734410.493998624035157, 0.0 ], [ 719538.820495115010999, 734411.083998625050299, 0.0 ], [ 719538.10099511500448, 734411.673998618032783, 0.0 ], [ 719538.120995115954429, 734411.992498619947582, 0.0 ], [ 719538.140995115041733, 734412.310998623957857, 0.0 ], [ 719537.020995115977712, 734412.294998622965068, 0.0 ], [ 719537.160995115991682, 734415.133998621953651, 0.0 ], [ 719538.160995114943944, 734415.153998623020016, 0.0 ], [ 719538.060995114967227, 734415.613998627057299, 0.0 ], [ 719539.181995115010068, 734416.332998623955064, 0.0 ], [ 719539.442995114950463, 734421.260498629999347, 0.0 ], [ 719539.703995115007274, 734426.187998623005114, 0.0 ], [ 719540.823032584041357, 734447.199202146963216, 0.0 ], [ 719541.941995113971643, 734468.208998630056158, 0.0 ], [ 719542.441495114006102, 734468.189498621970415, 0.0 ], [ 719542.940995114040561, 734468.169998622965068, 0.0 ], [ 719544.019995113951154, 734493.859998628962785, 0.0 ], [ 719545.098995113978162, 734519.549998619942926, 0.0 ], [ 719545.615995113970712, 734526.647998619009741, 0.0 ], [ 719534.501495116972364, 734527.129998620948754, 0.0 ], [ 719523.386995119042695, 734527.611998617998324, 0.0 ], [ 719507.0669951220043, 734528.31999862100929, 0.0 ], [ 719490.746995126013644, 734529.027998632984236, 0.0 ], [ 719485.646495127002709, 734529.248998631956056, 0.0 ], [ 719480.545995129039511, 734529.469998623942956, 0.0 ], [ 719448.935495135956444, 734530.840998630039394, 0.0 ], [ 719417.324995142989792, 734532.211998624959961, 0.0 ], [ 719417.180995143018663, 734529.014998625963926, 0.0 ], [ 719417.036995143047534, 734525.817998624988832, 0.0 ], [ 719416.080995143041946, 734504.564498631982133, 0.0 ], [ 719415.124995143036358, 734483.310998636996374, 0.0 ], [ 719418.044495142996311, 734483.072498630033806, 0.0 ], [ 719420.963995142024942, 734482.833998622023501, 0.0 ], [ 719419.660998951992951, 734454.51208143599797, 0.0 ], [ 719418.357995141996071, 734426.189998629037291, 0.0 ], [ 719417.744995141983964, 734412.675998630002141, 0.0 ], [ 719417.131995143019594, 734399.16199862502981, 0.0 ], [ 719416.217495142947882, 734379.614998630946502, 0.0 ], [ 719415.302995142992586, 734360.067998626036569, 0.0 ], [ 719414.408495143987238, 734341.199998627998866, 0.0 ], [ 719413.513995144050568, 734322.331998626003042, 0.0 ], [ 719412.489495143992826, 734300.72449863597285, 0.0 ], [ 719411.4649951440515, 734279.116998626035638, 0.0 ], [ 719411.052995144040324, 734269.878498623962514, 0.0 ], [ 719410.640995144029148, 734260.639998632017523, 0.0 ], [ 719406.997994923964143, 734249.141970213036984, 0.0 ], [ 719391.539994928054512, 734249.825970208039507, 0.0 ], [ 719389.242995148990303, 734262.283998628961854, 0.0 ], [ 719390.197495148982853, 734281.751998628955334, 0.0 ], [ 719391.151995148975402, 734301.219998631975614, 0.0 ], [ 719392.015995147987269, 734321.267498634057119, 0.0 ], [ 719392.879995148046874, 734341.314998632995412, 0.0 ], [ 719393.603995147976093, 734357.512998630991206, 0.0 ], [ 719394.327995148021728, 734373.710998625960201, 0.0 ], [ 719395.553495147963986, 734399.950498625054024, 0.0 ], [ 719396.779009202029556, 734426.190299147041515, 0.0 ], [ 719397.857502173981629, 734449.249648886034265, 0.0 ], [ 719398.935995146050118, 734472.308998632011935, 0.0 ], [ 719398.21599514700938, 734473.807998629985377, 0.0 ], [ 719397.49599514703732, 734475.30699862295296, 0.0 ], [ 719396.815995148033835, 734475.286998630035669, 0.0 ], [ 719279.980495173949748, 734480.12699863105081, 0.0 ], [ 719163.144995199982077, 734484.966998639050871, 0.0 ], [ 719144.032995203975588, 734485.573498644051142, 0.0 ], [ 719124.920995207969099, 734486.179998646024615, 0.0 ], [ 719082.257295222021639, 734487.932006860966794, 0.0 ], [ 719039.593995227012783, 734489.68399865005631, 0.0 ], [ 719032.901995228021406, 734485.139998652972281, 0.0 ], [ 719026.209995229961351, 734480.595998644945212, 0.0 ], [ 719044.711995225981809, 734453.394498641951941, 0.0 ], [ 719063.214419540017843, 734426.192384392954409, 0.0 ], [ 719094.066835104022175, 734381.529454246978275, 0.0 ], [ 719124.920995207969099, 734336.863998644985259, 0.0 ], [ 719134.930995204951614, 734322.518998638028279, 0.0 ], [ 719144.940995202981867, 734308.173998645972461, 0.0 ], [ 719149.57699520199094, 734301.331498643034138, 0.0 ], [ 719154.212995201000012, 734294.488998643006198, 0.0 ], [ 719154.624995201011188, 734293.881498642964289, 0.0 ], [ 719155.036995201022364, 734293.273998641991057, 0.0 ], [ 719156.618495202041231, 734290.996498637949117, 0.0 ], [ 719158.1999952000333, 734288.718998642987572, 0.0 ], [ 719158.326995200943202, 734288.428998638992198, 0.0 ], [ 719158.38549520005472, 734288.282498638960533, 0.0 ], [ 719158.443995201028883, 734288.135998639976606, 0.0 ], [ 719158.49749520001933, 734287.986998641979881, 0.0 ], [ 719158.550995200057514, 734287.837998642004095, 0.0 ], [ 719158.598495200043544, 734287.68699864204973, 0.0 ], [ 719158.645995200029574, 734287.535998639999889, 0.0 ], [ 719158.688495200010948, 734287.383498635026626, 0.0 ], [ 719158.730995199992321, 734287.230998640996404, 0.0 ], [ 719158.769495200016536, 734287.077498637954704, 0.0 ], [ 719158.80799520004075, 734286.923998638056219, 0.0 ], [ 719158.842995201004669, 734286.76949863799382, 0.0 ], [ 719158.877995199989527, 734286.614998638047837, 0.0 ], [ 719158.908995199948549, 734286.459998645004816, 0.0 ], [ 719158.939995200023986, 734286.304998641950078, 0.0 ], [ 719158.967495201039128, 734286.148998638964258, 0.0 ], [ 719158.994995199958794, 734285.992998637957498, 0.0 ], [ 719159.016995199956, 734285.828498639981262, 0.0 ], [ 719159.038995199953206, 734285.663998645963147, 0.0 ], [ 719159.052495199954137, 734285.501498640049249, 0.0 ], [ 719159.065995201002806, 734285.338998637045734, 0.0 ], [ 719159.070495199994184, 734285.201498643029481, 0.0 ], [ 719159.0749952000333, 734285.063998640049249, 0.0 ], [ 719159.06449519994203, 734284.568998640053906, 0.0 ], [ 719159.053995199967176, 734284.073998637963086, 0.0 ], [ 719159.041495200013742, 734283.735498639056459, 0.0 ], [ 719159.028995199943893, 734283.396998642943799, 0.0 ], [ 719159.006495199981146, 734283.227498639957048, 0.0 ], [ 719158.983995200949721, 734283.057998638018034, 0.0 ], [ 719158.928995199967176, 734282.905998645001091, 0.0 ], [ 719158.873995200032368, 734282.753998643951491, 0.0 ], [ 719158.792995200958103, 734282.613998638000339, 0.0 ], [ 719158.711995200021192, 734282.473998644971289, 0.0 ], [ 719158.611495201010257, 734282.346998646040447, 0.0 ], [ 719158.510995200951584, 734282.21999863605015, 0.0 ], [ 719158.361495201010257, 734282.079498640960082, 0.0 ], [ 719158.211995200952515, 734281.938998640049249, 0.0 ], [ 719158.084995200042613, 734281.835998644004576, 0.0 ], [ 719157.957995200995356, 734281.732998640043661, 0.0 ], [ 719157.835495200008154, 734281.643498637015, 0.0 ], [ 719157.712995199952275, 734281.553998647024855, 0.0 ], [ 719157.575495201046579, 734281.464998638024554, 0.0 ], [ 719157.437995200976729, 734281.375998642994091, 0.0 ], [ 719157.294995201053098, 734281.294998637051322, 0.0 ], [ 719157.151995201013051, 734281.213998647057451, 0.0 ], [ 719157.016495201038197, 734281.148998643970117, 0.0 ], [ 719156.880995200946927, 734281.083998644025996, 0.0 ], [ 719156.728995200945064, 734281.024498637998477, 0.0 ], [ 719156.42099520098418, 734280.915498637943529, 0.0 ], [ 719155.972994979005307, 734280.794970224029385, 0.0 ], [ 719145.853994981036521, 734281.715970224002376, 0.0 ], [ 719127.276994984014891, 734283.131970232003368, 0.0 ], [ 719124.918804252054542, 734283.334986662957817, 0.0 ], [ 719037.497995004057884, 734290.869970240979455, 0.0 ], [ 719026.004995006020181, 734292.177970236050896, 0.0 ], [ 719024.708995006978512, 734292.176970241009258, 0.0 ], [ 719023.041995006962679, 734292.608970231958665, 0.0 ], [ 719019.324995007948019, 734294.601970238029025, 0.0 ], [ 719017.126995007973164, 734296.745970231015235, 0.0 ], [ 719014.592995009035803, 734299.95897023298312, 0.0 ], [ 718929.045995026943274, 734426.193970234016888, 0.0 ], [ 718789.202995056984946, 734632.25097024498973, 0.0 ], [ 718787.316995057044551, 734634.758970245951787, 0.0 ], [ 718785.725995057960972, 734636.447970245033503, 0.0 ], [ 718783.792995059047826, 734637.836970243020914, 0.0 ], [ 718780.223995059030131, 734639.694970245007426, 0.0 ], [ 718779.00599505903665, 734640.080970244947821, 0.0 ], [ 718775.829995059990324, 734640.697970247943886, 0.0 ], [ 718391.743995141005144, 734662.391970262979157, 0.0 ], [ 718391.005995140993036, 734651.05897026299499, 0.0 ], [ 718418.589995134971105, 734568.816970265004784, 0.0 ], [ 718576.776995101943612, 734543.679970253957435, 0.0 ], [ 718576.884995101951063, 734545.098970265011303, 0.0 ], [ 718591.308995099039748, 734542.903970264014788, 0.0 ], [ 718590.534995098947547, 734537.485970258945599, 0.0 ], [ 718589.969995099003427, 734533.530970255029388, 0.0 ], [ 718589.399995099054649, 734529.537970260949805, 0.0 ], [ 718574.634995101951063, 734531.693970261956565, 0.0 ], [ 718574.82199510303326, 734532.972970252973028, 0.0 ], [ 718571.006995102972724, 734533.589970262954012, 0.0 ], [ 718570.155995102948509, 734533.705970256007276, 0.0 ], [ 718566.658995104022324, 734534.179970255005173, 0.0 ], [ 718427.260995134012774, 734556.115970265003853, 0.0 ], [ 718413.914995135972276, 734558.063970264047384, 0.0 ], [ 718409.336995137040503, 734567.073970259982161, 0.0 ], [ 718377.018995144055225, 734663.617970273946412, 0.0 ], [ 718377.552995144040324, 734673.993970262003131, 0.0 ], [ 718376.473995144013315, 734674.119970271945931, 0.0 ], [ 718376.481995144044049, 734675.799970261985436, 0.0 ], [ 718377.64199514396023, 734675.713970268960111, 0.0 ], [ 718377.821995142963715, 734680.379970269976184, 0.0 ], [ 718375.741995144984685, 734680.430970269953832, 0.0 ], [ 718374.316995145054534, 734679.437970263999887, 0.0 ], [ 718354.686995149007998, 734680.219970265985467, 0.0 ], [ 718353.671995147946291, 734681.265970268985257, 0.0 ], [ 718351.193995150038972, 734681.517970266984776, 0.0 ], [ 718350.869995148968883, 734676.980970273027197, 0.0 ], [ 718352.429995149024762, 734676.932970265974291, 0.0 ], [ 718352.280995149048977, 734675.253970270976424, 0.0 ], [ 718351.54199515003711, 734675.297970263054594, 0.0 ], [ 718351.146995148970746, 734664.782970268046483, 0.0 ], [ 718350.206995149957947, 734664.787970272009261, 0.0 ], [ 718342.090995150967501, 734665.174970270949416, 0.0 ], [ 718325.093995154951699, 734700.515970270032994, 0.0 ], [ 718323.068995155976154, 734704.7279702660162, 0.0 ], [ 718323.424995154957287, 734711.921970263007097, 0.0 ], [ 718324.682995156035759, 734711.899970271042548, 0.0 ], [ 718324.814995154039934, 734717.842970269965008, 0.0 ], [ 718325.093995154951699, 734718.038970272988081, 0.0 ], [ 718325.464995153946802, 734723.578970271977596, 0.0 ], [ 718325.093995154951699, 734723.383970270049758, 0.0 ], [ 718317.837995156995021, 734719.700970271020196, 0.0 ], [ 718315.811995157040656, 734719.216970263049006, 0.0 ], [ 718313.38299515703693, 734719.077970264945179, 0.0 ], [ 718311.537995157996193, 734719.345970271038823, 0.0 ], [ 718309.547995158005506, 734719.985970268957317, 0.0 ], [ 718301.287995159975253, 734724.276970269042067, 0.0 ], [ 718300.723995159030892, 734712.72497027402278, 0.0 ], [ 718301.601995159988292, 734712.655970275984146, 0.0 ], [ 718301.51099515997339, 734708.592970274039544, 0.0 ], [ 718301.44599516002927, 734705.660970267956145, 0.0 ], [ 718298.783995160949416, 734705.349970269016922, 0.0 ], [ 718286.93399516295176, 734705.897970271995291, 0.0 ], [ 718284.467995163984597, 734648.143970277043991, 0.0 ], [ 718275.414995164959691, 734648.541970276040956, 0.0 ], [ 718275.139995165052824, 734641.394970273948275, 0.0 ], [ 718272.309995164978318, 734641.303970281966031, 0.0 ], [ 718270.350995165994391, 734640.685970267979428, 0.0 ], [ 718269.449995166971348, 734639.846970272017643, 0.0 ], [ 718268.310995165957138, 734638.247970276046544, 0.0 ], [ 718266.949995166971348, 734635.188970271963626, 0.0 ], [ 718266.784995167050511, 734620.803970276028849, 0.0 ], [ 718266.162995166960172, 734615.32297027495224, 0.0 ], [ 718265.501995166996494, 734612.521970274974592, 0.0 ], [ 718262.700995167950168, 734606.103970273048617, 0.0 ], [ 718258.689995169057511, 734575.358970268978737, 0.0 ], [ 718254.805995170027018, 734560.057970265042968, 0.0 ], [ 718254.364995168987662, 734557.916970276040956, 0.0 ], [ 718254.023995170020498, 734555.036970281973481, 0.0 ], [ 718254.102995168999769, 734552.395970272948034, 0.0 ], [ 718256.677995168953203, 734540.788970272988081, 0.0 ], [ 718256.716995168942958, 734538.488970273989253, 0.0 ], [ 718259.061995167983696, 734505.506970269954763, 0.0 ], [ 718278.58999516395852, 734503.693970274995081, 0.0 ], [ 718277.595995164941996, 734496.655970267951488, 0.0 ], [ 718277.472995165036991, 734495.30297027702909, 0.0 ], [ 718276.622995164943859, 734485.99097027303651, 0.0 ], [ 718274.189995164982975, 734459.990970271057449, 0.0 ], [ 718273.313995165051892, 734449.627970273024403, 0.0 ], [ 718272.434995166026056, 734439.230970271979459, 0.0 ], [ 718275.818995165056549, 734438.910970265045762, 0.0 ], [ 718325.091995154973119, 734434.397970270947553, 0.0 ], [ 718351.209995149984024, 734432.004970267997123, 0.0 ], [ 718356.441995147964917, 734431.521970269968733, 0.0 ], [ 718357.283995148027316, 734431.443970269989222, 0.0 ], [ 718390.840995142003521, 734428.368970262003131, 0.0 ], [ 718391.424995140987448, 734434.641970269032754, 0.0 ], [ 718394.84599514096044, 734434.328970264992677, 0.0 ], [ 718394.235995140043087, 734428.057970270048827, 0.0 ], [ 718397.319995139027014, 734427.775970272021368, 0.0 ], [ 718397.918995140003972, 734434.047970260027796, 0.0 ], [ 718401.153995138942264, 734431.843970266985707, 0.0 ], [ 718400.782995139015839, 734427.459970263997093, 0.0 ], [ 718414.245995135977864, 734426.196970268967561, 0.0 ], [ 718698.490995076950639, 734399.534970249049366, 0.0 ], [ 718699.507995076011866, 734399.308970247977413, 0.0 ], [ 718701.042995076044463, 734398.61297024495434, 0.0 ], [ 718702.569995074998587, 734397.339970245026052, 0.0 ], [ 718715.31699507299345, 734381.334970248048194, 0.0 ], [ 718752.772995064966381, 734333.030970250023529, 0.0 ], [ 718760.89799506298732, 734322.061970242997631, 0.0 ], [ 718761.409995062975213, 734321.253970246994868, 0.0 ], [ 718761.824995063012466, 734320.04597025399562, 0.0 ], [ 718761.982995062018745, 734317.267970241024159, 0.0 ], [ 718761.515995063004084, 734314.819970241980627, 0.0 ], [ 718760.322995063033886, 734312.331970246974379, 0.0 ], [ 718759.174995062989183, 734310.93997024896089, 0.0 ], [ 718757.726995063014328, 734309.994970247033052, 0.0 ], [ 718754.558995063998736, 734308.817970240022987, 0.0 ], [ 718752.436995064024813, 734308.632970253005624, 0.0 ], [ 718751.146995065035298, 734308.864970244001597, 0.0 ], [ 718749.635995064978488, 734309.367970251943916, 0.0 ], [ 718748.091995066031814, 734310.062970252009109, 0.0 ], [ 718746.852995065972209, 734310.832970245042816, 0.0 ], [ 718745.390995066030882, 734312.302970253978856, 0.0 ], [ 718744.498995066038333, 734313.707970255985856, 0.0 ], [ 718743.491995066986419, 734316.005970253027044, 0.0 ], [ 718741.962995067005977, 734317.982970247045159, 0.0 ], [ 718740.183995067025535, 734319.146970247966237, 0.0 ], [ 718738.120995067991316, 734319.40997024695389, 0.0 ], [ 718474.354995122994296, 734343.579970267019235, 0.0 ], [ 718471.385995124001056, 734345.462970257969573, 0.0 ], [ 718452.650995127973147, 734357.344970265054144, 0.0 ], [ 718452.157995127956383, 734356.573970268014818, 0.0 ], [ 718445.758995129028335, 734346.571970268036239, 0.0 ], [ 718446.275995129020885, 734346.231970262015238, 0.0 ], [ 718435.912995130987838, 734347.221970267943107, 0.0 ], [ 718434.55199513095431, 734347.351970257004723, 0.0 ], [ 718433.1929951319471, 734347.481970262015238, 0.0 ], [ 718431.833995132008567, 734347.611970262951218, 0.0 ], [ 718430.471995132043958, 734347.741970265982673, 0.0 ], [ 718429.11299513198901, 734347.871970269014128, 0.0 ], [ 718427.75499513396062, 734348.001970267039724, 0.0 ], [ 718325.090995155042037, 734357.802970272023231, 0.0 ], [ 718270.113995166029781, 734363.012970275012776, 0.0 ], [ 718242.909995172056369, 734365.849970269948244, 0.0 ], [ 718046.454995212960057, 734383.793970277998596, 0.0 ], [ 718036.339995214948431, 734384.751970286015421, 0.0 ], [ 718032.924995215027593, 734331.922970280051231, 0.0 ], [ 718031.38499521499034, 734308.09397028805688, 0.0 ], [ 718030.545995214954019, 734295.02197028696537, 0.0 ], [ 718029.670995216001756, 734280.17997028096579, 0.0 ], [ 718027.189995215972885, 734238.111970287980512, 0.0 ] ], [ [ 711326.78199644794222, 734203.366970575996675, 0.0 ], [ 711309.071996451006271, 734204.052470576018095, 0.0 ], [ 711291.361996453953907, 734204.737970574991778, 0.0 ], [ 711326.78199644794222, 734203.366970575996675, 0.0 ] ], [ [ 711355.835996443987824, 734202.369970569969155, 0.0 ], [ 711343.369496445986442, 734202.809970580041409, 0.0 ], [ 711330.902996447985061, 734203.249970581033267, 0.0 ], [ 711355.835996443987824, 734202.369970569969155, 0.0 ] ], [ [ 711380.306996440049261, 734201.645970575045794, 0.0 ], [ 711368.071496441960335, 734202.007970573962666, 0.0 ], [ 711355.835996443987824, 734202.369970569969155, 0.0 ], [ 711380.306996440049261, 734201.645970575045794, 0.0 ] ], [ [ 711390.03099643799942, 734201.446970573044382, 0.0 ], [ 711385.16899643803481, 734201.546470577945001, 0.0 ], [ 711380.306996440049261, 734201.645970575045794, 0.0 ], [ 711390.03099643799942, 734201.446970573044382, 0.0 ] ], [ [ 711396.843456221045926, 734201.560851737624034, 0.0 ], [ 711396.34049643704202, 734201.542970577953383, 0.0 ], [ 711395.130996437044814, 734201.499970571952872, 0.0 ], [ 711396.843456221045926, 734201.560851737624034, 0.0 ] ], [ [ 711397.549996437039226, 734201.585970571031794, 0.0 ], [ 711397.247621436021291, 734201.575220578000881, 0.0 ], [ 711396.993477416574024, 734201.566185273230076, 0.0 ], [ 711397.549996437039226, 734201.585970571031794, 0.0 ] ], [ [ 711922.091996349045075, 731602.236970555968583, 0.0 ], [ 711926.248953814967535, 731596.357516893534921, 0.0 ], [ 711926.249035301967524, 731605.440138881444, 0.0 ], [ 711922.091996349045075, 731602.236970555968583, 0.0 ] ] ] ] } }
]
}
