{
"type": "FeatureCollection",
"name": "Dublin City Boundary",
"crs": { "type": "name", "properties": { "name": "urn:ogc:def:crs:OGC:1.3:CRS84" } },
"features": [
{ "type": "Feature", "properties": { "OBJECTID_1": 5, "NAME": "Dublin city and suburbs", "PLAN_": "NPF", "Area_Ha": 31902, "Target_Population_2040": 1410000, "Shape__Area": 319019508.49511701, "Shape__Length": 238978.333037837 }, "geometry": { "type": "Polygon", "coordinates": [ [ [ -6.38301096257237, 53.423793753559103 ], [ -6.38345515710697, 53.422805586224598 ], [ -6.38377010406358, 53.422841345533897 ], [ -6.38409258338821, 53.4228771978498 ], [ -6.38451104058751, 53.422963833056599 ], [ -6.38441025930794, 53.422841015941898 ], [ -6.38434625989548, 53.422741178598599 ], [ -6.38434135658827, 53.422473448862597 ], [ -6.38437054666419, 53.421902528758203 ], [ -6.3844401536784, 53.4213927748551 ], [ -6.3844743240631, 53.421194262430099 ], [ -6.38450865849183, 53.420991771493298 ], [ -6.38439362633254, 53.420862866368601 ], [ -6.38426528871045, 53.4207337900773 ], [ -6.38433301391305, 53.420607950849103 ], [ -6.3843544359098, 53.420583754208103 ], [ -6.38436914877891, 53.420509523118703 ], [ -6.384380145921, 53.420461107877998 ], [ -6.38427067649002, 53.4204663972329 ], [ -6.38424949846552, 53.420468725234002 ], [ -6.38414609748866, 53.420480071709598 ], [ -6.38405954745134, 53.420489562755201 ], [ -6.38394028157934, 53.420502864919897 ], [ -6.38332094180767, 53.420574560292501 ], [ -6.38271451606979, 53.420644610030202 ], [ -6.38211535109116, 53.420714259845198 ], [ -6.3817732531463, 53.420754436753001 ], [ -6.38152088655795, 53.420718217956903 ], [ -6.38051688116775, 53.420573827611399 ], [ -6.38039151948379, 53.420556711360398 ], [ -6.38034060081007, 53.420550151642601 ], [ -6.3802915944847, 53.420537417123498 ], [ -6.37947335734097, 53.420262953321199 ], [ -6.37928677742564, 53.420178149819797 ], [ -6.37907945733654, 53.420087305065302 ], [ -6.37903075978678, 53.4200724099383 ], [ -6.37871114247853, 53.419927241785103 ], [ -6.37865996493914, 53.419866854057403 ], [ -6.37863293816811, 53.419810594303399 ], [ -6.37817330501006, 53.419601916143499 ], [ -6.37821189420747, 53.419570557644903 ], [ -6.37815132357503, 53.419538428458601 ], [ -6.37800389385681, 53.419423885354703 ], [ -6.37788977884542, 53.419332020709398 ], [ -6.37795844979078, 53.419304102544302 ], [ -6.37810705827462, 53.419233776113899 ], [ -6.3782256608872, 53.419170811969202 ], [ -6.37840721219399, 53.419068331838197 ], [ -6.3786365632044, 53.418919347501102 ], [ -6.37873384446452, 53.418835240617703 ], [ -6.37889693066238, 53.418695872735803 ], [ -6.37901897868406, 53.418623620700899 ], [ -6.37918911333488, 53.418565221742703 ], [ -6.37941634769081, 53.418515505033902 ], [ -6.37965562227304, 53.418497636170997 ], [ -6.37987644334418, 53.418500633417203 ], [ -6.38007868228673, 53.418527136658597 ], [ -6.38023511312086, 53.418569718502901 ], [ -6.38030894984662, 53.418592530916101 ], [ -6.38067679800401, 53.418717378477403 ], [ -6.38099724115878, 53.418816512325897 ], [ -6.38130720262568, 53.418899634258999 ], [ -6.38149575277591, 53.418969084915702 ], [ -6.38165625055536, 53.418873996437597 ], [ -6.38190311503503, 53.418726799954399 ], [ -6.38225511187287, 53.418399603074299 ], [ -6.3824345402633, 53.417882748101597 ], [ -6.3825584151328, 53.417579884426502 ], [ -6.3826947500795, 53.417342975983999 ], [ -6.382911660406, 53.417127853175899 ], [ -6.38306602272735, 53.416994912782798 ], [ -6.38328511741714, 53.416814117435102 ], [ -6.38355174387315, 53.416655002139997 ], [ -6.38381019840769, 53.416511061288901 ], [ -6.3840438679003, 53.4164011000816 ], [ -6.3842992815575, 53.416337639207001 ], [ -6.38454004704736, 53.416276882685601 ], [ -6.38469116894291, 53.416193058138703 ], [ -6.38502277846527, 53.415851056644598 ], [ -6.38537388097995, 53.415413204438003 ], [ -6.38564670994471, 53.415055031735903 ], [ -6.38605204565478, 53.414683679416697 ], [ -6.38645475475583, 53.414226546128397 ], [ -6.38616804809522, 53.414042062196799 ], [ -6.38513716605416, 53.413534983058 ], [ -6.38421552031411, 53.412953504826199 ], [ -6.38395498529967, 53.412783710627998 ], [ -6.38398526083182, 53.412811609763502 ], [ -6.38388942354369, 53.4127979749736 ], [ -6.38347687409934, 53.412733855911299 ], [ -6.38305038104124, 53.412659899915198 ], [ -6.3827155843105, 53.412600059581003 ], [ -6.38161542174, 53.4123846611894 ], [ -6.38018870971744, 53.412072712570101 ], [ -6.380010574908, 53.412030521773197 ], [ -6.37993281781199, 53.412153660152299 ], [ -6.3798313611863, 53.412322953139999 ], [ -6.37954838506058, 53.412731443832499 ], [ -6.37931288616859, 53.413076670105703 ], [ -6.3791981527818, 53.413237162982703 ], [ -6.37896278230039, 53.4135862191455 ], [ -6.37864233980671, 53.414046985664498 ], [ -6.37832799410098, 53.4145095553136 ], [ -6.37800314606874, 53.414977164776303 ], [ -6.37782466443466, 53.4152268568252 ], [ -6.37758590172306, 53.415578118370199 ], [ -6.37742887916778, 53.415812662063097 ], [ -6.37725184992018, 53.416061206376902 ], [ -6.3771361920355, 53.4162294754084 ], [ -6.37693672057568, 53.416524629977403 ], [ -6.37614988628667, 53.417054998502202 ], [ -6.37531726225889, 53.416792784091903 ], [ -6.37440416223649, 53.416508633429899 ], [ -6.37363909413449, 53.416272263710198 ], [ -6.3729783108296, 53.4160680126503 ], [ -6.37197937295613, 53.416569152514697 ], [ -6.37039537114833, 53.416624961717702 ], [ -6.36936507597002, 53.416669167859602 ], [ -6.36907569314245, 53.416664918042301 ], [ -6.36875601800618, 53.416661852626802 ], [ -6.36788484833728, 53.416661925976399 ], [ -6.36673575666882, 53.4166554378303 ], [ -6.36572960040977, 53.416652828355701 ], [ -6.3644263533503, 53.416652032795497 ], [ -6.35916234915262, 53.419082857150599 ], [ -6.35920823246123, 53.418765205191399 ], [ -6.35894643740332, 53.418800313804098 ], [ -6.35826071375975, 53.418909874559603 ], [ -6.35744965329718, 53.419040217478504 ], [ -6.35737889520548, 53.419080408615201 ], [ -6.3572381250208, 53.419132414593598 ], [ -6.3563918933874, 53.419428870411302 ], [ -6.35590389426271, 53.419596284369703 ], [ -6.35566376562306, 53.419684932874397 ], [ -6.3552569130836, 53.4198355712631 ], [ -6.35493625803825, 53.419955645244102 ], [ -6.35457748181623, 53.420086457588603 ], [ -6.35431385413574, 53.4201813245664 ], [ -6.35385069660193, 53.420353027252602 ], [ -6.35343112271593, 53.4205017737101 ], [ -6.35325110186732, 53.420558639096299 ], [ -6.35307640054902, 53.420605194775497 ], [ -6.35253204620972, 53.420737874136499 ], [ -6.3521148835744, 53.4208357634501 ], [ -6.35165067439578, 53.420951817124902 ], [ -6.35130053295992, 53.421036421622702 ], [ -6.35110978811795, 53.421082166018202 ], [ -6.3509926086295, 53.421129448255499 ], [ -6.35072607328794, 53.421154221010099 ], [ -6.35040899924773, 53.421181010245803 ], [ -6.35008053107653, 53.421203156246897 ], [ -6.34933683801442, 53.421262966451401 ], [ -6.3492181132495, 53.421275504475702 ], [ -6.34915809473226, 53.421270397386103 ], [ -6.34905045692118, 53.421245320502798 ], [ -6.34878526505951, 53.421217088833103 ], [ -6.34824937849136, 53.4211610131726 ], [ -6.34734915712778, 53.4210766935728 ], [ -6.34716935231822, 53.421068484076997 ], [ -6.34662519482606, 53.421017279389297 ], [ -6.34638337985701, 53.420996689385902 ], [ -6.34613971993172, 53.420975764153901 ], [ -6.34563752693431, 53.420930794950898 ], [ -6.3450085489496, 53.420873670152901 ], [ -6.34420760391362, 53.420797531717 ], [ -6.34417773950204, 53.420794925442799 ], [ -6.34373970285273, 53.421335509685697 ], [ -6.34366019237897, 53.421471563933402 ], [ -6.34309999262238, 53.422172813142303 ], [ -6.34224059174228, 53.423219664120197 ], [ -6.34220854359961, 53.423259604518002 ], [ -6.34180286643956, 53.423123872829102 ], [ -6.34116256620709, 53.4229119060508 ], [ -6.3406108776386, 53.422716480809797 ], [ -6.34033661490165, 53.422617402817103 ], [ -6.33915382189284, 53.422151066136202 ], [ -6.33991206091525, 53.421340879617503 ], [ -6.34008687594434, 53.421153670510101 ], [ -6.34045862606775, 53.420801901999397 ], [ -6.34063204182926, 53.420632460619601 ], [ -6.34102848957983, 53.420274857089801 ], [ -6.34105543288063, 53.420264753324197 ], [ -6.34111867815977, 53.4201487353142 ], [ -6.34115729159782, 53.420058110142499 ], [ -6.34118607065931, 53.419989135915401 ], [ -6.34147821479678, 53.419610374989198 ], [ -6.3418212085882, 53.4192080764428 ], [ -6.341943443239, 53.419061281990402 ], [ -6.34213234570552, 53.4188226929584 ], [ -6.34228297483893, 53.418548807966602 ], [ -6.34230018812579, 53.418516049647501 ], [ -6.34266349300761, 53.417683533424501 ], [ -6.34270558422088, 53.417578929499001 ], [ -6.34284717687268, 53.4172209308853 ], [ -6.34311766740741, 53.4166937762391 ], [ -6.34345984499601, 53.415927826312597 ], [ -6.3435124760478, 53.415802616146202 ], [ -6.34373594168674, 53.415278067600902 ], [ -6.34386698218468, 53.414981239576399 ], [ -6.34397605442756, 53.414737241428703 ], [ -6.34403853882594, 53.414592409570197 ], [ -6.34413074654979, 53.414375165372498 ], [ -6.34430787892161, 53.414042265856096 ], [ -6.34443603734063, 53.413743947483198 ], [ -6.3445349633143, 53.413511771935497 ], [ -6.34457439247223, 53.413420206037401 ], [ -6.3447887544645, 53.412930566831399 ], [ -6.34494053504712, 53.412623047298403 ], [ -6.34505363221609, 53.412359565129599 ], [ -6.34509595468927, 53.412246851062697 ], [ -6.34507507745082, 53.412308892842702 ], [ -6.34512009755452, 53.412212360241199 ], [ -6.34519744644277, 53.4120546824497 ], [ -6.34510469174736, 53.412004854056299 ], [ -6.34503183680699, 53.411932109021102 ], [ -6.34501183470386, 53.4118759215743 ], [ -6.34502782442845, 53.411639770161003 ], [ -6.34502637080192, 53.411596081350403 ], [ -6.34502811812977, 53.411546158853199 ], [ -6.34503831331225, 53.411468306677897 ], [ -6.34507557795406, 53.411366158793903 ], [ -6.34513735726216, 53.411234840674901 ], [ -6.34526421274313, 53.4109912504763 ], [ -6.34534853960047, 53.410828003304999 ], [ -6.34543243239838, 53.410659490333302 ], [ -6.34550397895752, 53.410515593078102 ], [ -6.34579384784613, 53.4099307207035 ], [ -6.34583104552368, 53.409821570966699 ], [ -6.34585516617116, 53.409731821106703 ], [ -6.34587535785072, 53.409573572958301 ], [ -6.34587077324412, 53.409457975222203 ], [ -6.34586601602604, 53.409358532662402 ], [ -6.34582389594472, 53.409819323799901 ], [ -6.34525003787933, 53.409760339251797 ], [ -6.34428761116655, 53.409696839432499 ], [ -6.3435600863094, 53.409660198708302 ], [ -6.3430287885794, 53.409621112539497 ], [ -6.34221978188415, 53.409547292126803 ], [ -6.34111099572156, 53.409455812275503 ], [ -6.34061313277713, 53.409416087841102 ], [ -6.3396690452183, 53.409353297210799 ], [ -6.33894838770137, 53.409280631915202 ], [ -6.33867860292448, 53.409250932790599 ], [ -6.33844311140755, 53.409246543040403 ], [ -6.33841131108252, 53.409121785826599 ], [ -6.33852684444452, 53.408912055237401 ], [ -6.33864168909453, 53.408709391144797 ], [ -6.33881616302529, 53.4083936949188 ], [ -6.33899558717515, 53.408067082267699 ], [ -6.33913204031186, 53.407817858889999 ], [ -6.33915561726753, 53.407792855307903 ], [ -6.33927723434709, 53.407602831958698 ], [ -6.33934398315642, 53.407503763475901 ], [ -6.33948899026686, 53.407299040142 ], [ -6.33956947034855, 53.407158391136697 ], [ -6.33960100130955, 53.407112666778197 ], [ -6.33963899693177, 53.407057827783198 ], [ -6.33972694603737, 53.406932072173298 ], [ -6.33977143853066, 53.4068662791233 ], [ -6.33979862041308, 53.406825427706302 ], [ -6.33984302317445, 53.406771473174501 ], [ -6.33973610129571, 53.406769213374503 ], [ -6.33969610866146, 53.406173370797397 ], [ -6.33971929434888, 53.405707785251401 ], [ -6.33975380177651, 53.405224283294601 ], [ -6.33976123112743, 53.405126160259897 ], [ -6.33986249924279, 53.404858788140302 ], [ -6.33991234602046, 53.404727192477203 ], [ -6.33993696875334, 53.404666274046903 ], [ -6.34007913963448, 53.404352196683 ], [ -6.34011318978773, 53.404253402044901 ], [ -6.33979690540627, 53.404045934523701 ], [ -6.33942318179694, 53.403792430965701 ], [ -6.33898072778188, 53.403494008205698 ], [ -6.33848630769142, 53.403161983585498 ], [ -6.33813292727577, 53.402917467384 ], [ -6.33790266149301, 53.402747283095501 ], [ -6.33747763045781, 53.402471052870297 ], [ -6.3372054582844, 53.402290551468397 ], [ -6.33698403967016, 53.402137180064102 ], [ -6.33636430009553, 53.401712232386302 ], [ -6.33591627641062, 53.401407631857801 ], [ -6.3351345100759, 53.400872301279698 ], [ -6.33477520100389, 53.400627411707703 ], [ -6.33459958605053, 53.400509488513997 ], [ -6.33438498401541, 53.400361760870503 ], [ -6.33407908204667, 53.400138146312003 ], [ -6.33382579976701, 53.399929024997199 ], [ -6.3336169753128, 53.399740807687998 ], [ -6.33342781568759, 53.399568826210299 ], [ -6.33333949799764, 53.399488157806502 ], [ -6.33316823978074, 53.399287965495297 ], [ -6.33295626630856, 53.399047891105297 ], [ -6.33283045413037, 53.398910480924698 ], [ -6.33270579198565, 53.398747639098097 ], [ -6.33257012591039, 53.398530951248397 ], [ -6.3322880470294, 53.398083388432397 ], [ -6.33221652935848, 53.397927344541799 ], [ -6.33217030220712, 53.397815693078897 ], [ -6.33213587732068, 53.397727527513801 ], [ -6.33206569703007, 53.3976299022859 ], [ -6.33199175580936, 53.397558427924302 ], [ -6.33184868045333, 53.397458144606603 ], [ -6.3316602881367, 53.397336559114301 ], [ -6.33148698076858, 53.397226055079798 ], [ -6.33119040878264, 53.397035309869601 ], [ -6.32763784003554, 53.3983083342616 ], [ -6.32705012221084, 53.398543474384603 ], [ -6.32600286741933, 53.3989348451978 ], [ -6.32474699219548, 53.399398344222099 ], [ -6.3221376712423, 53.400372342679297 ], [ -6.32066100695967, 53.400919611157903 ], [ -6.31848097267023, 53.401717329604701 ], [ -6.31749840014848, 53.402081002647499 ], [ -6.31590560304531, 53.402669607803801 ], [ -6.31510629659568, 53.402963239038101 ], [ -6.31461679250415, 53.403144812492997 ], [ -6.31394002121676, 53.403393872409303 ], [ -6.3131770892812, 53.4036757063406 ], [ -6.31208377406843, 53.404075708697 ], [ -6.31141522909001, 53.404315334523197 ], [ -6.30918391699013, 53.405068056582699 ], [ -6.30567208949338, 53.405989874255802 ], [ -6.30196172513003, 53.406795331307798 ], [ -6.30041774634173, 53.407098144729197 ], [ -6.30039721537947, 53.407102171176 ], [ -6.30045513348231, 53.407277530483597 ], [ -6.3005531649, 53.407498948900198 ], [ -6.30052726885091, 53.407661128706202 ], [ -6.30048217719534, 53.408061057494301 ], [ -6.30044101689535, 53.408362357850699 ], [ -6.30031847359544, 53.408511551084899 ], [ -6.30015224711174, 53.408782036031297 ], [ -6.29987311791743, 53.409260814608402 ], [ -6.29991986802055, 53.409277726981401 ], [ -6.29998902193403, 53.409305197445399 ], [ -6.30039373520583, 53.4094103367961 ], [ -6.3007696379755, 53.409529003266698 ], [ -6.30090841926526, 53.409567436292399 ], [ -6.30118332580208, 53.409643367061904 ], [ -6.30140042570197, 53.409700432330098 ], [ -6.30153604005926, 53.4097360755339 ], [ -6.30149596196765, 53.4098129241615 ], [ -6.30145194387807, 53.409897329533798 ], [ -6.3013965930993, 53.4100034683552 ], [ -6.30136799531506, 53.410056750231199 ], [ -6.3013273438982, 53.410131097382298 ], [ -6.30129723580491, 53.410154481739397 ], [ -6.30127326499838, 53.410186131565503 ], [ -6.30126477385968, 53.410202958469398 ], [ -6.30134785646143, 53.410357632616801 ], [ -6.30143078388111, 53.410506891935697 ], [ -6.30147043645931, 53.410628279535104 ], [ -6.30150422193443, 53.410772485896402 ], [ -6.30150102362764, 53.410993101332103 ], [ -6.30151714913188, 53.411097901258501 ], [ -6.30153476977234, 53.411179942443297 ], [ -6.30159610718365, 53.411351847052899 ], [ -6.30155487251575, 53.411427973682102 ], [ -6.30157700126251, 53.411452379824397 ], [ -6.30184537298587, 53.411583962074303 ], [ -6.30192389281066, 53.411651952918902 ], [ -6.30185376473341, 53.411707369383201 ], [ -6.30174831805769, 53.4117855667741 ], [ -6.30159160894196, 53.411886719059801 ], [ -6.30138853696413, 53.412028210168202 ], [ -6.30118967358799, 53.412143447644098 ], [ -6.3011620675809, 53.412163273281998 ], [ -6.30092304630564, 53.412165352931403 ], [ -6.30059541593429, 53.4121374570543 ], [ -6.3003711845819, 53.412110049859798 ], [ -6.30002547854929, 53.412091336060598 ], [ -6.29932389909118, 53.412055055793203 ], [ -6.29925412615428, 53.41205558987 ], [ -6.29915090708578, 53.412059690239197 ], [ -6.2990658430682, 53.412080763193899 ], [ -6.29899971074835, 53.412102286465903 ], [ -6.29894328202668, 53.4121105576735 ], [ -6.29889800067807, 53.412110110260897 ], [ -6.2987440989446, 53.412130777416799 ], [ -6.29866705631508, 53.411973537874601 ], [ -6.29865295799536, 53.411933251522903 ], [ -6.29858082290005, 53.411712253764797 ], [ -6.29851271878421, 53.4113802723897 ], [ -6.29850393138052, 53.411195610598803 ], [ -6.29851831505563, 53.410997137339898 ], [ -6.298555097353, 53.410830197606899 ], [ -6.29862694569997, 53.410577506274997 ], [ -6.29872891172589, 53.410424184571198 ], [ -6.29887588508185, 53.410332761596798 ], [ -6.29861150603348, 53.410384140993401 ], [ -6.2983090815081, 53.410414668328599 ], [ -6.29810481248103, 53.4104204633732 ], [ -6.29779917006936, 53.410410300827003 ], [ -6.2972608225822, 53.4102661877128 ], [ -6.29778480631397, 53.409310545752497 ], [ -6.29742783891482, 53.409247405113703 ], [ -6.29839897629949, 53.407798289684699 ], [ -6.29817211094926, 53.407448106615199 ], [ -6.29809068350661, 53.407353594934698 ], [ -6.29756036682516, 53.407437564858903 ], [ -6.29720205351346, 53.407457847737497 ], [ -6.29492740117102, 53.4076722509988 ], [ -6.29397589874159, 53.407728482196902 ], [ -6.29283780728026, 53.407794412558303 ], [ -6.29091521881896, 53.407900090528898 ], [ -6.28984793838323, 53.407956225901103 ], [ -6.28829745650445, 53.4080352992545 ], [ -6.28650190605139, 53.408114977139299 ], [ -6.28302199158216, 53.408280237203599 ], [ -6.28225218693906, 53.408318923232599 ], [ -6.27973434444315, 53.408456902824803 ], [ -6.27581121505631, 53.4086468289115 ], [ -6.27454690884985, 53.408704938125297 ], [ -6.27128379988892, 53.408852929325498 ], [ -6.2695089021143, 53.408931564364998 ], [ -6.26636332287641, 53.409074199463397 ], [ -6.26592515410401, 53.409093849196303 ], [ -6.26491616217191, 53.409166107551997 ], [ -6.26123279449864, 53.409295885098203 ], [ -6.25510715244857, 53.409544332971102 ], [ -6.25256781323541, 53.409645372560497 ], [ -6.25128237931251, 53.409702371915003 ], [ -6.24957059005871, 53.409774612886501 ], [ -6.24793188826215, 53.409853191403897 ], [ -6.24572560147298, 53.409952073564703 ], [ -6.24570338874695, 53.409952976740399 ], [ -6.2455786620841, 53.409958003633697 ], [ -6.24560048746157, 53.4102234357781 ], [ -6.24559998131471, 53.410282476210298 ], [ -6.24557056562471, 53.410452524720398 ], [ -6.24553811046679, 53.410646963456898 ], [ -6.24552459104861, 53.410713123529398 ], [ -6.24548791659744, 53.410735606564003 ], [ -6.24544952368637, 53.410753059789201 ], [ -6.24545472086919, 53.410768556057903 ], [ -6.24542777345756, 53.410865282167599 ], [ -6.24540143430516, 53.411161257014001 ], [ -6.24535983592079, 53.411159036807497 ], [ -6.24532408249088, 53.411212850376103 ], [ -6.24531758871754, 53.411255962269998 ], [ -6.245242933341, 53.4117421950573 ], [ -6.24522612450888, 53.4119075599247 ], [ -6.24521368811231, 53.412038042635203 ], [ -6.2452052804481, 53.412143527685402 ], [ -6.24520047500557, 53.412217495172698 ], [ -6.24518244824767, 53.412254225907901 ], [ -6.2451527783711, 53.412293212280701 ], [ -6.24514992602057, 53.412301948080398 ], [ -6.2451428633503, 53.412323610618699 ], [ -6.24502593160021, 53.412330050322097 ], [ -6.24486938561939, 53.4123068815775 ], [ -6.2447068332849, 53.412277789283102 ], [ -6.24444900399669, 53.412225451302803 ], [ -6.24427073185839, 53.412190119654802 ], [ -6.24416660294423, 53.412173132494097 ], [ -6.24404254916287, 53.412176159790398 ], [ -6.24391806082738, 53.412193019461 ], [ -6.24291580751144, 53.412109194176402 ], [ -6.24287510573569, 53.412172889366303 ], [ -6.24284082211518, 53.412231273590201 ], [ -6.24281913358476, 53.412270551230399 ], [ -6.24279593903157, 53.412318917885003 ], [ -6.24278030603761, 53.412374123379898 ], [ -6.24276879170115, 53.412410140689097 ], [ -6.24260587090339, 53.412882496746199 ], [ -6.24258446208018, 53.412928621959502 ], [ -6.24256160541286, 53.412974068830898 ], [ -6.2425124206442, 53.413140058722398 ], [ -6.24247012569488, 53.4132844465773 ], [ -6.24242345198857, 53.413441109646001 ], [ -6.2423812955206, 53.413587924480197 ], [ -6.24235628372959, 53.413653550106503 ], [ -6.24232178611913, 53.4137288941699 ], [ -6.2423164374276, 53.413745871144798 ], [ -6.24229965480639, 53.413766256135503 ], [ -6.24227161806021, 53.413832268637101 ], [ -6.24224428035151, 53.413897999311899 ], [ -6.24220563221558, 53.413982559697601 ], [ -6.24215395795658, 53.414070644845097 ], [ -6.2421035720793, 53.414163232177103 ], [ -6.24205588382882, 53.4142309713082 ], [ -6.24198555087754, 53.414331942851398 ], [ -6.24195661110419, 53.414385033351103 ], [ -6.24190524473769, 53.414489808333798 ], [ -6.24187112650372, 53.414520619390501 ], [ -6.24177894501867, 53.4147976585826 ], [ -6.24164145287476, 53.4152304430717 ], [ -6.24148837846292, 53.415679617686401 ], [ -6.24123252450382, 53.416277639150998 ], [ -6.24122200737174, 53.416322899019299 ], [ -6.2411145428539, 53.416770044069402 ], [ -6.24105530200063, 53.417005292661003 ], [ -6.2410078372505, 53.417170171149799 ], [ -6.24092106231829, 53.417514803875498 ], [ -6.24088522092986, 53.417669536179098 ], [ -6.24026356948077, 53.417653034302603 ], [ -6.23940248312176, 53.4176305756651 ], [ -6.23924775385388, 53.417628180757497 ], [ -6.23896097330678, 53.417621342992099 ], [ -6.23858342815223, 53.417585139054999 ], [ -6.23826975614246, 53.417536127368798 ], [ -6.23785782525668, 53.417413039524803 ], [ -6.2377340843809, 53.417398658730697 ], [ -6.23760630017767, 53.417378149396001 ], [ -6.23747603631361, 53.417356921126903 ], [ -6.23738288303592, 53.417340959289199 ], [ -6.23716980798706, 53.417304211769 ], [ -6.23709161780478, 53.417290127117496 ], [ -6.23690984684194, 53.417261539591401 ], [ -6.23664318879969, 53.417233795059502 ], [ -6.23640319706825, 53.417208627009501 ], [ -6.23636448851777, 53.417195339857301 ], [ -6.23636581306608, 53.417184747231801 ], [ -6.23636563535235, 53.4171592688784 ], [ -6.23623581165727, 53.417140340397502 ], [ -6.2362013742721, 53.417128149012498 ], [ -6.23619364894821, 53.417103534364998 ], [ -6.2362279816916, 53.417002808231402 ], [ -6.23623005485345, 53.4169611163273 ], [ -6.23622177208762, 53.416959529819202 ], [ -6.2359319028264, 53.416918973472001 ], [ -6.23594573568296, 53.416865571314901 ], [ -6.23648189063993, 53.4154953555106 ], [ -6.23659771644186, 53.4147488845853 ], [ -6.23669402687776, 53.4141634311746 ], [ -6.23667238992597, 53.414162176864799 ], [ -6.23667694886698, 53.4140640263413 ], [ -6.23667184951713, 53.413786369367998 ], [ -6.23663126052398, 53.413717924475698 ], [ -6.23845663191477, 53.412958001102403 ], [ -6.23837845855137, 53.412940525391697 ], [ -6.23837346731638, 53.412932804711602 ], [ -6.23816317541242, 53.412889506229 ], [ -6.23793907743355, 53.412873815350501 ], [ -6.23786879379953, 53.412860219041697 ], [ -6.23750931310771, 53.412804748764998 ], [ -6.23710701864078, 53.4127437395599 ], [ -6.23702046869418, 53.412724695786601 ], [ -6.23655544551944, 53.412510888148503 ], [ -6.23628868518425, 53.412386440394101 ], [ -6.23603324721207, 53.4123485902673 ], [ -6.23592870671113, 53.412284951690097 ], [ -6.23592989709577, 53.412273637136202 ], [ -6.23596800566307, 53.412139678645602 ], [ -6.236075978311, 53.411745118087602 ], [ -6.23609128060321, 53.411693636770202 ], [ -6.23621031086524, 53.411356574268503 ], [ -6.23623272170387, 53.411278566331902 ], [ -6.2348484247787, 53.411405235363297 ], [ -6.23484910598151, 53.411390966103902 ], [ -6.23467725639388, 53.4114157786112 ], [ -6.23438210635551, 53.411411332347299 ], [ -6.23404168906279, 53.411468498563899 ], [ -6.23368471225347, 53.411533632119202 ], [ -6.23351325828773, 53.411568467803299 ], [ -6.23311145087383, 53.411671972393002 ], [ -6.23299463719318, 53.411650194821704 ], [ -6.23271086831244, 53.411585570620097 ], [ -6.23236875993473, 53.411507574223698 ], [ -6.23200010029829, 53.411490288108503 ], [ -6.2318527303709, 53.411532559756402 ], [ -6.23172935905277, 53.411526769760698 ], [ -6.23139952076946, 53.411432560765697 ], [ -6.23084196800824, 53.411460089714097 ], [ -6.23066935946085, 53.4114295933378 ], [ -6.23050467882563, 53.411437432365197 ], [ -6.23008788851151, 53.411370308991998 ], [ -6.22976789327813, 53.4113524449007 ], [ -6.22946270176617, 53.411402885894603 ], [ -6.22934367870908, 53.411396331009399 ], [ -6.22870508604653, 53.411398286808797 ], [ -6.2279266565405, 53.411362146732799 ], [ -6.22771212960807, 53.411339731517202 ], [ -6.22688616824872, 53.411281411039496 ], [ -6.2256905853993, 53.410992129188202 ], [ -6.22558321125531, 53.410973118113297 ], [ -6.22537539043986, 53.4109320618049 ], [ -6.22508871757951, 53.410858121179501 ], [ -6.2249812539762, 53.410810243926399 ], [ -6.22492332297329, 53.410799004097903 ], [ -6.22483520561338, 53.410778085560501 ], [ -6.22476403073217, 53.410774654412798 ], [ -6.22468606094284, 53.410764652566897 ], [ -6.22458347299448, 53.4107477700245 ], [ -6.22440020471703, 53.4107036625457 ], [ -6.22424879796796, 53.410664413964298 ], [ -6.22413573473589, 53.410643052862802 ], [ -6.22394869628079, 53.410603166029603 ], [ -6.22370495451985, 53.410555811959803 ], [ -6.22353562163494, 53.410518389977298 ], [ -6.22341276659342, 53.410502111750297 ], [ -6.2232470270458, 53.410484557042601 ], [ -6.22307360121421, 53.410469915788802 ], [ -6.2229487646344, 53.4104625669057 ], [ -6.22273060822388, 53.410455571525297 ], [ -6.22260432117278, 53.410461725050403 ], [ -6.2225154817528, 53.410465739550098 ], [ -6.22185200840123, 53.410484667510197 ], [ -6.22098782732105, 53.410505578818999 ], [ -6.22046176261248, 53.410520697054601 ], [ -6.2202075308286, 53.4105280040555 ], [ -6.21954435188674, 53.410541306936103 ], [ -6.2191550672186, 53.4105536343422 ], [ -6.21877267811368, 53.410564660318698 ], [ -6.2183142846336, 53.410579196797201 ], [ -6.21809725256577, 53.410586686833 ], [ -6.21798853562345, 53.410594498958403 ], [ -6.21760302599229, 53.410613616920898 ], [ -6.21754069671926, 53.410615912196299 ], [ -6.21731606919259, 53.410640307253303 ], [ -6.21727472378511, 53.410627405872503 ], [ -6.21713550313841, 53.410649345803897 ], [ -6.2168050089196, 53.410651516887 ], [ -6.21659538289413, 53.4106200067488 ], [ -6.21644136177326, 53.410610697011897 ], [ -6.2163061587319, 53.410591620440101 ], [ -6.21606056396316, 53.410553910376898 ], [ -6.21573110319906, 53.410463887826197 ], [ -6.21533327491889, 53.4103573397377 ], [ -6.21500936164348, 53.410276410454301 ], [ -6.2145288345883, 53.410168812839402 ], [ -6.2142380499113, 53.410102413579899 ], [ -6.21412760752826, 53.410084675592003 ], [ -6.21405104053086, 53.410081489942698 ], [ -6.21396166044231, 53.4100488635166 ], [ -6.21386411607998, 53.410029108063902 ], [ -6.21376930179196, 53.410029639052702 ], [ -6.2136180084527, 53.4099868921151 ], [ -6.21351257346202, 53.409974197994501 ], [ -6.21331859302642, 53.409942358911799 ], [ -6.21307436987332, 53.409892532854002 ], [ -6.21286461942705, 53.4098451269005 ], [ -6.21265173138224, 53.409815195889898 ], [ -6.21231661946018, 53.409747993459703 ], [ -6.21214566862812, 53.4097071343962 ], [ -6.21197308829454, 53.409638824409697 ], [ -6.21159807726426, 53.409512899067501 ], [ -6.21140922777147, 53.409454184709297 ], [ -6.21132946743256, 53.409439699064698 ], [ -6.21120415026147, 53.409448218019399 ], [ -6.21111309362201, 53.409448812178802 ], [ -6.21101046727737, 53.4094402106495 ], [ -6.2108557710889, 53.409419874929597 ], [ -6.21073119876455, 53.409399181552303 ], [ -6.21043566386873, 53.409337626331698 ], [ -6.21017430220236, 53.409299622784197 ], [ -6.20992097275032, 53.409266259209701 ], [ -6.20973264093054, 53.4092565422607 ], [ -6.20966271272872, 53.409266132845303 ], [ -6.20961975432788, 53.409272022079399 ], [ -6.20955725922343, 53.409287969002797 ], [ -6.20945029897573, 53.409290525468997 ], [ -6.20935564695234, 53.4092879104386 ], [ -6.20924520877086, 53.409270168864303 ], [ -6.20891531355962, 53.409203941960399 ], [ -6.208695532575, 53.409161743135499 ], [ -6.20836994662497, 53.4090900166333 ], [ -6.20796849714734, 53.408996627094702 ], [ -6.20744488807935, 53.408877543147902 ], [ -6.20681189262715, 53.408736899903801 ], [ -6.20649031852807, 53.408670396643501 ], [ -6.20561085882763, 53.408473671363097 ], [ -6.20537090789292, 53.408428853261199 ], [ -6.20510364072648, 53.408388476671099 ], [ -6.2046333978646, 53.408330920622198 ], [ -6.2042775987219, 53.408286244687602 ], [ -6.20416492148957, 53.408282842075799 ], [ -6.2040308787018, 53.408285794314502 ], [ -6.20374950937541, 53.4082563990168 ], [ -6.20347005709698, 53.408219393806299 ], [ -6.2032670666876, 53.4082022213844 ], [ -6.20283203805997, 53.408152412811297 ], [ -6.20280688734546, 53.408151108427298 ], [ -6.20277370982607, 53.408149386595198 ], [ -6.2025863121572, 53.408128368039897 ], [ -6.2023504070581, 53.408102547182501 ], [ -6.20215072429432, 53.4080676028317 ], [ -6.20202806486262, 53.408051673940697 ], [ -6.201811942741, 53.408020345426301 ], [ -6.20163863385098, 53.407978051500599 ], [ -6.2014430899855, 53.407925573176101 ], [ -6.20132127844624, 53.407896338641997 ], [ -6.20101870668758, 53.407839946107401 ], [ -6.20085148378181, 53.407805597446803 ], [ -6.20051905253061, 53.4076977838522 ], [ -6.20030738070475, 53.407643057099001 ], [ -6.20019465645531, 53.407623393214301 ], [ -6.20011813817351, 53.407594598477303 ], [ -6.2000450612287, 53.407561963721903 ], [ -6.19997149663651, 53.407539098839102 ], [ -6.19984233182138, 53.407523042634601 ], [ -6.19970303997836, 53.407514633462299 ], [ -6.19949607458318, 53.407495210537199 ], [ -6.19925693028681, 53.407469317596401 ], [ -6.199137518769, 53.407453443692198 ], [ -6.19908922242085, 53.407444734604901 ], [ -6.19903807122028, 53.407428156478701 ], [ -6.1990035689431, 53.407404047581501 ], [ -6.1989722982548, 53.407379995514901 ], [ -6.19894407748929, 53.407359908270202 ], [ -6.19890916971371, 53.407343619179997 ], [ -6.19886116639034, 53.407329046977502 ], [ -6.19881611674284, 53.407320396647599 ], [ -6.19870032594512, 53.4072989072246 ], [ -6.19859075062981, 53.407281257722197 ], [ -6.19846209178496, 53.407255430375599 ], [ -6.19833992462039, 53.4072297197322 ], [ -6.19820741860826, 53.407215560846502 ], [ -6.19812971513196, 53.407210227489301 ], [ -6.19800420400747, 53.407186415551898 ], [ -6.19788174437984, 53.407166566565898 ], [ -6.19762038515, 53.407130494793599 ], [ -6.1975007649501, 53.407118525022597 ], [ -6.19739717840107, 53.407110769077299 ], [ -6.19732291700929, 53.407101587220701 ], [ -6.19707149088347, 53.407061773271202 ], [ -6.19701660641848, 53.407054896290703 ], [ -6.19679733043166, 53.4070236907625 ], [ -6.19665213610469, 53.407003426108297 ], [ -6.19653272842196, 53.406987549639197 ], [ -6.19631874324735, 53.406976641928701 ], [ -6.19625253811419, 53.406970420465797 ], [ -6.19614532747445, 53.406979718460299 ], [ -6.1959259704509, 53.407008348513898 ], [ -6.19569352515806, 53.407031407258401 ], [ -6.19558162260696, 53.407045684262201 ], [ -6.19541683921835, 53.407048395864102 ], [ -6.19529159008211, 53.407062461863397 ], [ -6.1951527712097, 53.407081659731503 ], [ -6.19502284730894, 53.407101010798499 ], [ -6.19487711774493, 53.407116132012703 ], [ -6.19482163838529, 53.407121888617297 ], [ -6.19466094720285, 53.407132703627099 ], [ -6.19456274409429, 53.407139162247702 ], [ -6.19443810817647, 53.407139838033899 ], [ -6.19434460976096, 53.407141011606697 ], [ -6.19430446189195, 53.407143045980902 ], [ -6.19421455694808, 53.407163037409298 ], [ -6.19403510501707, 53.407194990995897 ], [ -6.19392332845372, 53.407206589896099 ], [ -6.19369495990643, 53.407237749009198 ], [ -6.19351117160287, 53.407266949651699 ], [ -6.19332270715153, 53.407301425383402 ], [ -6.19322871066265, 53.407313311581603 ], [ -6.19315250525835, 53.407325484048599 ], [ -6.19304590517605, 53.407321085214797 ], [ -6.19292126723606, 53.407321759389902 ], [ -6.19282343542536, 53.4073201877193 ], [ -6.19277859628474, 53.407327497602999 ], [ -6.19272474621202, 53.407337349521001 ], [ -6.19266598043857, 53.407357846234802 ], [ -6.19260334673696, 53.407364877674802 ], [ -6.1925197000189, 53.407344766784902 ], [ -6.19246201476938, 53.4073411619216 ], [ -6.19232882526803, 53.407335352296897 ], [ -6.1922464688753, 53.4073379872275 ], [ -6.19217759760033, 53.407332918553102 ], [ -6.19207303365939, 53.407317361263701 ], [ -6.19200141948546, 53.407300361456301 ], [ -6.1919624059104, 53.407289831542499 ], [ -6.19189062569327, 53.407276783928701 ], [ -6.19177929648514, 53.407265086782601 ], [ -6.19158310539495, 53.407238148216798 ], [ -6.19140408757385, 53.407195644996598 ], [ -6.19127721900503, 53.407163888651503 ], [ -6.19119902332505, 53.407146779656799 ], [ -6.19110475421378, 53.407121484259299 ], [ -6.19099414302961, 53.407093944894797 ], [ -6.19088780787007, 53.407044689294302 ], [ -6.19077123310525, 53.407003185274903 ], [ -6.19064473188451, 53.406963507186099 ], [ -6.19051492424368, 53.406923770756698 ], [ -6.19047592491834, 53.406913240567498 ], [ -6.19044495784852, 53.406724546286199 ], [ -6.19042749253757, 53.406601430905702 ], [ -6.19041532772364, 53.406579446705599 ], [ -6.19038627191302, 53.4065670898175 ], [ -6.19034692313817, 53.406564480917403 ], [ -6.19022163077469, 53.406570380620302 ], [ -6.19005140737792, 53.406551786754299 ], [ -6.18976975708599, 53.406523467715303 ], [ -6.18947499479615, 53.406488084921399 ], [ -6.18892723841774, 53.406429532889497 ], [ -6.18837969976238, 53.406366245789599 ], [ -6.18817234004545, 53.406343957814997 ], [ -6.18799183263068, 53.406336310658098 ], [ -6.18790147101476, 53.406334849218197 ], [ -6.18744354742117, 53.406289579335699 ], [ -6.18695058181099, 53.406236630845797 ], [ -6.18664129725003, 53.406207957515001 ], [ -6.1865527519196, 53.406166281859399 ], [ -6.18620607308906, 53.406119462161399 ], [ -6.18617297729703, 53.406136373839999 ], [ -6.18609205786539, 53.4061777121793 ], [ -6.18603893662133, 53.406274674385202 ], [ -6.18602442222312, 53.406338714522398 ], [ -6.18600185233034, 53.406376086695403 ], [ -6.1859589757321, 53.406400542643198 ], [ -6.18588784202298, 53.406382629648498 ], [ -6.18579872863269, 53.406351836623301 ], [ -6.18553612413146, 53.406360173778701 ], [ -6.18527550727355, 53.406375523454699 ], [ -6.18506668366197, 53.406374935743301 ], [ -6.18478068369466, 53.406387085159203 ], [ -6.18463370668094, 53.406404269142897 ], [ -6.18450646964175, 53.406414852048698 ], [ -6.18438308704668, 53.406429545291999 ], [ -6.18419299483275, 53.406431236293599 ], [ -6.18399059355999, 53.406442265380797 ], [ -6.18387148205335, 53.406449871205297 ], [ -6.18355745425058, 53.406478161846501 ], [ -6.18324761077348, 53.406501752525799 ], [ -6.18305312873414, 53.406512909528999 ], [ -6.18285082828937, 53.406521556365 ], [ -6.1825612982298, 53.406533556858797 ], [ -6.18243438449203, 53.406538651627997 ], [ -6.18225957694306, 53.406552506711101 ], [ -6.18205836735856, 53.4065373286697 ], [ -6.18175408996683, 53.406525252601803 ], [ -6.18160418834744, 53.406513282022203 ], [ -6.18134835826916, 53.406480538479897 ], [ -6.18117022965356, 53.406455574617397 ], [ -6.18098979944643, 53.406425686767498 ], [ -6.18066200196901, 53.406391818203502 ], [ -6.18034153694016, 53.406370757151102 ], [ -6.18014971576746, 53.4063597097174 ], [ -6.17992705711373, 53.406389419557897 ], [ -6.17968965318178, 53.406453788941398 ], [ -6.17940918561006, 53.406538079498901 ], [ -6.17923289942049, 53.406590754369901 ], [ -6.17878156805444, 53.406725679585499 ], [ -6.17845154845496, 53.406821873573399 ], [ -6.17836601558791, 53.406848506331798 ], [ -6.17794348002074, 53.406932691084897 ], [ -6.17785536143424, 53.406952275059602 ], [ -6.17770113162417, 53.4069880576521 ], [ -6.17760850900244, 53.407009550087203 ], [ -6.17756193838151, 53.4070105460221 ], [ -6.17753351781202, 53.406996075375403 ], [ -6.17749750478978, 53.406956965554201 ], [ -6.17745613840942, 53.406907269547197 ], [ -6.17741768788835, 53.4068576270286 ], [ -6.17738660751678, 53.4068378585715 ], [ -6.17733809378209, 53.406817815855902 ], [ -6.1772602786473, 53.406802537076601 ], [ -6.17718796289098, 53.406794360160298 ], [ -6.17712137410164, 53.406788032323597 ], [ -6.1770632613751, 53.406787082056503 ], [ -6.17700821379576, 53.4067826920637 ], [ -6.17692363857269, 53.406788319632597 ], [ -6.17688004266243, 53.406787608936199 ], [ -6.17678174352666, 53.406775512516298 ], [ -6.17665913524298, 53.406767124462398 ], [ -6.17656383638111, 53.4067604926407 ], [ -6.17646585645876, 53.406750431258097 ], [ -6.17637585786027, 53.406750665399599 ], [ -6.17627189576531, 53.406748977515697 ], [ -6.17619609320734, 53.406746049738999 ], [ -6.17608697391192, 53.406734120006497 ], [ -6.175980579849, 53.406723920685401 ], [ -6.17585598910913, 53.406735469588597 ], [ -6.17572674800269, 53.406740117205104 ], [ -6.17560309981132, 53.406738109938601 ], [ -6.17551052291958, 53.406733217631697 ], [ -6.17540983622106, 53.406721425139402 ], [ -6.1753060176633, 53.406716350972999 ], [ -6.17514880758406, 53.406710407567701 ], [ -6.17506185229158, 53.406705608931503 ], [ -6.17499456658372, 53.406701129798698 ], [ -6.17488262371031, 53.406689146809299 ], [ -6.17469496597415, 53.4066725456521 ], [ -6.17443718618415, 53.406649283098297 ], [ -6.17410217495135, 53.406621665972402 ], [ -6.17365891585375, 53.406592391946802 ], [ -6.17356431017736, 53.406592524723301 ], [ -6.17767390601665, 53.407189820545703 ], [ -6.17842736186225, 53.406978300041899 ], [ -6.1784682363351, 53.407013381562201 ], [ -6.17853261081566, 53.407203164256501 ], [ -6.17856170746021, 53.407314049127201 ], [ -6.17855814779259, 53.407347369598199 ], [ -6.17853609122783, 53.407389141639001 ], [ -6.17846370476548, 53.407462460838502 ], [ -6.17835915054722, 53.407574163787402 ], [ -6.17827467847208, 53.407657840658601 ], [ -6.17793459689314, 53.4078941873682 ], [ -6.178063933972, 53.4083199208442 ], [ -6.17920354829637, 53.408729401374799 ], [ -6.17922881800684, 53.408813132916997 ], [ -6.17923778770579, 53.408842853286998 ], [ -6.17924381955999, 53.408867117989203 ], [ -6.179273702636, 53.409001917696699 ], [ -6.17933518763899, 53.409306616815797 ], [ -6.17970304379363, 53.409270378262001 ], [ -6.18015152291269, 53.409225725997302 ], [ -6.18050659483528, 53.409190152961003 ], [ -6.18093168351594, 53.409149787261299 ], [ -6.18120907266631, 53.409122076832801 ], [ -6.18151509244312, 53.409092367879502 ], [ -6.18185571195341, 53.4090620606584 ], [ -6.18234323213016, 53.409020430527903 ], [ -6.18291143440317, 53.408970060401501 ], [ -6.18333970841657, 53.4089335177419 ], [ -6.18334240680993, 53.408963698719703 ], [ -6.18334368040284, 53.408977933735798 ], [ -6.18332725711667, 53.409271443074303 ], [ -6.1833256445808, 53.409369277762899 ], [ -6.18331873733541, 53.409407813550402 ], [ -6.1833521525661, 53.409460082895002 ], [ -6.18350033203122, 53.409585359089199 ], [ -6.18373698477935, 53.409764011607002 ], [ -6.1838376867823, 53.4098430940942 ], [ -6.18404392213782, 53.409931277877597 ], [ -6.18409894210673, 53.409954787323599 ], [ -6.18436602465383, 53.410015525880397 ], [ -6.18430853172805, 53.410626930321499 ], [ -6.18418666557095, 53.410620534273598 ], [ -6.1841517432014, 53.4108264695152 ], [ -6.1840769716077, 53.411253326429701 ], [ -6.18423026538355, 53.411359629969901 ], [ -6.18418524173257, 53.411488362612197 ], [ -6.18401787449978, 53.411478982390001 ], [ -6.18346377488744, 53.411447425523797 ], [ -6.18327829760834, 53.411441573387599 ], [ -6.18330201351508, 53.410969771452798 ], [ -6.18020864769999, 53.410837499608 ], [ -6.17918492971228, 53.410889553721901 ], [ -6.17905990768123, 53.410889842716202 ], [ -6.17897571857149, 53.410794388968299 ], [ -6.17889255870254, 53.410686121185499 ], [ -6.17880515620785, 53.4105567878307 ], [ -6.17879644857933, 53.410540965301799 ], [ -6.17878774060524, 53.4105251158025 ], [ -6.17876588838537, 53.410493456086101 ], [ -6.17870041895258, 53.410387920771001 ], [ -6.17859003701939, 53.4101843793269 ], [ -6.1784511435943, 53.409898771551603 ], [ -6.17830166479503, 53.409657834924197 ], [ -6.17824153548018, 53.409512266730403 ], [ -6.17820822377323, 53.4093947570571 ], [ -6.17817864963435, 53.409154293576499 ], [ -6.17818716602641, 53.408874862611697 ], [ -6.17817733019883, 53.408817524553598 ], [ -6.17578846578081, 53.408975302802702 ], [ -6.17543374609242, 53.4089987251118 ], [ -6.17372221557835, 53.409105257449099 ], [ -6.17352534512538, 53.409113291231598 ], [ -6.17269951864127, 53.409146993381903 ], [ -6.17135491677121, 53.409260250749298 ], [ -6.17092562272528, 53.409376280920299 ], [ -6.17049322886288, 53.409573938311901 ], [ -6.16954883527014, 53.4100159141475 ], [ -6.16826884840611, 53.410544913968998 ], [ -6.16825837663439, 53.410549055033499 ], [ -6.16764373051419, 53.410792119191697 ], [ -6.16705238046919, 53.410966376717496 ], [ -6.16646932184001, 53.411066289097498 ], [ -6.16645532998553, 53.411067416144398 ], [ -6.16606476309751, 53.4110988591802 ], [ -6.16598399202866, 53.411099046631499 ], [ -6.16537095112665, 53.411108235789399 ], [ -6.16482321320151, 53.411096777645199 ], [ -6.16470158941347, 53.4110897416369 ], [ -6.16448656607981, 53.4110746471003 ], [ -6.16423767652221, 53.411060635822402 ], [ -6.16423538240249, 53.411015652551498 ], [ -6.16423103736979, 53.410994117517298 ], [ -6.16420208180827, 53.4109357759354 ], [ -6.16414935219827, 53.410842026622902 ], [ -6.1640812854872, 53.4106597372393 ], [ -6.16395121480112, 53.410277690495903 ], [ -6.16382687411904, 53.409906165160699 ], [ -6.16369694592674, 53.409513615789599 ], [ -6.16357996841804, 53.409164082368903 ], [ -6.16357755760322, 53.409156879021403 ], [ -6.16371424436044, 53.409169694500399 ], [ -6.16462463512785, 53.409261486485001 ], [ -6.16458643437996, 53.409254304582298 ], [ -6.16450229426393, 53.409236781965099 ], [ -6.1644398637534, 53.4092288212249 ], [ -6.16433097821632, 53.4091960542941 ], [ -6.16424987632959, 53.4091823163904 ], [ -6.1641812066866, 53.409174313505403 ], [ -6.16409690624189, 53.409164327406302 ], [ -6.16401546087893, 53.409169427745802 ], [ -6.16393706997204, 53.4091783140817 ], [ -6.16388716327872, 53.409170437800299 ], [ -6.16382160659315, 53.4091624556198 ], [ -6.16369663759051, 53.409152194273602 ], [ -6.16357420874624, 53.409146868621797 ], [ -6.16350232956126, 53.409141791056797 ], [ -6.1634841199648, 53.409138563718201 ], [ -6.1634622409557, 53.409134686710303 ], [ -6.1633678771308, 53.4091202040021 ], [ -6.16326270223336, 53.4090987445583 ], [ -6.16313385483606, 53.409079705329802 ], [ -6.16294595837833, 53.409060818851103 ], [ -6.16280402090702, 53.409042314867797 ], [ -6.16270940398794, 53.409033399504999 ], [ -6.16258099001513, 53.409028044537799 ], [ -6.16251282579115, 53.409020542816599 ], [ -6.16240066859826, 53.408998462815802 ], [ -6.16226853942471, 53.408969101356 ], [ -6.1620883027985, 53.408932330829003 ], [ -6.16189615116355, 53.408885905746899 ], [ -6.16170391483892, 53.4088466857608 ], [ -6.16155549848811, 53.408834038777101 ], [ -6.16147922002275, 53.4088337081023 ], [ -6.16140294190842, 53.408833369294797 ], [ -6.16129078584424, 53.408811287361402 ], [ -6.16115469901867, 53.408777110760603 ], [ -6.16106256136407, 53.408759911026202 ], [ -6.16087421222471, 53.408730302195899 ], [ -6.16064161889717, 53.408707684602902 ], [ -6.16055755256973, 53.408688129893797 ], [ -6.16046544215419, 53.408668531172303 ], [ -6.16036530377125, 53.408648898555199 ], [ -6.16028102441717, 53.4086461347624 ], [ -6.16014076715855, 53.408623924293202 ], [ -6.15993613496131, 53.4086134370312 ], [ -6.15981196542374, 53.408588895425801 ], [ -6.15970379800092, 53.408569228371697 ], [ -6.15959953084202, 53.408559182961 ], [ -6.15940301268325, 53.408541522369497 ], [ -6.15919841105535, 53.408509441126 ], [ -6.1590139368416, 53.408491830775397 ], [ -6.15894188835919, 53.408474724363202 ], [ -6.15885370758785, 53.408462346764701 ], [ -6.15867726471123, 53.408444770767801 ], [ -6.15847274597026, 53.408424686065501 ], [ -6.15831651821914, 53.408395209124201 ], [ -6.15806803986963, 53.408358125743902 ], [ -6.15787559532795, 53.408335691636303 ], [ -6.15767920786962, 53.408308433536597 ], [ -6.15752699621966, 53.408278981577901 ], [ -6.15733865221369, 53.4082493573259 ], [ -6.15719825495794, 53.408239147620698 ], [ -6.15706600166578, 53.408219367025801 ], [ -6.15693773509847, 53.4082020108225 ], [ -6.15685765854421, 53.408184868185998 ], [ -6.15674140594405, 53.408169953283704 ], [ -6.15667725928743, 53.408162474289497 ], [ -6.1566372276399, 53.408152708014299 ], [ -6.15656917854271, 53.408135607982302 ], [ -6.15652111788532, 53.4081257985831 ], [ -6.15645272751802, 53.4081374940274 ], [ -6.15639647969451, 53.408139644549898 ], [ -6.15634680787363, 53.408127787859797 ], [ -6.15631021237861, 53.408120654145698 ], [ -6.15620891820554, 53.408095473337902 ], [ -6.15612628487674, 53.408083862490102 ], [ -6.15598715057059, 53.408076501237197 ], [ -6.15584819212121, 53.408055653980803 ], [ -6.15565295152127, 53.408021068700002 ], [ -6.15546136778045, 53.407995490025499 ], [ -6.15533360483144, 53.407981437632102 ], [ -6.155254755379, 53.407967593557899 ], [ -6.15510822028353, 53.407951211429697 ], [ -6.15486392875258, 53.407927647634899 ], [ -6.15466479095891, 53.407904277961997 ], [ -6.15426270436175, 53.407852814727399 ], [ -6.15387206663792, 53.407797124765302 ], [ -6.15350774853961, 53.407743799130003 ], [ -6.15336883854619, 53.407718447538997 ], [ -6.15319622992941, 53.4076794634246 ], [ -6.15307990293602, 53.407654209173501 ], [ -6.15300103086107, 53.407642618385097 ], [ -6.15293339191873, 53.4076355785865 ], [ -6.15283197490972, 53.407621634507798 ], [ -6.15269680006447, 53.407598551014097 ], [ -6.15260296079727, 53.407580140921397 ], [ -6.15253168869739, 53.407561838206 ], [ -6.15248659685153, 53.407557141549397 ], [ -6.15241516109593, 53.407552333785297 ], [ -6.15232109893885, 53.407551910767197 ], [ -6.15223085408377, 53.407547018511401 ], [ -6.15218354208567, 53.407541802014997 ], [ -6.15209511917109, 53.407525416803097 ], [ -6.1519967459129, 53.407501994346099 ], [ -6.15180647726246, 53.407472170627599 ], [ -6.15168971311709, 53.4074476632507 ], [ -6.15148446008356, 53.407411774588901 ], [ -6.15131598816281, 53.4073780550452 ], [ -6.15129541888643, 53.407372775940203 ], [ -6.15121259150507, 53.407351516139897 ], [ -6.15117423405015, 53.4073423491879 ], [ -6.15112422055642, 53.407330135374202 ], [ -6.15106589687634, 53.407312885286203 ], [ -6.15101920922973, 53.407302681462703 ], [ -6.15097910423205, 53.407299508566901 ], [ -6.15093894803658, 53.407301330498001 ], [ -6.15091376192426, 53.407309207730698 ], [ -6.15088518524113, 53.407321076226097 ], [ -6.1508246405339, 53.407348786474699 ], [ -6.15075068912642, 53.407378436299297 ], [ -6.15068173114079, 53.407410104878601 ], [ -6.1506581874388, 53.407419993889199 ], [ -6.15062637831477, 53.407422843838198 ], [ -6.15055947230936, 53.407424547863002 ], [ -6.15046922159357, 53.407420147632301 ], [ -6.1503807328893, 53.407408765645101 ], [ -6.15029397839652, 53.407391390174404 ], [ -6.15026571857785, 53.407378272679303 ], [ -6.15024591004192, 53.407357198554998 ], [ -6.15021138228889, 53.407310078691701 ], [ -6.1501918509833, 53.407267019255102 ], [ -6.15017543609871, 53.407242960593997 ], [ -6.15014223277015, 53.407222828487299 ], [ -6.15010733560678, 53.407205681166602 ], [ -6.15005400651989, 53.407189120069198 ], [ -6.15001703569173, 53.407177124974197 ], [ -6.14999987196355, 53.407163738941399 ], [ -6.14999761953533, 53.407145974837803 ], [ -6.150007875399, 53.407117925241302 ], [ -6.15003295251743, 53.407091418492598 ], [ -6.15002858433103, 53.407071491402803 ], [ -6.15002104004741, 53.407054390416 ], [ -6.1499765656813, 53.407048273251803 ], [ -6.14992212243141, 53.407048031756702 ], [ -6.14981081186935, 53.407043097923697 ], [ -6.14962311772208, 53.407036863244102 ], [ -6.14950165279052, 53.407025445845697 ], [ -6.14944134155242, 53.407011732457597 ], [ -6.14939070884652, 53.406990934479502 ], [ -6.14936450469171, 53.406973094779701 ], [ -6.14932937501528, 53.406934637122603 ], [ -6.14931138105631, 53.406910239271603 ], [ -6.14929469804714, 53.406861536107499 ], [ -6.14924447405448, 53.406809850199501 ], [ -6.14920256179085, 53.4067963500178 ], [ -6.14916058803754, 53.406788770286603 ], [ -6.1491135538381, 53.406790035557499 ], [ -6.14906144219938, 53.406800155448003 ], [ -6.14905923780324, 53.406800381927603 ], [ -6.14905689310233, 53.406786137944103 ], [ -6.14905122939271, 53.406752063991298 ], [ -6.14910784355681, 53.406728661059603 ], [ -6.14904061050701, 53.4063168566095 ], [ -6.14897578533316, 53.406036648661598 ], [ -6.14890062793422, 53.405686186944898 ], [ -6.1488580089412, 53.4053725348124 ], [ -6.14880941673462, 53.404992471546798 ], [ -6.14880738397576, 53.404976624402998 ], [ -6.14879368790135, 53.404672227336199 ], [ -6.14879354298293, 53.404419351286499 ], [ -6.14881300447392, 53.404082039480798 ], [ -6.1488271156391, 53.403895613979103 ], [ -6.14887082077923, 53.403515993151402 ], [ -6.14893582850063, 53.403134007053403 ], [ -6.14911705034716, 53.402371547715099 ], [ -6.14911990063613, 53.402359936915801 ], [ -6.14913144784571, 53.402312865909501 ], [ -6.14715410185691, 53.401962787002802 ], [ -6.146537569053, 53.401820001974002 ], [ -6.14589218666987, 53.401602511423803 ], [ -6.14568279746719, 53.401459558127897 ], [ -6.14519858552424, 53.401273126317903 ], [ -6.14478770396422, 53.401141803633799 ], [ -6.14453075686714, 53.401066306242299 ], [ -6.14440673933601, 53.401036897996804 ], [ -6.14425787948528, 53.401289388752602 ], [ -6.14383644772641, 53.4018455287055 ], [ -6.14340693404942, 53.402374285678597 ], [ -6.14103490510692, 53.402224145644198 ], [ -6.1406951310971, 53.402252847442497 ], [ -6.13993752447108, 53.402153525996702 ], [ -6.13931540555761, 53.402050991504296 ], [ -6.13885678961088, 53.401475265089601 ], [ -6.13851434111725, 53.401039206828699 ], [ -6.13829189245595, 53.400753124129203 ], [ -6.13823951940006, 53.400684851683501 ], [ -6.13815384141493, 53.400612695476298 ], [ -6.13795159839115, 53.400623423240297 ], [ -6.13713641427448, 53.400528774469201 ], [ -6.13681748166734, 53.400457916940603 ], [ -6.13659004843478, 53.400128676217498 ], [ -6.13635802345262, 53.399778291357499 ], [ -6.13624264140391, 53.399656126933102 ], [ -6.13604903060551, 53.399495762470103 ], [ -6.13599850473831, 53.399443284068496 ], [ -6.13598385407236, 53.399406948724497 ], [ -6.1359764097163, 53.399371929430004 ], [ -6.13599071785346, 53.399346264090802 ], [ -6.13601525620739, 53.399315662175802 ], [ -6.13605402356103, 53.399293541711899 ], [ -6.13608233861172, 53.399273180608901 ], [ -6.1361312301495, 53.399265371051897 ], [ -6.13618549251347, 53.399249225170401 ], [ -6.13620581065531, 53.399241230104202 ], [ -6.13621503300742, 53.399202580947602 ], [ -6.13620126933181, 53.399149391289598 ], [ -6.1361711710497, 53.399098768886603 ], [ -6.13614367997856, 53.399067633194498 ], [ -6.1360173416486, 53.3989863385546 ], [ -6.13583266286936, 53.398865230799203 ], [ -6.13571811041909, 53.398784685246 ], [ -6.13566398897584, 53.398748775144803 ], [ -6.13563802539039, 53.398712263064397 ], [ -6.13566327274148, 53.398696742840599 ], [ -6.13553838919583, 53.398575687635997 ], [ -6.13526962828182, 53.398687797985602 ], [ -6.13447312094284, 53.398683419710601 ], [ -6.1339731116887, 53.3986917428415 ], [ -6.13353741739868, 53.398773714130897 ], [ -6.13318303191956, 53.3988488768289 ], [ -6.13259570585225, 53.399001100803098 ], [ -6.13203359576907, 53.3991940727336 ], [ -6.13159611090974, 53.399316358010402 ], [ -6.13160925027185, 53.399324633295997 ], [ -6.13023292032458, 53.399916455835204 ], [ -6.13043185945792, 53.4003069624464 ], [ -6.13047911226304, 53.400461053296098 ], [ -6.1305395188231, 53.400623411657499 ], [ -6.13071924426046, 53.400836065229299 ], [ -6.1311519102967, 53.401440070193203 ], [ -6.13031271618433, 53.401697045178501 ], [ -6.13027101811952, 53.401655621496502 ], [ -6.12995401908077, 53.401254215076598 ], [ -6.12967664582697, 53.400901839190098 ], [ -6.12947261548506, 53.400698031380401 ], [ -6.12927497948596, 53.400585660868501 ], [ -6.12889884549367, 53.400402824420397 ], [ -6.12868210005692, 53.400307595024302 ], [ -6.12850040758213, 53.4002828467965 ], [ -6.12837611343509, 53.400263805151901 ], [ -6.12821353899095, 53.400136184852002 ], [ -6.12797597612512, 53.400020642396299 ], [ -6.1276047125584, 53.3997857302463 ], [ -6.12723176265047, 53.399549550970796 ], [ -6.12690983688951, 53.399420039026502 ], [ -6.12678871154608, 53.3993152806175 ], [ -6.12666567394214, 53.399160303578903 ], [ -6.12670898679777, 53.398997172765696 ], [ -6.1266101394956, 53.398736204031998 ], [ -6.12643478562754, 53.398301911539498 ], [ -6.12610964565662, 53.397842855278 ], [ -6.12576537895098, 53.397359036252901 ], [ -6.12544342256647, 53.396867596639197 ], [ -6.12522900166303, 53.3965720296518 ], [ -6.12520436504692, 53.396538060854397 ], [ -6.12496530901113, 53.396332346546998 ], [ -6.12459240902534, 53.3959818631172 ], [ -6.12415257556467, 53.395642816673003 ], [ -6.12371593775078, 53.395277093134503 ], [ -6.12315182840935, 53.394833276405798 ], [ -6.12275983397626, 53.394591373023502 ], [ -6.12235190152773, 53.394347555676298 ], [ -6.12149464507044, 53.393968501236102 ], [ -6.12122035640538, 53.393837054490497 ], [ -6.12077123595775, 53.3936218238618 ], [ -6.1205239773048, 53.393512664045801 ], [ -6.12028366564146, 53.393406570241503 ], [ -6.1196271962412, 53.3931036970192 ], [ -6.1189771214317, 53.392882731948802 ], [ -6.11846087319676, 53.392724620913199 ], [ -6.11792870295605, 53.392616031712699 ], [ -6.11754312022877, 53.392543640459699 ], [ -6.11725951116312, 53.3924293443228 ], [ -6.11692777066116, 53.392280912984802 ], [ -6.11675285734012, 53.3922026502349 ], [ -6.11623024615823, 53.392099775115298 ], [ -6.11526788478594, 53.392067353555603 ], [ -6.11362041427981, 53.392023467755301 ], [ -6.11316472303418, 53.392031055328097 ], [ -6.1135184086071, 53.392210136318504 ], [ -6.11307218889343, 53.392766327071698 ], [ -6.11328878763752, 53.393360656279398 ], [ -6.11351498064221, 53.393760690930101 ], [ -6.11380174654636, 53.394063578152 ], [ -6.11419368493702, 53.394267417358101 ], [ -6.11442947886184, 53.3944502945265 ], [ -6.11454419760156, 53.394577924274799 ], [ -6.11464614096062, 53.394831277586199 ], [ -6.11470665890405, 53.3950960549288 ], [ -6.11480860418298, 53.395301789220298 ], [ -6.11496791802025, 53.3955341843402 ], [ -6.11512406723545, 53.395692294366697 ], [ -6.11526108033826, 53.395837070856999 ], [ -6.11524513736146, 53.395958979375898 ], [ -6.11510171191839, 53.396037078619301 ], [ -6.11478938432901, 53.396046585906902 ], [ -6.11414246743116, 53.3958941656728 ], [ -6.11350194217543, 53.395572208445103 ], [ -6.11268937798977, 53.395080712782402 ], [ -6.111682433158, 53.394512997235701 ], [ -6.1104779575291, 53.393910962319801 ], [ -6.10960600307838, 53.393636748064097 ], [ -6.10875169983335, 53.393469168776903 ], [ -6.10673902192707, 53.393012299971701 ], [ -6.10585312244071, 53.393012692715601 ], [ -6.10549679414624, 53.393238101829802 ], [ -6.10407398591376, 53.393281591565497 ], [ -6.10298096564879, 53.393230522782503 ], [ -6.10227617638304, 53.393142295352398 ], [ -6.10163513645803, 53.393069519108899 ], [ -6.10083017422039, 53.392983185412902 ], [ -6.1002941874916, 53.392902439753399 ], [ -6.09990221038851, 53.392843243417403 ], [ -6.09935076506679, 53.392747814924697 ], [ -6.09895814754985, 53.392703045843 ], [ -6.09855028355568, 53.3926387841761 ], [ -6.09811806587631, 53.392578939993697 ], [ -6.09788638839842, 53.392536731654502 ], [ -6.09778938549964, 53.392525471256498 ], [ -6.0975979632245, 53.392503252059903 ], [ -6.0968618111386, 53.392499827383503 ], [ -6.09624276912577, 53.392475512233901 ], [ -6.09621402676922, 53.392398031374398 ], [ -6.09604437725142, 53.3924097659484 ], [ -6.09573684154061, 53.392443365784899 ], [ -6.09560765317313, 53.392450937409698 ], [ -6.09539775788055, 53.392462028941203 ], [ -6.09505128005272, 53.392466122656799 ], [ -6.0945514578763, 53.3924774011561 ], [ -6.09391927841767, 53.392490058658403 ], [ -6.09322149824607, 53.392425963678299 ], [ -6.09271363779906, 53.392437097079103 ], [ -6.09214548088755, 53.392355809576898 ], [ -6.09151840689669, 53.392331342395799 ], [ -6.09091129948804, 53.392220535116003 ], [ -6.0902009515445, 53.392257309160598 ], [ -6.08959942015241, 53.392324505032001 ], [ -6.08936036054457, 53.392400638454198 ], [ -6.08894286248468, 53.392461485572902 ], [ -6.08868155914627, 53.392463321968201 ], [ -6.08821073741889, 53.392382990926798 ], [ -6.08754056201361, 53.392242274158903 ], [ -6.08694847568077, 53.392155761571601 ], [ -6.08617913912564, 53.392115406545798 ], [ -6.08554624115706, 53.392220792597897 ], [ -6.08513366674895, 53.392262313121897 ], [ -6.0849661750962, 53.392225927021599 ], [ -6.08439279358333, 53.392081928585696 ], [ -6.084328151247, 53.391907588506299 ], [ -6.08424962160095, 53.391863004478097 ], [ -6.08347705026893, 53.3918505993 ], [ -6.08261068185986, 53.391595973702799 ], [ -6.08175696275655, 53.391418584725102 ], [ -6.08162552077042, 53.391117998293801 ], [ -6.08156288345378, 53.391078475735497 ], [ -6.08125902696264, 53.391030267824 ], [ -6.08090754024293, 53.390966841915301 ], [ -6.08078181740335, 53.390897431450497 ], [ -6.08045183524877, 53.390714004547597 ], [ -6.08002702658273, 53.390490536449903 ], [ -6.07949161961227, 53.390117370171403 ], [ -6.0796471112261, 53.390062099607803 ], [ -6.07768748689091, 53.389765773308099 ], [ -6.07656042708435, 53.3895791271934 ], [ -6.0752191374339, 53.389341809119102 ], [ -6.07502560720461, 53.389402840369797 ], [ -6.07492207803375, 53.389435489818098 ], [ -6.07483009983953, 53.389495005530698 ], [ -6.07477395581513, 53.389608487130502 ], [ -6.07465632176904, 53.389953563155899 ], [ -6.07456126305395, 53.390222744518297 ], [ -6.07447100942674, 53.390526312645797 ], [ -6.07439211025976, 53.390578418729397 ], [ -6.07428273978377, 53.390599533065902 ], [ -6.07409204387393, 53.390585015878301 ], [ -6.07369997740839, 53.390510058641802 ], [ -6.07347809330346, 53.390479787529202 ], [ -6.07334252781132, 53.390515727784098 ], [ -6.07316114185492, 53.3905776181238 ], [ -6.07294770765205, 53.390642800919302 ], [ -6.07258407525116, 53.390644548835603 ], [ -6.07226331930039, 53.390685126511499 ], [ -6.07200491971239, 53.390898287843598 ], [ -6.07148796954923, 53.391328407587899 ], [ -6.07129399616007, 53.391386281594201 ], [ -6.07062750131116, 53.391596653254702 ], [ -6.07018119632283, 53.391837506050798 ], [ -6.07006264094618, 53.391923610949597 ], [ -6.06944706114012, 53.392403366977199 ], [ -6.06886657978574, 53.392822186027203 ], [ -6.06862103948794, 53.392966846844601 ], [ -6.06847124506851, 53.392987733239501 ], [ -6.06829283646285, 53.392940039215397 ], [ -6.06798477711409, 53.394605968065797 ], [ -6.06606047003792, 53.3940734659976 ], [ -6.06576828211912, 53.393497971573098 ], [ -6.06264597386394, 53.3926030836477 ], [ -6.06185268613586, 53.391674609551998 ], [ -6.06233939623102, 53.389280560195402 ], [ -6.06202699500105, 53.389216643249704 ], [ -6.06290143076334, 53.387827754438597 ], [ -6.06289346886338, 53.387816383495803 ], [ -6.06287125482113, 53.387761385515198 ], [ -6.06299812706285, 53.387431334303997 ], [ -6.06314406703847, 53.387317517577898 ], [ -6.0631789334678, 53.387025413919297 ], [ -6.06316623718636, 53.386936260130902 ], [ -6.06303929963878, 53.386712442392998 ], [ -6.06292506077969, 53.386564496290397 ], [ -6.06282352537232, 53.386481044499902 ], [ -6.06272375085428, 53.386462117075197 ], [ -6.06262363374134, 53.386443121086799 ], [ -6.06211600846735, 53.386407091592702 ], [ -6.06138627714065, 53.386412807691599 ], [ -6.06098651373163, 53.386410922027203 ], [ -6.06075172754924, 53.386405237821997 ], [ -6.06058040950828, 53.386380580038001 ], [ -6.0604852199155, 53.3863104044582 ], [ -6.06046299815934, 53.386234530421902 ], [ -6.06042493087315, 53.386187110359899 ], [ -6.06021870340675, 53.386158658810501 ], [ -6.05985384281449, 53.386228850605903 ], [ -6.0597332738424, 53.386242131248203 ], [ -6.05972058222697, 53.386166259190198 ], [ -6.05960636920545, 53.386134010073398 ], [ -6.05931765907294, 53.386190916674899 ], [ -6.0590987373878, 53.386217478506801 ], [ -6.05868946293291, 53.386245931534802 ], [ -6.05841660779441, 53.386226960715398 ], [ -6.05815009882388, 53.386321806871202 ], [ -6.05773130174208, 53.386422333894402 ], [ -6.05723634968765, 53.3864223291068 ], [ -6.05673190177966, 53.386386283446399 ], [ -6.05630358343323, 53.386393865465202 ], [ -6.05593871231448, 53.386439387417298 ], [ -6.05581815240054, 53.386319881073902 ], [ -6.05540571426227, 53.386200380492497 ], [ -6.0552692843568, 53.3861586438316 ], [ -6.05524707761481, 53.386101739825897 ], [ -6.05532322774836, 53.386041046348403 ], [ -6.05540572815526, 53.385999318357399 ], [ -6.05533593122732, 53.385972758456397 ], [ -6.05521853597295, 53.386010690983198 ], [ -6.05512335266057, 53.386061907914304 ], [ -6.05497105355828, 53.386152947197203 ], [ -6.05489808148327, 53.386154840075498 ], [ -6.0548378036202, 53.386122594383302 ], [ -6.05491079004977, 53.386035348328001 ], [ -6.05493617220304, 53.385993615574002 ], [ -6.05481560085484, 53.385974648175299 ], [ -6.05472360617491, 53.385980328703901 ], [ -6.05467600610117, 53.385982230499998 ], [ -6.05461572698864, 53.385965153425502 ], [ -6.05445391596306, 53.3859727329029 ], [ -6.05394628958271, 53.3860466986403 ], [ -6.05372102254602, 53.386033409620701 ], [ -6.05364171565686, 53.385993573330303 ], [ -6.05362268530861, 53.385898734196701 ], [ -6.05361951610935, 53.385820968250698 ], [ -6.05339743229958, 53.3858133644272 ], [ -6.05287711555888, 53.385845592406199 ], [ -6.05240120065333, 53.385910058588301 ], [ -6.05216959204138, 53.385961266102399 ], [ -6.05148746345964, 53.385978302058902 ], [ -6.05088781423901, 53.386029472469602 ], [ -6.05022788386648, 53.386086341551596 ], [ -6.04983447427691, 53.3860957919036 ], [ -6.04963140723328, 53.3861394091007 ], [ -6.04953941008376, 53.386128020286698 ], [ -6.04947597336391, 53.386042663702902 ], [ -6.0493300463346, 53.385957297250698 ], [ -6.048968382394, 53.385832080340101 ], [ -6.04874632011034, 53.385752397672597 ], [ -6.04865115705777, 53.385651855610597 ], [ -6.04861628465755, 53.385558913783697 ], [ -6.04859408677722, 53.385460275617099 ], [ -6.04853065524897, 53.385384398618598 ], [ -6.04840058445987, 53.385346452226003 ], [ -6.04821021525288, 53.385378681428797 ], [ -6.04801033589447, 53.385422294058102 ], [ -6.0479532332479, 53.385388146293401 ], [ -6.04767094257579, 53.385120674787501 ], [ -6.04749962790486, 53.385056170705298 ], [ -6.04729658925614, 53.385029591494003 ], [ -6.04713161348776, 53.3850561340318 ], [ -6.04681431698553, 53.385179392815203 ], [ -6.04665250252868, 53.385209732785498 ], [ -6.0464082091703, 53.385194527565801 ], [ -6.04600212434809, 53.3851622494428 ], [ -6.04581496777313, 53.385088254295901 ], [ -6.0456976001625, 53.384997195693003 ], [ -6.04562313210204, 53.384898571965998 ], [ -6.04560880557867, 53.384879583121098 ], [ -6.04554225396453, 53.384655755083102 ], [ -6.0455200999739, 53.384464178099797 ], [ -6.04547887253341, 53.384395888789797 ], [ -6.04549475454175, 53.384348467351899 ], [ -6.04553289729001, 53.384075338446998 ], [ -6.04549488806011, 53.383876169072401 ], [ -6.04547589045734, 53.383771839978003 ], [ -6.04538707253442, 53.383709241067997 ], [ -6.04534904266066, 53.383576463931099 ], [ -6.04541888283115, 53.383441796077697 ], [ -6.04553629210525, 53.383350762880703 ], [ -6.04572983166586, 53.383278707577702 ], [ -6.04585991954781, 53.383218023295797 ], [ -6.04590436193753, 53.383130773648297 ], [ -6.04588218659273, 53.383005579996997 ], [ -6.04578705277962, 53.382887970662203 ], [ -6.04566018151436, 53.382781740349301 ], [ -6.04554914864266, 53.382760861337204 ], [ -6.04547618931274, 53.3827324011652 ], [ -6.04553331817861, 53.382671707941498 ], [ -6.04537151623887, 53.382686868553698 ], [ -6.04531441386207, 53.3826849625815 ], [ -6.04545406070658, 53.382502884579999 ], [ -6.04552070781598, 53.382383396071901 ], [ -6.04560005090609, 53.382288567419202 ], [ -6.04566034919847, 53.382208911126199 ], [ -6.04561912195878, 53.382148206223697 ], [ -6.04549223574983, 53.382110253871701 ], [ -6.04526066180044, 53.3820874723286 ], [ -6.04517819430979, 53.3820609055783 ], [ -6.04513952886729, 53.3820204258679 ], [ -6.04496253556249, 53.381835164079497 ], [ -6.04491498672296, 53.381723250135501 ], [ -6.04480720765126, 53.381440611985099 ], [ -6.04479456500458, 53.381324911371202 ], [ -6.04476603512292, 53.381243340912697 ], [ -6.04469627803948, 53.381152289079303 ], [ -6.04468997578743, 53.381008132645697 ], [ -6.04463925734205, 53.380879146237604 ], [ -6.04458217455117, 53.380816545275998 ], [ -6.04460445006565, 53.380588933448799 ], [ -6.04466479746526, 53.380380295174596 ], [ -6.04464261628556, 53.380266487590802 ], [ -6.04457604940308, 53.380097663822497 ], [ -6.04495683851003, 53.379744904670098 ], [ -6.0453153624618, 53.379530601613297 ], [ -6.04548352428799, 53.379411122795197 ], [ -6.04551527073188, 53.379318183324202 ], [ -6.04547722703079, 53.379219545560801 ], [ -6.04536621894351, 53.379155046087 ], [ -6.0452012692979, 53.379149333236803 ], [ -6.04504901172372, 53.379149319072603 ], [ -6.04494376016115, 53.379079899777501 ], [ -6.04492532110985, 53.3790677447261 ], [ -6.04467789911924, 53.379029775282802 ], [ -6.04436068561363, 53.379027847514998 ], [ -6.0442687047665, 53.378989900386202 ], [ -6.0442433543983, 53.378929203452202 ], [ -6.04426880652365, 53.378686411060897 ], [ -6.04431641619245, 53.378580198934202 ], [ -6.04445917775508, 53.378547968115697 ], [ -6.04450995326413, 53.378491071326899 ], [ -6.04463046015249, 53.378557470109797 ], [ -6.04481127146024, 53.378559390771699 ], [ -6.04491596309407, 53.3785176749454 ], [ -6.04485572325655, 53.378443690697097 ], [ -6.04476377240909, 53.378316598538397 ], [ -6.04471621429863, 53.378223644369797 ], [ -6.04478921463318, 53.378113642395398 ], [ -6.04518578602462, 53.377914521602001 ], [ -6.04548402075335, 53.377686937119499 ], [ -6.04564582764809, 53.3775807341245 ], [ -6.04582031903441, 53.377476429338302 ], [ -6.0458108176361, 53.377413835945703 ], [ -6.04554441038315, 53.377281028300303 ], [ -6.04545562966377, 53.377171008972802 ], [ -6.04536050339342, 53.3770325335786 ], [ -6.04537322842431, 53.376933899427698 ], [ -6.04551280903591, 53.3768826992303 ], [ -6.04559846387266, 53.376844776943898 ], [ -6.04560165155074, 53.3767594224147 ], [ -6.04553823920546, 53.376710099192003 ], [ -6.04527815468183, 53.376624709311699 ], [ -6.04519886633404, 53.376571594321597 ], [ -6.04513545366132, 53.376495716484101 ], [ -6.0451259889937, 53.376330695567802 ], [ -6.04516090891006, 53.376232066363002 ], [ -6.04510702489613, 53.376095487819001 ], [ -6.04518004592657, 53.375886850984003 ], [ -6.04509445906434, 53.375691476000597 ], [ -6.04504373795679, 53.375592836174597 ], [ -6.04515799909355, 53.375378503056403 ], [ -6.04528808330073, 53.3752343622605 ], [ -6.04550379206895, 53.375133860152097 ], [ -6.04580515960081, 53.3750352538611 ], [ -6.04613822226878, 53.374982180496801 ], [ -6.04647443585272, 53.374951865147899 ], [ -6.04663304269155, 53.374896868344997 ], [ -6.04666795509332, 53.3748399716645 ], [ -6.04666162439281, 53.374760301950801 ], [ -6.04656968252921, 53.374619929104298 ], [ -6.0464936081016, 53.3744700833035 ], [ -6.04647461419581, 53.374289881499102 ], [ -6.04646197797467, 53.374102100489097 ], [ -6.04651276517206, 53.373988292187597 ], [ -6.04655083681896, 53.373933288974598 ], [ -6.04677286548375, 53.373927622976801 ], [ -6.04671902138636, 53.373635508933297 ], [ -6.04670637041381, 53.373508421782901 ], [ -6.04682058444133, 53.373343412809803 ], [ -6.04686503643699, 53.373208741987099 ], [ -6.04722668250858, 53.372928056769801 ], [ -6.0474455442131, 53.372859792041197 ], [ -6.04770247719798, 53.372721345547397 ], [ -6.04799110575996, 53.372696709300797 ], [ -6.04817190717687, 53.372689134950697 ], [ -6.04833366019919, 53.372643622513699 ], [ -6.04838759814235, 53.372556375314403 ], [ -6.04845105963396, 53.372467233586796 ], [ -6.04877776456054, 53.372359141676398 ], [ -6.04902516876378, 53.372281392435397 ], [ -6.04911720170063, 53.372048090753403 ], [ -6.04920286543032, 53.3718982490035 ], [ -6.04919019129408, 53.371845138868302 ], [ -6.04899355739459, 53.371810983471498 ], [ -6.0489174279027, 53.371807186077099 ], [ -6.04895868077293, 53.371727521457899 ], [ -6.04934881941371, 53.371537870847099 ], [ -6.04953279526293, 53.371469597456397 ], [ -6.04954865681319, 53.371433560709498 ], [ -6.0494852325517, 53.371384240225503 ], [ -6.04952012929263, 53.371338719073499 ], [ -6.04962798111238, 53.371278035053699 ], [ -6.04968508680096, 53.371158532099798 ], [ -6.04985001472755, 53.371111128947298 ], [ -6.05001178028815, 53.371035266998803 ], [ -6.05010379200793, 53.370893014775703 ], [ -6.05018310147873, 53.370714716442301 ], [ -6.05024020950376, 53.370614193143403 ], [ -6.05057958604392, 53.3705269623525 ], [ -6.05070645801549, 53.370475754448798 ], [ -6.05069061164784, 53.370397987846701 ], [ -6.05105536206288, 53.370204537398898 ], [ -6.05132813634751, 53.3700755622529 ], [ -6.05149939668134, 53.370011087056497 ], [ -6.05180703293871, 53.370020586161203 ], [ -6.05220030259837, 53.369999741597297 ], [ -6.05240963266778, 53.369948530462402 ], [ -6.05255235585471, 53.369851803287702 ], [ -6.05260945579494, 53.369741787924497 ], [ -6.05253018831088, 53.369618494070203 ], [ -6.0523145502701, 53.3694079442919 ], [ -6.05212428753946, 53.369225836800403 ], [ -6.05207674110965, 53.369087370289499 ], [ -6.0521433551599, 53.368971669790596 ], [ -6.05240977332998, 53.368761135729301 ], [ -6.0525493357717, 53.368575255121101 ], [ -6.05266037489779, 53.368340058802801 ], [ -6.05281895843714, 53.368211086358301 ], [ -6.05306633774493, 53.368082114489702 ], [ -6.05324711650533, 53.367924683261599 ], [ -6.05333910970073, 53.367702763346401 ], [ -6.05340255762644, 53.367475147359002 ], [ -6.05365944668276, 53.367317726584602 ], [ -6.05387193693526, 53.367245653039703 ], [ -6.05415418976788, 53.3671527176799 ], [ -6.05436667262515, 53.367093925278901 ], [ -6.05461720564475, 53.367023746158402 ], [ -6.0548455463513, 53.366930811099898 ], [ -6.05501996173867, 53.366790455704901 ], [ -6.0551182817301, 53.3666140549945 ], [ -6.05516268516968, 53.366486964793403 ], [ -6.05527368759391, 53.366350401345002 ], [ -6.05538468947376, 53.366244184368703 ], [ -6.05534552603805, 53.366179103907299 ], [ -6.05532762093727, 53.366149345485702 ], [ -6.05506123798977, 53.366024144269701 ], [ -6.05495342598784, 53.365925512825598 ], [ -6.05485829266179, 53.365817391287202 ], [ -6.05464900983361, 53.3657339280782 ], [ -6.05436360070483, 53.365673224938199 ], [ -6.05406551076886, 53.365620106344799 ], [ -6.05384671458015, 53.365580267200301 ], [ -6.05375792511177, 53.365464556856097 ], [ -6.05376428729053, 53.365343163692899 ], [ -6.05386577219145, 53.365233153480901 ], [ -6.05389114247792, 53.365191420708904 ], [ -6.05384991859118, 53.365145897207697 ], [ -6.05368818844377, 53.365200897352103 ], [ -6.05349157834819, 53.365204681425297 ], [ -6.05349793581233, 53.365088976940498 ], [ -6.0535772148514, 53.364986557654298 ], [ -6.05377384695682, 53.364846197944097 ], [ -6.05387849530292, 53.364827235963702 ], [ -6.05401484475784, 53.364878454494402 ], [ -6.05413535405556, 53.3648025884047 ], [ -6.05426855350591, 53.3645541102929 ], [ -6.05428126274754, 53.3643758108444 ], [ -6.05425906905986, 53.364273381302702 ], [ -6.05415443386953, 53.364189915741903 ], [ -6.05389438302326, 53.364364414211799 ], [ -6.05375486121919, 53.364349233962898 ], [ -6.05371046969872, 53.3642183589212 ], [ -6.05356144500339, 53.364121614695698 ], [ -6.05362171021566, 53.364030567426603 ], [ -6.05356462617099, 53.363986941413202 ], [ -6.05328875164024, 53.3639793489182 ], [ -6.05309849890493, 53.363926225357098 ], [ -6.05288605889642, 53.363747917650699 ], [ -6.05275921912011, 53.363702388925603 ], [ -6.05269897115077, 53.363620823883998 ], [ -6.05257531141426, 53.363611338174103 ], [ -6.0525340889695, 53.3635885764132 ], [ -6.05247068979855, 53.363414066584397 ], [ -6.05238191096433, 53.363315428743597 ], [ -6.05230900590297, 53.3630233204142 ], [ -6.05224880653937, 53.3627444849527 ], [ -6.05238833030777, 53.362651551051599 ], [ -6.05244541046196, 53.362592750359603 ], [ -6.05236615062164, 53.362497907251502 ], [ -6.05236299478267, 53.362465666504498 ], [ -6.05252470223677, 53.362490331958 ], [ -6.05259763614464, 53.362480846801603 ], [ -6.05256275664434, 53.3624201487807 ], [ -6.05253422432071, 53.362386001791798 ], [ -6.05261985202177, 53.362368941650402 ], [ -6.05251838128154, 53.362302546640997 ], [ -6.05244227902956, 53.362272197402604 ], [ -6.05239155613298, 53.362245632121201 ], [ -6.05241059225995, 53.362167867849998 ], [ -6.05237572246552, 53.362103377722804 ], [ -6.05225840036734, 53.362082501636898 ], [ -6.05221400598973, 53.362073015062997 ], [ -6.05222669211176, 53.361989558175601 ], [ -6.05215059601563, 53.361970585455701 ], [ -6.05228379128595, 53.361877656233403 ], [ -6.05240427281577, 53.361892833094103 ], [ -6.05248671842746, 53.361870077301397 ], [ -6.05241063756755, 53.361818852838198 ], [ -6.05223940181262, 53.361767638147803 ], [ -6.05216331498188, 53.361697451507098 ], [ -6.05213795010772, 53.361638652415898 ], [ -6.05223942991175, 53.3616234773367 ], [ -6.05206505475102, 53.361460347863101 ], [ -6.05221092202414, 53.361395861745301 ], [ -6.0523821463588, 53.361331374986399 ], [ -6.05259142436411, 53.3613389703998 ], [ -6.05278802092597, 53.3613693274363 ], [ -6.05291166244523, 53.361538152638097 ], [ -6.05294970044625, 53.361655750102599 ], [ -6.05289895627666, 53.361712659898501 ], [ -6.05295287128939, 53.361688000068497 ], [ -6.05306068877713, 53.361625407869802 ], [ -6.05313678950516, 53.361623513531498 ], [ -6.05320019788256, 53.361669040657098 ], [ -6.05321287325503, 53.361706981639898 ], [ -6.05344434757419, 53.361670948493 ], [ -6.05364729228839, 53.361665264432403 ], [ -6.05386291728979, 53.361659580113397 ], [ -6.05415779752181, 53.3617221819907 ], [ -6.0546143910071, 53.361966880223598 ], [ -6.05485218332998, 53.362181229082097 ], [ -6.05493462979986, 53.362334866973598 ], [ -6.05524853193552, 53.362579563654798 ], [ -6.05551805151833, 53.362797699992797 ], [ -6.05565757716457, 53.362869780167301 ], [ -6.05580342380625, 53.363122052703901 ], [ -6.05593659672102, 53.3633079415537 ], [ -6.05612051156743, 53.363474869856098 ], [ -6.05630126152603, 53.363636092611102 ], [ -6.05640272483052, 53.363702484201902 ], [ -6.056710317794, 53.363780258644802 ], [ -6.05695131323, 53.363835263352001 ], [ -6.05717962163125, 53.363916831101697 ], [ -6.05738257235254, 53.3640059834418 ], [ -6.05784238184056, 53.364028737880702 ], [ -6.05804532257763, 53.364030639582403 ], [ -6.0584448838054, 53.363985111538099 ], [ -6.05861929107347, 53.363985109839099 ], [ -6.05887614889287, 53.364176683805297 ], [ -6.05901249964518, 53.364241178751001 ], [ -6.05931375841104, 53.364281000494799 ], [ -6.059770388397, 53.364290477447902 ], [ -6.06026824340462, 53.364212698491599 ], [ -6.06069316136977, 53.364100778884001 ], [ -6.06086121922234, 53.364024905868902 ], [ -6.06098805363477, 53.3638409120693 ], [ -6.06103559653011, 53.363702440272498 ], [ -6.06104827675032, 53.363630359084098 ], [ -6.0611339015071, 53.363662610227998 ], [ -6.06113390456698, 53.363628461629602 ], [ -6.0611085259928, 53.363582937477602 ], [ -6.0611655979967, 53.3635184528097 ], [ -6.0612448846319, 53.363586735069703 ], [ -6.061381239627, 53.3635886278092 ], [ -6.06140660078309, 53.3635677598607 ], [ -6.06134634448305, 53.363489991365803 ], [ -6.06138121673516, 53.363434985489299 ], [ -6.06147318627662, 53.3634122173452 ], [ -6.06152709695791, 53.363465330932002 ], [ -6.06154613000978, 53.363543094788099 ], [ -6.06152075650536, 53.363607591253697 ], [ -6.06177127639628, 53.363596196361001 ], [ -6.06208836760522, 53.363522212973002 ], [ -6.06237059138928, 53.363569617752603 ], [ -6.0625164642826, 53.363624619670603 ], [ -6.06277332596751, 53.363649271063402 ], [ -6.06303969030819, 53.363698573975199 ], [ -6.0632680270909, 53.363829438882199 ], [ -6.06345513977944, 53.364002041454597 ], [ -6.06355980306541, 53.364117742281998 ], [ -6.06360738369383, 53.364237243667702 ], [ -6.0637183818974, 53.364322591841301 ], [ -6.06383255042205, 53.364358620011501 ], [ -6.06393086679219, 53.364394660515998 ], [ -6.06404503509493, 53.364472422391302 ], [ -6.0641592011667, 53.3645634653369 ], [ -6.06426069727404, 53.36463743505 ], [ -6.06430192126243, 53.364692435816202 ], [ -6.06461903261572, 53.364722769550902 ], [ -6.06496786904502, 53.364756887784601 ], [ -6.06512008807019, 53.364783431515001 ], [ -6.06535793111042, 53.364846015296798 ], [ -6.06556405216565, 53.364836516239102 ], [ -6.06569724040078, 53.364851678832899 ], [ -6.06571916616697, 53.3647965247809 ], [ -6.06582751148202, 53.364732321686098 ], [ -6.06590062223668, 53.364711651523599 ], [ -6.06604336949097, 53.364710146938997 ], [ -6.06622788932629, 53.3646385591193 ], [ -6.06660958651141, 53.364501106582203 ], [ -6.06688293820965, 53.364427865960302 ], [ -6.06727044604855, 53.364358739768399 ], [ -6.06793419587781, 53.364254311977099 ], [ -6.0682898601083, 53.364200266195802 ], [ -6.06854330452088, 53.364240810431802 ], [ -6.06865378175667, 53.364311317400301 ], [ -6.06874806042652, 53.3644254082392 ], [ -6.06893455457866, 53.364511300123397 ], [ -6.06920381665088, 53.364557571035 ], [ -6.0694162145857, 53.364573337020602 ], [ -6.07000319345779, 53.364550276645502 ], [ -6.07046695506176, 53.364464265477501 ], [ -6.07084530521956, 53.364347665782901 ], [ -6.07099780523207, 53.364315821731999 ], [ -6.07151901419889, 53.364182532402403 ], [ -6.07165318162095, 53.364057677177001 ], [ -6.07187360561946, 53.363851469679297 ], [ -6.07190298560399, 53.363741501721499 ], [ -6.07183113093981, 53.363597114669801 ], [ -6.07177520772511, 53.363443280282098 ], [ -6.07180767770292, 53.363344710981501 ], [ -6.07182435426486, 53.363236604178901 ], [ -6.07175005666615, 53.362997344058698 ], [ -6.07169443126432, 53.362803668109301 ], [ -6.07162564549937, 53.362672558667398 ], [ -6.07167049591461, 53.3626138650135 ], [ -6.07181102225321, 53.3624871277542 ], [ -6.07203661844127, 53.362434617384501 ], [ -6.0723953061978, 53.362397647586398 ], [ -6.07269685623996, 53.3623681103089 ], [ -6.07275120353694, 53.3623113313731 ], [ -6.07285013429685, 53.362230020579403 ], [ -6.0731386158996, 53.362251664784701 ], [ -6.07339570189572, 53.362227698668903 ], [ -6.07363073645664, 53.3621846927877 ], [ -6.07380501748626, 53.3622079332713 ], [ -6.07399847790956, 53.362210355039302 ], [ -6.07432830098279, 53.362215041980903 ], [ -6.07450001439198, 53.362156687716201 ], [ -6.07451994605619, 53.362037211588301 ], [ -6.07479055411782, 53.3619032238404 ], [ -6.07489094083801, 53.361630281461998 ], [ -6.07456550575962, 53.3614624472035 ], [ -6.07459829934032, 53.3613202358097 ], [ -6.07504542581815, 53.361330920399503 ], [ -6.0752707750308, 53.3613106610144 ], [ -6.07541063699448, 53.361269297402998 ], [ -6.07550022195087, 53.361165179444903 ], [ -6.07552306145224, 53.361081758325199 ], [ -6.07539645649722, 53.361045369960699 ], [ -6.07524116644909, 53.361029779810302 ], [ -6.07526992167143, 53.3610013973137 ], [ -6.0753842528731, 53.360980829939699 ], [ -6.07550184606522, 53.360948893559701 ], [ -6.07549279176594, 53.360888151592498 ], [ -6.07539223126293, 53.3607645566561 ], [ -6.07523403173364, 53.360712902297003 ], [ -6.07526335431691, 53.360608629434999 ], [ -6.07544138788613, 53.360552191455803 ], [ -6.07594682563605, 53.360399865547201 ], [ -6.07631845688616, 53.360326867915099 ], [ -6.07646163339743, 53.360266531770797 ], [ -6.07660202321388, 53.360154973512003 ], [ -6.07685562150934, 53.360172721709098 ], [ -6.07718563529965, 53.360150838840802 ], [ -6.07735980472314, 53.360185457938201 ], [ -6.07754012715469, 53.360248546770102 ], [ -6.07763153303124, 53.360324687548598 ], [ -6.07774185752883, 53.360416051015797 ], [ -6.07786792169682, 53.360524535481296 ], [ -6.07800339142958, 53.3606463275705 ], [ -6.07806278440529, 53.360762220173399 ], [ -6.07805882739373, 53.360868457236599 ], [ -6.0781315107925, 53.360904702325399 ], [ -6.07826488253281, 53.360882290666098 ], [ -6.07844901642324, 53.360858108605903 ], [ -6.07863650401306, 53.3608111822005 ], [ -6.0789566983824, 53.360831004943996 ], [ -6.07907364691998, 53.360884434171503 ], [ -6.07919057352301, 53.360941664103997 ], [ -6.07931139828309, 53.360900250152298 ], [ -6.07946669396104, 53.360917739719099 ], [ -6.07955499099377, 53.360986271533797 ], [ -6.07967515589274, 53.361034027246099 ], [ -6.07988440507624, 53.361045959698501 ], [ -6.08022687862358, 53.361054454470498 ], [ -6.08025483861639, 53.361134218448697 ], [ -6.08032703324994, 53.361236863863297 ], [ -6.08041829815671, 53.361331970992602 ], [ -6.08054771919506, 53.361415793971098 ], [ -6.08075029774438, 53.3614732505443 ], [ -6.08092753310174, 53.361523046468697 ], [ -6.081152693872, 53.361529337125702 ], [ -6.08124812426308, 53.361489741948198 ], [ -6.08123928372768, 53.361398647561003 ], [ -6.08122140076471, 53.361243021504798 ], [ -6.08119404120938, 53.361081679257701 ], [ -6.08131193325281, 53.361009895723697 ], [ -6.08141959012273, 53.361034839233 ], [ -6.08150873419506, 53.3609876473881 ], [ -6.0815283230058, 53.360911802247401 ], [ -6.08162377524827, 53.360870310587302 ], [ -6.08176928118387, 53.360923818765897 ], [ -6.08191434247055, 53.361038041317698 ], [ -6.08204673594304, 53.361150334300802 ], [ -6.08214472392788, 53.361194226469699 ], [ -6.08225122400147, 53.361376655277503 ], [ -6.08230679509424, 53.361583607224702 ], [ -6.08230597171691, 53.361695546577202 ], [ -6.08225441900075, 53.361805457183102 ], [ -6.08233414913249, 53.361746844725999 ], [ -6.08244504227704, 53.361762313449098 ], [ -6.08246046052184, 53.3618230671959 ], [ -6.08235220244101, 53.361879702227903 ], [ -6.08231359376441, 53.361953596939401 ], [ -6.08221179969469, 53.361995069022903 ], [ -6.08224274294038, 53.362099503123403 ], [ -6.08226744654081, 53.362190644730802 ], [ -6.08231832392226, 53.362173696948197 ], [ -6.08238208954854, 53.362128333775097 ], [ -6.08245802453973, 53.362153197952601 ], [ -6.08247643558816, 53.3622386215701 ], [ -6.08257408249738, 53.362329956466603 ], [ -6.08258939057735, 53.362405886142497 ], [ -6.08270278890265, 53.362512436041499 ], [ -6.08277919361847, 53.362474690233 ], [ -6.08284940010363, 53.362416059236097 ], [ -6.0829100326329, 53.362366880225501 ], [ -6.08294149995323, 53.362401120857001 ], [ -6.08293111081846, 53.3625187210638 ], [ -6.0830198498218, 53.3625284411876 ], [ -6.0830645437593, 53.362490616283203 ], [ -6.08314107887945, 53.362433892547102 ], [ -6.08316633817196, 53.362449144376903 ], [ -6.08318809664462, 53.3625099099824 ], [ -6.08328988102496, 53.3624703334524 ], [ -6.08340718531842, 53.362478229997201 ], [ -6.08342343418389, 53.362425147851603 ], [ -6.08351221956606, 53.362429179630297 ], [ -6.08359095706484, 53.362503378381597 ], [ -6.08360604621837, 53.362609669724598 ], [ -6.0836911193947, 53.362687681446999 ], [ -6.08376458398236, 53.362617670866598 ], [ -6.08381963443152, 53.362462236809399 ], [ -6.08391148853884, 53.362479554706901 ], [ -6.0840000425102, 53.3625158352854 ], [ -6.08404801960985, 53.362459038904603 ], [ -6.08416860424029, 53.362451764710499 ], [ -6.08418725022957, 53.362504939826799 ], [ -6.08424926073467, 53.362700527714203 ], [ -6.0843569669622, 53.362719780592201 ], [ -6.08451296278125, 53.362640499953599 ], [ -6.08467094477399, 53.362722494701302 ], [ -6.08482004043349, 53.362720987805197 ], [ -6.08490230514718, 53.362747766747802 ], [ -6.08498701665219, 53.3628751069405 ], [ -6.08511360056249, 53.362915277760202 ], [ -6.08525975762313, 53.362881507132002 ], [ -6.08527208479763, 53.362930869380897 ], [ -6.08538199377898, 53.363082939660799 ], [ -6.0855272463847, 53.363172493123002 ], [ -6.0853178078574, 53.363185227139901 ], [ -6.08545350812616, 53.363280450058198 ], [ -6.08553223189635, 53.363358448432599 ], [ -6.08575137821915, 53.363319171700603 ], [ -6.08576055742303, 53.363364727161297 ], [ -6.08563941084975, 53.363449798848997 ], [ -6.08555651355234, 53.363508398629698 ], [ -6.08554947078812, 53.363605141308199 ], [ -6.08571789664741, 53.363561940884402 ], [ -6.08576223461642, 53.363571539852401 ], [ -6.08573610381873, 53.363675830331097 ], [ -6.0856785338953, 53.363740183675297 ], [ -6.08580559538701, 53.363715847576202 ], [ -6.08583666787537, 53.363803208466301 ], [ -6.08574770514006, 53.363823843198801 ], [ -6.08578532061573, 53.363886560568801 ], [ -6.08588614760322, 53.3639778897385 ], [ -6.08600908289923, 53.364084454539899 ], [ -6.08605035210124, 53.364080767043198 ], [ -6.08623130307539, 53.3640584723288 ], [ -6.0862589665625, 53.364179971863898 ], [ -6.08634749094857, 53.364220051345001 ], [ -6.08640405084359, 53.3642941891029 ], [ -6.08658126487873, 53.364351569480597 ], [ -6.08660858198929, 53.364522399459602 ], [ -6.08673444609627, 53.364661226446998 ], [ -6.08690849315492, 53.3647186013823 ], [ -6.08690139696754, 53.364822936593903 ], [ -6.08704708669315, 53.364853670050302 ], [ -6.08711392268492, 53.364821590720098 ], [ -6.08709225707726, 53.364747536333901 ], [ -6.08714941007148, 53.364740096085399 ], [ -6.08723800134554, 53.364770677085097 ], [ -6.08735856684919, 53.364765303947699 ], [ -6.08750023185098, 53.364913658432499 ], [ -6.08755339795035, 53.365020046203497 ], [ -6.08762608151731, 53.365056285378003 ], [ -6.08761706376836, 53.364987952636397 ], [ -6.08750433466238, 53.364786548210198 ], [ -6.08766595238194, 53.364807839576898 ], [ -6.08783611737263, 53.364961960705699 ], [ -6.08793300800063, 53.365161430186099 ], [ -6.08804667090429, 53.365235718117702 ], [ -6.08802518618222, 53.365135103588102 ], [ -6.08815179097046, 53.365173374896997 ], [ -6.08821420353218, 53.365315838676601 ], [ -6.08830176149701, 53.365490616555 ], [ -6.08848820160674, 53.365589758731801 ], [ -6.0886809261344, 53.365696504732099 ], [ -6.08868932670934, 53.365852103310999 ], [ -6.08874548801599, 53.3659812663821 ], [ -6.08886550376988, 53.366053668830098 ], [ -6.08900504174039, 53.366057827985202 ], [ -6.08916300572772, 53.3661474087451 ], [ -6.08934359863892, 53.366178230868002 ], [ -6.08948918517142, 53.366224137334903 ], [ -6.08956417573921, 53.366381809542197 ], [ -6.08976386678652, 53.366403195225303 ], [ -6.08977592975128, 53.366490503241501 ], [ -6.08984236718158, 53.366515335513199 ], [ -6.08982909697355, 53.3665949853089 ], [ -6.08998388591469, 53.366686455601901 ], [ -6.09016702081603, 53.366804556979801 ], [ -6.09028966054282, 53.3669547597895 ], [ -6.09040595462651, 53.367103054261001 ], [ -6.09047810858579, 53.367217078957097 ], [ -6.09049645066443, 53.367313886453097 ], [ -6.09064183609807, 53.367388256985002 ], [ -6.09093820249289, 53.367641356123698 ], [ -6.09121916573981, 53.367831807541002 ], [ -6.09155192606731, 53.367876293821801 ], [ -6.09166591652207, 53.367906945090503 ], [ -6.09192504657992, 53.368046110594797 ], [ -6.09229553212729, 53.368138124250301 ], [ -6.09269119228668, 53.368260554734903 ], [ -6.09323558061608, 53.368434596735298 ], [ -6.09358669743776, 53.368575884517099 ], [ -6.09389404037056, 53.368627893021703 ], [ -6.09422958677282, 53.368729299758698 ], [ -6.09427035561242, 53.368795811878798 ], [ -6.09421581373684, 53.368882953569198 ], [ -6.09459859967728, 53.369031905977501 ], [ -6.09475636392507, 53.369153737716601 ], [ -6.09487345990562, 53.369191975758 ], [ -6.09488954721111, 53.369159764981603 ], [ -6.09513400919634, 53.369133815537701 ], [ -6.0953810731083, 53.3691875714972 ], [ -6.09566277522192, 53.369275551755798 ], [ -6.09584946086473, 53.369344329800803 ], [ -6.09593509957511, 53.369346442323 ], [ -6.09589109582019, 53.369289413091103 ], [ -6.09585665567016, 53.369224817278401 ], [ -6.09585081362183, 53.369152698863097 ], [ -6.0958827843907, 53.369116732616902 ], [ -6.09597453162517, 53.369153010109898 ], [ -6.09598675711306, 53.369219453577898 ], [ -6.09606610502802, 53.369212056662001 ], [ -6.09613005178028, 53.369142021565601 ], [ -6.09624709741639, 53.369187850777898 ], [ -6.09636420987907, 53.369226087608403 ], [ -6.09644918895277, 53.369321171588197 ], [ -6.09635698788223, 53.369351296513202 ], [ -6.09614717011704, 53.369413377857803 ], [ -6.0962224609368, 53.369534997337702 ], [ -6.09639899638944, 53.369692918694298 ], [ -6.09656316133831, 53.369807166869101 ], [ -6.09656225917704, 53.369936187853803 ], [ -6.09658661289143, 53.370080439708701 ], [ -6.09667462920772, 53.370196402368002 ], [ -6.09686096852287, 53.370314499334697 ], [ -6.09693674786025, 53.3703659147859 ], [ -6.09701512516315, 53.370498923499099 ], [ -6.09742417920297, 53.370979972287103 ], [ -6.09760952891201, 53.371240369611598 ], [ -6.09741743766368, 53.371488439762103 ], [ -6.0974419491548, 53.371613724062797 ], [ -6.09754222836532, 53.371790422303398 ], [ -6.09753525404148, 53.3718814777734 ], [ -6.09762645537596, 53.371995548955098 ], [ -6.09766707326503, 53.3720848203155 ], [ -6.09768869886402, 53.372168352775503 ], [ -6.09777393126449, 53.3722292823633 ], [ -6.09785571462472, 53.372328151403003 ], [ -6.0979816451551, 53.372468863526898 ], [ -6.09805689622816, 53.372594272353602 ], [ -6.09806267234363, 53.372677775934797 ], [ -6.0980937656096, 53.372767021165103 ], [ -6.09806797608256, 53.372825776595803 ], [ -6.0979789473714, 53.372854011889302 ], [ -6.09822213896954, 53.373012094763197 ], [ -6.09840799513701, 53.373200401714399 ], [ -6.09854927782897, 53.373415144646003 ], [ -6.09857671917634, 53.373574586858801 ], [ -6.09855978337955, 53.3737263308848 ], [ -6.09852694422082, 53.373885629652399 ], [ -6.09857005218543, 53.374073566337202 ], [ -6.09863571670901, 53.374212238838197 ], [ -6.09877730354278, 53.374381452415498 ], [ -6.09901765049041, 53.3744939903195 ], [ -6.09968198372557, 53.374772654296002 ], [ -6.09973513259482, 53.374884725498497 ], [ -6.09981970076509, 53.375042417345398 ], [ -6.10002157871582, 53.375211781295903 ], [ -6.10021750811995, 53.375326098400599 ], [ -6.10046444304094, 53.375402603406599 ], [ -6.10047641607408, 53.375506990887402 ], [ -6.10056441112391, 53.375628638785599 ], [ -6.10077576820172, 53.375805610768701 ], [ -6.10099389688159, 53.375919992214797 ], [ -6.10118342386309, 53.376041889000099 ], [ -6.10161916428903, 53.376346531746101 ], [ -6.10158648117419, 53.376484959280297 ], [ -6.10175699318376, 53.376603012140798 ], [ -6.10179208819431, 53.376576539845303 ], [ -6.10184574767258, 53.376616510408901 ], [ -6.10177550015031, 53.3766808503714 ], [ -6.10188657860098, 53.376677323912503 ], [ -6.10198449856342, 53.376740177891698 ], [ -6.10217903852027, 53.377055611508297 ], [ -6.10198908058395, 53.3772310406477 ], [ -6.10200812283605, 53.377373912289102 ], [ -6.10207499134004, 53.377440585818398 ], [ -6.10208134657229, 53.377503447678698 ], [ -6.10219909251462, 53.377777768942998 ], [ -6.10227058106662, 53.378003133200501 ], [ -6.10236515146024, 53.378139360760301 ], [ -6.10254043274246, 53.378460913161902 ], [ -6.10264771979683, 53.378711011342197 ], [ -6.10272335612371, 53.378963158019403 ], [ -6.10277849226922, 53.379179850688502 ], [ -6.10272099551493, 53.379553209232299 ], [ -6.10257741245839, 53.380326278352896 ], [ -6.10240150900192, 53.380877733040798 ], [ -6.10234724195281, 53.381194564094997 ], [ -6.10217347975422, 53.381630200570903 ], [ -6.10201027529824, 53.3821172532353 ], [ -6.10181944443588, 53.382536369608403 ], [ -6.1015461832486, 53.383056178131298 ], [ -6.10135421697964, 53.383337848325802 ], [ -6.10113309866268, 53.3837347885448 ], [ -6.10095042706662, 53.383933121834197 ], [ -6.10066391601412, 53.384134700118601 ], [ -6.10062529706404, 53.384335999403802 ], [ -6.10067534721416, 53.384797787354302 ], [ -6.10084720866325, 53.3850222695947 ], [ -6.10133233939489, 53.385363671170197 ], [ -6.1019263164283, 53.385771980308803 ], [ -6.10224301319871, 53.385985967942702 ], [ -6.10253410517625, 53.386175175909401 ], [ -6.10288340883486, 53.386370971048699 ], [ -6.10325269524026, 53.386527470434103 ], [ -6.10347907204887, 53.386622990043499 ], [ -6.10385654557327, 53.3867783511661 ], [ -6.104313853034, 53.386968892777404 ], [ -6.1045271007482, 53.386787350170302 ], [ -6.10559047236195, 53.387116117286801 ], [ -6.10554849392176, 53.387195878119599 ], [ -6.10641287898925, 53.387383815622798 ], [ -6.10778254863261, 53.3875919825539 ], [ -6.10834627002116, 53.3877010009274 ], [ -6.10884846844876, 53.387746325236201 ], [ -6.10932163939524, 53.387747936936996 ], [ -6.10964297115098, 53.387724882561201 ], [ -6.11019524141182, 53.387716259237102 ], [ -6.11090407779049, 53.3877447010737 ], [ -6.11153723293052, 53.3877489798395 ], [ -6.11222638218948, 53.387788568649697 ], [ -6.11305964377541, 53.387824698270499 ], [ -6.11354464798753, 53.387924153092101 ], [ -6.11399935136951, 53.388057544998503 ], [ -6.11490159258148, 53.388376806099998 ], [ -6.11540712390446, 53.388521868427702 ], [ -6.1159882543768, 53.388684629762601 ], [ -6.11635435241922, 53.388746007537797 ], [ -6.11639686955748, 53.388711847208498 ], [ -6.11727383595349, 53.3887459242913 ], [ -6.11886145927422, 53.388727153377701 ], [ -6.12087908304957, 53.388676699037802 ], [ -6.12303336279123, 53.388443088450003 ], [ -6.12403085262121, 53.388339462236203 ], [ -6.12525374545187, 53.388235028827097 ], [ -6.12618668030978, 53.388157015430501 ], [ -6.12654043603035, 53.388118411155901 ], [ -6.12694187066964, 53.388060002443403 ], [ -6.12751023708432, 53.3879165229352 ], [ -6.12852665264237, 53.387777400061402 ], [ -6.12984574203546, 53.387565864469302 ], [ -6.13088763680595, 53.387422906223698 ], [ -6.1312444751224, 53.387342864597102 ], [ -6.13158538763428, 53.387257117643998 ], [ -6.13203781708814, 53.387192310347402 ], [ -6.13246793105503, 53.3870703492004 ], [ -6.13304142625132, 53.386931237248703 ], [ -6.13353208672962, 53.386853076175598 ], [ -6.13470133145698, 53.3865233996572 ], [ -6.13543729183784, 53.386382349849598 ], [ -6.1363070810725, 53.386235559255802 ], [ -6.13701437336366, 53.386100207279299 ], [ -6.1373584567848, 53.386048731440397 ], [ -6.13815491673336, 53.385850504683603 ], [ -6.13834366168422, 53.3858115456853 ], [ -6.1389768763256, 53.385680841178299 ], [ -6.13974466622065, 53.385509277047802 ], [ -6.14040412424422, 53.385330115825198 ], [ -6.1409074884037, 53.3852366834709 ], [ -6.14117829199447, 53.385194730555298 ], [ -6.14285521405576, 53.384604561051397 ], [ -6.14285329344292, 53.384602472862198 ], [ -6.14291113447651, 53.384584439160299 ], [ -6.14289263527607, 53.384563652764797 ], [ -6.14290872646443, 53.384558251341801 ], [ -6.14292874955235, 53.3845523529262 ], [ -6.14295180820647, 53.384544687015399 ], [ -6.14302063816464, 53.3845245601062 ], [ -6.14304841760805, 53.384553811271303 ], [ -6.14307545059792, 53.384582286816602 ], [ -6.14309852576857, 53.384574621134497 ], [ -6.14313952742157, 53.384560144430999 ], [ -6.14321602073002, 53.3845348884076 ], [ -6.14327282232165, 53.384514824998099 ], [ -6.14346232473443, 53.384448884396299 ], [ -6.14365519612065, 53.384381549690197 ], [ -6.14398504427934, 53.384265697978002 ], [ -6.14433958808262, 53.384138052978102 ], [ -6.14475707476716, 53.383985558585799 ], [ -6.14509860419661, 53.383860845948 ], [ -6.14539880079594, 53.383751682370999 ], [ -6.14588449008392, 53.383569349528102 ], [ -6.14627599863175, 53.383421246025499 ], [ -6.14633403976667, 53.383399573558997 ], [ -6.14636500189482, 53.383387473614498 ], [ -6.14647205136921, 53.383340646467097 ], [ -6.14651463001343, 53.383319921124802 ], [ -6.14654670774666, 53.383311172191199 ], [ -6.14656252831094, 53.383303015681598 ], [ -6.14658922368102, 53.3832929616527 ], [ -6.14660474967932, 53.383284629786999 ], [ -6.14662295012269, 53.383277750601401 ], [ -6.14665687934779, 53.383267214768402 ], [ -6.14668601003248, 53.3832557424426 ], [ -6.14671095036191, 53.383243521936798 ], [ -6.14675828771637, 53.383224990724003 ], [ -6.14683412402769, 53.383196064897298 ], [ -6.14685713910503, 53.383189403345703 ], [ -6.14689084079793, 53.383175450186698 ], [ -6.14692269878093, 53.383163103350299 ], [ -6.14695059563489, 53.383153418436898 ], [ -6.14701465458441, 53.383126744550502 ], [ -6.14706379545716, 53.383107871802501 ], [ -6.14710778701848, 53.383091292883002 ], [ -6.14715686249818, 53.3830756548425 ], [ -6.14721699004975, 53.383050572750903 ], [ -6.14724396846615, 53.383040882500303 ], [ -6.14735985566041, 53.382996788457199 ], [ -6.14744423143442, 53.382963258906798 ], [ -6.14748461090255, 53.3829461105558 ], [ -6.14755620476446, 53.382919310653797 ], [ -6.14761870304695, 53.3828953257687 ], [ -6.14768421575331, 53.382870813287497 ], [ -6.14773128434838, 53.382850488865799 ], [ -6.1477819917429, 53.3828291063572 ], [ -6.14781081299716, 53.382818168251397 ], [ -6.14784566876986, 53.382806739551498 ], [ -6.14789422258676, 53.382787867242399 ], [ -6.14792673130876, 53.382772636930497 ], [ -6.14795615283335, 53.382762067633799 ], [ -6.14800099717944, 53.382747298368002 ], [ -6.14806049946713, 53.382722745447701 ], [ -6.14814973100924, 53.382686729106801 ], [ -6.14822074914164, 53.382658661526698 ], [ -6.14826806921643, 53.382640497971302 ], [ -6.14830725209543, 53.382623888049999 ], [ -6.14837488264021, 53.382598671017597 ], [ -6.14843409925215, 53.382573762940702 ], [ -6.14849481198693, 53.382548672214 ], [ -6.14862952029251, 53.382496448759603 ], [ -6.14872324257944, 53.382461544289598 ], [ -6.14875634161368, 53.382447940791103 ], [ -6.14877086193881, 53.382444095249099 ], [ -6.14885857554609, 53.382408423357397 ], [ -6.14888033882253, 53.382403917154001 ], [ -6.14891562302814, 53.382386375608498 ], [ -6.14892985901424, 53.382381806579502 ], [ -6.14896049098812, 53.382370698541898 ], [ -6.14900267871186, 53.382353388975801 ], [ -6.14915099988979, 53.382297450004899 ], [ -6.14922594903981, 53.3822684181375 ], [ -6.14927783682688, 53.382248554338702 ], [ -6.14930194742254, 53.382239142733901 ], [ -6.14937124365115, 53.382212926315098 ], [ -6.14946567661622, 53.382190028868003 ], [ -6.149494791771, 53.382175760287097 ], [ -6.14960483487411, 53.382117294789197 ], [ -6.14977889547642, 53.382025745494197 ], [ -6.14992982102626, 53.381947101247398 ], [ -6.149944123152, 53.3819396488039 ], [ -6.15014004008354, 53.381836549065298 ], [ -6.15035479020459, 53.381717089304601 ], [ -6.15053309842205, 53.381620761901097 ], [ -6.15080681084695, 53.381478015132998 ], [ -6.15099232107654, 53.3813860482718 ], [ -6.15113405040096, 53.381323588054201 ], [ -6.15126926805099, 53.381263606423097 ], [ -6.15164504955518, 53.381098400683001 ], [ -6.15187834551672, 53.380994053305898 ], [ -6.1522989402441, 53.3808080081808 ], [ -6.15258392375959, 53.380684447365397 ], [ -6.15293588733284, 53.3805348913288 ], [ -6.15330550804965, 53.380373530910902 ], [ -6.1536743552126, 53.380213306989397 ], [ -6.15410175972555, 53.3800320698695 ], [ -6.15441698263664, 53.379895384940902 ], [ -6.15475860715239, 53.379749663471799 ], [ -6.1552132075071, 53.379555516966597 ], [ -6.15522778411928, 53.379549289640501 ], [ -6.15557894239524, 53.379399148102898 ], [ -6.15593896912172, 53.379242312429298 ], [ -6.15617222163711, 53.379140921310103 ], [ -6.15638248034456, 53.379050631822402 ], [ -6.15661532649363, 53.378951290973497 ], [ -6.15686352530414, 53.378840595575099 ], [ -6.15717686000876, 53.3787009261561 ], [ -6.15736301152679, 53.378617173760198 ], [ -6.15746954288659, 53.378565071671098 ], [ -6.15767994572077, 53.378458813690003 ], [ -6.15774593475896, 53.378417749512202 ], [ -6.15785025397796, 53.378356977963101 ], [ -6.15796224355404, 53.378290528212901 ], [ -6.15805159536823, 53.378233586350802 ], [ -6.15813827234739, 53.378178014291699 ], [ -6.15833179856518, 53.378053198311399 ], [ -6.15851648120728, 53.377948016043497 ], [ -6.15864169129885, 53.377879172062698 ], [ -6.15887036411063, 53.377769329865302 ], [ -6.15901726098381, 53.3776986907477 ], [ -6.15909142126818, 53.377664635958197 ], [ -6.15912441924598, 53.377642094677398 ], [ -6.1597803911379, 53.377187748825101 ], [ -6.16024606766551, 53.376871792237701 ], [ -6.160273971106, 53.376849199972803 ], [ -6.16029221410646, 53.376827967905299 ], [ -6.16042660978842, 53.376663398094102 ], [ -6.16048109229606, 53.376597352990601 ], [ -6.16059536557191, 53.376494802495301 ], [ -6.16074849112017, 53.376364183661501 ], [ -6.16099933806624, 53.376093834213499 ], [ -6.16120188404129, 53.375869809525099 ], [ -6.16131949468237, 53.3757915446905 ], [ -6.16134381817419, 53.375754366679701 ], [ -6.16140026528088, 53.375706853669499 ], [ -6.16144811421238, 53.375679589844601 ], [ -6.16149413844208, 53.375653196712001 ], [ -6.16154699425827, 53.375617167376603 ], [ -6.16156094954075, 53.375599490418303 ], [ -6.16158093567405, 53.375578240069302 ], [ -6.16160155028911, 53.375553181205497 ], [ -6.16162610564328, 53.375528406848801 ], [ -6.16164455943577, 53.3755123361613 ], [ -6.161665187302, 53.375494330541599 ], [ -6.16168420280724, 53.375479176310201 ], [ -6.16170061709311, 53.375461636083998 ], [ -6.16172782165215, 53.375431151855402 ], [ -6.16174836558833, 53.375408462968601 ], [ -6.16176562628377, 53.375385194100701 ], [ -6.16177938470485, 53.375366535268697 ], [ -6.16179039519556, 53.375335252408497 ], [ -6.16179949897466, 53.375319936501398 ], [ -6.16185734564773, 53.375255955959602 ], [ -6.16188414126921, 53.3752279811984 ], [ -6.16190974446158, 53.375199808301197 ], [ -6.16194021454271, 53.375170272242798 ], [ -6.16197137046421, 53.3751387702317 ], [ -6.16195644879305, 53.375122705881203 ], [ -6.16192981861805, 53.375086153228999 ], [ -6.16190635203579, 53.375045874246403 ], [ -6.16188542817907, 53.375009409471602 ], [ -6.16187360513001, 53.374977936703502 ], [ -6.16185939752499, 53.374932418176599 ], [ -6.16185739213268, 53.374902903252 ], [ -6.16183211825341, 53.374856117711403 ], [ -6.16181451745011, 53.3747990357082 ], [ -6.16181041290046, 53.374755829060497 ], [ -6.16181030671765, 53.374744684736299 ], [ -6.16179717078913, 53.374688560434997 ], [ -6.16179714728376, 53.374648661391198 ], [ -6.16180262969749, 53.374613150711198 ], [ -6.16181407118571, 53.3745721699106 ], [ -6.16182762424244, 53.374537683259803 ], [ -6.16185374490884, 53.374497835464197 ], [ -6.16187768990475, 53.374472871891598 ], [ -6.16191118667812, 53.374442844064703 ], [ -6.16193949023539, 53.3744217217616 ], [ -6.16196980419575, 53.374402428058097 ], [ -6.16198441389528, 53.374398159860597 ], [ -6.16202222701242, 53.374386179402997 ], [ -6.16207231371607, 53.374381946144801 ], [ -6.16212026707414, 53.374378389181501 ], [ -6.16214950718532, 53.3743767002886 ], [ -6.16216291521004, 53.374372414462499 ], [ -6.16221675097884, 53.374371832366897 ], [ -6.16228484023144, 53.3743752537736 ], [ -6.16232587733375, 53.374378419469799 ], [ -6.1623453769016, 53.374379268014202 ], [ -6.16237900670105, 53.374373334114303 ], [ -6.16240911089904, 53.374365539287297 ], [ -6.16244945703866, 53.374350542604603 ], [ -6.16247470288926, 53.374337280925502 ], [ -6.16248417545905, 53.374327003146099 ], [ -6.16245602836908, 53.374331233739703 ], [ -6.16244342030401, 53.374298823153097 ], [ -6.16242243872283, 53.374282163108901 ], [ -6.16239196767971, 53.3742712514129 ], [ -6.16235630591409, 53.374268528038499 ], [ -6.16232342347756, 53.374271418346098 ], [ -6.16229646254598, 53.374276026695597 ], [ -6.16227748572664, 53.374283633315898 ], [ -6.16224784511992, 53.374294310578001 ], [ -6.16222035027093, 53.374304301819201 ], [ -6.1621902247646, 53.374312626574998 ], [ -6.16214948509711, 53.374322764373403 ], [ -6.16210187735464, 53.374332257992997 ], [ -6.16205101201054, 53.374340612951201 ], [ -6.16201701996549, 53.374347628753704 ], [ -6.16199387757931, 53.374354273252401 ], [ -6.16197335457834, 53.374356284217598 ], [ -6.16193847187207, 53.374343148186597 ], [ -6.16190108857982, 53.374325291669997 ], [ -6.16185843043046, 53.374297648421901 ], [ -6.16182050919508, 53.374271345458098 ], [ -6.16178934306697, 53.374235432967801 ], [ -6.16176500699239, 53.374201431406597 ], [ -6.16174291153722, 53.374164228596101 ], [ -6.16172915766065, 53.374128773049001 ], [ -6.16172146865369, 53.374105280757803 ], [ -6.16171783305309, 53.374065496846399 ], [ -6.16172598854319, 53.374024105906201 ], [ -6.16174207433313, 53.373986611271299 ], [ -6.16175230487954, 53.373966100456798 ], [ -6.16177587543594, 53.373929619929797 ], [ -6.16180423415037, 53.373900231148397 ], [ -6.1618380285961, 53.373876857408703 ], [ -6.16186312865234, 53.3738599992259 ], [ -6.16188614906999, 53.373842570612702 ], [ -6.1619144380576, 53.373814797711603 ], [ -6.1619441076531, 53.373776254817002 ], [ -6.16196150176826, 53.373743273512403 ], [ -6.16197495558571, 53.373697470949701 ], [ -6.16197578604256, 53.373658294223603 ], [ -6.16196978286102, 53.3736378839046 ], [ -6.16178618616706, 53.373453766460699 ], [ -6.1616758091963, 53.373376158968298 ], [ -6.16165781762921, 53.373360200081699 ], [ -6.16159824593967, 53.373327920722403 ], [ -6.16153176423261, 53.3732948958192 ], [ -6.16148564942082, 53.373272546263301 ], [ -6.16143132923615, 53.3732540511567 ], [ -6.16139902327872, 53.373244971490202 ], [ -6.16130938213299, 53.373213423248501 ], [ -6.16093394265357, 53.373112400811799 ], [ -6.16091061276164, 53.3731084100462 ], [ -6.16085890368143, 53.373097692870402 ], [ -6.16081974110233, 53.373089423276603 ], [ -6.16078969159933, 53.373077826463302 ], [ -6.16074760272648, 53.3730666633803 ], [ -6.16069177512872, 53.373052853627399 ], [ -6.16063980438006, 53.373040154914797 ], [ -6.16060807240737, 53.373035550123902 ], [ -6.16050098439992, 53.3730165908987 ], [ -6.16045747594069, 53.3730094595171 ], [ -6.16043245237923, 53.373005362555197 ], [ -6.16039000772056, 53.372996529898401 ], [ -6.1603155776748, 53.372981651234603 ], [ -6.16028982270209, 53.372977821601999 ], [ -6.16025445389236, 53.372974257213997 ], [ -6.16020645949254, 53.372971476990202 ], [ -6.16013919293856, 53.372957742296698 ], [ -6.16010051872278, 53.372954152968902 ], [ -6.16005846982216, 53.372953226040401 ], [ -6.16003146459157, 53.372951902765003 ], [ -6.15997456269535, 53.372944195289499 ], [ -6.15994521684861, 53.372940687721403 ], [ -6.15991427447014, 53.372940047938101 ], [ -6.15988885949674, 53.372934957020902 ], [ -6.15985685061492, 53.372929457925601 ], [ -6.15982323527469, 53.372928067732303 ], [ -6.15960728461613, 53.372900384047099 ], [ -6.15934553742984, 53.372865630861099 ], [ -6.15917033724986, 53.372854319565498 ], [ -6.15898437886938, 53.372829073891403 ], [ -6.15887440731607, 53.372817096602802 ], [ -6.15876200771587, 53.372806358078201 ], [ -6.1587059109128, 53.372802608244903 ], [ -6.15863820019123, 53.372793960370203 ], [ -6.15857552512603, 53.372785957315102 ], [ -6.15850517803463, 53.372773970906103 ], [ -6.15843477479505, 53.372764680055397 ], [ -6.15836355277614, 53.372751063079903 ], [ -6.15830741004319, 53.372749773324799 ], [ -6.15824265848246, 53.3727435707467 ], [ -6.15818837500801, 53.372739596984097 ], [ -6.1581488296618, 53.3727342957012 ], [ -6.1580964451849, 53.372724941194598 ], [ -6.15801680174961, 53.372712172849504 ], [ -6.15792698330567, 53.372697351776701 ], [ -6.15787037644862, 53.372689406063103 ], [ -6.15781644194519, 53.372682920815002 ], [ -6.15777297496246, 53.372677945363399 ], [ -6.1577558904062, 53.372676216547603 ], [ -6.15772555345706, 53.372676179662598 ], [ -6.15769847302792, 53.372679041410599 ], [ -6.15766259149732, 53.372685972871402 ], [ -6.15762244775772, 53.372695929570298 ], [ -6.15756745929333, 53.372712433294303 ], [ -6.1575347614903, 53.372726037291002 ], [ -6.15751597235863, 53.372734166472597 ], [ -6.15749044485322, 53.372749795651799 ], [ -6.15746670445488, 53.372765074013699 ], [ -6.15744934452697, 53.372775607130201 ], [ -6.15731256729788, 53.372858621813698 ], [ -6.15728727432379, 53.372872609726798 ], [ -6.15727093195103, 53.372881190109098 ], [ -6.15725583503505, 53.372888389355602 ], [ -6.15720216415477, 53.372898038166802 ], [ -6.15709180254875, 53.372913201239001 ], [ -6.15707431519702, 53.372915195319699 ], [ -6.1570541802965, 53.372915189977903 ], [ -6.15702300211565, 53.372912389527897 ], [ -6.15666288207122, 53.3728706122087 ], [ -6.15664423843473, 53.372870530062698 ], [ -6.15661580494122, 53.372878268349297 ], [ -6.15657838568445, 53.372896436180397 ], [ -6.15648235259014, 53.372949642468299 ], [ -6.15644656171167, 53.372974646689698 ], [ -6.15641687436536, 53.372995404776603 ], [ -6.15639822339433, 53.3730076345486 ], [ -6.15637224509763, 53.373024639815497 ], [ -6.15633747363048, 53.373044447482101 ], [ -6.15632257074375, 53.373051325134398 ], [ -6.15630102701851, 53.373059924798397 ], [ -6.15614780599633, 53.373116560743902 ], [ -6.1561287443121, 53.373121595346902 ], [ -6.15609426776986, 53.373130084135497 ], [ -6.15599822154588, 53.373149511190498 ], [ -6.15593968701052, 53.373170173956701 ], [ -6.15590264251702, 53.3731615669547 ], [ -6.15586270544525, 53.373148980197499 ], [ -6.15572952822167, 53.373104443792698 ], [ -6.1557131791891, 53.3730967866328 ], [ -6.15570930850303, 53.373084486649603 ], [ -6.15570696972182, 53.373070090917302 ], [ -6.15570333227465, 53.373024950665403 ], [ -6.15570605266032, 53.373012393911999 ], [ -6.15570960336788, 53.373003264617203 ], [ -6.15571519503388, 53.372984084771801 ], [ -6.15572321303545, 53.372964752771203 ], [ -6.15573462433607, 53.372941672988901 ], [ -6.15574600360222, 53.372920029927698 ], [ -6.15575228961411, 53.372909128180197 ], [ -6.15575381678422, 53.372896741738501 ], [ -6.15575580513482, 53.372866030039802 ], [ -6.15575859121623, 53.372839465252497 ], [ -6.15576020578877, 53.372823664635703 ], [ -6.15576155971431, 53.372806243908002 ], [ -6.15575635274385, 53.3727866086573 ], [ -6.15575134311841, 53.372771102051402 ], [ -6.15574681299565, 53.372760463687797 ], [ -6.15573550762394, 53.372749128294799 ], [ -6.1557183688396, 53.372731960172899 ], [ -6.15570685444877, 53.3727216363175 ], [ -6.15569286187168, 53.3727157952395 ], [ -6.15568103844504, 53.372706014887299 ], [ -6.15564673634162, 53.372678822086897 ], [ -6.15560362279437, 53.372640979566398 ], [ -6.15558470978389, 53.372625222119296 ], [ -6.1555714326797, 53.372612911573697 ], [ -6.15553430709192, 53.372591273867201 ], [ -6.15551020542912, 53.372580154132898 ], [ -6.15549048799242, 53.372574978659102 ], [ -6.15547134916102, 53.372570360406897 ], [ -6.15544099581285, 53.372556132974402 ], [ -6.15540978851407, 53.372539025989397 ], [ -6.15539463645027, 53.372530839002899 ], [ -6.15537163954558, 53.372524030890702 ], [ -6.15533985153769, 53.372536740542003 ], [ -6.15532015997918, 53.372545224847201 ], [ -6.1553053577364, 53.372549426336001 ], [ -6.15527860244797, 53.372550674680497 ], [ -6.15524914245835, 53.372551909072797 ], [ -6.15522563570462, 53.372556236653999 ], [ -6.15520560341226, 53.3725666921843 ], [ -6.15518155412864, 53.372583223673502 ], [ -6.15516332504382, 53.3725933385548 ], [ -6.15514521742091, 53.372598243937396 ], [ -6.1551280433369, 53.372600988598201 ], [ -6.15511270413694, 53.372601964876097 ], [ -6.15507828331311, 53.372595609276701 ], [ -6.15504665483322, 53.372585154162898 ], [ -6.15502175765177, 53.372568450228698 ], [ -6.15500696244009, 53.372556494553102 ], [ -6.15497382378751, 53.372546555365702 ], [ -6.1549557963753, 53.3725467889805 ], [ -6.15493985744333, 53.372548114594203 ], [ -6.15491160818012, 53.372548459811 ], [ -6.15489056830493, 53.3725499231684 ], [ -6.15486885638218, 53.372553721159797 ], [ -6.15483162496162, 53.372553279429802 ], [ -6.15482428384316, 53.372544431164499 ], [ -6.15481771353827, 53.372527139591803 ], [ -6.15481491827125, 53.372501790917497 ], [ -6.15481232767286, 53.372480399328701 ], [ -6.1548115128522, 53.372461353260398 ], [ -6.15481148777661, 53.3724469842928 ], [ -6.15481797522159, 53.3724376847128 ], [ -6.15483052821937, 53.372426097934998 ], [ -6.15485241129517, 53.372412776874199 ], [ -6.15488299076192, 53.372400246407601 ], [ -6.15490833209988, 53.372394851593803 ], [ -6.15493185634053, 53.372389805287497 ], [ -6.15495325186736, 53.372386370910903 ], [ -6.15497105024473, 53.3723823595993 ], [ -6.15495187055761, 53.372380428110901 ], [ -6.15493624811406, 53.372379961870202 ], [ -6.15491367407339, 53.372382497176503 ], [ -6.15489529096048, 53.372385780380696 ], [ -6.15487992793749, 53.372388004724698 ], [ -6.15485559313374, 53.3723881947327 ], [ -6.15482316068833, 53.372387962920399 ], [ -6.15478520867541, 53.372393450352597 ], [ -6.1547562608329, 53.372399527308801 ], [ -6.15472282333208, 53.372404500291204 ], [ -6.15469575027073, 53.372406113007102 ], [ -6.15467080643972, 53.372406831954898 ], [ -6.15465277179201, 53.372407964234498 ], [ -6.15461734407919, 53.372407173721001 ], [ -6.154582938635, 53.3724004676737 ], [ -6.15455964927447, 53.372393476015297 ], [ -6.15453817147032, 53.372385603656603 ], [ -6.1544675335687, 53.372373431490701 ], [ -6.15445286285727, 53.372370454212898 ], [ -6.15442252563202, 53.372370776011302 ], [ -6.15439737002953, 53.372367008298703 ], [ -6.15436781215458, 53.372357996176703 ], [ -6.15434480722559, 53.3723517270342 ], [ -6.15432894180675, 53.372348920915499 ], [ -6.15430609118482, 53.372350553006697 ], [ -6.15428899764125, 53.372349003318 ], [ -6.15427292916496, 53.372341161542501 ], [ -6.1542422088899, 53.3723305315063 ], [ -6.15422161701961, 53.372323374773003 ], [ -6.15421033822954, 53.372316649704501 ], [ -6.15417863756943, 53.372309958409701 ], [ -6.15416152786046, 53.372309478051598 ], [ -6.1541446704069, 53.3723111578689 ], [ -6.15411197186931, 53.372308774459398 ], [ -6.15408879754357, 53.372296032919998 ], [ -6.15407336012284, 53.372286771749998 ], [ -6.15404951204474, 53.372277793938302 ], [ -6.1540046965398, 53.372265444775998 ], [ -6.15397065589601, 53.372255868859199 ], [ -6.15395453783204, 53.372250183447903 ], [ -6.15393134613437, 53.372238887814497 ], [ -6.15391761540484, 53.372234299040599 ], [ -6.15389395336456, 53.372230716113599 ], [ -6.15387831490727, 53.372232046233101 ], [ -6.15384649165559, 53.372231284284801 ], [ -6.15381018687907, 53.3722292314973 ], [ -6.15379154482667, 53.372229814057 ], [ -6.15376055835035, 53.372232291805297 ], [ -6.15372747770317, 53.372234574459704 ], [ -6.15369414534336, 53.372234337405303 ], [ -6.15367010125697, 53.372235070063503 ], [ -6.15365294489227, 53.372236746085498 ], [ -6.15362731753939, 53.372241767690603 ], [ -6.15360260057312, 53.372246624509998 ], [ -6.15358120462516, 53.372250067626503 ], [ -6.1535505594618, 53.372250213661701 ], [ -6.15353075428397, 53.372249889248401 ], [ -6.1535157082206, 53.372251039733598 ], [ -6.15347998041678, 53.372249893697102 ], [ -6.15346347249169, 53.3722497820794 ], [ -6.15344711863994, 53.372256843652799 ], [ -6.15342099761579, 53.372271572952201 ], [ -6.15340620372069, 53.372274884500598 ], [ -6.15335381281518, 53.372281694029702 ], [ -6.15330113869145, 53.372287789083202 ], [ -6.1532689507787, 53.372289896672797 ], [ -6.15325057535816, 53.372292999978498 ], [ -6.15322972309027, 53.372299507443898 ], [ -6.1532157979484, 53.372304970712698 ], [ -6.15319134816613, 53.372310910169801 ], [ -6.15316644478079, 53.372309652917103 ], [ -6.153150025016, 53.3723046898752 ], [ -6.15312552830965, 53.3722975075748 ], [ -6.15310943327692, 53.372291292099497 ], [ -6.15309508528563, 53.372287771366402 ], [ -6.15307830182674, 53.372286038448699 ], [ -6.15306021803334, 53.372288966473903 ], [ -6.15302318975173, 53.372293560730398 ], [ -6.15299461578677, 53.3722955084611 ], [ -6.15297472986202, 53.372298786087299 ], [ -6.15295780165072, 53.372303871181202 ], [ -6.15294329138895, 53.372308615292198 ], [ -6.15291513876309, 53.372320275016101 ], [ -6.15289789942641, 53.3723262630973 ], [ -6.15285975163297, 53.372325816453703 ], [ -6.15284291987008, 53.372326588673801 ], [ -6.1528287011015, 53.372332237004699 ], [ -6.15281610610954, 53.372346518495704 ], [ -6.15282351329837, 53.372366331753703 ], [ -6.15280439911803, 53.3723764325781 ], [ -6.15278184114471, 53.372377899030099 ], [ -6.15275659639024, 53.372378972448999 ], [ -6.15273226009065, 53.372379162000698 ], [ -6.15270765706817, 53.372377909301903 ], [ -6.15268542478549, 53.3723777539075 ], [ -6.15266620327962, 53.372377797915298 ], [ -6.15264751961733, 53.372381076121798 ], [ -6.15262399565373, 53.372385762454499 ], [ -6.1525968746607, 53.372390598929499 ], [ -6.15256254418125, 53.372394668548502 ], [ -6.15253483805831, 53.372398786779897 ], [ -6.15251975975004, 53.3724013747577 ], [ -6.1525082300119, 53.372407397244402 ], [ -6.15250152206916, 53.372427647245203 ], [ -6.15251864779653, 53.372443035968097 ], [ -6.15252758785462, 53.372461425870398 ], [ -6.15253118673027, 53.372476892804499 ], [ -6.15253841963007, 53.372491320331299 ], [ -6.15254741868894, 53.372506646158698 ], [ -6.1525532083969, 53.372517644803203 ], [ -6.15255561065975, 53.372533291851703 ], [ -6.15255989901446, 53.372544635771199 ], [ -6.15257734080365, 53.372558592159798 ], [ -6.15258855456984, 53.372568551241201 ], [ -6.15257881092394, 53.372590219333098 ], [ -6.15256078499078, 53.372590452609202 ], [ -6.15254561618667, 53.372598602005397 ], [ -6.1525504555681, 53.372612111630602 ], [ -6.15261625485381, 53.372625684099198 ], [ -6.15265610767507, 53.372630461675897 ], [ -6.15267195850288, 53.372633986849401 ], [ -6.15269255060543, 53.372641135764802 ], [ -6.1527283027451, 53.372655582295401 ], [ -6.15275304539695, 53.372665454166103 ], [ -6.15276463361958, 53.372671277250298 ], [ -6.15277285164094, 53.372681038041399 ], [ -6.1527608244698, 53.3726974765029 ], [ -6.15274371612834, 53.3726969959637 ], [ -6.1527266230392, 53.372695086529603 ], [ -6.15269882741272, 53.372688420235299 ], [ -6.15266361854918, 53.372676318146802 ], [ -6.15261560435887, 53.372658734537197 ], [ -6.15258072791725, 53.372645550892798 ], [ -6.15255563768609, 53.3726381894108 ], [ -6.15254128092915, 53.372635216757999 ], [ -6.15252449686477, 53.372633842384303 ], [ -6.15252241816418, 53.372647838134696 ], [ -6.1525405991773, 53.372670064358097 ], [ -6.15255530557311, 53.372685793126699 ], [ -6.15256733749619, 53.372700115178702 ], [ -6.15260079657543, 53.372741844176602 ], [ -6.15260852243252, 53.372768878130898 ], [ -6.1526137202128, 53.372788692252698 ], [ -6.1526167113204, 53.372812264348497 ], [ -6.15261667766433, 53.372825195193698 ], [ -6.15261939328182, 53.372882911107098 ], [ -6.15261831843888, 53.372924411101202 ], [ -6.15261449548315, 53.372944329160298 ], [ -6.15261037256039, 53.372964232688702 ], [ -6.15260354591765, 53.372984480856402 ], [ -6.15259380847905, 53.373012600796002 ], [ -6.15258399128413, 53.373043604722 ], [ -6.15257125893384, 53.373071156979897 ], [ -6.15255326691935, 53.373104595098802 ], [ -6.15253985647261, 53.373123159412302 ], [ -6.15253482513629, 53.3731321039078 ], [ -6.15244751357883, 53.373266256070899 ], [ -6.15244080647099, 53.373282003875602 ], [ -6.1524289419534, 53.373310649040199 ], [ -6.15242519049879, 53.373327870832298 ], [ -6.15242200173023, 53.373346711127397 ], [ -6.15241784650106, 53.373368052265398 ], [ -6.15241443534153, 53.373383662342903 ], [ -6.1524070565018, 53.373401386144799 ], [ -6.15239331279336, 53.3734217429284 ], [ -6.15237112307716, 53.373454963231303 ], [ -6.15234911350596, 53.3734923191071 ], [ -6.15234400353092, 53.373502071317802 ], [ -6.15233242610941, 53.373516790959997 ], [ -6.15230745084235, 53.373518219900497 ], [ -6.15228639151086, 53.373513175922 ], [ -6.15226902981017, 53.373507083637897 ], [ -6.1522468168482, 53.373500566596199 ], [ -6.15221510908855, 53.373489165741397 ], [ -6.15219268058815, 53.373478601547703 ], [ -6.15215796458419, 53.373458922678097 ], [ -6.15210815410241, 53.3734446268152 ], [ -6.15202858934931, 53.373430049953299 ], [ -6.15195041288512, 53.373420518058303 ], [ -6.15192148289139, 53.373422720682498 ], [ -6.15190353799495, 53.373425551816297 ], [ -6.15188773535226, 53.3734306272274 ], [ -6.1518696764742, 53.373436125196399 ], [ -6.15185530724902, 53.373442112636504 ], [ -6.15183944667945, 53.373448525491597 ], [ -6.1518242641166, 53.373456288091099 ], [ -6.15181290426671, 53.373462196296302 ], [ -6.1517642132026, 53.373497333117001 ], [ -6.15174386215023, 53.3735061302012 ], [ -6.15171927385742, 53.3735152472522 ], [ -6.15168536509, 53.373525173595297 ], [ -6.15164539246783, 53.373537027463399 ], [ -6.15160149007056, 53.373549736352302 ], [ -6.15148918025159, 53.373593449359198 ], [ -6.15138434301623, 53.373638481539402 ], [ -6.15132597884523, 53.373663817680303 ], [ -6.1512712409281, 53.373689370857903 ], [ -6.15122734374856, 53.3737134030645 ], [ -6.15120839987891, 53.373725447734103 ], [ -6.15120270555838, 53.373736539079502 ], [ -6.15120536938871, 53.373772507203803 ], [ -6.15122508580252, 53.373835581954403 ], [ -6.15123093485307, 53.373876434190997 ], [ -6.15118124758499, 53.373915150637501 ], [ -6.15096573839563, 53.373952150039699 ], [ -6.15094221066754, 53.373955164177701 ], [ -6.15091453175743, 53.373956892491002 ], [ -6.15087819958781, 53.373955475661901 ], [ -6.1508346714996, 53.373953632733503 ], [ -6.15073529020576, 53.373950376029697 ], [ -6.15067068466027, 53.373950497527403 ], [ -6.15057557935506, 53.373956086656897 ], [ -6.15055159021452, 53.373965932712601 ], [ -6.15053026692523, 53.373976691037299 ], [ -6.15050822240884, 53.373992299915201 ], [ -6.15048013668412, 53.374009657750499 ], [ -6.15045709535602, 53.374028845564297 ], [ -6.15043648923376, 53.374046984438102 ], [ -6.15042179710745, 53.374057638785999 ], [ -6.15034703507745, 53.374113192214402 ], [ -6.1503374345571, 53.374124240054996 ], [ -6.15032705718996, 53.3741421149996 ], [ -6.15030374628878, 53.374194916389001 ], [ -6.15015854481174, 53.374638170144301 ], [ -6.15012414850073, 53.3747244713784 ], [ -6.15011173113001, 53.374774494346497 ], [ -6.15009975852401, 53.374819491697203 ], [ -6.15009902577479, 53.3748360150881 ], [ -6.15008368758702, 53.374963822765302 ], [ -6.15008451431878, 53.374978384829397 ], [ -6.15008740276937, 53.374994586846697 ], [ -6.15009739948286, 53.375014628266001 ], [ -6.15009886501545, 53.375027941879601 ], [ -6.15010693614062, 53.375122540481698 ], [ -6.15011734602546, 53.3751614501044 ], [ -6.15012983064237, 53.375247472235202 ], [ -6.15012967522792, 53.375265621556899 ], [ -6.15012428492736, 53.375288031049301 ], [ -6.15011678470825, 53.375310605577198 ], [ -6.15010163823676, 53.375338317898098 ], [ -6.15009422531316, 53.375357837779497 ], [ -6.1500557331284, 53.375439789012603 ], [ -6.15004661350424, 53.375455337500803 ], [ -6.15003831445558, 53.3754744940005 ], [ -6.15003297396577, 53.375494747085597 ], [ -6.15002455540092, 53.375518394048903 ], [ -6.1500167739576, 53.3755283833856 ], [ -6.15000389222661, 53.3755388680067 ], [ -6.14998832267729, 53.375548251248198 ], [ -6.14996301191132, 53.375562209490901 ], [ -6.14992074182888, 53.375581584482497 ], [ -6.14988352270171, 53.375602988208698 ], [ -6.14986883918228, 53.375612734812798 ], [ -6.14985369508051, 53.375628944901599 ], [ -6.14978025604994, 53.375714883433602 ], [ -6.14976219369395, 53.375739153853601 ], [ -6.14974465052392, 53.375766668083003 ], [ -6.14972074994418, 53.375796284063497 ], [ -6.14969109509222, 53.3758269172748 ], [ -6.14959901375879, 53.375913043037301 ], [ -6.14957603403122, 53.375930083453397 ], [ -6.14955456542976, 53.3759465909244 ], [ -6.14954266698718, 53.375957271406399 ], [ -6.14950787681682, 53.375985353184198 ], [ -6.14946294344738, 53.376019684481101 ], [ -6.14943146004381, 53.376042910837398 ], [ -6.14940191130106, 53.376063462627201 ], [ -6.14936677024367, 53.376087881612698 ], [ -6.14932973378541, 53.376114067942801 ], [ -6.14930540632609, 53.376132373624003 ], [ -6.14928674999519, 53.376145375206598 ], [ -6.14926139263231, 53.376159701097997 ], [ -6.14922997546205, 53.376175191360701 ], [ -6.1491943372939, 53.376190966695603 ], [ -6.14914221739601, 53.3762115009431 ], [ -6.14907903688606, 53.376237254766501 ], [ -6.14901841429165, 53.376259444848202 ], [ -6.14893886075694, 53.376287793923602 ], [ -6.148865531087, 53.376311575492799 ], [ -6.14879913234444, 53.376334934222101 ], [ -6.14874441099014, 53.376353441546001 ], [ -6.14872564876366, 53.376361948183202 ], [ -6.14863795675729, 53.3764032990236 ], [ -6.14859921328683, 53.3764210034212 ], [ -6.14854643747839, 53.376442784689701 ], [ -6.14849462610873, 53.376463503208797 ], [ -6.1484498500389, 53.376487942326499 ], [ -6.14839211862341, 53.376519002493097 ], [ -6.14835170203497, 53.376540274347697 ], [ -6.1482957367933, 53.376565960843202 ], [ -6.14824409176947, 53.376589386394699 ], [ -6.14819664809695, 53.376606397499302 ], [ -6.14814959584767, 53.376621626899798 ], [ -6.14809428856861, 53.3766397662069 ], [ -6.14805236670851, 53.376654535886303 ], [ -6.14800920417435, 53.376670185121299 ], [ -6.14797485829232, 53.376684182504299 ], [ -6.14795153684026, 53.376693867633101 ], [ -6.14792018747106, 53.376707740726097 ], [ -6.14789190439851, 53.376720574720402 ], [ -6.14785534844153, 53.376736694946402 ], [ -6.14780892834005, 53.376751205977897 ], [ -6.14778112399194, 53.376760281307 ], [ -6.1477480362483, 53.3767726811692 ], [ -6.14771372324154, 53.376785951840297 ], [ -6.14768835183608, 53.376794346749101 ], [ -6.14767186198641, 53.376799284211103 ], [ -6.14764641698381, 53.376803175763698 ], [ -6.14761762175113, 53.376807374839501 ], [ -6.14759977866506, 53.376809586728598 ], [ -6.14758349089237, 53.376810214761399 ], [ -6.14755820029508, 53.376810514298 ], [ -6.14752917904264, 53.376807142651998 ], [ -6.14751393227464, 53.376804911498802 ], [ -6.14749338849342, 53.376800431956703 ], [ -6.14747527183777, 53.376795441804497 ], [ -6.1474595956224, 53.376789599697098 ], [ -6.14742051370667, 53.376775989754499 ], [ -6.14739119364889, 53.376765963942297 ], [ -6.14736956556569, 53.376758762987599 ], [ -6.14735134288188, 53.376749637482497 ], [ -6.14732990921082, 53.376738304951701 ], [ -6.14731267354425, 53.376727218250601 ], [ -6.14730165651938, 53.376718582104097 ], [ -6.147295138523, 53.3767098360359 ], [ -6.14728669047159, 53.376697456622203 ], [ -6.14727284568049, 53.376678513810198 ], [ -6.1472622046655, 53.376661598144601 ], [ -6.14725536578343, 53.376647087433 ], [ -6.14725145624934, 53.376627768552403 ], [ -6.14725212843732, 53.376607092570801 ], [ -6.14725310922912, 53.376586232627197 ], [ -6.14725650855112, 53.376565059689 ], [ -6.14725988738226, 53.376538126773198 ], [ -6.14726430770003, 53.376520752832398 ], [ -6.14726906873921, 53.376502835898599 ], [ -6.14727617718423, 53.3764858632181 ], [ -6.14728298516974, 53.376468886771697 ], [ -6.14728988267789, 53.376456772550803 ], [ -6.14732247098215, 53.376429249551897 ], [ -6.14734673760216, 53.376412022811202 ], [ -6.14736826094364, 53.376396010933703 ], [ -6.14739741750624, 53.376377250300003 ], [ -6.14743211913331, 53.376356060828599 ], [ -6.14747330630706, 53.376331205951701 ], [ -6.14750240228617, 53.376313873481301 ], [ -6.14752616379182, 53.3763013199356 ], [ -6.14754220114895, 53.376292951853102 ], [ -6.14755581183766, 53.376285084496701 ], [ -6.14757684047727, 53.376272848050597 ], [ -6.14760289325375, 53.3762563671431 ], [ -6.14762957613467, 53.376239185939703 ], [ -6.14765528224673, 53.3762234186988 ], [ -6.14767691107924, 53.376211551080303 ], [ -6.1477132747829, 53.376193271649498 ], [ -6.1477581489068, 53.376173155870298 ], [ -6.14781616225552, 53.376148759765798 ], [ -6.14785228533609, 53.376135329305299 ], [ -6.14790163186914, 53.376116370458902 ], [ -6.14795368152771, 53.376097085024099 ], [ -6.14800729610833, 53.376076754252303 ], [ -6.14804003032449, 53.376065247658303 ], [ -6.14810028167325, 53.376044309764303 ], [ -6.14816691076765, 53.376022222338499 ], [ -6.14820753738399, 53.376009229271702 ], [ -6.1482430744226, 53.3759957896009 ], [ -6.14828162299731, 53.375982224971501 ], [ -6.14832359863696, 53.375966198595897 ], [ -6.14835065643811, 53.3759538757973 ], [ -6.1483724924279, 53.375943808016203 ], [ -6.14839232091365, 53.375931543819497 ], [ -6.14841553714642, 53.375917724185598 ], [ -6.14843225871223, 53.3759077478202 ], [ -6.14844587241531, 53.3758932219285 ], [ -6.14846894367352, 53.375863376714499 ], [ -6.14849302181097, 53.375831040299303 ], [ -6.14851170913721, 53.375804542591602 ], [ -6.1485364594957, 53.375770949256101 ], [ -6.14854793132077, 53.375757288048298 ], [ -6.14856911149286, 53.375735690740001 ], [ -6.14859093736997, 53.375713032946599 ], [ -6.14860171538909, 53.375701158616799 ], [ -6.14861263948718, 53.375692880946097 ], [ -6.14862785310712, 53.375682702294696 ], [ -6.14864628307938, 53.375674918566503 ], [ -6.1486777222682, 53.375665188458001 ], [ -6.14871918727578, 53.375653646342499 ], [ -6.14874816857181, 53.3756451373388 ], [ -6.14877050382435, 53.375637414171003 ], [ -6.14878517566261, 53.375632447460703 ], [ -6.14881088403064, 53.375623158727102 ], [ -6.14883786561709, 53.375612272754601 ], [ -6.14887157594801, 53.375599351947798 ], [ -6.14889857102252, 53.375588466171003 ], [ -6.14891703452826, 53.375579595345599 ], [ -6.14893119062103, 53.375573003634997 ], [ -6.14894038551973, 53.3755564227503 ], [ -6.14894439554949, 53.375541559090998 ], [ -6.14894375540234, 53.375529669416402 ], [ -6.148940245354, 53.375508020747297 ], [ -6.14893737319026, 53.375492492171901 ], [ -6.14891267108346, 53.375473732584702 ], [ -6.14884491777128, 53.375449379664097 ], [ -6.1487558291134, 53.3754180192905 ], [ -6.14867697895133, 53.375392766089703 ], [ -6.1486299528083, 53.3753752411614 ], [ -6.14861122761939, 53.375370430489902 ], [ -6.14858677377713, 53.375365701720099 ], [ -6.14856277121717, 53.375364394575698 ], [ -6.14851992675946, 53.375360620858601 ], [ -6.14847001234303, 53.375359783550799 ], [ -6.14842483394575, 53.3753606456726 ], [ -6.148383012475, 53.375360661936597 ], [ -6.14833663187921, 53.375361864901897 ], [ -6.1483031516216, 53.375356978045801 ], [ -6.14824688770366, 53.375350820861399 ], [ -6.14820966434603, 53.375348752133803 ], [ -6.14817929297479, 53.375348424676602 ], [ -6.14814715223481, 53.375347341709102 ], [ -6.14812992486915, 53.375348853157298 ], [ -6.14810330253204, 53.375352187238697 ], [ -6.14807329149504, 53.375356718093002 ], [ -6.14805051952048, 53.375361378354199 ], [ -6.1480211682474, 53.375371140698398 ], [ -6.14798285822806, 53.375386146162001 ], [ -6.14793262599108, 53.375405100281 ], [ -6.14789529505592, 53.375418324163498 ], [ -6.14785303494919, 53.3754339873418 ], [ -6.14781627324259, 53.375447947182302 ], [ -6.14778016232728, 53.375454530581997 ], [ -6.14774444494222, 53.375458972789701 ], [ -6.1477130418418, 53.375461324772402 ], [ -6.14768080557429, 53.3754624063614 ], [ -6.14765972152259, 53.375462770305496 ], [ -6.14762706562969, 53.375459702690002 ], [ -6.14759710357514, 53.375457215274103 ], [ -6.14756989212412, 53.375453342315502 ], [ -6.1475454923639, 53.375447715347903 ], [ -6.14752349436821, 53.375442125656598 ], [ -6.14750090389769, 53.375435988369198 ], [ -6.14748338044352, 53.375431196174198 ], [ -6.14746854317181, 53.375426814191698 ], [ -6.14745066042612, 53.375416795149498 ], [ -6.14743514006407, 53.3754077205881 ], [ -6.14742048193918, 53.3753995582328 ], [ -6.14740675623426, 53.375390691291301 ], [ -6.14739438790416, 53.375378601565899 ], [ -6.14737777950812, 53.375360694446599 ], [ -6.14735680613736, 53.375339466721698 ], [ -6.14733878191266, 53.3753195512178 ], [ -6.14732321342859, 53.375298775909798 ], [ -6.14730470478766, 53.375276516838099 ], [ -6.14729118569967, 53.3752570406822 ], [ -6.14727667441529, 53.3752326873852 ], [ -6.1472711742659, 53.375221620172702 ], [ -6.14726667649482, 53.375208583020701 ], [ -6.14725977857363, 53.375188859110899 ], [ -6.14725236074253, 53.375161030527501 ], [ -6.14724284725663, 53.375139270622199 ], [ -6.14723480954987, 53.3751184504275 ], [ -6.14722941116238, 53.375105039762197 ], [ -6.14722179702092, 53.375088000301901 ], [ -6.14721273452979, 53.375069320472903 ], [ -6.14720368112057, 53.375050812459499 ], [ -6.14719135450413, 53.375031533669997 ], [ -6.14718168808544, 53.375019494857 ], [ -6.14717281542655, 53.375009633632502 ], [ -6.14715916766192, 53.3749993216639 ], [ -6.14714362411474, 53.374990785996602 ], [ -6.14712450159182, 53.374981286948703 ], [ -6.14711091234771, 53.374976205237999 ], [ -6.14707640339759, 53.374967707667601 ], [ -6.14705591553112, 53.374961961569703 ], [ -6.14704133207255, 53.374958662061204 ], [ -6.14701878520681, 53.374958105253199 ], [ -6.1469985480145, 53.374959740580799 ], [ -6.14697898606332, 53.374966248126 ], [ -6.14695956869971, 53.374976002665903 ], [ -6.14694428827353, 53.374981139467003 ], [ -6.14691065339502, 53.374992631773203 ], [ -6.14686763197447, 53.375005406546201 ], [ -6.146828855154, 53.375017349290999 ], [ -6.14679429749288, 53.375029357541301 ], [ -6.14677658281909, 53.375034824139298 ], [ -6.14675090568797, 53.3750561634482 ], [ -6.1467292891931, 53.375074330944301 ], [ -6.14670661869939, 53.375089426068598 ], [ -6.14668548180949, 53.375103816957697 ], [ -6.14667259277953, 53.375115838099497 ], [ -6.14666125161726, 53.375126446059198 ], [ -6.1466371667533, 53.375139532805598 ], [ -6.14661433598269, 53.375151741098797 ], [ -6.14659851401254, 53.375161731182502 ], [ -6.14658141204546, 53.375173507121701 ], [ -6.14655557606802, 53.3751919586988 ], [ -6.14653572400492, 53.375204761520799 ], [ -6.14651253243456, 53.375218042779601 ], [ -6.14648578909224, 53.375230010517598 ], [ -6.14646395307395, 53.3752400770557 ], [ -6.14643881408177, 53.375250092289399 ], [ -6.14640085822211, 53.375263854283197 ], [ -6.14636515323597, 53.375274586237801 ], [ -6.14632576741723, 53.375286699126903 ], [ -6.14629039250947, 53.375296717127497 ], [ -6.14625074525868, 53.375307927107698 ], [ -6.14620626066171, 53.375319772004403 ], [ -6.146171780227, 53.375329992617402 ], [ -6.14613890301957, 53.375338252623997 ], [ -6.14610842716014, 53.3753465589134 ], [ -6.14607678087773, 53.375354127953997 ], [ -6.14605036577376, 53.375359261546002 ], [ -6.14602366621614, 53.375364023094299 ], [ -6.14600009369447, 53.375365965968797 ], [ -6.14595814701726, 53.375368863762603 ], [ -6.14590795974522, 53.375373961468803 ], [ -6.1458734520684, 53.375378233158401 ], [ -6.14584018409578, 53.375381992894198 ], [ -6.14580472796544, 53.375387337404803 ], [ -6.1457780669994, 53.375391209662702 ], [ -6.14576137791252, 53.375394167250697 ], [ -6.14574491898304, 53.375398746294998 ], [ -6.14573204897127, 53.375403748718803 ], [ -6.14571971787886, 53.375409839002003 ], [ -6.14570853952503, 53.3754173844139 ], [ -6.14569344698587, 53.375430989096898 ], [ -6.14568419368645, 53.375442347566299 ], [ -6.14567482238734, 53.375456041143103 ], [ -6.1456653336467, 53.375472437454597 ], [ -6.14565932106635, 53.375484933853201 ], [ -6.14565519508739, 53.375495832695101 ], [ -6.14565447493208, 53.375517595507702 ], [ -6.14565566440937, 53.375537230815603 ], [ -6.14565583363937, 53.375552707592703 ], [ -6.14565644353985, 53.3755653068919 ], [ -6.14565654527219, 53.375576110534901 ], [ -6.14564677675089, 53.375598253171198 ], [ -6.14564155147035, 53.375607158418099 ], [ -6.14561251957444, 53.375623044328101 ], [ -6.14559228512972, 53.375630799552297 ], [ -6.14557428612963, 53.375636262454897 ], [ -6.14555229295121, 53.375636791665301 ], [ -6.14553080286288, 53.375633007145197 ], [ -6.14550297447716, 53.375629843186999 ], [ -6.14546944866552, 53.375626041504901 ], [ -6.14544699491248, 53.375623680112398 ], [ -6.14542365790961, 53.375633723137497 ], [ -6.14541401691181, 53.375646702432398 ], [ -6.14540367403218, 53.3756619978735 ], [ -6.14539451274523, 53.375671201472997 ], [ -6.1453706495272, 53.375686089059201 ], [ -6.14534341023202, 53.375702191515501 ], [ -6.14532485478299, 53.375712848124401 ], [ -6.14530155917535, 53.3757284734642 ], [ -6.14528262336886, 53.375740929892302 ], [ -6.145258444604, 53.375755813451299 ], [ -6.14523646714326, 53.375769121424099 ], [ -6.14520549258755, 53.375787853280102 ], [ -6.14516304058147, 53.375814124942501 ], [ -6.14513018546119, 53.3758346242995 ], [ -6.14510189072551, 53.375853945163698 ], [ -6.1450779561232, 53.375870089936001 ], [ -6.14505490613028, 53.375886976500297 ], [ -6.1450293306356, 53.375905980083601 ], [ -6.14501230581656, 53.375916309894698 ], [ -6.14499470415156, 53.375925732812199 ], [ -6.14497712720046, 53.375934967358397 ], [ -6.14496168245827, 53.375943524974097 ], [ -6.14494163217396, 53.375953987512503 ], [ -6.14491226813615, 53.375970587150803 ], [ -6.14488175748576, 53.375985901617 ], [ -6.14485827829286, 53.375998827546901 ], [ -6.14483134090829, 53.376014925592997 ], [ -6.14480381774061, 53.3760310136283 ], [ -6.14477893444469, 53.376048231170699 ], [ -6.14475498360131, 53.3760647441445 ], [ -6.14472764423717, 53.376083171961398 ], [ -6.14469979770519, 53.376099435609703 ], [ -6.14465799122028, 53.376124639441002 ], [ -6.14461840523477, 53.376147549826101 ], [ -6.14457414278694, 53.376173614270101 ], [ -6.14453699795071, 53.376195654769496 ], [ -6.14449214182727, 53.376221888819202 ], [ -6.14447018007116, 53.376234478737402 ], [ -6.14444840158958, 53.376249767073297 ], [ -6.14441938866811, 53.376271764094902 ], [ -6.14438909620289, 53.376295187421803 ], [ -6.14436778629696, 53.376313179500201 ], [ -6.14435076558854, 53.376329629372997 ], [ -6.14432872171472, 53.376350673223399 ], [ -6.14430392037041, 53.376372564927202 ], [ -6.14428237246939, 53.376389115172003 ], [ -6.14426620164706, 53.376400536746097 ], [ -6.14425559256837, 53.376408459394 ], [ -6.14423434843986, 53.376418714498499 ], [ -6.14421165056675, 53.376427869303797 ], [ -6.14417358361801, 53.376444144678899 ], [ -6.14413064280445, 53.376461234085298 ], [ -6.14409375405371, 53.376478066152501 ], [ -6.14404739146528, 53.3764977978894 ], [ -6.14400991840381, 53.376513893695801 ], [ -6.14397366160251, 53.376530017394103 ], [ -6.14393499575118, 53.3765459238505 ], [ -6.14390338364812, 53.376559243528 ], [ -6.14388342692837, 53.376567542079997 ], [ -6.14386513019339, 53.376579110301499 ], [ -6.14383374579241, 53.3766003602288 ], [ -6.1438106330083, 53.376618324168902 ], [ -6.14378069485824, 53.3766408450429 ], [ -6.14376007761865, 53.376656690611298 ], [ -6.14374426317091, 53.376666859305601 ], [ -6.14372947340761, 53.376674169497598 ], [ -6.14370811206419, 53.3766867677177 ], [ -6.14368305229987, 53.376701457494697 ], [ -6.14364961058224, 53.376721587797299 ], [ -6.14361069505623, 53.376742881411403 ], [ -6.14358536606827, 53.376756847921399 ], [ -6.14356475330691, 53.376766402658802 ], [ -6.14353763110959, 53.376780161499902 ], [ -6.14351972877682, 53.376789569639101 ], [ -6.14349997404387, 53.3768066959219 ], [ -6.14347860883897, 53.3768259444387 ], [ -6.14344855335651, 53.3768508093357 ], [ -6.1434232442198, 53.376870535783503 ], [ -6.14339743668059, 53.376888277958898 ], [ -6.14336700666846, 53.376908275271497 ], [ -6.14333314702371, 53.376931094557598 ], [ -6.14330574418195, 53.376950608643597 ], [ -6.14327962720038, 53.3769685167563 ], [ -6.1432655512173, 53.376979800011803 ], [ -6.14324743885323, 53.376994066581098 ], [ -6.14322916987237, 53.377011206947103 ], [ -6.14320358090987, 53.377037049086603 ], [ -6.14317916085972, 53.3770636275678 ], [ -6.14314812990949, 53.377096394053503 ], [ -6.14312276945059, 53.3771238567154 ], [ -6.14308911466633, 53.377154776624501 ], [ -6.1430497481152, 53.377192257149403 ], [ -6.14301100643756, 53.377228847662003 ], [ -6.14297029396082, 53.377262712822102 ], [ -6.14294211013383, 53.3772863483644 ], [ -6.14291394287714, 53.3773092570096 ], [ -6.14288651406783, 53.377329668522101 ], [ -6.14285636046591, 53.377350209302399 ], [ -6.14281713212273, 53.3773779774152 ], [ -6.14276733105708, 53.377413130203699 ], [ -6.14271419744023, 53.377448940280999 ], [ -6.14265832778377, 53.3774850672838 ], [ -6.14260154244558, 53.3775218891817 ], [ -6.14256459441265, 53.377545918541202 ], [ -6.14251607220578, 53.377579653012397 ], [ -6.14247532607162, 53.377607747933098 ], [ -6.14244271399898, 53.3776295078004 ], [ -6.14243001846182, 53.377637038284298 ], [ -6.14241671460791, 53.377644730973799 ], [ -6.14238984502287, 53.377659571180203 ], [ -6.14237067742659, 53.377670406562402 ], [ -6.14235128945408, 53.377679432774201 ], [ -6.14231790476514, 53.377692005388397 ], [ -6.14227419448098, 53.3777063865871 ], [ -6.14221887406929, 53.377724701855897 ], [ -6.14215805577338, 53.377744729161002 ], [ -6.14210488475983, 53.377762008237099 ], [ -6.14206575676881, 53.377775022577097 ], [ -6.142027251602, 53.3777875064075 ], [ -6.14199514656607, 53.377798303004099 ], [ -6.14192636317204, 53.377821432066703 ], [ -6.14188510868195, 53.377834951635997 ], [ -6.14184843680917, 53.377846754780599 ], [ -6.14180508751918, 53.377860052954098 ], [ -6.14176750690068, 53.377872012701403 ], [ -6.14173913097044, 53.377880359574597 ], [ -6.14169040713149, 53.377892846873401 ], [ -6.14163226339167, 53.377906984219997 ], [ -6.14159057189848, 53.377917073263497 ], [ -6.14157311084663, 53.377921159758799 ], [ -6.14149361260596, 53.3779411834673 ], [ -6.14126228230933, 53.377995712258098 ], [ -6.14108744424446, 53.3780391598915 ], [ -6.14100580474337, 53.378057603948001 ], [ -6.14078017589436, 53.378140600089999 ], [ -6.1403705941384, 53.378284431951997 ], [ -6.14026409935154, 53.378326257609999 ], [ -6.1401071603229, 53.378390354585399 ], [ -6.1399710879837, 53.378449753943997 ], [ -6.13994253532073, 53.378462483002501 ], [ -6.13992434587013, 53.378468822044098 ], [ -6.13967863997776, 53.378519637200299 ], [ -6.13961521982223, 53.378531022716601 ], [ -6.13954232477812, 53.378548451597297 ], [ -6.1395202284932, 53.378554756639303 ], [ -6.13950474922546, 53.378561300553898 ], [ -6.13915035070794, 53.378768695890003 ], [ -6.13910335121192, 53.378799819183001 ], [ -6.13906120159781, 53.378828995727197 ], [ -6.13900630618859, 53.378876792189097 ], [ -6.13894524532096, 53.378931914074201 ], [ -6.13887960841398, 53.378975839821798 ], [ -6.13879623449342, 53.379032950614501 ], [ -6.13865734390382, 53.379111759594203 ], [ -6.13858368581119, 53.379142134344598 ], [ -6.13852959724285, 53.379147293069501 ], [ -6.13847526420886, 53.379155333182503 ], [ -6.13829783297944, 53.379179865510999 ], [ -6.13822629335363, 53.379189928203203 ], [ -6.13818221547217, 53.379197507972997 ], [ -6.13812338379963, 53.379204605887303 ], [ -6.13800757107413, 53.379217383395002 ], [ -6.13793041146529, 53.379223988537397 ], [ -6.13787710311946, 53.379226454578699 ], [ -6.13785185231629, 53.379227219178503 ], [ -6.13783476148281, 53.379227968181198 ], [ -6.13781678629281, 53.379229727143297 ], [ -6.13779323880905, 53.379232415726101 ], [ -6.13776696819041, 53.3792386373364 ], [ -6.13772974157996, 53.379251041773202 ], [ -6.13761656703616, 53.379294601657698 ], [ -6.13748527138066, 53.379355654687501 ], [ -6.13736982958708, 53.379413296791697 ], [ -6.13732812995143, 53.379434878399003 ], [ -6.13730744334536, 53.379443307387099 ], [ -6.13728459759519, 53.379444379950698 ], [ -6.13726227225144, 53.379437319081703 ], [ -6.13723553475924, 53.379441834511297 ], [ -6.13722370348256, 53.37945157107 ], [ -6.13699716441004, 53.379506561937902 ], [ -6.13689205377996, 53.379526488396799 ], [ -6.13686373214451, 53.379516709277901 ], [ -6.1368487882975, 53.379537791605699 ], [ -6.13682091958821, 53.379534129755598 ], [ -6.13680494796399, 53.379535785920297 ], [ -6.13666483979256, 53.379584523206802 ], [ -6.13662376667204, 53.3795803864029 ], [ -6.13659972433029, 53.3795796335163 ], [ -6.13653674286627, 53.379573689532798 ], [ -6.13647579857778, 53.379582676238897 ], [ -6.13620245339003, 53.379621613386398 ], [ -6.13592625584742, 53.379679034626697 ], [ -6.13590675997665, 53.3796770583049 ], [ -6.13589346544852, 53.3796717642064 ], [ -6.13587279663608, 53.379673239021102 ], [ -6.13585701507335, 53.379685303719398 ], [ -6.1358446454121, 53.379698374462599 ], [ -6.13582736449391, 53.379704879877501 ], [ -6.13578939451605, 53.379706407112799 ], [ -6.13561661075321, 53.3797153092031 ], [ -6.13556390961899, 53.379718619608198 ], [ -6.13533748195859, 53.379744835016702 ], [ -6.13510881261863, 53.379764930825303 ], [ -6.13507960354467, 53.3797668293249 ], [ -6.13505292111121, 53.3797755776936 ], [ -6.13491342625861, 53.379812281870102 ], [ -6.13482541883617, 53.379821204335201 ], [ -6.1346635056569, 53.379840626700698 ], [ -6.13461891416954, 53.379810409647099 ], [ -6.13460240210094, 53.379803070622003 ], [ -6.13458601613262, 53.379807288855602 ], [ -6.13456674488986, 53.379826650328297 ], [ -6.13454373953412, 53.379832742506501 ], [ -6.1344223216399, 53.379867796192002 ], [ -6.13434466571834, 53.379895338377999 ], [ -6.13427736947453, 53.379929970606298 ], [ -6.13424995368007, 53.379944827429902 ], [ -6.13419825073389, 53.379956240463798 ], [ -6.13418189905081, 53.3799497029432 ], [ -6.13416095443881, 53.379945448536098 ], [ -6.13414271869644, 53.379944561228399 ], [ -6.13412668739699, 53.379945479067104 ], [ -6.13410676254121, 53.379950218054702 ], [ -6.13408961273042, 53.379956123057397 ], [ -6.13406617698168, 53.379965866632098 ], [ -6.13404422712124, 53.379973943643201 ], [ -6.13402300322681, 53.379979856844997 ], [ -6.13400849964755, 53.3799829638224 ], [ -6.13398765430928, 53.3799870951743 ], [ -6.13397114564808, 53.379985866325597 ], [ -6.13387230300476, 53.380007460187201 ], [ -6.13384866307962, 53.380015339959797 ], [ -6.13382296211975, 53.380021228961098 ], [ -6.13375857517263, 53.380035040175002 ], [ -6.13364059220678, 53.380064736758499 ], [ -6.13361376142862, 53.380067552042597 ], [ -6.13357395531792, 53.380072591230999 ], [ -6.1335255488297, 53.380084926488998 ], [ -6.13347871681741, 53.380094223156497 ], [ -6.13340260145951, 53.380121231557801 ], [ -6.13331590685795, 53.380137542013998 ], [ -6.13329087267922, 53.380140556103001 ], [ -6.13327177095741, 53.380147401190001 ], [ -6.13323767352313, 53.380152484616303 ], [ -6.13319027374379, 53.380160702689203 ], [ -6.13313318627449, 53.380171518710497 ], [ -6.13310504912742, 53.380178456129798 ], [ -6.13308471457746, 53.380186369480597 ], [ -6.13303031272342, 53.380209979091703 ], [ -6.13300380873541, 53.380211540996697 ], [ -6.13293903951436, 53.380216898635702 ], [ -6.13289848560931, 53.380227685571398 ], [ -6.13285585246292, 53.380237551026603 ], [ -6.13278922182588, 53.380257275941503 ], [ -6.13277374260895, 53.380265497998202 ], [ -6.13274662350277, 53.380274932017997 ], [ -6.13272361980114, 53.380280287736603 ], [ -6.13269659662071, 53.380283063852403 ], [ -6.13267476872777, 53.380282848166402 ], [ -6.13265298187032, 53.380283755750703 ], [ -6.13261911187319, 53.380291538135801 ], [ -6.13241709228262, 53.3803519455263 ], [ -6.13239507639983, 53.3803666707107 ], [ -6.13236366458113, 53.380384916062198 ], [ -6.13234884387757, 53.380388736936801 ], [ -6.13233319476749, 53.380401180755698 ], [ -6.13231702480921, 53.380411099711999 ], [ -6.13227948277869, 53.380421377200001 ], [ -6.13224681370047, 53.380429536905297 ], [ -6.13215699853204, 53.380450489556097 ], [ -6.13208850959604, 53.3804604884767 ], [ -6.13207013420332, 53.380450081909103 ], [ -6.13204822773225, 53.380435863882902 ], [ -6.13201973468803, 53.380421049306797 ], [ -6.13200218778605, 53.380413351271898 ], [ -6.1319806286108, 53.3804097430056 ], [ -6.13193299436363, 53.380403389656102 ], [ -6.13189417948147, 53.380404660648097 ], [ -6.13187036929775, 53.380407145316198 ], [ -6.13184258937825, 53.380411751985399 ], [ -6.13181960763324, 53.380416945187299 ], [ -6.13180446141806, 53.380422019254397 ], [ -6.13179076238026, 53.380428373429197 ], [ -6.13176781589524, 53.380469153452502 ], [ -6.13176650617247, 53.380485676723303 ], [ -6.13177583306072, 53.380497811251701 ], [ -6.13178014009247, 53.380511366440402 ], [ -6.1317812078283, 53.380524368479001 ], [ -6.13177288085286, 53.380542921107299 ], [ -6.13175322691558, 53.380560342771403 ], [ -6.13173760292772, 53.380564654338301 ], [ -6.13168186241737, 53.380583137959199 ], [ -6.13162564135466, 53.380600922834901 ], [ -6.13159909340412, 53.3806048206866 ], [ -6.13156867488304, 53.380604146734299 ], [ -6.13153971876798, 53.380598535053998 ], [ -6.1315128228965, 53.380604233179099 ], [ -6.13148649390149, 53.380611369304901 ], [ -6.13135557881231, 53.380653172387397 ], [ -6.13126805161296, 53.380679182832097 ], [ -6.13106646927342, 53.380733295838503 ], [ -6.1308954683258, 53.380779242547902 ], [ -6.1307560365447, 53.380800656574998 ], [ -6.13011914175925, 53.3809149045331 ], [ -6.13005985774127, 53.380929836354099 ], [ -6.12998509146261, 53.380937983012402 ], [ -6.12982463339614, 53.3809586620308 ], [ -6.1297296138225, 53.380971128198397 ], [ -6.12961301663089, 53.380981054910698 ], [ -6.12947443693089, 53.3809929460635 ], [ -6.12937524561958, 53.380991526229401 ], [ -6.12921891724053, 53.380991753476401 ], [ -6.12896331634498, 53.380981751479297 ], [ -6.12877028656251, 53.380969972395199 ], [ -6.12858895678936, 53.380959732786103 ], [ -6.12853069433429, 53.380956877733801 ], [ -6.12819666620148, 53.380909321825598 ], [ -6.12764075361891, 53.380837686704503 ], [ -6.12719171107447, 53.380784620367898 ], [ -6.1271466835654, 53.380781523806398 ], [ -6.12708771604751, 53.380771108645 ], [ -6.1270174029166, 53.380757900717803 ], [ -6.1268745708653, 53.380734513316803 ], [ -6.12683504120405, 53.380728051433799 ], [ -6.12677459984002, 53.380728954366901 ], [ -6.12672853933512, 53.380731241578403 ], [ -6.1266346889251, 53.380745143779997 ], [ -6.12643511018684, 53.380779500894398 ], [ -6.12629458566151, 53.3808086296605 ], [ -6.12620992405462, 53.380828184693399 ], [ -6.12612586250963, 53.3808473895579 ], [ -6.12605748384856, 53.380864755334997 ], [ -6.12588621054656, 53.380908892976798 ], [ -6.125635242144, 53.380978558398098 ], [ -6.12555448538532, 53.380998146432198 ], [ -6.12552836726804, 53.381008700101603 ], [ -6.12546726752337, 53.381011576642301 ], [ -6.12544316559181, 53.3810131575231 ], [ -6.12539730741866, 53.381019760866401 ], [ -6.12527545683573, 53.381038407527498 ], [ -6.12524099051279, 53.381042610124702 ], [ -6.12520584534118, 53.381041392914 ], [ -6.12517547460458, 53.381041302320497 ], [ -6.12515328133598, 53.381039129967697 ], [ -6.1251105103, 53.381041809785799 ], [ -6.12504455634966, 53.381045715409201 ], [ -6.12495735478531, 53.381057708281602 ], [ -6.12485087492232, 53.381071320786603 ], [ -6.12479636158877, 53.381074794822197 ], [ -6.12462198605502, 53.381097153701099 ], [ -6.12458353993656, 53.381107422666403 ], [ -6.12453802296158, 53.381112414054499 ], [ -6.12450875659122, 53.381115925164103 ], [ -6.12449280766337, 53.381116321687898 ], [ -6.12440721057651, 53.381112325890001 ], [ -6.12436692621367, 53.381111781782899 ], [ -6.12423481263631, 53.381116363953097 ], [ -6.12414050686969, 53.381123796285202 ], [ -6.12411700803434, 53.381125025948698 ], [ -6.12408690455081, 53.381126377400903 ], [ -6.12391689275809, 53.381131154494 ], [ -6.12359302212966, 53.381143908267198 ], [ -6.12342624966969, 53.381150873898697 ], [ -6.12336037747109, 53.3811515459021 ], [ -6.12315718370827, 53.381160705944097 ], [ -6.12305742067313, 53.3811698843082 ], [ -6.12272969102802, 53.381204358105599 ], [ -6.12261500912207, 53.381220957636799 ], [ -6.12234872274069, 53.381263532684798 ], [ -6.1221123551241, 53.381300440719102 ], [ -6.12199128792489, 53.3813196797053 ], [ -6.12191791469707, 53.381331609325798 ], [ -6.12156426087856, 53.381392640371601 ], [ -6.12142889773629, 53.381418761702498 ], [ -6.12129879222162, 53.381438820367002 ], [ -6.12110117092187, 53.381477333123001 ], [ -6.1209799302905, 53.381503218775698 ], [ -6.12085547471542, 53.381526016551902 ], [ -6.12065124384196, 53.381564469440498 ], [ -6.12059778304757, 53.381573341210199 ], [ -6.12043055441953, 53.381599176235198 ], [ -6.1200381193627, 53.381659861675097 ], [ -6.11982705164509, 53.381694835767298 ], [ -6.11976357700338, 53.381707566266002 ], [ -6.11971731902067, 53.381717405003101 ], [ -6.11960222705282, 53.381750719661397 ], [ -6.11943534520255, 53.381797954432898 ], [ -6.11934751849706, 53.381822693118202 ], [ -6.11932797213542, 53.381822879465801 ], [ -6.11929202673852, 53.381829573760001 ], [ -6.11926820071076, 53.381832416102903 ], [ -6.11900055244781, 53.381856989324298 ], [ -6.11861684888283, 53.381904983270701 ], [ -6.11852270139284, 53.381917625971603 ], [ -6.11848762502729, 53.381925403328601 ], [ -6.11846147215689, 53.381937032610999 ], [ -6.11798240137639, 53.382167021902802 ], [ -6.11791387166031, 53.3822012840022 ], [ -6.11778417809778, 53.382265036429303 ], [ -6.1176788435264, 53.382316592021098 ], [ -6.11741306547077, 53.382410403568102 ], [ -6.11703980514062, 53.3825451412104 ], [ -6.1167848644979, 53.382638512051599 ], [ -6.11644223623845, 53.382763271538302 ], [ -6.11637667379832, 53.382787137923302 ], [ -6.11621535106955, 53.382828480571497 ], [ -6.11597303775259, 53.382886004243801 ], [ -6.11595280733404, 53.382889414121998 ], [ -6.11588221654389, 53.382898489758901 ], [ -6.11583004506538, 53.3829043165603 ], [ -6.1157895462173, 53.382908591984403 ], [ -6.11566368457135, 53.382921881362201 ], [ -6.11557364553878, 53.382918662102703 ], [ -6.11548412516624, 53.382903768909102 ], [ -6.11545376840647, 53.382910478394102 ], [ -6.11521751435639, 53.382984928553498 ], [ -6.11507244786029, 53.383036554601603 ], [ -6.11495801569861, 53.383075185514798 ], [ -6.11458527362759, 53.383177132732399 ], [ -6.11455507527172, 53.3831802500832 ], [ -6.1143892253672, 53.383192007570301 ], [ -6.11420891125558, 53.383190955401197 ], [ -6.11410393285115, 53.383185702229 ], [ -6.1138749415532, 53.3830958132787 ], [ -6.11369756590519, 53.3830283079309 ], [ -6.11362385829819, 53.382995691203398 ], [ -6.11356457497572, 53.382976781235399 ], [ -6.1131706615199, 53.382877705523299 ], [ -6.11314521722109, 53.3828668076561 ], [ -6.11310804551039, 53.382850879695603 ], [ -6.11309016536063, 53.382833774557703 ], [ -6.11309138219362, 53.382818157793601 ], [ -6.11311571467426, 53.382772307702098 ], [ -6.11314648408225, 53.382723675033297 ], [ -6.11317915654133, 53.382685649844099 ], [ -6.11319820357861, 53.382663484770099 ], [ -6.11326448047123, 53.382587124611703 ], [ -6.11338681374134, 53.382446004681803 ], [ -6.11366010703832, 53.382137232314498 ], [ -6.11370688992281, 53.382082274982103 ], [ -6.11385348756671, 53.381933100785297 ], [ -6.11388494944319, 53.3819013822228 ], [ -6.11397701289635, 53.3818159034183 ], [ -6.11404712791183, 53.381753963154601 ], [ -6.1142533714504, 53.381600473753103 ], [ -6.11429472124723, 53.381570457301201 ], [ -6.11453426206987, 53.381407914714998 ], [ -6.11457305066554, 53.3813841746653 ], [ -6.11482058290248, 53.381214505122998 ], [ -6.11505324919829, 53.381038058621698 ], [ -6.1151142919961, 53.380990245140602 ], [ -6.1152256219641, 53.380903317858497 ], [ -6.11557497494591, 53.380558368200198 ], [ -6.11565202829327, 53.380483542217902 ], [ -6.11588667814067, 53.380287877054201 ], [ -6.11620286679129, 53.3800657840601 ], [ -6.11644377073275, 53.379899583924903 ], [ -6.11673685507858, 53.379743875412203 ], [ -6.1168307570903, 53.379692760464302 ], [ -6.11687008683437, 53.379683226995503 ], [ -6.11698428101369, 53.379650081485998 ], [ -6.11720017637326, 53.379590350436096 ], [ -6.11751664977008, 53.3794763191204 ], [ -6.11781234910901, 53.379363712062897 ], [ -6.11785689264756, 53.379337860497301 ], [ -6.11823697017428, 53.379146003208497 ], [ -6.11874928756012, 53.378891284567402 ], [ -6.11893378458479, 53.378778998104998 ], [ -6.11939641299284, 53.378569521573802 ], [ -6.12000128808967, 53.378297134460801 ], [ -6.12025237884822, 53.3782003175886 ], [ -6.12042594727639, 53.378149007517301 ], [ -6.12062711743116, 53.378088589013799 ], [ -6.12090701838124, 53.378005686198101 ], [ -6.12116665745543, 53.377926912044003 ], [ -6.12176226683298, 53.377748115191601 ], [ -6.12220120098217, 53.377617865908498 ], [ -6.12235052090442, 53.3775734502251 ], [ -6.12260394195205, 53.377497926869999 ], [ -6.12293101032451, 53.377400610716101 ], [ -6.1239001593981, 53.377109608015203 ], [ -6.12508761831858, 53.3767621790928 ], [ -6.125468195667, 53.376652073175102 ], [ -6.12556129765266, 53.376615694021297 ], [ -6.12576390289863, 53.376550670414701 ], [ -6.12612231852697, 53.376427373751497 ], [ -6.12686848984471, 53.376173310095801 ], [ -6.12851257437494, 53.375612256444299 ], [ -6.12990485474558, 53.3751337549024 ], [ -6.13015186604384, 53.375049164728701 ], [ -6.13174134429294, 53.374432889152303 ], [ -6.13408661923715, 53.373522467316597 ], [ -6.13498968304204, 53.373128615831 ], [ -6.13619713792721, 53.372603551119298 ], [ -6.13654961454836, 53.372451023179998 ], [ -6.13669313319226, 53.372348035056902 ], [ -6.13770254652724, 53.371790962151302 ], [ -6.13789062223063, 53.371702946675903 ], [ -6.13812025997509, 53.371597643307098 ], [ -6.13831393637445, 53.371508259357398 ], [ -6.13854300476954, 53.371401867713899 ], [ -6.13877020390877, 53.371297612651603 ], [ -6.13900353725127, 53.371189830557903 ], [ -6.13926733650264, 53.371068388131498 ], [ -6.13950709482784, 53.370956545485001 ], [ -6.13984842984271, 53.370797372580199 ], [ -6.14006286568902, 53.370697643061902 ], [ -6.14034562214135, 53.370565817502403 ], [ -6.14056734325938, 53.3704632893254 ], [ -6.14089794478112, 53.370301655109401 ], [ -6.1410908754189, 53.370206692268802 ], [ -6.14128566217189, 53.370110499676102 ], [ -6.14148167546622, 53.370013418957797 ], [ -6.1416951946539, 53.369904497065903 ], [ -6.1419132908894, 53.3697929406014 ], [ -6.14212107050649, 53.369685042234998 ], [ -6.14230621859534, 53.369589624626897 ], [ -6.1424367219276, 53.369520709181103 ], [ -6.14257856657534, 53.369444925132498 ], [ -6.14277424250995, 53.369339569679902 ], [ -6.14299494822067, 53.369221752915202 ], [ -6.14319302393383, 53.369116424243401 ], [ -6.14340071120604, 53.369001513209298 ], [ -6.14362222955637, 53.368877058439402 ], [ -6.14386820923806, 53.368739405198298 ], [ -6.14412213052251, 53.3685977223967 ], [ -6.14434731342831, 53.368471148137502 ], [ -6.14452937598068, 53.368368687193602 ], [ -6.14468636554637, 53.368279594468 ], [ -6.14476850521079, 53.3682288043832 ], [ -6.14493933531901, 53.3681202916788 ], [ -6.14513160776264, 53.367999260634797 ], [ -6.14534314885206, 53.3678669635839 ], [ -6.14554116515522, 53.367744386200002 ], [ -6.14574751025908, 53.367615441206901 ], [ -6.14591919789229, 53.3675078293859 ], [ -6.14597067527085, 53.367476619348601 ], [ -6.14614269329913, 53.367368294183798 ], [ -6.14630852787506, 53.367265649467598 ], [ -6.14639315236887, 53.367212570724398 ], [ -6.14651406273385, 53.367133141126402 ], [ -6.14678602088646, 53.366963525087399 ], [ -6.14708276394443, 53.366779071697302 ], [ -6.14742243057149, 53.366566904481402 ], [ -6.14771010258366, 53.366387807739699 ], [ -6.148011688411, 53.366199957786698 ], [ -6.14829997383135, 53.366019422059203 ], [ -6.14846797815399, 53.365914320115003 ], [ -6.14857951645409, 53.3658419138632 ], [ -6.14864780674408, 53.365798122938102 ], [ -6.14874845645844, 53.365733221761801 ], [ -6.14885790692061, 53.365662886113199 ], [ -6.14892344888767, 53.365620777242697 ], [ -6.14907213126661, 53.365525313033999 ], [ -6.1492060091822, 53.365440403122598 ], [ -6.149351076221, 53.365347263484303 ], [ -6.1495040055738, 53.365248764566502 ], [ -6.14966569250236, 53.365145431652998 ], [ -6.14981496488043, 53.365050873608702 ], [ -6.14996244029101, 53.364957196232702 ], [ -6.15002104273154, 53.364923328360703 ], [ -6.15003756600651, 53.364912998170297 ], [ -6.15006595712554, 53.3648943517818 ], [ -6.15011811722778, 53.364860419042003 ], [ -6.15017236341191, 53.3648265105288 ], [ -6.15023182452797, 53.364790157134401 ], [ -6.15030116795834, 53.364747298405199 ], [ -6.15037737328924, 53.364698246138097 ], [ -6.15045822551972, 53.3646456714498 ], [ -6.15052170619221, 53.364606325110799 ], [ -6.15055225314339, 53.364586813197597 ], [ -6.15061279408293, 53.364545983129403 ], [ -6.1506910387622, 53.3644984003909 ], [ -6.15078112403838, 53.364440379688297 ], [ -6.150879209711, 53.364377629243002 ], [ -6.15095076355823, 53.364331929056597 ], [ -6.15101898200219, 53.364287254836199 ], [ -6.15110103136524, 53.364234689281098 ], [ -6.1511853248585, 53.364178564041602 ], [ -6.15127139526277, 53.364123005567897 ], [ -6.15135785225595, 53.364065836037199 ], [ -6.15144701936155, 53.364007808705402 ], [ -6.15153558484195, 53.363950482958501 ], [ -6.15164330532814, 53.363879595782997 ], [ -6.15174724325066, 53.363813153033902 ], [ -6.1518007034417, 53.363776894675503 ], [ -6.15185955327931, 53.363740710780597 ], [ -6.15191571524919, 53.363704134687097 ], [ -6.15201243007603, 53.363637948360299 ], [ -6.15210807250764, 53.363576048920201 ], [ -6.15220132665512, 53.3635141223087 ], [ -6.15229729952844, 53.3634515186641 ], [ -6.15236178026254, 53.363409849904997 ], [ -6.15242537429611, 53.363367799763303 ], [ -6.15248171904906, 53.363333921812099 ], [ -6.15251974388195, 53.363307507162901 ], [ -6.15262617528806, 53.363238936100302 ], [ -6.15270273105346, 53.363188639331803 ], [ -6.15279497428198, 53.363128852893702 ], [ -6.1528776757741, 53.3630750378789 ], [ -6.15297947599308, 53.3630096386741 ], [ -6.15305994228215, 53.362958853927701 ], [ -6.15308593748684, 53.362939989983801 ], [ -6.15314971669666, 53.3628932783298 ], [ -6.15322738289218, 53.362837776248199 ], [ -6.15331840318823, 53.362771141218801 ], [ -6.15343047381392, 53.362689168068101 ], [ -6.1535109591158, 53.362630655226198 ], [ -6.1536044898285, 53.362561542121803 ], [ -6.15371317779131, 53.362481323004999 ], [ -6.15382003335532, 53.362402154029503 ], [ -6.15390094934413, 53.3623402230727 ], [ -6.15402295331092, 53.3622504871107 ], [ -6.15411528886186, 53.362181175359098 ], [ -6.15423350093912, 53.3620960616038 ], [ -6.15433815918484, 53.362019015361902 ], [ -6.15445202562864, 53.361940942079499 ], [ -6.15447763022662, 53.361922395373298 ], [ -6.15452028858237, 53.361889500232103 ], [ -6.15457523218355, 53.361848671502401 ], [ -6.15463669359963, 53.361802354657598 ], [ -6.15469420538984, 53.3617570633808 ], [ -6.15476444856893, 53.361700430750098 ], [ -6.15483001622734, 53.361648407754302 ], [ -6.15491914796783, 53.3615760177113 ], [ -6.15499477025243, 53.361511722056498 ], [ -6.15507898843628, 53.361442140248997 ], [ -6.15518175304861, 53.361358422590698 ], [ -6.15527992878643, 53.3612766104171 ], [ -6.15533196198354, 53.361233589060198 ], [ -6.15540132005096, 53.361176223319099 ], [ -6.15546671206357, 53.361120611855199 ], [ -6.15555490654786, 53.361040649544599 ], [ -6.15566298271154, 53.360942796881403 ], [ -6.15577072592121, 53.360845649047299 ], [ -6.15589585679592, 53.360732720436303 ], [ -6.15603193265128, 53.3606080720892 ], [ -6.15616516399638, 53.360487342550996 ], [ -6.1562442970725, 53.360417160041301 ], [ -6.15633369759733, 53.360337036037102 ], [ -6.15645169103146, 53.360230313509199 ], [ -6.15658207834688, 53.360113142960003 ], [ -6.15671013190541, 53.359994328222797 ], [ -6.15674682147014, 53.359959731199801 ], [ -6.15683128324494, 53.359883322676701 ], [ -6.15694832187951, 53.359786479174602 ], [ -6.15707676708358, 53.359681867926902 ], [ -6.15722776414071, 53.359559740700902 ], [ -6.15735680081363, 53.359455318056803 ], [ -6.15750102680423, 53.359337596227498 ], [ -6.15763951763938, 53.3592291586125 ], [ -6.15779377439989, 53.359108329481202 ], [ -6.15800555759715, 53.358941677231797 ], [ -6.15814002646016, 53.358836241948403 ], [ -6.15834283444314, 53.3586766573397 ], [ -6.15850509632864, 53.358550541737699 ], [ -6.15869027865641, 53.358404946169799 ], [ -6.15884228046143, 53.358288223590797 ], [ -6.15904193145243, 53.358132741669401 ], [ -6.15924219122823, 53.3579770791602 ], [ -6.15942360892437, 53.357835747741603 ], [ -6.15957755678082, 53.357714911582399 ], [ -6.15974624137256, 53.3575852801171 ], [ -6.15994563238727, 53.357428354583703 ], [ -6.16017369448298, 53.357251292241898 ], [ -6.16040336334332, 53.357071378906703 ], [ -6.16062122515422, 53.3569019135155 ], [ -6.16080824923695, 53.356755076670701 ], [ -6.16093359223978, 53.356654034893403 ], [ -6.16101177208913, 53.356592030067603 ], [ -6.16114270068615, 53.356489959620603 ], [ -6.16125163874187, 53.3564057117865 ], [ -6.16134195798565, 53.3563362475264 ], [ -6.1615027906232, 53.356210842036198 ], [ -6.16162582035157, 53.356113205498197 ], [ -6.16180318055858, 53.355972993562297 ], [ -6.16195087892053, 53.355858465834302 ], [ -6.1621190177711, 53.3557282564107 ], [ -6.16220818964693, 53.355656445879802 ], [ -6.16226539810702, 53.355604901321897 ], [ -6.16234859685505, 53.355530176381897 ], [ -6.16242017424502, 53.355466146378703 ], [ -6.16244796030133, 53.355443165334101 ], [ -6.16248245398574, 53.355412963066897 ], [ -6.16254998686891, 53.355351826932399 ], [ -6.16263341691, 53.355275892846102 ], [ -6.16272295767981, 53.355194067529602 ], [ -6.16282497198868, 53.355104068854999 ], [ -6.16291636898546, 53.355020285576501 ], [ -6.16300530771383, 53.3549384606697 ], [ -6.16311529495226, 53.354840082527602 ], [ -6.16323417786326, 53.354731516437397 ], [ -6.16331086082575, 53.354662900508799 ], [ -6.1633997750982, 53.3545826919216 ], [ -6.16350365137984, 53.354489117055103 ], [ -6.16362037928917, 53.354383770261698 ], [ -6.16373224774478, 53.354281089083301 ], [ -6.16381503356151, 53.3542067621553 ], [ -6.16390916086948, 53.354120845893902 ], [ -6.16399533758037, 53.3540424103685 ], [ -6.16408872489556, 53.353947864657897 ], [ -6.16418364324386, 53.353852605397002 ], [ -6.16429181197317, 53.353739119541999 ], [ -6.16436560922547, 53.353664195546102 ], [ -6.16444069748042, 53.353584428729299 ], [ -6.16452214581712, 53.3535020111036 ], [ -6.16459045792487, 53.353430991570697 ], [ -6.16467073518702, 53.353347495218699 ], [ -6.16472991135166, 53.353282877614397 ], [ -6.16478886369741, 53.353215038749198 ], [ -6.16485098704205, 53.353138775415303 ], [ -6.16489900171284, 53.353077319792902 ], [ -6.16493224175582, 53.353035335540497 ], [ -6.16495486692466, 53.352998138744802 ], [ -6.16498307263268, 53.352952346931197 ], [ -6.16501198442335, 53.352900643619698 ], [ -6.16503725164872, 53.3528515986985 ], [ -6.16506301054991, 53.352792506190497 ], [ -6.1650927845632, 53.352727336457697 ], [ -6.1651250582079, 53.352657865636402 ], [ -6.16516942180953, 53.352552024662103 ], [ -6.16519481586272, 53.3524965209116 ], [ -6.16518383235869, 53.352489611725503 ], [ -6.16511011533928, 53.352452281532699 ], [ -6.16500927965569, 53.352403632385602 ], [ -6.16488139560184, 53.352342032132 ], [ -6.16477017812523, 53.352287203674003 ], [ -6.16465924489053, 53.352233807713702 ], [ -6.16459406161683, 53.352204443514402 ], [ -6.16448964757316, 53.352155577982003 ], [ -6.16436438762395, 53.352097234422203 ], [ -6.16421686907778, 53.352026704446402 ], [ -6.16408652308915, 53.351967248685099 ], [ -6.1639452479041, 53.3518996367428 ], [ -6.16381165376281, 53.351838180241401 ], [ -6.1636786853144, 53.351775107244102 ], [ -6.16351625058259, 53.351699440126701 ], [ -6.16336363886165, 53.351627976793502 ], [ -6.16268762929206, 53.351289279356301 ], [ -6.16262798261536, 53.351259397106197 ], [ -6.16216619539948, 53.3510260803113 ], [ -6.16205921727266, 53.350975141763698 ], [ -6.16201290798741, 53.3509512261206 ], [ -6.16196895875781, 53.350931812177301 ], [ -6.1619453681246, 53.350919497081897 ], [ -6.16193492587323, 53.350912982421498 ], [ -6.16192123070774, 53.350901421979401 ], [ -6.16190193060344, 53.350881211185403 ], [ -6.16188506718921, 53.350858134724596 ], [ -6.16187832079077, 53.350843545331202 ], [ -6.16187723883227, 53.350832034493102 ], [ -6.16188969665053, 53.350819321994301 ], [ -6.16190698161534, 53.350805372475797 ], [ -6.16193123449686, 53.350786237122499 ], [ -6.16194214812982, 53.3507772929702 ], [ -6.16195547276991, 53.350767091652301 ], [ -6.1619690777588, 53.350760498938499 ], [ -6.16199594025084, 53.350749104903699 ], [ -6.16201254313695, 53.350741614602299 ], [ -6.16202815970278, 53.350742034939799 ], [ -6.16204439069978, 53.350742105210699 ], [ -6.1620872677834, 53.350749461058903 ], [ -6.16212465556219, 53.350763633509203 ], [ -6.16218142376566, 53.350792625887699 ], [ -6.16227199425258, 53.350833974616599 ], [ -6.16237359844918, 53.350882376415001 ], [ -6.16246356760253, 53.350924442882501 ], [ -6.16256097037622, 53.350972466120901 ], [ -6.16263850182553, 53.351014916154902 ], [ -6.1627407760516, 53.351067003244999 ], [ -6.16281519760131, 53.351101820991403 ], [ -6.16289380666392, 53.351138087357498 ], [ -6.1629676447174, 53.351171458802099 ], [ -6.16325087853431, 53.351297953456204 ], [ -6.16335593851002, 53.351343594279101 ], [ -6.16358016976378, 53.351452195669303 ], [ -6.16378984474149, 53.351553517736598 ], [ -6.16387636683467, 53.351596510681802 ], [ -6.16403428230298, 53.351672861879699 ], [ -6.16415176280284, 53.351730071327502 ], [ -6.16427694250745, 53.351791648756702 ], [ -6.1643959175877, 53.351849050831703 ], [ -6.16456842051733, 53.351931611001298 ], [ -6.16468290118853, 53.351988081671799 ], [ -6.16469496477333, 53.352001279514397 ], [ -6.16469497831427, 53.352015648324098 ], [ -6.16473216338071, 53.352033150560999 ], [ -6.16482734896295, 53.352078351446103 ], [ -6.16491153579022, 53.352118089913297 ], [ -6.16496778800185, 53.3521434426479 ], [ -6.16502817370688, 53.352172238504899 ], [ -6.16509271696344, 53.3522032185952 ], [ -6.16515725067388, 53.352234737797303 ], [ -6.16525983360772, 53.352285021686598 ], [ -6.16534105745264, 53.352322763832497 ], [ -6.16539640092466, 53.352348650669597 ], [ -6.16542999161251, 53.352365945514201 ], [ -6.16546625371025, 53.352384699768301 ], [ -6.16555010165826, 53.352426409976701 ], [ -6.16564253724898, 53.352474470217501 ], [ -6.1657052386193, 53.352507048522199 ], [ -6.16580007732842, 53.352555127606401 ], [ -6.1658797367404, 53.352596090081001 ], [ -6.16596117464541, 53.352638319317499 ], [ -6.16599032539134, 53.352652354926803 ], [ -6.16603584097576, 53.352673507289602 ], [ -6.16610696697129, 53.352705783436903 ], [ -6.16618552980706, 53.352741894074803 ], [ -6.16625455352735, 53.352773805256099 ], [ -6.16634381650429, 53.352814654352599 ], [ -6.16643013119384, 53.352853148095903 ], [ -6.16645542572389, 53.352864634586503 ], [ -6.16648729563618, 53.352878325364102 ], [ -6.16662056465325, 53.352941220021499 ], [ -6.16673927017036, 53.3529969985794 ], [ -6.16681631741633, 53.353033094494002 ], [ -6.16688889069673, 53.353068078985501 ], [ -6.16697605924917, 53.353109452691001 ], [ -6.16704061195797, 53.353139892554502 ], [ -6.16709413360368, 53.353166307869202 ], [ -6.16716732326601, 53.353200942126897 ], [ -6.16724019778006, 53.353235571497699 ], [ -6.16732375659393, 53.353277096224502 ], [ -6.16743114755289, 53.353328493791501 ], [ -6.16754535213913, 53.353383519292898 ], [ -6.16762299125357, 53.353420873129501 ], [ -6.16769200247784, 53.353453860958098 ], [ -6.16778361327742, 53.353498141662698 ], [ -6.16788802047945, 53.3535477142185 ], [ -6.16798735244563, 53.353596534635997 ], [ -6.16805814149972, 53.3536304312913 ], [ -6.1681182396086, 53.3536594089869 ], [ -6.16818307110047, 53.353690742333598 ], [ -6.16824107415438, 53.353718448323498 ], [ -6.16837999785897, 53.3537847884839 ], [ -6.16847340619944, 53.353829608570202 ], [ -6.16855702217174, 53.353867367221 ], [ -6.16862397922124, 53.353898544196298 ], [ -6.16869864264592, 53.353933901196299 ], [ -6.16878876339607, 53.353977628834699 ], [ -6.16883486650768, 53.353999858722702 ], [ -6.16888244711539, 53.354023719262003 ], [ -6.16894634657989, 53.354056844515199 ], [ -6.16901798255023, 53.354093798797997 ], [ -6.16909913305677, 53.354136211082803 ], [ -6.16919571844538, 53.354187171565599 ], [ -6.16925428407557, 53.354217204647497 ], [ -6.16936187030171, 53.354273267425803 ], [ -6.16944543094754, 53.354315159177098 ], [ -6.16951947104289, 53.354352123070903 ], [ -6.16959736002572, 53.354392174996498 ], [ -6.16966246973507, 53.354424779128998 ], [ -6.16970734043982, 53.354448795501703 ], [ -6.16973944822687, 53.354465715815302 ], [ -6.16980875573299, 53.354498527171501 ], [ -6.16988226628229, 53.354532437499799 ], [ -6.169960795742, 53.354569443008103 ], [ -6.17003340685718, 53.354603348434203 ], [ -6.17009883364757, 53.354635229139497 ], [ -6.17025356129527, 53.354707605055403 ], [ -6.17031306110482, 53.354735854285202 ], [ -6.1703809069755, 53.354767034893598 ], [ -6.17043801250499, 53.354794366498801 ], [ -6.17048680476739, 53.354817688590899 ], [ -6.17053259291754, 53.354840999654897 ], [ -6.17058461714875, 53.354867399395502 ], [ -6.17066191557338, 53.3549069031599 ], [ -6.17072464053047, 53.354939487214203 ], [ -6.17078588690384, 53.354970081043803 ], [ -6.17084147547339, 53.354999204817297 ], [ -6.17088755734551, 53.355022331491703 ], [ -6.17104069109889, 53.3550997153365 ], [ -6.17114296269989, 53.355151974776497 ], [ -6.17123243307731, 53.355198026597101 ], [ -6.17128418022968, 53.355224251002099 ], [ -6.1713124417549, 53.355237732358901 ], [ -6.17133155923784, 53.355242356784103 ], [ -6.1714018333838, 53.355257210049601 ], [ -6.17144994012219, 53.355268847324297 ], [ -6.1714825007002, 53.355276976420797 ], [ -6.17150847766141, 53.355284518353798 ], [ -6.17153351387613, 53.355294032262599 ], [ -6.17155852010236, 53.355304983822798 ], [ -6.17159420876099, 53.355322829458601 ], [ -6.17164712737619, 53.355349772736197 ], [ -6.17169322544665, 53.355372539811803 ], [ -6.17174584466543, 53.355399846974102 ], [ -6.17186270610539, 53.3554583056087 ], [ -6.17197571191559, 53.355514574845799 ], [ -6.17207115832927, 53.355562110755201 ], [ -6.1721585897499, 53.355606000419499 ], [ -6.17218861319206, 53.355621116548797 ], [ -6.1721905263567, 53.355630824376902 ], [ -6.1721911732885, 53.355644844233197 ], [ -6.17218393403002, 53.355662032073297 ], [ -6.17219005875399, 53.3556712372608 ], [ -6.17227336450313, 53.355710787040103 ], [ -6.1723236452331, 53.355734480805999 ], [ -6.17236112929186, 53.355752515496 ], [ -6.17240782136137, 53.3557751125213 ], [ -6.17244142496202, 53.355792584407801 ], [ -6.17252794944815, 53.355835920609401 ], [ -6.17263170300147, 53.355889441814902 ], [ -6.17273190792618, 53.355939880450798 ], [ -6.17284637841738, 53.355998139693803 ], [ -6.1744061612164, 53.356798173849299 ], [ -6.1745380061051, 53.356862988113498 ], [ -6.17691275057003, 53.358030325055203 ], [ -6.1782732896076, 53.358693771879899 ], [ -6.1782867468285, 53.358707196298802 ], [ -6.17880953385031, 53.358958957627401 ], [ -6.17925107567089, 53.3591713039864 ], [ -6.17923638191439, 53.359181584293097 ], [ -6.17923793450318, 53.359190944936799 ], [ -6.17927932812068, 53.359204462959298 ], [ -6.17937089728523, 53.3592509890657 ], [ -6.17935404067249, 53.3592634025443 ], [ -6.17928420607447, 53.359313046654499 ], [ -6.17927073679793, 53.359322798267598 ], [ -6.17915803909981, 53.359269065598703 ], [ -6.17894982224927, 53.359160684652601 ], [ -6.17820333450515, 53.358798355767199 ], [ -6.17818861295486, 53.3587959019221 ], [ -6.17814087465552, 53.358792046042403 ], [ -6.17811504117266, 53.3587923338075 ], [ -6.17807396395431, 53.358778460677399 ], [ -6.17798484810833, 53.358752630423197 ], [ -6.17793449231542, 53.358737231377702 ], [ -6.17789706616927, 53.358721949758703 ], [ -6.17786277409037, 53.358701493835902 ], [ -6.17784170872589, 53.358691763288 ], [ -6.17781905736095, 53.358685082485003 ], [ -6.17779409304542, 53.358686093522103 ], [ -6.17775966437492, 53.358693134919903 ], [ -6.1776969845469, 53.358700435148698 ], [ -6.17768336265688, 53.358704252932299 ], [ -6.1776339188006, 53.358711144971601 ], [ -6.17754946892836, 53.358724170689001 ], [ -6.17742858980821, 53.3587397120872 ], [ -6.17736342078663, 53.358750767146503 ], [ -6.17734431590708, 53.358757412421099 ], [ -6.17730512361772, 53.358784886633202 ], [ -6.17726524505406, 53.358815765870297 ], [ -6.17723505800212, 53.358832548622303 ], [ -6.17721350649521, 53.3588292811515 ], [ -6.17705854195967, 53.358761484076197 ], [ -6.17703530974975, 53.358765208893097 ], [ -6.17700680924793, 53.358775179121601 ], [ -6.17696996233494, 53.358782550964797 ], [ -6.17693440227097, 53.358786878375902 ], [ -6.17689429916303, 53.3587927803081 ], [ -6.17685459759251, 53.358794555581298 ], [ -6.17680780374516, 53.358792123848502 ], [ -6.17678322606888, 53.358790094476703 ], [ -6.17676620170841, 53.358786329841202 ], [ -6.1767531359147, 53.358780639295396 ], [ -6.17672140007837, 53.358765776817201 ], [ -6.17668506806462, 53.358743142096998 ], [ -6.17654572385076, 53.358663811170402 ], [ -6.1765349946621, 53.358649142926303 ], [ -6.17647265889945, 53.358617771483303 ], [ -6.17645590739132, 53.358615395157699 ], [ -6.17643210209146, 53.358608264121202 ], [ -6.17639600340747, 53.358600613534001 ], [ -6.17637804888832, 53.358598226901002 ], [ -6.17635925495667, 53.358595477794701 ], [ -6.17632343245528, 53.3585975090174 ], [ -6.1762565560803, 53.358604951978897 ], [ -6.17616342846867, 53.358616450010899 ], [ -6.17603344582538, 53.358635859592603 ], [ -6.17589966650913, 53.358661878450803 ], [ -6.17576533210604, 53.358686819075899 ], [ -6.17570406840452, 53.358697186915101 ], [ -6.17566738414677, 53.358698989049103 ], [ -6.17547645826356, 53.358738834821303 ], [ -6.1752922313063, 53.358775871449602 ], [ -6.17514180892292, 53.3588071159649 ], [ -6.17504267186792, 53.358829520999599 ], [ -6.17499180828302, 53.358844307054603 ], [ -6.17492159384395, 53.3588637487182 ], [ -6.1748416127783, 53.358889214955802 ], [ -6.17476722882426, 53.358918324294201 ], [ -6.174665783358, 53.358959573456602 ], [ -6.17455371878874, 53.359005028351199 ], [ -6.174415144833, 53.359064427248597 ], [ -6.17430743107684, 53.3591071711216 ], [ -6.17414854246234, 53.359170905794102 ], [ -6.1739932318797, 53.359233841132202 ], [ -6.17383490182991, 53.359298194239898 ], [ -6.1736865257771, 53.359358458852498 ], [ -6.17351280775635, 53.3594295949122 ], [ -6.17344314051425, 53.359458299258797 ], [ -6.17342707924469, 53.359472800364898 ], [ -6.17342007737985, 53.359481588820202 ], [ -6.17341305045321, 53.359494862012198 ], [ -6.17340599031564, 53.359511019014498 ], [ -6.17339709336604, 53.359531479320303 ], [ -6.1733891158547, 53.359548709852703 ], [ -6.17338174809822, 53.359565032920599 ], [ -6.1733783328228, 53.359577786152499 ], [ -6.17337458729986, 53.359591972443702 ], [ -6.17337104628035, 53.359618202481798 ], [ -6.17336689760985, 53.359643534282903 ], [ -6.17336345788239, 53.359658615088399 ], [ -6.17335973579347, 53.359671902017197 ], [ -6.17335718230331, 53.359686636860701 ], [ -6.17335311679481, 53.359704053112097 ], [ -6.1733517541225, 53.359722561462398 ], [ -6.17334861721882, 53.359736217776501 ], [ -6.17334636338143, 53.359752025905998 ], [ -6.17334591215022, 53.3597681941947 ], [ -6.17334608374509, 53.359783114566198 ], [ -6.17334717669015, 53.359794444766997 ], [ -6.17334853745659, 53.359808646309098 ], [ -6.17335288279749, 53.359826451076799 ], [ -6.17335308245531, 53.359837238196597 ], [ -6.1733538569353, 53.359851798381399 ], [ -6.17335611611605, 53.359867441904299 ], [ -6.17335901010833, 53.3598787825984 ], [ -6.17336101312786, 53.359889209932398 ], [ -6.17336326506686, 53.359906111694599 ], [ -6.17336813552821, 53.3599320129969 ], [ -6.17336976019358, 53.359951250182199 ], [ -6.17337253754482, 53.359974801380901 ], [ -6.17337504053787, 53.359996020431304 ], [ -6.17337285305405, 53.360005359857702 ], [ -6.17337396282676, 53.360015243212402 ], [ -6.17337498646741, 53.360034481083702 ], [ -6.17337355703812, 53.360059818557602 ], [ -6.17337209548936, 53.360087311812897 ], [ -6.17336863090715, 53.360104377734501 ], [ -6.17336731188585, 53.360116596797702 ], [ -6.17336751087679, 53.360128102065303 ], [ -6.17336944609217, 53.360146437092901 ], [ -6.1733710637878, 53.360165134877803 ], [ -6.17337415832644, 53.360188331402497 ], [ -6.17337368846343, 53.360206305137801 ], [ -6.17337230930811, 53.360226252248097 ], [ -6.17337161645732, 53.3602357754434 ], [ -6.1733709235678, 53.360245299536999 ], [ -6.17336569034568, 53.360259840557902 ], [ -6.17335706210784, 53.360281742189102 ], [ -6.17335120380184, 53.360297899608803 ], [ -6.1733441413201, 53.360315126168402 ], [ -6.17333864202124, 53.360325349669701 ], [ -6.17332767652566, 53.360340772764999 ], [ -6.17331277308753, 53.3603597749036 ], [ -6.17329515809744, 53.360380029832903 ], [ -6.17327970289375, 53.360395070502797 ], [ -6.17326030895354, 53.360412619704498 ], [ -6.17324635741787, 53.360425876758498 ], [ -6.1732269901024, 53.360440730796299 ], [ -6.17320974096928, 53.360454153078898 ], [ -6.17318910382013, 53.3604769134798 ], [ -6.17318602300588, 53.360485708920997 ], [ -6.17317654327594, 53.360502574887597 ], [ -6.17317464032798, 53.360512988264198 ], [ -6.17317274471885, 53.360523230078002 ], [ -6.1731699248239, 53.360535444137099 ], [ -6.1731686375021, 53.360545866938601 ], [ -6.17317270946329, 53.360559174315902 ], [ -6.17317500980847, 53.360571045217597 ], [ -6.17317638665799, 53.360584167521601 ], [ -6.17317505809797, 53.360598363843899 ], [ -6.17317342955723, 53.360611845504501 ], [ -6.17317419665401, 53.360626225811799 ], [ -6.17317648198742, 53.360638096483399 ], [ -6.17317938487721, 53.360649966722697 ], [ -6.17318342287629, 53.3606668778542 ], [ -6.17318628346467, 53.360683600183698 ], [ -6.17318644909381, 53.360696902583399 ], [ -6.17318836749479, 53.3607170340998 ], [ -6.17319035880013, 53.360729807180597 ], [ -6.17319442246489, 53.360745451365901 ], [ -6.17319606525402, 53.3607614539699 ], [ -6.17319748331294, 53.360770803650901 ], [ -6.17319920017968, 53.360780157906397 ], [ -6.17320212023484, 53.360789871235497 ], [ -6.17320945336964, 53.360809133796103 ], [ -6.17321322427924, 53.360822805978003 ], [ -6.17321314775382, 53.360831970090601 ], [ -6.17321476429418, 53.360851747343098 ], [ -6.17321458921545, 53.360869536836802 ], [ -6.17321481260522, 53.360879065968398 ], [ -6.17321498778547, 53.360891829220897 ], [ -6.1732175476552, 53.360907468359102 ], [ -6.17322130115872, 53.360924743649903 ], [ -6.17322357047515, 53.360937691761798 ], [ -6.17322522107401, 53.3609553033751 ], [ -6.17322629606994, 53.360968071414803 ], [ -6.1732279973405, 53.360979581703802 ], [ -6.17322749566903, 53.3610007907076 ], [ -6.17322795443635, 53.361015705586098 ], [ -6.17322965488026, 53.361026497703897 ], [ -6.17323223231751, 53.361040707983904 ], [ -6.17323421599191, 53.361054011251099 ], [ -6.17323286263638, 53.361070543230802 ], [ -6.17323181833324, 53.361086173030799 ], [ -6.17322837182106, 53.361100003465502 ], [ -6.17322303850099, 53.361124607052297 ], [ -6.17322204379653, 53.361135214097601 ], [ -6.17321706837557, 53.361153172782302 ], [ -6.17321146863685, 53.361173818373601 ], [ -6.17320291487502, 53.361188353491997 ], [ -6.17319802415685, 53.3611983966521 ], [ -6.17319183826596, 53.361217254500801 ], [ -6.17318815020305, 53.361226229397403 ], [ -6.17318414392364, 53.361236636637699 ], [ -6.17317709285241, 53.361251167795302 ], [ -6.1731670109031, 53.361269111215798 ], [ -6.17316028461556, 53.361281669937298 ], [ -6.17315658557112, 53.361292622072199 ], [ -6.17314798109379, 53.361312907070698 ], [ -6.17314091359411, 53.361328875190402 ], [ -6.17313357756238, 53.361342691014798 ], [ -6.17312836963211, 53.361354177316997 ], [ -6.17312346930454, 53.361364409079499 ], [ -6.17312066612231, 53.3613751771883 ], [ -6.17311301329271, 53.361390075735301 ], [ -6.17310596839387, 53.36140442632 ], [ -6.17309258321463, 53.361421996484097 ], [ -6.17308645020477, 53.361434735060797 ], [ -6.17308275988442, 53.361444428976696 ], [ -6.17307453085053, 53.361457342190697 ], [ -6.17305819133462, 53.361469511040802 ], [ -6.1730430629211, 53.361479712035901 ], [ -6.1730342606226, 53.361489201847 ], [ -6.1730248536736, 53.361500497120304 ], [ -6.17301332140946, 53.361511598064403 ], [ -6.17299848276258, 53.361525210024297 ], [ -6.17298149402758, 53.361542050885397 ], [ -6.17296304202032, 53.361555831322299 ], [ -6.17293824052911, 53.361573361491999 ], [ -6.17292461477449, 53.361583558515903 ], [ -6.17290707320861, 53.3615971650311 ], [ -6.17288075219952, 53.3616168461717 ], [ -6.17286650859383, 53.361628840359899 ], [ -6.17284776420492, 53.361642077908201 ], [ -6.17282993319516, 53.361652264458201 ], [ -6.17280697624361, 53.361665311660197 ], [ -6.17279248052988, 53.361674067120298 ], [ -6.17277070076111, 53.361689450402203 ], [ -6.17273565246582, 53.361710542944202 ], [ -6.1727029733967, 53.361734521021802 ], [ -6.17266728199343, 53.361760457332302 ], [ -6.17264248756524, 53.361777816773603 ], [ -6.17260192336091, 53.361810211077596 ], [ -6.17258646079587, 53.361824001286102 ], [ -6.17256254354166, 53.361843332676798 ], [ -6.17253922395519, 53.361849401216503 ], [ -6.17250932296427, 53.361847469213501 ], [ -6.17249158168848, 53.361849200974397 ], [ -6.17247564229182, 53.361851311768703 ], [ -6.17245725262827, 53.361853483005 ], [ -6.17243631550437, 53.361848120847597 ], [ -6.17242344077628, 53.361843223721898 ], [ -6.17240876405144, 53.361837248272998 ], [ -6.1723767652716, 53.361821139350901 ], [ -6.17234656800272, 53.361804681406902 ], [ -6.17232055007016, 53.361792735737303 ], [ -6.17230588879503, 53.361786400084497 ], [ -6.17229180403672, 53.361782392220299 ], [ -6.17227411468892, 53.361778383071602 ], [ -6.17225101733747, 53.361773994472799 ], [ -6.17223367437061, 53.361773477152802 ], [ -6.17220802021334, 53.361776903285303 ], [ -6.17217398948645, 53.361785062826499 ], [ -6.17214174576376, 53.3617957385691 ], [ -6.1721149111089, 53.361804627612898 ], [ -6.1720856862596, 53.361814595473703 ], [ -6.17206700192569, 53.361820104853699 ], [ -6.17204440458008, 53.361826148408198 ], [ -6.17202665564295, 53.361829497861699 ], [ -6.17200977359355, 53.361835376394701 ], [ -6.17199198434546, 53.361841071150103 ], [ -6.17197478512314, 53.361848742462499 ], [ -6.17195667727273, 53.361857667191103 ], [ -6.17193553728317, 53.3618699951422 ], [ -6.17191860725731, 53.361880187271403 ], [ -6.17189407018755, 53.361893632538496 ], [ -6.17186954865636, 53.361889904252799 ], [ -6.17184468228956, 53.361881912061797 ], [ -6.17180902893608, 53.361870833427403 ], [ -6.17176947684233, 53.361858833078202 ], [ -6.17173441574726, 53.361849012857597 ], [ -6.17170506074431, 53.361839208149398 ], [ -6.17165325046372, 53.361821600945099 ], [ -6.17161218003574, 53.361811760516503 ], [ -6.17160478588157, 53.361830428996498 ], [ -6.17162120765069, 53.361841266046 ], [ -6.17165056995863, 53.361851250651199 ], [ -6.17169130605211, 53.361864689319802 ], [ -6.17172664990929, 53.361877029687399 ], [ -6.17175810025038, 53.361887378822097 ], [ -6.17177666674627, 53.361893010377202 ], [ -6.17180603828983, 53.361901377206102 ], [ -6.17183001864041, 53.361907568074301 ], [ -6.17185520876314, 53.3619135788325 ], [ -6.17187918365496, 53.361918879773597 ], [ -6.17194218848947, 53.361932902202597 ], [ -6.1719748357764, 53.361908592177997 ], [ -6.17198814770238, 53.361898749082997 ], [ -6.1720083666227, 53.361889649961 ], [ -6.17203008821216, 53.361880197249 ], [ -6.17205297784821, 53.361874697467698 ], [ -6.17209122222478, 53.361863862001002 ], [ -6.17212256400877, 53.3618549871764 ], [ -6.17214184932604, 53.361848039890802 ], [ -6.17216387014496, 53.361840019966102 ], [ -6.17217832398371, 53.361835757149201 ], [ -6.17219488045561, 53.3618322186311 ], [ -6.17222678842043, 53.361826929762103 ], [ -6.17224842548054, 53.361826470224202 ], [ -6.17226699970648, 53.361831922056901 ], [ -6.17228465694643, 53.361839525102297 ], [ -6.17231309464702, 53.361850403190999 ], [ -6.17234483409843, 53.361863092635801 ], [ -6.17236307511725, 53.361871064139599 ], [ -6.17238818923536, 53.3618855216451 ], [ -6.1724052286507, 53.361894571300603 ], [ -6.17241688563796, 53.361900537351502 ], [ -6.17243665246776, 53.3619076154149 ], [ -6.17245671891818, 53.361915767661699 ], [ -6.17245931470653, 53.361926384750198 ], [ -6.17245531514473, 53.361937331362498 ], [ -6.17244712857975, 53.3619450329183 ], [ -6.17243562969187, 53.361953627505301 ], [ -6.17242141801692, 53.3619634658574 ], [ -6.17240930128051, 53.361972769137402 ], [ -6.17238841377796, 53.361989415378801 ], [ -6.17236904399289, 53.362005707357397 ], [ -6.17233330859225, 53.3620357855647 ], [ -6.17229513991062, 53.362068369257301 ], [ -6.1722497334478, 53.362105055750398 ], [ -6.17220463700503, 53.362139061296403 ], [ -6.17215351398039, 53.362176990444702 ], [ -6.1721271600413, 53.362198828089497 ], [ -6.17210538883808, 53.362217509159898 ], [ -6.17192098607388, 53.362356460766897 ], [ -6.17167355322995, 53.362498039846898 ], [ -6.17132843537913, 53.362701852391503 ], [ -6.17120495832638, 53.3627756237534 ], [ -6.17117847085353, 53.3627928760543 ], [ -6.17113396602997, 53.362822854560797 ], [ -6.17107638392942, 53.362862832443803 ], [ -6.17104909419516, 53.362885797015402 ], [ -6.17096959861263, 53.362946700598499 ], [ -6.17085131371869, 53.363035998334801 ], [ -6.17076489678062, 53.363101666401597 ], [ -6.17071885580824, 53.363132097582898 ], [ -6.17068009871034, 53.363157986312402 ], [ -6.17064864432883, 53.363176824274603 ], [ -6.17061606822157, 53.363194522403298 ], [ -6.17059577177634, 53.363202217943403 ], [ -6.17057739545028, 53.363210374352199 ], [ -6.17054783540796, 53.3632305886644 ], [ -6.17052441152727, 53.363248534943402 ], [ -6.17048364693245, 53.3632851490311 ], [ -6.17034233487864, 53.363390799617299 ], [ -6.17032677457821, 53.363381628538399 ], [ -6.17030628769145, 53.363368553834398 ], [ -6.17027669310715, 53.363351349603199 ], [ -6.17026299002244, 53.363347193656601 ], [ -6.17024470189573, 53.363344172721497 ], [ -6.17022452940129, 53.363339540962301 ], [ -6.17018228043128, 53.363329825790899 ], [ -6.17014688627009, 53.363320359532999 ], [ -6.17012520402606, 53.363313440473199 ], [ -6.17010926261106, 53.363303346722702 ], [ -6.17009943791837, 53.363293508559103 ], [ -6.17009039398581, 53.363281615976597 ], [ -6.17008023878418, 53.363265150224201 ], [ -6.17007046288743, 53.3632489149931 ], [ -6.17005911113095, 53.363237929880498 ], [ -6.17004089191256, 53.363228744952103 ], [ -6.17001354040558, 53.363215654804897 ], [ -6.16997329823181, 53.3631945310294 ], [ -6.16992354379443, 53.363169954588699 ], [ -6.16988023300462, 53.363148594067198 ], [ -6.16986924483953, 53.363141713139797 ], [ -6.16985634803441, 53.363132771600696 ], [ -6.16984006710971, 53.363119033276497 ], [ -6.16981314654393, 53.363101150882102 ], [ -6.16976760300883, 53.363075443526597 ], [ -6.16970913282279, 53.363042860531401 ], [ -6.16966246047048, 53.363015096393703 ], [ -6.16958205305668, 53.362963045416798 ], [ -6.16951837016413, 53.362919257646404 ], [ -6.16950397806408, 53.362907344994198 ], [ -6.16948428479816, 53.362891541811301 ], [ -6.169451296807, 53.362869073045097 ], [ -6.16940579684208, 53.362836752684203 ], [ -6.16934854928925, 53.362797781460799 ], [ -6.1693302980814, 53.362791102744403 ], [ -6.16931393970259, 53.362785801297598 ], [ -6.16928881454436, 53.362780023796098 ], [ -6.16926827046035, 53.362774254554601 ], [ -6.16925040781593, 53.362766889694299 ], [ -6.16923866787796, 53.362757956847197 ], [ -6.16923226486407, 53.3627485755759 ], [ -6.16922243696053, 53.362738504492803 ], [ -6.16920537981423, 53.362725670967798 ], [ -6.16918223880594, 53.362710766687798 ], [ -6.16915829116811, 53.362702024034803 ], [ -6.16913242373332, 53.362694636106802 ], [ -6.16910846222628, 53.362685201138 ], [ -6.16908227184567, 53.362670978095501 ], [ -6.16905306790963, 53.362652395360399 ], [ -6.16901173717471, 53.3626237421946 ], [ -6.16890245970687, 53.3625597266483 ], [ -6.16902867281345, 53.3626502692344 ], [ -6.16909655402213, 53.362694525263002 ], [ -6.16911441855197, 53.362703246498 ], [ -6.16913798426531, 53.362712450687098 ], [ -6.16917294681903, 53.362726709438597 ], [ -6.16919495044623, 53.3627397896377 ], [ -6.16921313420751, 53.362753997670502 ], [ -6.16924420109042, 53.362778512409797 ], [ -6.16927453369821, 53.362798460645898 ], [ -6.169292422612, 53.3628030755102 ], [ -6.16931072812985, 53.362804282138903 ], [ -6.16933053335471, 53.362807308517901 ], [ -6.16934763138752, 53.362816035934301 ], [ -6.1693601186938, 53.362826112751598 ], [ -6.16938399408536, 53.362844218181301 ], [ -6.16940407347252, 53.362860476715902 ], [ -6.16942753652207, 53.362880174814997 ], [ -6.16943961303729, 53.362895277825601 ], [ -6.16945059647353, 53.362903983329701 ], [ -6.16948321718381, 53.362924855546801 ], [ -6.1695253043039, 53.362953053658103 ], [ -6.16958524475073, 53.362990205539802 ], [ -6.16961939801402, 53.363011083250697 ], [ -6.16964024570882, 53.363026212924197 ], [ -6.16966524677018, 53.3630461412953 ], [ -6.16968873122353, 53.363063557560601 ], [ -6.16970998398643, 53.3630766351326 ], [ -6.16974072827847, 53.363093614460603 ], [ -6.16975741760507, 53.363104169144201 ], [ -6.16978433968904, 53.363123417783797 ], [ -6.16980212495506, 53.363139218615501 ], [ -6.16982105185352, 53.363155027966101 ], [ -6.1698408034198, 53.3631642184545 ], [ -6.1699160602345, 53.363195944296699 ], [ -6.1699490844754, 53.363214073075497 ], [ -6.16996156400119, 53.363226440804802 ], [ -6.16997935780065, 53.363240642736102 ], [ -6.17000101381811, 53.363250976943398 ], [ -6.17002038890204, 53.3632594875113 ], [ -6.17003863238076, 53.363267756016697 ], [ -6.1700427492864, 53.363277578558801 ], [ -6.17004185740109, 53.363291726716803 ], [ -6.17003978810835, 53.363310207115497 ], [ -6.17004193571843, 53.363325273743101 ], [ -6.17006053732591, 53.363336055449601 ], [ -6.17007767530332, 53.363339301456897 ], [ -6.1701051106528, 53.363341672627399 ], [ -6.17014397393793, 53.363346591027501 ], [ -6.170135086736, 53.363359790561901 ], [ -6.17011938203792, 53.363367277800798 ], [ -6.17008033736268, 53.3633819823837 ], [ -6.17005736553235, 53.363392179572003 ], [ -6.17001874767452, 53.363401868064599 ], [ -6.16999896366803, 53.363395183923302 ], [ -6.16998301344897, 53.3633880651211 ], [ -6.16995256782338, 53.363380201795103 ], [ -6.1699315660429, 53.3633826480729 ], [ -6.16990174737793, 53.363388939107203 ], [ -6.16987343734986, 53.3633982094969 ], [ -6.16984205050486, 53.363410201061001 ], [ -6.16980070084316, 53.363427180172799 ], [ -6.16976892815208, 53.363439408481803 ], [ -6.16973871479893, 53.363448210123003 ], [ -6.16970087308898, 53.363457666837398 ], [ -6.1696710124326, 53.363468755980001 ], [ -6.1696663597219, 53.363478093479699 ], [ -6.16966015300115, 53.363489716215597 ], [ -6.169653520452, 53.3635056638417 ], [ -6.16965454937372, 53.363519132289703 ], [ -6.16966492952751, 53.3635093523378 ], [ -6.1696661657915, 53.363499091475902 ], [ -6.16967084431018, 53.3634870138645 ], [ -6.16968123523207, 53.363477683487297 ], [ -6.16969619154366, 53.363468378194398 ], [ -6.16971228215595, 53.3634613553291 ], [ -6.16974171621118, 53.3634546090315 ], [ -6.16978681276743, 53.363444481602599 ], [ -6.16981359310371, 53.363436580046397 ], [ -6.16983081957507, 53.363430015009101 ], [ -6.16985035735908, 53.363420042931097 ], [ -6.16988060570076, 53.363407584492698 ], [ -6.16990624278878, 53.363398309059903 ], [ -6.169925699058, 53.363397915361901 ], [ -6.16995314025316, 53.363401202556098 ], [ -6.16999770093626, 53.363408868893202 ], [ -6.17001177984588, 53.363413020746997 ], [ -6.17003848134923, 53.363412881953799 ], [ -6.17005265942345, 53.3634063060884 ], [ -6.17007144020999, 53.363396780764702 ], [ -6.17009056673691, 53.363391143649999 ], [ -6.1701165696416, 53.363383463797902 ], [ -6.17013455147864, 53.363376451901601 ], [ -6.17014645127168, 53.363368725650297 ], [ -6.17016101896306, 53.363361472642303 ], [ -6.17017554051848, 53.363358100936203 ], [ -6.17019233691021, 53.363357011165697 ], [ -6.17021215972003, 53.363357530851701 ], [ -6.17022931657316, 53.363359635622999 ], [ -6.17024871824482, 53.363364722948901 ], [ -6.17026621051996, 53.363371623577798 ], [ -6.17028139423272, 53.363380114774003 ], [ -6.17029465737135, 53.3633892776 ], [ -6.1702991083436, 53.363403894176997 ], [ -6.17028874715928, 53.363411166761502 ], [ -6.17027184125837, 53.363423892809699 ], [ -6.1702492052892, 53.363438876017497 ], [ -6.17023155428048, 53.363451141223898 ], [ -6.17024099251259, 53.363461899236398 ], [ -6.17026118392072, 53.363465389778703 ], [ -6.17025042383569, 53.363474256145899 ], [ -6.17022963920507, 53.363494039582498 ], [ -6.1701896383873, 53.363531788810697 ], [ -6.17014496801583, 53.363578883374302 ], [ -6.17007030036175, 53.363653259139298 ], [ -6.17001994798357, 53.363694856513497 ], [ -6.16995555495505, 53.363730703591997 ], [ -6.16991536705874, 53.3637447263607 ], [ -6.16990745590491, 53.363733749061403 ], [ -6.16990944798678, 53.363724398611097 ], [ -6.16992219408763, 53.363707097629899 ], [ -6.1699162108081, 53.363692474616002 ], [ -6.16991177379737, 53.363676483041601 ], [ -6.16991377623042, 53.363666224939998 ], [ -6.16990706442637, 53.363649317632202 ], [ -6.16989064336487, 53.363651779328599 ], [ -6.16986503453073, 53.363657622592001 ], [ -6.16983177463221, 53.363665280969698 ], [ -6.16982862199857, 53.363675765009702 ], [ -6.16983158655582, 53.363686494772097 ], [ -6.16982539752013, 53.363695601985398 ], [ -6.16981615822028, 53.363704707356199 ], [ -6.16979202565109, 53.3637160371836 ], [ -6.16978087116526, 53.363726038064698 ], [ -6.16977847480313, 53.363738123718498 ], [ -6.16978789257378, 53.3637518466657 ], [ -6.16979924362336, 53.3637621486874 ], [ -6.16981213521282, 53.363770865445098 ], [ -6.16981810040923, 53.363787311896097 ], [ -6.16980122155605, 53.363797296887597 ], [ -6.16979270344119, 53.363810960456902 ], [ -6.16977163955775, 53.363821159890399 ], [ -6.16975972840137, 53.363830934345501 ], [ -6.16973909683369, 53.363833151676701 ], [ -6.16973500840421, 53.3638219642514 ], [ -6.16972977792008, 53.363808709995297 ], [ -6.16972534135203, 53.363793410513402 ], [ -6.16971899234361, 53.3637785571743 ], [ -6.16971183706082, 53.363768491176003 ], [ -6.16970165535721, 53.3637554485979 ], [ -6.16968919732647, 53.363740124049002 ], [ -6.16967786822683, 53.3637268571403 ], [ -6.16965854222982, 53.363712641550798 ], [ -6.16963148520124, 53.363709817683201 ], [ -6.16961655606861, 53.3637150166686 ], [ -6.16960275865732, 53.363723189236602 ], [ -6.16958211407084, 53.3637274637437 ], [ -6.16956769891738, 53.363717834655098 ], [ -6.16955982827615, 53.363702059144003 ], [ -6.16955728002672, 53.363688595252903 ], [ -6.16955395480179, 53.3636771669591 ], [ -6.16954873783664, 53.363662547591403 ], [ -6.16953168523255, 53.363649947881399 ], [ -6.16950646524838, 53.3636544308239 ], [ -6.16949458602197, 53.363661006835997 ], [ -6.16948002850842, 53.363668718318998 ], [ -6.16946508017754, 53.363676432793099 ], [ -6.16944096484247, 53.363685256000402 ], [ -6.16943401569239, 53.363695267432803 ], [ -6.16945005484669, 53.3636919011185 ], [ -6.16947494029358, 53.363683305440297 ], [ -6.16949064869387, 53.363674685826403 ], [ -6.1695181569663, 53.363669752625697 ], [ -6.16953142040824, 53.363679607634097 ], [ -6.16953668202801, 53.363688979467199 ], [ -6.16953885829395, 53.363701306036099 ], [ -6.16953875128833, 53.363714316637399 ], [ -6.1695428516011, 53.363724138941997 ], [ -6.16956144404447, 53.363735836484203 ], [ -6.16958847226983, 53.363741400433298 ], [ -6.16960294048793, 53.363744184007899 ], [ -6.16959292685104, 53.363754876487803 ], [ -6.1695679725194, 53.363774191381097 ], [ -6.16954380328328, 53.363789177902099 ], [ -6.16952234349664, 53.363799147412202 ], [ -6.16950322321828, 53.363805018226799 ], [ -6.16948869607002, 53.363808165061002 ], [ -6.16947227950995, 53.363810169269101 ], [ -6.16944174242738, 53.363811443631299 ], [ -6.16942303484285, 53.363814347461599 ], [ -6.16940237208076, 53.363820446267297 ], [ -6.16937904175466, 53.363828131013399 ], [ -6.16935792655561, 53.363841977904897 ], [ -6.16934937247374, 53.363859981302099 ], [ -6.16935994104471, 53.3638741623611 ], [ -6.1693712300038, 53.3638908522964 ], [ -6.1693672752606, 53.3639070387282 ], [ -6.16935918709233, 53.363915226949302 ], [ -6.16934499138841, 53.363924310176003 ], [ -6.16932738234038, 53.363930644569699 ], [ -6.16929723285821, 53.363932374252897 ], [ -6.16928128218334, 53.363924563258202 ], [ -6.16925688214651, 53.363922885620603 ], [ -6.16924513959386, 53.363913270532002 ], [ -6.16924254790156, 53.363904361196298 ], [ -6.16923653438886, 53.363894302799302 ], [ -6.16922560007102, 53.363879891412303 ], [ -6.16920247115549, 53.363864305122902 ], [ -6.16920161094012, 53.363875254854399 ], [ -6.16920875258511, 53.363886687782497 ], [ -6.16921893955495, 53.363899955189503 ], [ -6.16922266593833, 53.363909770869398 ], [ -6.16922217264673, 53.363922326133299 ], [ -6.16922584896726, 53.363938530768998 ], [ -6.16924226442322, 53.363937219569102 ], [ -6.16925752013551, 53.363936357062499 ], [ -6.16927810132071, 53.363938470463303 ], [ -6.16931279737286, 53.363941096119198 ], [ -6.1693372212508, 53.363939799909801 ], [ -6.16935289009493, 53.363936661620599 ], [ -6.16936553140761, 53.363930537736202 ], [ -6.16938124531004, 53.3639221429261 ], [ -6.16939167529322, 53.363908716343197 ], [ -6.16939252124617, 53.363898448597602 ], [ -6.16938880095118, 53.3638881746175 ], [ -6.16938546111886, 53.363877438187799 ], [ -6.16938519237547, 53.363864430810501 ], [ -6.16938531520917, 53.363852103556702 ], [ -6.16939225633422, 53.363843682019798 ], [ -6.16941063003473, 53.363835984149702 ], [ -6.16944388362863, 53.363828793178797 ], [ -6.16947214478269, 53.363825227859799 ], [ -6.16949087582948, 53.363820725377799 ], [ -6.16950579608468, 53.363815068771501 ], [ -6.16953911506628, 53.363801480065099 ], [ -6.16957205515733, 53.363786529215503 ], [ -6.16962380008074, 53.363759079270203 ], [ -6.16964178754628, 53.363752292238701 ], [ -6.16965928296509, 53.363757368395902 ], [ -6.16967705153008, 53.363776367893699 ], [ -6.16967159712812, 53.363788667297598 ], [ -6.16966237664585, 53.363796631441801 ], [ -6.169646630492, 53.363807533506403 ], [ -6.16962823026934, 53.363817288408498 ], [ -6.16962007559757, 53.363833689060002 ], [ -6.169636894148, 53.363829633594698 ], [ -6.16965032044645, 53.363822372128297 ], [ -6.16966719395464, 53.3638121623706 ], [ -6.16968137530468, 53.363803761990503 ], [ -6.16969696484582, 53.363810884288 ], [ -6.16970182603916, 53.363820484563703 ], [ -6.16970135638138, 53.3638314402885 ], [ -6.16969467452997, 53.363853093779198 ], [ -6.16968794729731, 53.363880677898003 ], [ -6.16968121543781, 53.363907353236598 ], [ -6.16966435571991, 53.363916889990598 ], [ -6.16965354578488, 53.363930769167801 ], [ -6.16963428463063, 53.3639521577973 ], [ -6.16961041143921, 53.363977411619402 ], [ -6.1695804337702, 53.364001735893702 ], [ -6.16955241360471, 53.3640203566043 ], [ -6.16952095113739, 53.364042160262102 ], [ -6.16949291361226, 53.364063287506397 ], [ -6.16945535048477, 53.364083020154297 ], [ -6.16941282141022, 53.364103656324801 ], [ -6.16938295135984, 53.364115653063699 ], [ -6.16934696180325, 53.364131276137002 ], [ -6.16931322818032, 53.364149656340402 ], [ -6.16927101508246, 53.364176902749598 ], [ -6.16924068591409, 53.364198938540198 ], [ -6.16920965639255, 53.364213442237698 ], [ -6.16917439090186, 53.364232500879503 ], [ -6.16913682440789, 53.364254057086399 ], [ -6.16910652327227, 53.364270845952099 ], [ -6.1690880999846, 53.364284249634899 ], [ -6.16906966320892, 53.364297652209203 ], [ -6.16902938583975, 53.364322851957198 ], [ -6.16895152358897, 53.364370065958198 ], [ -6.16891742302727, 53.364387533509799 ], [ -6.16889526098338, 53.364391793603197 ], [ -6.16887770564083, 53.364391964636297 ], [ -6.1688559871994, 53.364389385204198 ], [ -6.16883393424646, 53.364381326810097 ], [ -6.1688138323984, 53.3643680330552 ], [ -6.16879602272666, 53.3643545147129 ], [ -6.16878235183643, 53.364347852278101 ], [ -6.16876525093817, 53.364340266245797 ], [ -6.16874699453801, 53.364334045764998 ], [ -6.16872225362254, 53.364328714470702 ], [ -6.16869405882753, 53.364324067199199 ], [ -6.16866396692224, 53.3643184919841 ], [ -6.16863652097817, 53.364316354916198 ], [ -6.16860523193062, 53.364316934421602 ], [ -6.16857890603099, 53.364317761767097 ], [ -6.16855255738382, 53.364320870866202 ], [ -6.16852122779557, 53.364326248537203 ], [ -6.16848872599276, 53.364334817002202 ], [ -6.1684668991555, 53.364343872881498 ], [ -6.16844773219355, 53.364354991033103 ], [ -6.16842928591724, 53.364369310162303 ], [ -6.16840431877801, 53.364388167119401 ], [ -6.1683862547667, 53.364404083024198 ], [ -6.16838041333399, 53.3644173022168 ], [ -6.16838409751204, 53.364431916085103 ], [ -6.16839121776539, 53.364446997051601 ], [ -6.16840324383395, 53.364466429912198 ], [ -6.16840613622154, 53.364484474114001 ], [ -6.16839957138482, 53.364493574588003 ], [ -6.16838387020177, 53.364499912062897 ], [ -6.16836362478899, 53.364503276589602 ], [ -6.16833577171778, 53.364504322223901 ], [ -6.16830222431701, 53.3645007971204 ], [ -6.1682706234129, 53.364493616717098 ], [ -6.16824668496789, 53.364483275026103 ], [ -6.16823382054512, 53.364471826098097 ], [ -6.16822024391459, 53.3644542120023 ], [ -6.16820666269577, 53.364437055334903 ], [ -6.16819687338207, 53.364422194042703 ], [ -6.1681996290114, 53.364413303852501 ], [ -6.16820623059514, 53.364400545748197 ], [ -6.16821366635856, 53.364378886832498 ], [ -6.16821428161659, 53.364353339176098 ], [ -6.16820837570383, 53.364330270134303 ], [ -6.1681906674161, 53.364306023120697 ], [ -6.16816719883165, 53.364286099094798 ], [ -6.16814404920949, 53.364272785402697 ], [ -6.16813228554829, 53.3642654519888 ], [ -6.16809851283024, 53.364244804405502 ], [ -6.16805938803407, 53.364225970261998 ], [ -6.16802669588709, 53.364214460491702 ], [ -6.16799396174887, 53.364205680688599 ], [ -6.16797304564852, 53.364198764013402 ], [ -6.16795141243392, 53.364186147680599 ], [ -6.16788733938599, 53.364141678941998 ], [ -6.16782439960222, 53.364098117401703 ], [ -6.16770193603762, 53.364014668025298 ], [ -6.16758514630707, 53.363935574152897 ], [ -6.16755782329657, 53.3639204264759 ], [ -6.16754147327008, 53.363913525013402 ], [ -6.16752055501556, 53.363907748829199 ], [ -6.16750534733301, 53.363901539919603 ], [ -6.16747228653367, 53.3638863751152 ], [ -6.1674282238703, 53.363865704135797 ], [ -6.16739822376674, 53.363850999773099 ], [ -6.16737889314315, 53.363836558134302 ], [ -6.16735426957928, 53.363818001289403 ], [ -6.16732774978232, 53.363797832490597 ], [ -6.16729473325082, 53.363778104097101 ], [ -6.1672567884034, 53.363754938405997 ], [ -6.16708039794502, 53.363644842333599 ], [ -6.16688962105673, 53.363522384596997 ], [ -6.16687272730304, 53.363533052953201 ], [ -6.16712649437821, 53.363694049928398 ], [ -6.16721146426946, 53.363747942423203 ], [ -6.16725622324966, 53.363776155409496 ], [ -6.16731042212346, 53.363815808858298 ], [ -6.16735439293586, 53.363846983903798 ], [ -6.1673748780559, 53.363858683893604 ], [ -6.16740148185226, 53.3638706306483 ], [ -6.16744744691787, 53.363892455279803 ], [ -6.16749454406975, 53.363914512096997 ], [ -6.16757095095814, 53.363945340281198 ], [ -6.16758156203731, 53.3639522156301 ], [ -6.16760052127841, 53.363965510028102 ], [ -6.16763274826816, 53.363988201311201 ], [ -6.16779806307921, 53.364099860310603 ], [ -6.16796450409065, 53.364214709204802 ], [ -6.16798426926988, 53.364222533998401 ], [ -6.16800939694673, 53.364229003900199 ], [ -6.16803790600898, 53.364239596473297 ], [ -6.1680679455791, 53.364251326176301 ], [ -6.16808502276346, 53.364260511848599 ], [ -6.1681032314832, 53.364272428432798 ], [ -6.16812372275212, 53.364285045183102 ], [ -6.16814419900149, 53.364299027908501 ], [ -6.16816197561553, 53.364315062543596 ], [ -6.1681789778478, 53.364334051400597 ], [ -6.16819059165379, 53.364357136160301 ], [ -6.16819390849211, 53.364370153481403 ], [ -6.16818882121298, 53.364384741463098 ], [ -6.1681814448975, 53.364399095665803 ], [ -6.16817404651508, 53.364416415641401 ], [ -6.16816853524415, 53.364434196020497 ], [ -6.16816802888565, 53.364448799495598 ], [ -6.16817250585305, 53.364459993839198 ], [ -6.16818229520511, 53.364474854235098 ], [ -6.16819591272033, 53.364488363144602 ], [ -6.16821220562324, 53.364499370354601 ], [ -6.16823118310793, 53.364510148227097 ], [ -6.16825321549399, 53.364521171630301 ], [ -6.16827527383843, 53.364528087811998 ], [ -6.16830192233363, 53.3645341046198 ], [ -6.16832975494304, 53.364537389202802 ], [ -6.16837361818636, 53.364538216185402 ], [ -6.16840147984178, 53.364535569872302 ], [ -6.16842175765463, 53.364529699022299 ], [ -6.16843594837341, 53.364520391121701 ], [ -6.16845401541466, 53.364505841465203 ], [ -6.16846326602611, 53.364494696944803 ], [ -6.16847373702607, 53.364475105152202 ], [ -6.16847156328413, 53.364463461706897 ], [ -6.16846482339865, 53.364447920095103 ], [ -6.16845965379699, 53.364430101600803 ], [ -6.16845940345291, 53.364415270793501 ], [ -6.16846218416899, 53.364401591161098 ], [ -6.16846839635101, 53.364390202263401 ], [ -6.16848028980478, 53.364382252271596 ], [ -6.16849828848398, 53.364374548783999 ], [ -6.16853195550245, 53.364364389309102 ], [ -6.16856789188705, 53.364354921693398 ], [ -6.16860458601249, 53.364347055712201 ], [ -6.16862825896176, 53.364345756210803 ], [ -6.16865684891635, 53.364346761244597 ], [ -6.16867551423217, 53.364349789107997 ], [ -6.16870556603009, 53.364360153525801 ], [ -6.16872189292765, 53.364368653474799 ], [ -6.1687503547986, 53.364384941883898 ], [ -6.16877120747289, 53.364399613381003 ], [ -6.16879015956135, 53.364413823374697 ], [ -6.16880829801266, 53.364431903789402 ], [ -6.16882909751146, 53.364453421684203 ], [ -6.16884341282271, 53.364473088268603 ], [ -6.16884901356307, 53.364486113652703 ], [ -6.16885078297074, 53.3645023169003 ], [ -6.16884950059015, 53.364517151149997 ], [ -6.16884560034927, 53.3645278564872 ], [ -6.16883172149181, 53.364543558945499 ], [ -6.16880671395757, 53.364567213276501 ], [ -6.16880547281874, 53.364577932453798 ], [ -6.1687984686006, 53.364593424918603 ], [ -6.16878303136581, 53.3646132281497 ], [ -6.16875458529327, 53.364637556848997 ], [ -6.16873308551829, 53.364652998532101 ], [ -6.16871156652242, 53.364669588610603 ], [ -6.16867280292363, 53.364696618103501 ], [ -6.16863447261793, 53.364716347711898 ], [ -6.16857697667127, 53.364747195501103 ], [ -6.16852752785004, 53.3647739701726 ], [ -6.16845119095162, 53.364821638699098 ], [ -6.1684092867874, 53.364857102085203 ], [ -6.16838085416963, 53.364880057503903 ], [ -6.16833858574445, 53.364913465960903 ], [ -6.16829207299474, 53.364953020111201 ], [ -6.16824628512815, 53.3649966911888 ], [ -6.1681897733215, 53.365045562694803 ], [ -6.16814901579308, 53.365082624620598 ], [ -6.1680986056852, 53.365130386230398 ], [ -6.16805851378983, 53.365177496386202 ], [ -6.16800995192574, 53.3652318728994 ], [ -6.16797220383111, 53.365273734836499 ], [ -6.16793677884233, 53.365310133436701 ], [ -6.16790829081701, 53.3653385689096 ], [ -6.1678817369936, 53.365364266600103 ], [ -6.16785444194945, 53.365388361989901 ], [ -6.1678252111266, 53.3654151951241 ], [ -6.16778717082706, 53.365445650064103 ], [ -6.16774144532898, 53.365482240991497 ], [ -6.16771494901342, 53.365500641994501 ], [ -6.16770151051822, 53.365511318582499 ], [ -6.16768187578883, 53.3655302024424 ], [ -6.16766760797248, 53.365547947210402 ], [ -6.16765833688028, 53.365560924053497 ], [ -6.16764873405608, 53.365567975262898 ], [ -6.16763261989614, 53.365577270614203 ], [ -6.16760276759155, 53.365588817776697 ], [ -6.1675292927633, 53.365614594826198 ], [ -6.1674175791678, 53.3656491467219 ], [ -6.16738315889991, 53.365658620204599 ], [ -6.16733241261903, 53.365660967855902 ], [ -6.16727018691006, 53.365665107599099 ], [ -6.16721141602016, 53.365667879335199 ], [ -6.16716752409966, 53.365669793798098 ], [ -6.16710025405074, 53.365683272931399 ], [ -6.16708229357327, 53.365688002597402 ], [ -6.16704671295105, 53.365699299846497 ], [ -6.16701762952646, 53.365708332984902 ], [ -6.16697507593268, 53.365731924148797 ], [ -6.16694247273809, 53.365752586088497 ], [ -6.1669071585275, 53.365775525334499 ], [ -6.16682618808925, 53.365829564415201 ], [ -6.16676097644673, 53.3658692882222 ], [ -6.16674101455216, 53.365883144287402 ], [ -6.16673287587348, 53.365897037279296 ], [ -6.16670968437783, 53.365887838377098 ], [ -6.16668275449792, 53.365870862953599 ], [ -6.16665810873876, 53.365854587744501 ], [ -6.16662549116043, 53.365832573314201 ], [ -6.16660128374042, 53.3658099061144 ], [ -6.16658536116817, 53.365798671581999 ], [ -6.16656553119312, 53.365797243380698 ], [ -6.16653197476554, 53.365795307663198 ], [ -6.16651446610135, 53.365790913953198 ], [ -6.16650159244855, 53.365780381496599 ], [ -6.16649183707082, 53.365762322578597 ], [ -6.16648056667773, 53.365743115954999 ], [ -6.166473121916, 53.365721641061903 ], [ -6.16646070161881, 53.3657033524414 ], [ -6.16642263821684, 53.365651428668002 ], [ -6.16639633286693, 53.365606622662398 ], [ -6.16638933215658, 53.365579673569997 ], [ -6.16638883445293, 53.365550011088999 ], [ -6.16639256415533, 53.365516702329998 ], [ -6.16640532145856, 53.365456501114899 ], [ -6.16641061712406, 53.365418184811702 ], [ -6.16640350035113, 53.365404469988498 ], [ -6.16639608131729, 53.365380263964099 ], [ -6.16640042204119, 53.365364532068902 ], [ -6.16640988591418, 53.365331014807502 ], [ -6.16641939217838, 53.365291576757301 ], [ -6.16642931999594, 53.365247571078498 ], [ -6.16643220225995, 53.365223846018303 ], [ -6.16642659256259, 53.365211044186701 ], [ -6.16640922811394, 53.365191367307901 ], [ -6.16639262107229, 53.365171234677199 ], [ -6.16638173782851, 53.365151800296402 ], [ -6.16637050484075, 53.365128263709501 ], [ -6.16636269224026, 53.365105875343801 ], [ -6.16635685548471, 53.365075969031402 ], [ -6.16634653250772, 53.3650350937667 ], [ -6.16633812468719, 53.364995810981398 ], [ -6.16633042901399, 53.3649595052512 ], [ -6.16632390978398, 53.3649213840012 ], [ -6.16631624312651, 53.364883703517599 ], [ -6.16630786426554, 53.364838499734098 ], [ -6.16630021272664, 53.364799453271502 ], [ -6.16628182924804, 53.364722724158298 ], [ -6.16626775576562, 53.364675446464403 ], [ -6.1662592363873, 53.364647125788302 ], [ -6.16624803116141, 53.364620848205803 ], [ -6.16623754174796, 53.364599596150903 ], [ -6.16623043617303, 53.3645831409777 ], [ -6.16622791301419, 53.364566702294702 ], [ -6.16622093476314, 53.364536787418402 ], [ -6.16620942492441, 53.364501160096601 ], [ -6.16620244890979, 53.364471928357901 ], [ -6.16619383452027, 53.364453868068097 ], [ -6.16617730474123, 53.364425298447401 ], [ -6.16616840472003, 53.364396746308998 ], [ -6.16616295943005, 53.3643654627109 ], [ -6.16615497583351, 53.364321172796103 ], [ -6.16614697845057, 53.364276189676602 ], [ -6.16613940257445, 53.364227340907902 ], [ -6.16613465912354, 53.364203822232497 ], [ -6.16613255144911, 53.364183274224601 ], [ -6.1661342144486, 53.364167996435299 ], [ -6.16613019215762, 53.364149728077201 ], [ -6.16612353472491, 53.364125291051103 ], [ -6.16611313208802, 53.364094676386202 ], [ -6.16610727413504, 53.364068418947298 ], [ -6.16609727842321, 53.364033928521202 ], [ -6.16609258899403, 53.364004255538802 ], [ -6.16608469616356, 53.363948095366801 ], [ -6.16606986056617, 53.363943023608599 ], [ -6.16606670186121, 53.363955341059203 ], [ -6.16606881881655, 53.363974972413203 ], [ -6.16607427911484, 53.364004189856502 ], [ -6.16608120988808, 53.364038669133599 ], [ -6.1660892119428, 53.364081826823799 ], [ -6.16610173113098, 53.364132746954297 ], [ -6.16610420526786, 53.364154208405402 ], [ -6.16610404098163, 53.364172691058002 ], [ -6.16610574927617, 53.364194140739002 ], [ -6.16611121817311, 53.364222459489298 ], [ -6.16612008555914, 53.3642548832578 ], [ -6.1661285617546, 53.364287318989803 ], [ -6.16613366849221, 53.364313574768701 ], [ -6.16613576723784, 53.364335030449297 ], [ -6.16613824061065, 53.364357174992001 ], [ -6.16614145701929, 53.364380911981797 ], [ -6.16614773762121, 53.3644039779035 ], [ -6.16615449778005, 53.3644151795515 ], [ -6.16615898460974, 53.364426831626503 ], [ -6.1661697868217, 53.364454478223202 ], [ -6.16617948809511, 53.364479384468602 ], [ -6.1661891843938, 53.364504056942899 ], [ -6.1662011425641, 53.364532394518498 ], [ -6.16620737244947, 53.364559791080602 ], [ -6.1662105205801, 53.3645910663382 ], [ -6.16621449001663, 53.364616864211399 ], [ -6.16622193027184, 53.364637422258703 ], [ -6.16623242538481, 53.364659591201097 ], [ -6.16624622684006, 53.3646929446613 ], [ -6.16625547016431, 53.364726066286103 ], [ -6.1662658380125, 53.3647616949278 ], [ -6.16627876061463, 53.364808514512802 ], [ -6.16628461474369, 53.3648372795939 ], [ -6.16628742867993, 53.364863077683303 ], [ -6.1662917149914, 53.364895493954599 ], [ -6.16629521752943, 53.364930414883403 ], [ -6.16630060906064, 53.364966487468202 ], [ -6.16630870221094, 53.365001200303901 ], [ -6.16631894757269, 53.3650498294163 ], [ -6.16632392611986, 53.3650888707541 ], [ -6.16633416220122, 53.365138416520097 ], [ -6.16634347431942, 53.365164691965703 ], [ -6.16635553111265, 53.365180243495502 ], [ -6.16636991917162, 53.3651932970673 ], [ -6.16638391608423, 53.365205661522097 ], [ -6.16638872772498, 53.3652216500004 ], [ -6.16638633173982, 53.365235101805702 ], [ -6.1663777897044, 53.365251738972098 ], [ -6.1663703711479, 53.365269507940702 ], [ -6.16636371920319, 53.365287970894698 ], [ -6.16636087373551, 53.365308039212003 ], [ -6.1663614153761, 53.365331780031198 ], [ -6.16635967122153, 53.365356645206802 ], [ -6.16636134892485, 53.365382659525999 ], [ -6.16636074178756, 53.3654079915841 ], [ -6.1663556433583, 53.365423486230497 ], [ -6.16635016058523, 53.3654392176527 ], [ -6.16634272015832, 53.365460643589998 ], [ -6.1663356408111, 53.365484123490603 ], [ -6.16633127291009, 53.365502586485803 ], [ -6.1663296006009, 53.365518780930003 ], [ -6.16632943398861, 53.365538404147799 ], [ -6.1663299720528, 53.365563277427199 ], [ -6.16633133577233, 53.365580857768798 ], [ -6.16633574909948, 53.365599123135297 ], [ -6.16634170710496, 53.3656146618424 ], [ -6.16635035711947, 53.365629065357098 ], [ -6.16636091234941, 53.3656439286828 ], [ -6.16637221338173, 53.365659935983103 ], [ -6.16638539946214, 53.365678237279099 ], [ -6.16639742494637, 53.365697670333297 ], [ -6.16640530629645, 53.365713212524597 ], [ -6.16641050345611, 53.365728973230397 ], [ -6.1664137919581, 53.3657440394799 ], [ -6.16641439981634, 53.365762075592897 ], [ -6.16641344303314, 53.365782603466698 ], [ -6.16640981807083, 53.365804726197901 ], [ -6.16640400023099, 53.3658156626513 ], [ -6.16639511806062, 53.365827271076 ], [ -6.16638391595711, 53.365843212126798 ], [ -6.16636809638106, 53.3658627835731 ], [ -6.16634456846708, 53.365890773580198 ], [ -6.16632758852914, 53.365912169775797 ], [ -6.16631178320494, 53.365931058329103 ], [ -6.16629791231046, 53.365945842923999 ], [ -6.1662844869132, 53.365955153347002 ], [ -6.16626068715646, 53.365971277407503 ], [ -6.16623421893683, 53.365986938010401 ], [ -6.16620584701419, 53.366002137918201 ], [ -6.16617328404968, 53.366018001458599 ], [ -6.16614034994713, 53.366032044565202 ], [ -6.16612019419858, 53.366024904663597 ], [ -6.16610426160052, 53.366015268917202 ], [ -6.16608681083335, 53.366003579397997 ], [ -6.1660735750299, 53.365990983926203 ], [ -6.16605961411393, 53.365974279579497 ], [ -6.16602822540409, 53.365943603048201 ], [ -6.16601456231842, 53.3659346583092 ], [ -6.16599553575916, 53.365930268159303 ], [ -6.16596845118167, 53.365929492360401 ], [ -6.16594442011987, 53.365928961227603 ], [ -6.16592228383451, 53.365929797558103 ], [ -6.16589709930031, 53.365931315977598 ], [ -6.16587725247322, 53.365933077322502 ], [ -6.16585769720957, 53.365943057479598 ], [ -6.16584883313326, 53.365952841534103 ], [ -6.16583730665083, 53.365963070928302 ], [ -6.16581964613846, 53.365974418548497 ], [ -6.16580354286081, 53.365984182109401 ], [ -6.16578853365379, 53.365997825622102 ], [ -6.16578002882294, 53.366011489116197 ], [ -6.16577455680155, 53.3660244801695 ], [ -6.16578933042387, 53.366037306041797 ], [ -6.16580616498753, 53.366031193053203 ], [ -6.16581807296292, 53.366021878234797 ], [ -6.1658365123395, 53.366007792190999 ], [ -6.16585649597533, 53.365991654500199 ], [ -6.16587648457995, 53.365975750576197 ], [ -6.16589529577646, 53.365962802754098 ], [ -6.16591478474599, 53.3659585281926 ], [ -6.16593458647322, 53.365962014369899 ], [ -6.1659783570252, 53.365974476948097 ], [ -6.16599010537221, 53.365981819324702 ], [ -6.16599953484187, 53.365994168452303 ], [ -6.16600437432925, 53.366008108058502 ], [ -6.16600951662573, 53.366029340865602 ], [ -6.16601856251113, 53.366042608984003 ], [ -6.16603292284264, 53.366057711481297 ], [ -6.16604730934996, 53.366068706762803 ], [ -6.16606673140925, 53.366073336675903 ], [ -6.16609149977505, 53.366076610634501 ], [ -6.16612084174336, 53.366080809655301 ], [ -6.16614600842739, 53.366081807615103 ], [ -6.16616968023134, 53.3660784601621 ], [ -6.16619603478741, 53.366074893273101 ], [ -6.16621555239032, 53.366069252893098 ], [ -6.1662419849919, 53.366056556960302 ], [ -6.16626958206829, 53.366042954028302 ], [ -6.16629757675347, 53.366026391087502 ], [ -6.1663317491261, 53.366001395046403 ], [ -6.16637016631447, 53.365972312563102 ], [ -6.16640822164115, 53.365940492987697 ], [ -6.16643166267058, 53.3659211734672 ], [ -6.16645123100968, 53.365909136014402 ], [ -6.16646694005482, 53.365901199906297 ], [ -6.16649216246117, 53.3658960345293 ], [ -6.16652039803407, 53.365895902107503 ], [ -6.16655506832026, 53.3659012605778 ], [ -6.16658474237327, 53.365908887301103 ], [ -6.16661972632137, 53.3659226887114 ], [ -6.16665086651579, 53.365937851195902 ], [ -6.16667284308907, 53.365954346056398 ], [ -6.16669254557414, 53.365969242924002 ], [ -6.16672408168878, 53.365984635278103 ], [ -6.16675220261861, 53.365996587497399 ], [ -6.16678302602677, 53.366005131548498 ], [ -6.16678897143303, 53.3660227184523 ], [ -6.16679949787339, 53.366040322700798 ], [ -6.16681222130442, 53.366066605567603 ], [ -6.16682195937864, 53.366087171904297 ], [ -6.16682638803919, 53.366104071275899 ], [ -6.16682276253786, 53.366125510904403 ], [ -6.16681574409687, 53.366143061339301 ], [ -6.16680604105441, 53.366160139097701 ], [ -6.16679252777049, 53.366178811254102 ], [ -6.16677098081424, 53.366198816082502 ], [ -6.16673603521907, 53.366225408361302 ], [ -6.16668575904664, 53.366258784002397 ], [ -6.16664046648369, 53.366289449841602 ], [ -6.16659667889904, 53.366322161135699 ], [ -6.16656815706161, 53.366355160891501 ], [ -6.166547973737, 53.366392746015002 ], [ -6.16653669009535, 53.366417581466301 ], [ -6.16652309554289, 53.366443774584098 ], [ -6.16649639615339, 53.3664868214912 ], [ -6.16645120805967, 53.366548285197602 ], [ -6.16642078735928, 53.366578990711403 ], [ -6.16635584662088, 53.366631264220501 ], [ -6.16627513903761, 53.366697636114203 ], [ -6.16616840774824, 53.366772136057797 ], [ -6.16605749387954, 53.366846392762199 ], [ -6.16595991380488, 53.366920466904702 ], [ -6.16589764051967, 53.366973202713403 ], [ -6.16583573357653, 53.367026851931001 ], [ -6.16580147065515, 53.367061658880203 ], [ -6.1657774523418, 53.3671017375841 ], [ -6.16576380148667, 53.367134785965 ], [ -6.1657574313047, 53.367165564377402 ], [ -6.16574942784663, 53.367207074784197 ], [ -6.16574028549072, 53.367247426180299 ], [ -6.16572935584849, 53.367275233110298 ], [ -6.16565980970157, 53.367371305153497 ], [ -6.1655673998989, 53.367508929660097 ], [ -6.16552304615248, 53.3675663072205 ], [ -6.16543262586908, 53.367684856852499 ], [ -6.16537294569961, 53.367742601844597 ], [ -6.16527917287748, 53.367814379960897 ], [ -6.16519737365913, 53.367871128647799 ], [ -6.16512171790125, 53.3679226606043 ], [ -6.16504417824078, 53.367973265622297 ], [ -6.16498825807864, 53.3680358122241 ], [ -6.16493245550926, 53.368164068978601 ], [ -6.16490593673245, 53.368263678475103 ], [ -6.16487492002259, 53.368314450521297 ], [ -6.16480161830693, 53.368399986754298 ], [ -6.16474759412887, 53.3684627691324 ], [ -6.16469125064978, 53.368530557308098 ], [ -6.16466472532208, 53.368551689619302 ], [ -6.16459409849722, 53.368595930051498 ], [ -6.16453536939138, 53.368633596099102 ], [ -6.16446973258409, 53.368674668463299 ], [ -6.16439728637646, 53.368710919032402 ], [ -6.16428964534944, 53.368756404646703 ], [ -6.16423874930344, 53.368774025978297 ], [ -6.164201642482, 53.3687843911081 ], [ -6.16416532962815, 53.368792018944902 ], [ -6.1640961072567, 53.368810256205002 ], [ -6.16401080058383, 53.368834599735997 ], [ -6.16394844766866, 53.368852412294999 ], [ -6.16388339764636, 53.368872484306998 ], [ -6.16380351182012, 53.368889550645903 ], [ -6.16375035689079, 53.368901682063502 ], [ -6.16370832601181, 53.368910209581401 ], [ -6.16362122148095, 53.3689222229956 ], [ -6.16353490643399, 53.368934013903697 ], [ -6.16346120116732, 53.368941515489901 ], [ -6.1633943817266, 53.368947900609101 ], [ -6.16331498600086, 53.368952869730698 ], [ -6.16322340996141, 53.368955288318901 ], [ -6.16317916402688, 53.3689549038927 ], [ -6.16314744592364, 53.368961182006501 ], [ -6.16310419755306, 53.368974948680901 ], [ -6.16305133222137, 53.368997804496601 ], [ -6.16302868755503, 53.369013244624398 ], [ -6.16299676684549, 53.3690395947689 ], [ -6.16294869737944, 53.3690791310013 ], [ -6.16292828794917, 53.369097769373496 ], [ -6.16287046148139, 53.369121744170002 ], [ -6.16282872713431, 53.3691373397874 ], [ -6.16279235286783, 53.3691502225752 ], [ -6.16273507164651, 53.369156637326199 ], [ -6.16268197689917, 53.369164213069404 ], [ -6.16260524113667, 53.369169869827502 ], [ -6.16249107861128, 53.369180423171699 ], [ -6.162383412783, 53.369189404640402 ], [ -6.16235248315084, 53.369192720484101 ], [ -6.16227267544668, 53.369200647785398 ], [ -6.16221769517628, 53.369205939141501 ], [ -6.16217182458055, 53.369215359740302 ], [ -6.16210792031743, 53.369235664155298 ], [ -6.16205661420066, 53.369255794052101 ], [ -6.16201218215978, 53.369274349004598 ], [ -6.16197420181555, 53.369295205426198 ], [ -6.16194773569188, 53.369311080844597 ], [ -6.16192246824341, 53.3693189770011 ], [ -6.16186900394744, 53.369326087394498 ], [ -6.16185022255867, 53.369327146332701 ], [ -6.16166564138628, 53.369337557051097 ], [ -6.16163317308563, 53.369338944402102 ], [ -6.16160432390228, 53.369340359634798 ], [ -6.16157998113945, 53.369341090173101 ], [ -6.16156037430886, 53.369345263351498 ], [ -6.16154216404353, 53.369354660424897 ], [ -6.16153111742929, 53.369366612655298 ], [ -6.16152175859957, 53.369385052519497 ], [ -6.16151674693392, 53.369410343665699 ], [ -6.16151411953167, 53.369422182919799 ], [ -6.16151208446695, 53.369433842546997 ], [ -6.16151039689664, 53.3694447615052 ], [ -6.16150305417485, 53.369466287524801 ], [ -6.1614845029649, 53.369478016274499 ], [ -6.1614554216123, 53.3694907512565 ], [ -6.161438462766, 53.3694979933437 ], [ -6.16142276841783, 53.3695020110614 ], [ -6.16140498671886, 53.369504944995299 ], [ -6.16137584566246, 53.369505457753299 ], [ -6.16133681618039, 53.369504290149699 ], [ -6.16130472732485, 53.369502447498803 ], [ -6.16128527960386, 53.3694980051771 ], [ -6.16127030763804, 53.3694961026779 ], [ -6.16124872521792, 53.3694941531487 ], [ -6.16122497532755, 53.369495422156703 ], [ -6.16118854459691, 53.369499479852699 ], [ -6.16115809898706, 53.369505192815097 ], [ -6.1611297069474, 53.369513436139698 ], [ -6.1611081754916, 53.369524606579297 ], [ -6.16109444729194, 53.369534927431602 ], [ -6.16108940830477, 53.369546927256302 ], [ -6.16109385277974, 53.369565821575002 ], [ -6.16110483928508, 53.369572362623401 ], [ -6.16113294316841, 53.369578484334397 ], [ -6.16114884182655, 53.369579493319897 ], [ -6.16116887378665, 53.369583944666097 ], [ -6.16118225587241, 53.369591043038803 ], [ -6.16119536890289, 53.369627064058001 ], [ -6.16120299005041, 53.369651723829698 ], [ -6.1612036908565, 53.369661969516301 ], [ -6.16120077737659, 53.369673086196798 ], [ -6.16119667222768, 53.369683293782401 ], [ -6.16118930923581, 53.369691330846798 ], [ -6.16116794235047, 53.369709145230097 ], [ -6.16112897509836, 53.369735449220499 ], [ -6.16110136333121, 53.369750345060901 ], [ -6.1610792474395, 53.369760078261301 ], [ -6.16103548569922, 53.369770726358503 ], [ -6.16099656132129, 53.369780334446403 ], [ -6.16097900977763, 53.369786678400502 ], [ -6.16095921741607, 53.369800732969999 ], [ -6.16095239881103, 53.3698110973707 ], [ -6.16094580068048, 53.369826146234701 ], [ -6.16094125801636, 53.3698437165123 ], [ -6.16092941630744, 53.369865361018 ], [ -6.16091043506107, 53.369884272731298 ], [ -6.16088761512162, 53.369899565946497 ], [ -6.16086575246216, 53.369911441308602 ], [ -6.16083113839675, 53.3699147988495 ], [ -6.16081567716108, 53.369907506606403 ], [ -6.16079921773663, 53.369904511525903 ], [ -6.16077908958386, 53.369904731612699 ], [ -6.16076009182508, 53.3699080152265 ], [ -6.16074282261971, 53.369915791726299 ], [ -6.16073209976579, 53.369926499511401 ], [ -6.160725872698, 53.369938131367697 ], [ -6.16072533142931, 53.369950344310702 ], [ -6.16072944390811, 53.369970662653003 ], [ -6.16073517120528, 53.369984894791699 ], [ -6.16073783863444, 53.370002162729598 ], [ -6.1607165925682, 53.370013328510403 ], [ -6.16069938759098, 53.370017520592299 ], [ -6.16067191256925, 53.370025049898302 ], [ -6.16064350368113, 53.370034371436503 ], [ -6.1606169064539, 53.3700428040936 ], [ -6.16059365314026, 53.370048933373099 ], [ -6.16057076339934, 53.370052902989499 ], [ -6.16055362901471, 53.370038053691403 ], [ -6.16054752170252, 53.370027410076197 ], [ -6.16054141265188, 53.3700178531099 ], [ -6.16053164278812, 53.370010594628603 ], [ -6.16052009519346, 53.370002077357398 ], [ -6.16050341609105, 53.369994414861601 ], [ -6.16048166314364, 53.369985641404803 ], [ -6.16046663679856, 53.3700017018285 ], [ -6.16046930300503, 53.370018960766103 ], [ -6.16046923384706, 53.370038002147602 ], [ -6.16046270793774, 53.370049277944503 ], [ -6.16045208371263, 53.370070214024501 ], [ -6.16044736750489, 53.370080960447197 ], [ -6.16043069221154, 53.370089285351 ], [ -6.16041382390191, 53.370076597307602 ], [ -6.1603980956053, 53.370066784191501 ], [ -6.1603761885283, 53.370065736413203 ], [ -6.16036937077462, 53.370076460323403 ], [ -6.16036873280657, 53.370093704280201 ], [ -6.16036312327989, 53.370103906623498 ], [ -6.16036222496664, 53.370119519698598 ], [ -6.16036422770551, 53.370139653629998 ], [ -6.16036698187782, 53.370152429701797 ], [ -6.16034934080615, 53.370163983555599 ], [ -6.16032380714401, 53.370179432571298 ], [ -6.16030767539434, 53.370190452416999 ], [ -6.16029567846776, 53.370204565035003 ], [ -6.16029591580313, 53.370223781018801 ], [ -6.16030706027434, 53.370237153826103 ], [ -6.16030499974298, 53.370250790450001 ], [ -6.16028785760499, 53.370282463133599 ], [ -6.16027262241954, 53.370308943955003 ], [ -6.16026071094494, 53.370349630666702 ], [ -6.16024453685121, 53.370393710329701 ], [ -6.16023486459313, 53.370427772186098 ], [ -6.16022540243316, 53.370450334154199 ], [ -6.16021544212376, 53.370468414104799 ], [ -6.16019785908361, 53.370492181128697 ], [ -6.16017857197524, 53.370510538832001 ], [ -6.16014616326564, 53.3705397749114 ], [ -6.16012063808018, 53.370555403780003 ], [ -6.16010283160803, 53.370559946032699 ], [ -6.16008682096422, 53.370563967689101 ], [ -6.16007078431463, 53.370570684510298 ], [ -6.1600576741203, 53.370580286728199 ], [ -6.16004385703531, 53.370596176991597 ], [ -6.16002194509644, 53.370610576233702 ], [ -6.15999632098625, 53.370615249604597 ], [ -6.15996687010438, 53.370616656068798 ], [ -6.15994299920702, 53.3706238542878 ], [ -6.15991274200049, 53.370650588800601 ], [ -6.1598696584331, 53.3706880084668 ], [ -6.15984583018391, 53.370708857737398 ], [ -6.15981170805018, 53.370733591172097 ], [ -6.15975595741418, 53.370773430142101 ], [ -6.15972925170941, 53.370771814796001 ], [ -6.15972588054525, 53.370760106882798 ], [ -6.15970716032453, 53.370750284390603 ], [ -6.15967709472297, 53.3707516893937 ], [ -6.15965426975122, 53.370751705916803 ], [ -6.15962969208173, 53.370748837151098 ], [ -6.15960505633229, 53.3707490234803 ], [ -6.15958504338113, 53.370758761874903 ], [ -6.15956869893057, 53.370765294118101 ], [ -6.1595464500876, 53.370766936487001 ], [ -6.15952783248923, 53.370766271851402 ], [ -6.1595109437846, 53.370769741494797 ], [ -6.1594903611583, 53.370778400590503 ], [ -6.15947779497163, 53.370791066232798 ], [ -6.15946815099436, 53.370808422955498 ], [ -6.15945615356606, 53.370822885125001 ], [ -6.15944238348449, 53.370835900712798 ], [ -6.15942871216619, 53.370843175246897 ], [ -6.15941300891704, 53.370847731860202 ], [ -6.15938919491054, 53.370852594808099 ], [ -6.15935366437643, 53.370856656848296 ], [ -6.15930764058959, 53.370860825773804 ], [ -6.15928655437423, 53.3708637353906 ], [ -6.15926044968722, 53.370862470762603 ], [ -6.15924620856383, 53.370869017429001 ], [ -6.15922918259054, 53.370879502021197 ], [ -6.15920513581221, 53.370896034347098 ], [ -6.15917882937172, 53.370904291409097 ], [ -6.15916231418572, 53.370904360228998 ], [ -6.15912865723803, 53.370905017602702 ], [ -6.15910838844371, 53.370897336390897 ], [ -6.15909351280242, 53.370890403500198 ], [ -6.15907679249367, 53.370885436637799 ], [ -6.1590522312392, 53.37088148942 ], [ -6.15902590565233, 53.370876635031998 ], [ -6.15900013235747, 53.370873227274103 ], [ -6.15897903503216, 53.370861759103299 ], [ -6.15895770330984, 53.370846701011601 ], [ -6.15894092321134, 53.370829880437398 ], [ -6.15892999379264, 53.370819925445602 ], [ -6.15891574166144, 53.370811743800303 ], [ -6.15886709104059, 53.370780682236102 ], [ -6.15878664138721, 53.370733062685602 ], [ -6.15872420401634, 53.370700108448197 ], [ -6.15869481442092, 53.370683020476399 ], [ -6.1586615536258, 53.370663384824603 ], [ -6.15864407814563, 53.370651226455003 ], [ -6.15861830343812, 53.370632909824202 ], [ -6.15856789084586, 53.3705995028836 ], [ -6.15853376991498, 53.3705782441316 ], [ -6.15852041170311, 53.370570247007997 ], [ -6.15849482567332, 53.370573302764598 ], [ -6.15846451593062, 53.370572008125599 ], [ -6.15844667438639, 53.370562728398397 ], [ -6.15842086727307, 53.370546559409497 ], [ -6.15839856997527, 53.370534731062897 ], [ -6.15832724736886, 53.370496327453701 ], [ -6.15828563919457, 53.370473399915198 ], [ -6.158245841004, 53.370450670173398 ], [ -6.15820932439464, 53.370428862922701 ], [ -6.15817008676484, 53.370408468858002 ], [ -6.15813943259117, 53.370393878829901 ], [ -6.15810515698611, 53.370380706068701 ], [ -6.15807750163954, 53.370365963670302 ], [ -6.15805202612119, 53.370348002072298 ], [ -6.15804537548176, 53.370335021988801 ], [ -6.15804598241491, 53.3703192156757 ], [ -6.15805773551892, 53.370302412934798 ], [ -6.15805344692587, 53.370291428743002 ], [ -6.1580391636842, 53.370284324197897 ], [ -6.15801470649042, 53.370275886054301 ], [ -6.15801549323002, 53.370266012947503 ], [ -6.15801456506787, 53.370251998561002 ], [ -6.15801330459218, 53.3702394162624 ], [ -6.15800734912617, 53.370222133457197 ], [ -6.15799485002779, 53.3702008496563 ], [ -6.15798613719856, 53.370185160145603 ], [ -6.15797370159786, 53.3701613606192 ], [ -6.15795406263725, 53.370120987965699 ], [ -6.15793401002096, 53.3700867191193 ], [ -6.1579197021305, 53.3700655961417 ], [ -6.1579067651938, 53.370051674119303 ], [ -6.15788569289821, 53.370038597242903 ], [ -6.15786454737191, 53.370030003458197 ], [ -6.1578424204281, 53.370024997899399 ], [ -6.15781552734236, 53.370017986292602 ], [ -6.15779247666514, 53.3700138742756 ], [ -6.15777087044932, 53.3700128216745 ], [ -6.1577510261309, 53.370014124219601 ], [ -6.15772570095093, 53.370019151359102 ], [ -6.15768404059483, 53.370030182114498 ], [ -6.15764501145797, 53.370044631253002 ], [ -6.15762099664611, 53.370059375099103 ], [ -6.1576195931822, 53.370069607200001 ], [ -6.15763605136104, 53.370072592813898 ], [ -6.15766132902187, 53.370069712246803 ], [ -6.15778135932168, 53.370060134930696 ], [ -6.15780571709395, 53.370058336695998 ], [ -6.15782788378949, 53.3700617249945 ], [ -6.15784481423349, 53.370071179505501 ], [ -6.15785933381194, 53.370081163056497 ], [ -6.15787500635947, 53.370094030748803 ], [ -6.1578855478274, 53.370107393580902 ], [ -6.15789932957509, 53.370124375654598 ], [ -6.15791385932981, 53.370149446991498 ], [ -6.1579231258079, 53.370166932812197 ], [ -6.15793120738481, 53.370184050699798 ], [ -6.1579331672936, 53.370206160529399 ], [ -6.15793570553396, 53.370245515107399 ], [ -6.15793899720627, 53.370261525411003 ], [ -6.15794668887439, 53.370282420422598 ], [ -6.15795273439847, 53.370311197864801 ], [ -6.15795387423384, 53.370329709631797 ], [ -6.15793736017016, 53.370345045697597 ], [ -6.15791733059721, 53.370355861245997 ], [ -6.15790242472739, 53.370365273723898 ], [ -6.15789897701654, 53.370387703650998 ], [ -6.15791615902926, 53.370400038265899 ], [ -6.15795438858701, 53.370411087975597 ], [ -6.15798782755486, 53.370420662463196 ], [ -6.15802180956146, 53.3704343700199 ], [ -6.15805962531681, 53.370450796356302 ], [ -6.15807904022395, 53.370455966742298 ], [ -6.15811911928178, 53.370464871592297 ], [ -6.15814180696381, 53.370472212803698 ], [ -6.15816262816583, 53.370482059882598 ], [ -6.15818846663188, 53.3704971508255 ], [ -6.15821687355908, 53.370518545297202 ], [ -6.15825474673741, 53.370548273231599 ], [ -6.15830079283003, 53.370588828666001 ], [ -6.15832441557143, 53.370609645936398 ], [ -6.15834167156699, 53.370618215563702 ], [ -6.15835838969906, 53.370623542026003 ], [ -6.15838953122966, 53.370627886649103 ], [ -6.15842061276447, 53.370636373909498 ], [ -6.15843401117712, 53.370642394255199 ], [ -6.15844253185232, 53.370651431276798 ], [ -6.15845637744331, 53.3706658975645 ], [ -6.15847559104976, 53.370681659198198 ], [ -6.15850171506568, 53.3706967553764 ], [ -6.15855250829223, 53.3707254862517 ], [ -6.15862052525629, 53.370764583838003 ], [ -6.15864653567099, 53.370786147954199 ], [ -6.15866866620412, 53.370806062181998 ], [ -6.15868563949968, 53.370829166747001 ], [ -6.15871013948391, 53.370851255824803 ], [ -6.15874006559999, 53.370871586931301 ], [ -6.15876652210528, 53.370885599705801 ], [ -6.15878441760728, 53.370892553164701 ], [ -6.15880026879792, 53.370895718002501 ], [ -6.15882778803904, 53.370901121161801 ], [ -6.15885794504237, 53.370910491965297 ], [ -6.15887604599591, 53.370921393511203 ], [ -6.1588878702613, 53.3709318917197 ], [ -6.15889664886889, 53.370943628254899 ], [ -6.1589070780766, 53.370962741722302 ], [ -6.15892536077958, 53.370995562947599 ], [ -6.15894437294546, 53.371021925700603 ], [ -6.15895671750141, 53.371035658700599 ], [ -6.1589873646281, 53.371050429066699 ], [ -6.15899549614771, 53.371064311886101 ], [ -6.15898503987934, 53.3710764527574 ], [ -6.15897782316384, 53.371092930088402 ], [ -6.15896494710229, 53.3711057706617 ], [ -6.15893813617703, 53.371110074957699 ], [ -6.15891770707458, 53.371110290091401 ], [ -6.15889878800285, 53.371110339765401 ], [ -6.15885484456147, 53.371114702401499 ], [ -6.15883319709748, 53.371115986298598 ], [ -6.15880042568277, 53.371118095358803 ], [ -6.15878364458466, 53.371130911616298 ], [ -6.15878729977289, 53.371144043179498 ], [ -6.15880562966787, 53.371159081052397 ], [ -6.15882432324239, 53.371170531041798 ], [ -6.15883341823635, 53.371181553404497 ], [ -6.15883232353538, 53.371191601527201 ], [ -6.15882126710375, 53.371204100743199 ], [ -6.1588130939614, 53.371222540717397 ], [ -6.15880885009536, 53.371239396469299 ], [ -6.15879921349086, 53.371256573488701 ], [ -6.15878783292527, 53.371269966523002 ], [ -6.15877064540541, 53.371289067365502 ], [ -6.15874704455783, 53.371313334555097 ], [ -6.15873378914585, 53.371330123170203 ], [ -6.15872544344499, 53.371342458371501 ], [ -6.1587016147495, 53.371362947881998 ], [ -6.15867698905138, 53.371378221808101 ], [ -6.15865424010326, 53.3713897415441 ], [ -6.15862729098837, 53.371400693126702 ], [ -6.15861332399326, 53.371392866387303 ], [ -6.1585955721583, 53.371379094857701 ], [ -6.15857332073078, 53.371365460623501 ], [ -6.15852122546002, 53.3713724657242 ], [ -6.15851555904466, 53.371385714112698 ], [ -6.15853535666775, 53.371386936406601 ], [ -6.15855774350819, 53.371393913362802 ], [ -6.15856865898465, 53.371404227701198 ], [ -6.15857176972951, 53.371413953321401 ], [ -6.15856940044738, 53.371427764917399 ], [ -6.15855586837413, 53.371443299881101 ], [ -6.15854225227396, 53.371448589668901 ], [ -6.15852715770328, 53.371452616266303 ], [ -6.15850366635545, 53.3714562256677 ], [ -6.1584750288891, 53.371461058046798 ], [ -6.15845238525196, 53.371466999481001 ], [ -6.15842706664815, 53.3714718560989 ], [ -6.15840055630486, 53.371475805385401 ], [ -6.1583638711667, 53.371477702030298 ], [ -6.15831134346415, 53.371476612763601 ], [ -6.15827022434659, 53.371475070367701 ], [ -6.1582134742962, 53.371474310477097 ], [ -6.15817019544165, 53.371475799698601 ], [ -6.15813288544228, 53.371478593540203 ], [ -6.15807539715114, 53.371484841093803 ], [ -6.15802757184495, 53.371488632082801 ], [ -6.15797614912768, 53.371491504655502 ], [ -6.15793982985155, 53.371490529687001 ], [ -6.15789274048267, 53.371487331953098 ], [ -6.15784329091469, 53.371482129345999 ], [ -6.15777950740708, 53.371472347054301 ], [ -6.15775707208321, 53.371467156960797 ], [ -6.15771144447259, 53.3714506719582 ], [ -6.15766702502255, 53.371434017735702 ], [ -6.15762475997243, 53.3714141439185 ], [ -6.15759149042052, 53.3713954057596 ], [ -6.15755854552115, 53.371375414252 ], [ -6.15752729796959, 53.3713602846057 ], [ -6.15749987564736, 53.371349499596299 ], [ -6.15747191804171, 53.371335830982801 ], [ -6.15743268714257, 53.371314538861803 ], [ -6.15739865439649, 53.371289148363303 ], [ -6.15738182825589, 53.3712734045452 ], [ -6.1573710589935, 53.371256263998902 ], [ -6.15736342444563, 53.371247591124003 ], [ -6.15735063543143, 53.371241030887902 ], [ -6.15733581530969, 53.3712306920972 ], [ -6.15731528701795, 53.371220670533297 ], [ -6.15730131263465, 53.371214100976701 ], [ -6.15727937089568, 53.371199222814802 ], [ -6.15725223090232, 53.371174243407097 ], [ -6.15722801538077, 53.371153237006702 ], [ -6.15721257030862, 53.371144146901301 ], [ -6.15718933119432, 53.371134639825897 ], [ -6.1571669188963, 53.371129270210602 ], [ -6.15713961232354, 53.371127645006801 ], [ -6.15710424237068, 53.371123800120003 ], [ -6.15707009716969, 53.371119435741903 ], [ -6.15705393013855, 53.371116625325399 ], [ -6.15703661034275, 53.371111657906397 ], [ -6.15700975782297, 53.3711023017214 ], [ -6.15699213615779, 53.371097329633798 ], [ -6.15696424490316, 53.371094975403103 ], [ -6.15689865228045, 53.3710860725052 ], [ -6.15684678209989, 53.371081218588898 ], [ -6.15681228858857, 53.371079005032399 ], [ -6.15677414284428, 53.371078919193899 ], [ -6.15674287303225, 53.371080673377101 ], [ -6.15671244069038, 53.371085307732002 ], [ -6.15667808590695, 53.371091714190698 ], [ -6.15661079990185, 53.371107407324601 ], [ -6.15657850821771, 53.371114726469798 ], [ -6.15653669947533, 53.371118025564002 ], [ -6.156513095128, 53.371112107105503 ], [ -6.15649155303015, 53.371107469863396 ], [ -6.1564683523901, 53.371096345359803 ], [ -6.15645719539521, 53.371082971995499 ], [ -6.15645653511883, 53.371071118009098 ], [ -6.15646002676643, 53.371061260631599 ], [ -6.15646989085755, 53.371048580523301 ], [ -6.1564856093885, 53.371043296484601 ], [ -6.15651220128272, 53.371035403951304 ], [ -6.15654151270575, 53.371026448769101 ], [ -6.15658536710523, 53.371010231935699 ], [ -6.15659898269375, 53.371005652432203 ], [ -6.15661620308216, 53.371000391575897 ], [ -6.15663168728689, 53.370991519393797 ], [ -6.15664789297936, 53.370977076665802 ], [ -6.15667131726071, 53.370961793584698 ], [ -6.15670271309781, 53.370939022400002 ], [ -6.1567170755361, 53.370926196036798 ], [ -6.15673586972344, 53.3709018909503 ], [ -6.1567445240415, 53.370889380886403 ], [ -6.15674838003135, 53.370876652895902 ], [ -6.15674860617548, 53.370864803614602 ], [ -6.15674344050665, 53.370852907004902 ], [ -6.15672890260971, 53.3708283827822 ], [ -6.15671175845229, 53.370799514737897 ], [ -6.15669345533256, 53.370782868057297 ], [ -6.15667230242539, 53.370774094184497 ], [ -6.15663616807841, 53.370763596847198 ], [ -6.15661673681071, 53.370759154020099 ], [ -6.15659963744503, 53.370758134873697 ], [ -6.15658398304475, 53.3707594659965 ], [ -6.15656347257818, 53.370764352448198 ], [ -6.15652685443601, 53.370778281200202 ], [ -6.15649391273057, 53.370788825142697 ], [ -6.1564631895674, 53.370792924634998 ], [ -6.15639864545797, 53.370791388227602 ], [ -6.15637494235124, 53.370790509710901 ], [ -6.15632845756659, 53.370786591748001 ], [ -6.15629605982227, 53.370784923646497 ], [ -6.15625550183791, 53.370785716272202 ], [ -6.15619063320416, 53.370785082549197 ], [ -6.15612399347087, 53.370783351826397 ], [ -6.15609309028555, 53.370781876639697 ], [ -6.15605209282609, 53.370774404022299 ], [ -6.15602102577245, 53.3707652071949 ], [ -6.15598549330994, 53.3707550793876 ], [ -6.15596032102232, 53.370752029899698 ], [ -6.15594050149266, 53.370751705659998 ], [ -6.1559212098833, 53.370755163731701 ], [ -6.15589441541835, 53.370758389011499 ], [ -6.15586975537385, 53.3707598325459 ], [ -6.15585019492907, 53.370762207864502 ], [ -6.15583118715255, 53.370766748895299 ], [ -6.1558054234742, 53.370778778773797 ], [ -6.15577145343193, 53.370795066282803 ], [ -6.15574828020608, 53.370813229302001 ], [ -6.15572896436177, 53.3708332127243 ], [ -6.15571112060172, 53.3708546390341 ], [ -6.15569480138524, 53.370875181091698 ], [ -6.15568057831075, 53.370895557801497 ], [ -6.15566130272508, 53.370913564425301 ], [ -6.15564209368114, 53.370927978580703 ], [ -6.15561604511769, 53.370939293946201 ], [ -6.15559525838025, 53.370942917610797 ], [ -6.15551417662473, 53.370957614930198 ], [ -6.15548772172278, 53.3709585084286 ], [ -6.15546578313907, 53.370959607450601 ], [ -6.155447944109, 53.370965235186297 ], [ -6.15543607461206, 53.370972878670699 ], [ -6.15541338851555, 53.3709811549138 ], [ -6.15538590330655, 53.370989231136299 ], [ -6.15536176361114, 53.370994627543197 ], [ -6.15533310945355, 53.371000888038999 ], [ -6.15531180318759, 53.370999839632198 ], [ -6.15527128529634, 53.370998656033102 ], [ -6.15523846570717, 53.3710029205456 ], [ -6.15518485831571, 53.371010449097099 ], [ -6.15512852497752, 53.3710184918544 ], [ -6.15509383807438, 53.371025971311298 ], [ -6.15505937035226, 53.371037767597699 ], [ -6.15500950010669, 53.371053756043402 ], [ -6.15495594305133, 53.371073677341897 ], [ -6.15493537639909, 53.371080898687801 ], [ -6.15491757028669, 53.3710854491652 ], [ -6.15489860152012, 53.371088004253401 ], [ -6.15487334113998, 53.371089805919901 ], [ -6.15485281479356, 53.371095051363298 ], [ -6.15483578805285, 53.371105526336102 ], [ -6.15482230334317, 53.371118545812699 ], [ -6.15480159842367, 53.371133484088901 ], [ -6.15478733320089, 53.371140570047999 ], [ -6.15477069578501, 53.371146557815898 ], [ -6.15474361627187, 53.371149068361603 ], [ -6.15470169273274, 53.371143198842802 ], [ -6.15467083709941, 53.3711384981492 ], [ -6.15464420373117, 53.3711338177973 ], [ -6.15461174992837, 53.371134484413602 ], [ -6.15458759353187, 53.371140958095502 ], [ -6.15456947045513, 53.371146581308501 ], [ -6.15454659663108, 53.371149112804503 ], [ -6.15452347898391, 53.371148593515699 ], [ -6.15449467027206, 53.371146952565503 ], [ -6.1544715624119, 53.371145894124297 ], [ -6.15444021899015, 53.3711517802532 ], [ -6.15441119134018, 53.371161459268301 ], [ -6.15438696343163, 53.371171705961302 ], [ -6.15437147917876, 53.3711802192243 ], [ -6.15436047670399, 53.371190015210999 ], [ -6.15434463565679, 53.371201218522401 ], [ -6.15432561976127, 53.371205938954503 ], [ -6.15430359156678, 53.371210809636601 ], [ -6.15425744730957, 53.371220906088901 ], [ -6.15422562532005, 53.371219784726897 ], [ -6.15419719714997, 53.371214556096703 ], [ -6.15416754432032, 53.371210574059901 ], [ -6.15414295643667, 53.371208603727098 ], [ -6.15412609889965, 53.371210643066902 ], [ -6.15410977926412, 53.3712159174991 ], [ -6.15407954173219, 53.371226116114798 ], [ -6.15406090746265, 53.371226528956498 ], [ -6.15403757794139, 53.371221872609603 ], [ -6.15400763253114, 53.371216628553903 ], [ -6.15399116540873, 53.371214540227001 ], [ -6.15396895754992, 53.371213486622402 ], [ -6.1539487961723, 53.371215501794303 ], [ -6.15392338954917, 53.371224122165899 ], [ -6.15389853547247, 53.371235985943798 ], [ -6.15385015903335, 53.371267075672598 ], [ -6.15383254783649, 53.371277191820298 ], [ -6.15381559327398, 53.371284253137297 ], [ -6.15379976034156, 53.371294917209198 ], [ -6.1537627927624, 53.371326274185002 ], [ -6.1537523018205, 53.371340570347797 ], [ -6.15375596487915, 53.371353171891499 ], [ -6.15378893001214, 53.371341730237802 ], [ -6.15380676958136, 53.371320115391299 ], [ -6.15382209045511, 53.371304959168803 ], [ -6.1538357718083, 53.3712964360614 ], [ -6.15385456004546, 53.371287947015297 ], [ -6.15386846910023, 53.371283193495202 ], [ -6.15388825771775, 53.371269678421498 ], [ -6.15389773368604, 53.3712611262035 ], [ -6.15391414964599, 53.371251540737298 ], [ -6.15394472893079, 53.3712390015219 ], [ -6.15396394065602, 53.3712391369248 ], [ -6.15398822761034, 53.371241463067499 ], [ -6.15400376160193, 53.371245702224797 ], [ -6.15404332898337, 53.371249755873002 ], [ -6.15408982284724, 53.371252776041601 ], [ -6.1541209707666, 53.371241682794903 ], [ -6.15413815101819, 53.371238749624403 ], [ -6.15415703071915, 53.371241037035801 ], [ -6.15419888944541, 53.371250491148103 ], [ -6.15422594332601, 53.371249965828802 ], [ -6.15426141094134, 53.371248421041599 ], [ -6.15429032583086, 53.371244132357397 ], [ -6.15433158221324, 53.371238669229399 ], [ -6.15435210869107, 53.371233423876902 ], [ -6.15436787677746, 53.371225993593598 ], [ -6.15439761130482, 53.371210395087203 ], [ -6.15441854317029, 53.371199944617501 ], [ -6.1544361045356, 53.371193062477502 ], [ -6.1544535959039, 53.371188876620003 ], [ -6.15448432794378, 53.371183887944902 ], [ -6.1545102470854, 53.3711794000791 ], [ -6.15453042395586, 53.371177025522996 ], [ -6.1545568780603, 53.3711757717954 ], [ -6.15458661363955, 53.3711754415638 ], [ -6.1546292584015, 53.371176101013297 ], [ -6.15465474627506, 53.371178077073303 ], [ -6.15468436861643, 53.371183494836401 ], [ -6.15470535025053, 53.371185796686902 ], [ -6.15472814909219, 53.3711873985864 ], [ -6.15475100688114, 53.371185585866002 ], [ -6.15477149291343, 53.371182317226598 ], [ -6.15479352194312, 53.371177077954101 ], [ -6.15481259526334, 53.371169671754103 ], [ -6.15488526568844, 53.371139648458197 ], [ -6.15490523110859, 53.371132777353999 ], [ -6.15494082793126, 53.371124763737498 ], [ -6.15496076086313, 53.371119339226702 ], [ -6.15498133631792, 53.371111219189601 ], [ -6.15501072882319, 53.371098310814197 ], [ -6.15504250907151, 53.371086140428297 ], [ -6.15506724858396, 53.371080394728303 ], [ -6.15511040561123, 53.371069200160697 ], [ -6.15515084816257, 53.371059958101903 ], [ -6.15519331506823, 53.371053255039499 ], [ -6.15521499412144, 53.371050894602099 ], [ -6.15523190844214, 53.371045799989297 ], [ -6.15524697834929, 53.371043391307403 ], [ -6.15527224657273, 53.371041059377802 ], [ -6.15530381619435, 53.371040019385603 ], [ -6.15535315261958, 53.371035336947898 ], [ -6.15540704234805, 53.371028891272204 ], [ -6.15546278332365, 53.3710199484944 ], [ -6.15552214686189, 53.371009948040097 ], [ -6.15554084613188, 53.3710059415831 ], [ -6.15560301873118, 53.3709907542558 ], [ -6.15569869013853, 53.370967719270404 ], [ -6.15572252264862, 53.370961778754697 ], [ -6.15574005987973, 53.370955795773199 ], [ -6.15576857432226, 53.370941983808599 ], [ -6.15577538796311, 53.370931072236203 ], [ -6.15578286446063, 53.370917654203502 ], [ -6.15578462508595, 53.370904732072397 ], [ -6.15578947809115, 53.370886987908797 ], [ -6.15579758051635, 53.370871952679003 ], [ -6.15581450082372, 53.3708514109086 ], [ -6.1558288712578, 53.370838405009501 ], [ -6.15584163440338, 53.370830946072999 ], [ -6.15586581523506, 53.370822854636003 ], [ -6.15589235740605, 53.370817469187898 ], [ -6.15591014839346, 53.370813646378899 ], [ -6.1559260934425, 53.370812859129401 ], [ -6.15594141556898, 53.370812610533697 ], [ -6.15595761531121, 53.370813615872898 ], [ -6.1559866441551, 53.370818854265003 ], [ -6.15602941116899, 53.370827773488799 ], [ -6.1560599426903, 53.370833017105603 ], [ -6.15608422027619, 53.370835522442199 ], [ -6.15610554250516, 53.370835851899898 ], [ -6.15613433555803, 53.3708378517494 ], [ -6.15618947711743, 53.370844167674598 ], [ -6.15622186038299, 53.3708465546394 ], [ -6.15624438251111, 53.370847253151901 ], [ -6.15626119954853, 53.370847189399697 ], [ -6.15629157633611, 53.370844882253301 ], [ -6.15633641986637, 53.370840174938003 ], [ -6.15638215031592, 53.370836541019997 ], [ -6.15641015494857, 53.370832786044303 ], [ -6.1564453615695, 53.370829618697798 ], [ -6.15648412481587, 53.3708282769649 ], [ -6.1565045703001, 53.370826983914597 ], [ -6.15652684305203, 53.370824443658599 ], [ -6.15654669515082, 53.370822970658402 ], [ -6.15656256162081, 53.370825777400697 ], [ -6.1565876922495, 53.370830802628397 ], [ -6.15662704309326, 53.370846165556799 ], [ -6.15664244614797, 53.370857232500803 ], [ -6.15664887908234, 53.370865536322 ], [ -6.15665041577491, 53.370879021725798 ], [ -6.15664647001778, 53.370896959700502 ], [ -6.15663621635716, 53.370914486548998 ], [ -6.15662214662753, 53.370927146647801 ], [ -6.15659650826018, 53.370947796543298 ], [ -6.15655972840198, 53.3709699901788 ], [ -6.15653521431953, 53.370979883241503 ], [ -6.15651410448126, 53.370983681839199 ], [ -6.1564966790309, 53.370984643140702 ], [ -6.15645974241652, 53.370984018609597 ], [ -6.15643297212076, 53.370985986032601 ], [ -6.15640857934247, 53.370989590083497 ], [ -6.15638111117773, 53.370996580120703 ], [ -6.15635138627343, 53.371011280441998 ], [ -6.15634100206768, 53.3710196480436 ], [ -6.15632986386254, 53.3710364601192 ], [ -6.15631959355712, 53.371055064372499 ], [ -6.15631574019738, 53.371082341633198 ], [ -6.15631755374244, 53.371113075231797 ], [ -6.15632599149836, 53.371126424575301 ], [ -6.15633808252498, 53.371138005748598 ], [ -6.15636337820935, 53.371150034502001 ], [ -6.15639020687519, 53.371160288388502 ], [ -6.15641681657243, 53.371166217346897 ], [ -6.15644494418924, 53.371171450690603 ], [ -6.15645931625727, 53.371174063583098 ], [ -6.15647601888518, 53.371179748699703 ], [ -6.15650314832541, 53.371189999117497 ], [ -6.15652141716349, 53.371193174641199 ], [ -6.15653790929808, 53.371194373169999 ], [ -6.15657371796369, 53.371190496025797 ], [ -6.15660475200013, 53.371185503381703 ], [ -6.15663252097998, 53.371178509849798 ], [ -6.15666514410503, 53.371169398164199 ], [ -6.15671196178859, 53.371156256088497 ], [ -6.15674725753789, 53.371148246273101 ], [ -6.15677889120667, 53.371143252958802 ], [ -6.15681257987478, 53.371140439562197 ], [ -6.15684142941582, 53.371139744542901 ], [ -6.15687117276192, 53.371139233198598 ], [ -6.15688824952708, 53.371141510307503 ], [ -6.15691914479149, 53.371143523558402 ], [ -6.15696613466312, 53.3711521130788 ], [ -6.15700590702194, 53.371160473369997 ], [ -6.15703884271408, 53.371165735886301 ], [ -6.15706437872553, 53.371165555 ], [ -6.15708609800341, 53.371161217434597 ], [ -6.15710233048126, 53.371160075835597 ], [ -6.15712692424904, 53.371162225413102 ], [ -6.15714842717261, 53.371168120286299 ], [ -6.15716184928994, 53.371173243216901 ], [ -6.15718293075941, 53.371185070994997 ], [ -6.15719982804946, 53.371197040886202 ], [ -6.15721154718241, 53.371211672222898 ], [ -6.15722812360424, 53.371239812365197 ], [ -6.15725676754184, 53.371279354354201 ], [ -6.15728108949391, 53.371310777946498 ], [ -6.15729310910417, 53.371325413015498 ], [ -6.15731326381839, 53.371339563397697 ], [ -6.15735123700867, 53.371363182064798 ], [ -6.15738149226925, 53.371383158166999 ], [ -6.15739921995345, 53.371397828329499 ], [ -6.15741252975207, 53.371408340633998 ], [ -6.15744374525705, 53.3714249088302 ], [ -6.15748387727189, 53.371445486813201 ], [ -6.15753810493378, 53.3714677744534 ], [ -6.15762063789479, 53.371501947363903 ], [ -6.15768379827812, 53.3715282557568 ], [ -6.15774048631051, 53.371547516301902 ], [ -6.15777451902307, 53.371557630313099 ], [ -6.15780413177161, 53.3715639468696 ], [ -6.15784635645752, 53.371570170481299 ], [ -6.15789946024194, 53.371573236366601 ], [ -6.15795440791475, 53.371574704720302 ], [ -6.15799613650476, 53.371575708350299 ], [ -6.15804599117283, 53.371575705773701 ], [ -6.15809732632582, 53.3715766059738 ], [ -6.15814179156043, 53.371575837069102 ], [ -6.15817669785136, 53.371573023203403 ], [ -6.15821361845332, 53.371573647850902 ], [ -6.15823760550644, 53.371575967597998 ], [ -6.15825498140358, 53.371578249125797 ], [ -6.15826809763659, 53.3715831874446 ], [ -6.15828048921979, 53.371595132583202 ], [ -6.15828262658319, 53.3716082587137 ], [ -6.1582780594048, 53.371642354262796 ], [ -6.1582709348904, 53.371668528571497 ], [ -6.15826717859426, 53.371691493934101 ], [ -6.15826934119802, 53.371703721631903 ], [ -6.15825976924191, 53.3717169546753 ], [ -6.15823793592645, 53.371728110958898 ], [ -6.15821055106371, 53.371745705211502 ], [ -6.15819406846903, 53.371759604581499 ], [ -6.15818755031161, 53.371770332094997 ], [ -6.15817889719849, 53.371782123221003 ], [ -6.15816277112719, 53.371793332521101 ], [ -6.15814303403865, 53.371803972858999 ], [ -6.1581215416945, 53.371812798345204 ], [ -6.15811086220365, 53.371805722470299 ], [ -6.15808508159367, 53.371803204239697 ], [ -6.15806687915624, 53.371812412159599 ], [ -6.15804986022913, 53.371822717829701 ], [ -6.15803941997948, 53.371833780280298 ], [ -6.15803438760222, 53.371845600317002 ], [ -6.15803148961303, 53.371855638575497 ], [ -6.15801317426894, 53.371870596308703 ], [ -6.15797878019976, 53.371893887814203 ], [ -6.15796681438847, 53.3719065535794 ], [ -6.15795237070118, 53.371923701273197 ], [ -6.15793355777187, 53.371933088502601 ], [ -6.1579072587292, 53.371941884696597 ], [ -6.15787884894161, 53.371950486514898 ], [ -6.1578536529526, 53.371964681872299 ], [ -6.15783922655708, 53.371980382715797 ], [ -6.15780512147145, 53.372018946928101 ], [ -6.15775947672678, 53.3720647914189 ], [ -6.15773258546071, 53.372088315523698 ], [ -6.15770304034813, 53.372108941297299 ], [ -6.15768563267798, 53.372123373700099 ], [ -6.15767944618821, 53.372133028618798 ], [ -6.15767503132031, 53.372143770598797 ], [ -6.15767888254594, 53.372161407423199 ], [ -6.15768722505984, 53.372180146329903 ], [ -6.15770184200784, 53.372201086241901 ], [ -6.15772596230632, 53.372226755056097 ], [ -6.15775489822742, 53.372251931947098 ], [ -6.15778272081526, 53.372272957960497 ], [ -6.15781094610101, 53.372289146429999 ], [ -6.1578454347567, 53.372307166304097 ], [ -6.1578969121795, 53.372331604441897 ], [ -6.15793273022107, 53.372343165200903 ], [ -6.15796975178209, 53.372354385895598 ], [ -6.15803133676471, 53.372368825094298 ], [ -6.15809685023427, 53.3723823991077 ], [ -6.15813335924503, 53.372389478156698 ], [ -6.15820851140497, 53.3724018616265 ], [ -6.15831599283231, 53.372418959450201 ], [ -6.15845463610008, 53.372440590838202 ], [ -6.15860736937821, 53.372463759844003 ], [ -6.1587691086819, 53.372487167373798 ], [ -6.15896676437458, 53.372516385082697 ], [ -6.15916027008979, 53.372543247349697 ], [ -6.15934147441965, 53.372569308367801 ], [ -6.15957062044146, 53.372601806105202 ], [ -6.15976112235799, 53.3726282885034 ], [ -6.15997318327265, 53.372659047935599 ], [ -6.1600899705348, 53.372676395491801 ], [ -6.16013101795379, 53.3726820698284 ], [ -6.16023114216004, 53.372691745964303 ], [ -6.16033125584799, 53.372702329663902 ], [ -6.1604281052394, 53.372711272944997 ], [ -6.16051776910177, 53.372718541439802 ], [ -6.16061946778891, 53.372724817905301 ], [ -6.16068908486845, 53.372729342377397 ], [ -6.16071245943681, 53.372730861217903 ], [ -6.16088076001512, 53.372740833433397 ], [ -6.1610310661879, 53.372749611326299 ], [ -6.16111417595776, 53.372754505254797 ], [ -6.16114536565158, 53.372756692714297 ], [ -6.16127709925113, 53.3727630098658 ], [ -6.16145027014652, 53.372770144133497 ], [ -6.16158022627886, 53.372775543732303 ], [ -6.16170144486465, 53.372781069254302 ], [ -6.16202084681633, 53.372792504465401 ], [ -6.16213257931364, 53.372797461003401 ], [ -6.16222261782974, 53.372797085910399 ], [ -6.16233975369554, 53.372794532219402 ], [ -6.16242713150933, 53.372793469748103 ], [ -6.16258351943556, 53.372796758544801 ], [ -6.16329294698909, 53.372814061767698 ], [ -6.163603827092, 53.372819260378698 ], [ -6.16372287480248, 53.372816249385899 ], [ -6.16378281751475, 53.372811662838402 ], [ -6.16391029471382, 53.372806183765697 ], [ -6.16400075543877, 53.372801932716001 ], [ -6.16410352715985, 53.372786772344 ], [ -6.16418378767724, 53.372771994535 ], [ -6.16423996838355, 53.372761921904797 ], [ -6.16442142103024, 53.372737916450298 ], [ -6.16454678421621, 53.372714171594097 ], [ -6.16469813067755, 53.372685488105397 ], [ -6.16484798249313, 53.372655208504597 ], [ -6.1649538384521, 53.3726357283591 ], [ -6.16502084834054, 53.372611093796699 ], [ -6.16508371457521, 53.372580060593698 ], [ -6.16511401320545, 53.372563506374703 ], [ -6.16512871192526, 53.372542112128201 ], [ -6.16512289552814, 53.372512430808399 ], [ -6.16510492568816, 53.372478150309497 ], [ -6.16508324033281, 53.372432444387996 ], [ -6.16505957456698, 53.372395398713699 ], [ -6.16503782281957, 53.372355399276699 ], [ -6.16501130952989, 53.372297577596903 ], [ -6.16499395298829, 53.3722381988362 ], [ -6.16498227915685, 53.372182943160603 ], [ -6.16498193959756, 53.3721391383785 ], [ -6.16498617278896, 53.372096257789899 ], [ -6.16500100524314, 53.372022843636103 ], [ -6.16501766183899, 53.371957652981401 ], [ -6.16503331483048, 53.371917553667799 ], [ -6.16505160545192, 53.371880425066102 ], [ -6.16506912499837, 53.3718437519926 ], [ -6.16509379528934, 53.371817604406203 ], [ -6.16516629286508, 53.371777472179602 ], [ -6.16521421553492, 53.371753227149199 ], [ -6.1652422388605, 53.371734382775003 ], [ -6.16526185387074, 53.371717799087897 ], [ -6.16527613155987, 53.371701645668701 ], [ -6.16528928924584, 53.371682527793702 ], [ -6.16529381577726, 53.371648548236699 ], [ -6.16528760524399, 53.371620693558 ], [ -6.16527830381449, 53.371596251820797 ], [ -6.16527474458515, 53.371570001852 ], [ -6.16527383514331, 53.3715453565706 ], [ -6.16527019877456, 53.371527544448803 ], [ -6.16526696981892, 53.3715065477748 ], [ -6.16528630931094, 53.371479238707302 ], [ -6.16532006992374, 53.371459044407402 ], [ -6.16536034675934, 53.371436829956401 ], [ -6.16544307621911, 53.3714033524451 ], [ -6.16549901487343, 53.371377531759201 ], [ -6.16557873023018, 53.371340395457999 ], [ -6.16563508679967, 53.3713118406272 ], [ -6.16570742717627, 53.371287224710102 ], [ -6.16575908874898, 53.3712714301275 ], [ -6.16581761918506, 53.371253836493601 ], [ -6.16586771176764, 53.3712423761338 ], [ -6.16592124732971, 53.371229100018603 ], [ -6.16604007149224, 53.371210581338303 ], [ -6.16609846839877, 53.371204101238099 ], [ -6.16611987701584, 53.371201725678397 ], [ -6.16618744491832, 53.371198315725898 ], [ -6.16623857284982, 53.371197349579099 ], [ -6.16631069840328, 53.371194863470897 ], [ -6.16635646907004, 53.371194793771899 ], [ -6.16640036090996, 53.371192664750403 ], [ -6.16643939939709, 53.371183550106899 ], [ -6.16646577561372, 53.371173954179802 ], [ -6.16650031924896, 53.371152621089998 ], [ -6.1665202983203, 53.371138775209602 ], [ -6.16654931006275, 53.371136363587098 ], [ -6.16660347660417, 53.371137465417398 ], [ -6.16669948724776, 53.371149436843503 ], [ -6.16674433590578, 53.371155786593697 ], [ -6.16676692060741, 53.371158569343599 ], [ -6.16678966223909, 53.371153149161501 ], [ -6.1668029281589, 53.3711440887975 ], [ -6.16679123615758, 53.371129449853903 ], [ -6.16674784032141, 53.371121082115501 ], [ -6.16673067315526, 53.371119883618299 ], [ -6.16664537494159, 53.371104068947197 ], [ -6.16661116886857, 53.371090953650899 ], [ -6.16657272204837, 53.371082832656498 ], [ -6.16654033586933, 53.371077698069499 ], [ -6.16651369360015, 53.371071447302398 ], [ -6.16649092351554, 53.371060421263103 ], [ -6.16649329835978, 53.371050618354801 ], [ -6.16651287611103, 53.371037682208701 ], [ -6.16654435279993, 53.371018854638201 ], [ -6.16658643102728, 53.371005760829199 ], [ -6.1666427281893, 53.370984511133301 ], [ -6.16668791176037, 53.370966648213198 ], [ -6.16671319498245, 53.370955552386299 ], [ -6.16671698216962, 53.370919513008303 ], [ -6.16673029451962, 53.370883511200397 ], [ -6.16674469816222, 53.3708539077859 ], [ -6.16676100539358, 53.370824072055598 ], [ -6.16677418037492, 53.370803129679402 ], [ -6.16678850292559, 53.370782411659199 ], [ -6.16680427340411, 53.370767871906203 ], [ -6.16681314797191, 53.370757862339602 ], [ -6.16687249473512, 53.3707359313388 ], [ -6.16689254937849, 53.370728682108201 ], [ -6.16695749563954, 53.370704059721 ], [ -6.16699272171067, 53.370690268196398 ], [ -6.16704750887773, 53.370665354893397 ], [ -6.16718084204023, 53.370605586331699 ], [ -6.16720959325727, 53.370591767205703 ], [ -6.16726672916621, 53.370561848388 ], [ -6.16729605501288, 53.370545495301499 ], [ -6.16732731917971, 53.370528065526202 ], [ -6.1674028992072, 53.370484295032 ], [ -6.16744742156874, 53.370456609244101 ], [ -6.16751494832069, 53.3704173700065 ], [ -6.16755176088604, 53.3703974196901 ], [ -6.16761582341776, 53.370360454249798 ], [ -6.16773625394549, 53.370292884728599 ], [ -6.16790121441127, 53.370197395556303 ], [ -6.16796754363003, 53.370163628579597 ], [ -6.16824633418633, 53.369972943145399 ], [ -6.16843720732385, 53.369840818663 ], [ -6.16873254872111, 53.3696344437449 ], [ -6.1691143024824, 53.369367677266602 ], [ -6.16920722166094, 53.369305255084001 ], [ -6.16931505662982, 53.369237634569402 ], [ -6.16940638439702, 53.3691818202213 ], [ -6.16948390691289, 53.369133262345201 ], [ -6.16958990720897, 53.369059025984299 ], [ -6.16972701701023, 53.368963898101697 ], [ -6.1698879312218, 53.368851512847101 ], [ -6.17011984694982, 53.368693290498499 ], [ -6.17040446625417, 53.368490979648598 ], [ -6.17041460224683, 53.368467285734603 ], [ -6.17044697610062, 53.368433400375203 ], [ -6.17048199891304, 53.368400436463403 ], [ -6.17053044193585, 53.368361819768502 ], [ -6.17057847486734, 53.368325020475403 ], [ -6.17052810962506, 53.368302663162602 ], [ -6.17058175296469, 53.368261151973499 ], [ -6.1706453050827, 53.368277339674499 ], [ -6.17070712384925, 53.368235117853601 ], [ -6.17081352292306, 53.3681595032525 ], [ -6.17107734375991, 53.3679753751466 ], [ -6.17115837916597, 53.367918386069697 ], [ -6.17119328023273, 53.367899115422198 ], [ -6.17123084641466, 53.367880073461102 ], [ -6.17127073666418, 53.3678569433131 ], [ -6.17136210683724, 53.367796114520303 ], [ -6.17147457979423, 53.367721436408097 ], [ -6.17156591570719, 53.367664937456198 ], [ -6.1716634685075, 53.367602504395997 ], [ -6.17215393007316, 53.367270194417102 ], [ -6.17229710644747, 53.367171391395701 ], [ -6.17247879402993, 53.367043675997401 ], [ -6.17257082353811, 53.3669789824744 ], [ -6.17277043611859, 53.366839283918601 ], [ -6.1727943640369, 53.366851682820098 ], [ -6.17348685561245, 53.366367610112903 ], [ -6.17349074695927, 53.366358494511601 ], [ -6.17348816689158, 53.366348903251499 ], [ -6.17350059735471, 53.366323158938101 ], [ -6.17352256582963, 53.366297443765603 ], [ -6.1735456651098, 53.366275152428102 ], [ -6.1735744454732, 53.366255616637403 ], [ -6.17360360211255, 53.366236768804001 ], [ -6.17363352953709, 53.366217466272403 ], [ -6.17365957275382, 53.366205005432697 ], [ -6.17367452664633, 53.366197515225402 ], [ -6.17369979338088, 53.366187783896699 ], [ -6.17372503529677, 53.366179651185199 ], [ -6.17373957211427, 53.366175587183598 ], [ -6.17375606104892, 53.3661662868642 ], [ -6.17378137039155, 53.366151307955803 ], [ -6.17381313483876, 53.366139995248098 ], [ -6.1740128831387, 53.365993772186798 ], [ -6.17431949716939, 53.365762844894597 ], [ -6.17479740440734, 53.365408333526403 ], [ -6.17512712396747, 53.365160324075298 ], [ -6.17530934095032, 53.365025127159797 ], [ -6.17537165566991, 53.364978111744001 ], [ -6.17537386026615, 53.364949029953003 ], [ -6.17538859981647, 53.3649310667927 ], [ -6.17539758730591, 53.364914822308798 ], [ -6.17541826481742, 53.364881296076703 ], [ -6.17544206850262, 53.364853380442298 ], [ -6.17545860233876, 53.364835624472498 ], [ -6.17552636198112, 53.364769803511997 ], [ -6.17557699404451, 53.364721916378898 ], [ -6.17563833888738, 53.364659250112403 ], [ -6.17568626946673, 53.364610963002697 ], [ -6.17571985306239, 53.364578137367801 ], [ -6.17573582288168, 53.364559473916998 ], [ -6.17577912607719, 53.364505922642302 ], [ -6.17580895086267, 53.364468923820297 ], [ -6.17582016431906, 53.3644571975505 ], [ -6.17562187347165, 53.364362927712399 ], [ -6.17563387984981, 53.364354448438498 ], [ -6.17583286191114, 53.364446221113496 ], [ -6.17586304048012, 53.364424855483101 ], [ -6.17590404557957, 53.364394452317597 ], [ -6.17592444544862, 53.364377995754602 ], [ -6.17594304908549, 53.3643613409549 ], [ -6.17596795374431, 53.364336129521398 ], [ -6.17599722371881, 53.364306131176697 ], [ -6.17602325260632, 53.364283093187098 ], [ -6.17604997249661, 53.364266355701702 ], [ -6.17609203216477, 53.364240103167504 ], [ -6.17613507752981, 53.364211528750502 ], [ -6.17617287953382, 53.364186837078996 ], [ -6.17620214143972, 53.364165815983498 ], [ -6.17622096963962, 53.3641513217434 ], [ -6.17624356318969, 53.364132014338601 ], [ -6.17627414942395, 53.364107778610098 ], [ -6.17630806184346, 53.364082326370898 ], [ -6.17632909932007, 53.364064971675496 ], [ -6.17635244785677, 53.364041002819597 ], [ -6.17637408557515, 53.364023666278001 ], [ -6.17639014160798, 53.364010747523501 ], [ -6.17640274806891, 53.364002636872499 ], [ -6.17645744307053, 53.363975642532999 ], [ -6.17650779475133, 53.363953271843798 ], [ -6.17653921257228, 53.3639394642911 ], [ -6.17659476975038, 53.363913740514697 ], [ -6.1766262801964, 53.363897059027202 ], [ -6.17666363421241, 53.363876862550399 ], [ -6.17668531878985, 53.363857720039597 ], [ -6.17670730292966, 53.363838951517501 ], [ -6.17674435726954, 53.363809584263301 ], [ -6.17679216186898, 53.363773695822601 ], [ -6.17683867047667, 53.3637406727767 ], [ -6.17687712633803, 53.363714372998601 ], [ -6.17690119799486, 53.3636956273469 ], [ -6.17692134166179, 53.363677728589003 ], [ -6.17694984750562, 53.363652930602399 ], [ -6.17700180345796, 53.3636011011005 ], [ -6.17707785958696, 53.363521369140102 ], [ -6.17710158475414, 53.363495248724398 ], [ -6.1771233528478, 53.363474140791702 ], [ -6.17714872480764, 53.363452349976001 ], [ -6.17717095527199, 53.363435193123202 ], [ -6.17719795332353, 53.363418639398397 ], [ -6.17723252668283, 53.363400557440201 ], [ -6.17725243873987, 53.363389485228097 ], [ -6.17726724600448, 53.363386799231598 ], [ -6.17730687166213, 53.363378841443797 ], [ -6.17734300029364, 53.363367971978199 ], [ -6.17738135374515, 53.363353172684597 ], [ -6.17740266774855, 53.363344809335203 ], [ -6.17741491985067, 53.363337950616703 ], [ -6.17745105624361, 53.363309297171199 ], [ -6.17748686931911, 53.363281528609399 ], [ -6.17752855776247, 53.363248439769201 ], [ -6.17757057789958, 53.363215006339203 ], [ -6.1776656206324, 53.363133164132201 ], [ -6.17771358524185, 53.363092434027998 ], [ -6.17780329107588, 53.363017717854603 ], [ -6.17787845134502, 53.362955044812203 ], [ -6.17794085166356, 53.362905145070997 ], [ -6.17798373420079, 53.362872613600302 ], [ -6.17803225142991, 53.362833320933298 ], [ -6.17807926842277, 53.362793653902003 ], [ -6.17811208581946, 53.362765677629199 ], [ -6.17813862712878, 53.362744983944197 ], [ -6.17816022551697, 53.362728536316503 ], [ -6.17818238593266, 53.362713354715801 ], [ -6.17819782428648, 53.362701153438003 ], [ -6.17821244663745, 53.362686594677101 ], [ -6.1782222564997, 53.362672169170203 ], [ -6.17822965614658, 53.362657885730997 ], [ -6.17824348505714, 53.3626400880866 ], [ -6.17826010173191, 53.3626287946228 ], [ -6.17828569555938, 53.362618330299803 ], [ -6.17830968168398, 53.362610716754801 ], [ -6.17833311275943, 53.362602025134898 ], [ -6.17836037008826, 53.362587083998797 ], [ -6.17839415067099, 53.362565403312502 ], [ -6.17841578676879, 53.362548067281402 ], [ -6.17843488208449, 53.362534285945401 ], [ -6.17846184660534, 53.362518810012503 ], [ -6.17848511619616, 53.362506152997902 ], [ -6.1784989139346, 53.362498240078097 ], [ -6.17852053531673, 53.362489700561397 ], [ -6.17854365059608, 53.362481364507303 ], [ -6.17855468527023, 53.362474855606798 ], [ -6.17857709205228, 53.362460936942398 ], [ -6.17861226501819, 53.362451309960903 ], [ -6.17864169393436, 53.362442872518102 ], [ -6.17866400666872, 53.362431826830502 ], [ -6.17870810397315, 53.362407392245402 ], [ -6.17874601036517, 53.3623882821433 ], [ -6.17877171298008, 53.3623749440506 ], [ -6.1788065778336, 53.362356685429603 ], [ -6.17883891768731, 53.362342352060899 ], [ -6.17886083007995, 53.362333996688697 ], [ -6.17888239736384, 53.362327074158699 ], [ -6.1789073616654, 53.362321532823998 ], [ -6.17907196807143, 53.362231963371102 ], [ -6.17925956246074, 53.362125778322401 ], [ -6.17939806600846, 53.362046961799201 ], [ -6.17950343390603, 53.361986024962498 ], [ -6.17959794226289, 53.361931366009102 ], [ -6.17970650088889, 53.361871313575897 ], [ -6.17983032318832, 53.361802426573703 ], [ -6.17993888112207, 53.361742374820601 ], [ -6.18001228965294, 53.361704808356599 ], [ -6.1800740852369, 53.361674317313401 ], [ -6.1801472989529, 53.361643748709298 ], [ -6.18026682000565, 53.361600694276198 ], [ -6.18050461397146, 53.361504331153803 ], [ -6.18073663093903, 53.361411321069397 ], [ -6.18087754333537, 53.361354456418198 ], [ -6.18106523227557, 53.3612779158085 ], [ -6.18128998503492, 53.361186456746402 ], [ -6.18147643218097, 53.361111873076801 ], [ -6.1818538915894, 53.360960249646197 ], [ -6.18190581509825, 53.360926218693102 ], [ -6.18196178226785, 53.360884378357397 ], [ -6.18199450194068, 53.360855743407903 ], [ -6.18203995322709, 53.360815656406302 ], [ -6.1820805255969, 53.360782207447599 ], [ -6.18210748928497, 53.360757870119102 ], [ -6.18211693238037, 53.360744606279702 ], [ -6.18212306232238, 53.360732226737802 ], [ -6.18212192743389, 53.360722567802 ], [ -6.18192338289937, 53.360620926979799 ], [ -6.18160834730784, 53.360461749632599 ], [ -6.18128380617813, 53.360298338715999 ], [ -6.18108016784694, 53.360197185074597 ], [ -6.18115236491766, 53.360148465767502 ], [ -6.18126827895208, 53.3602054624142 ], [ -6.18140735333865, 53.360272751088402 ], [ -6.18157280934429, 53.3603534089238 ], [ -6.18174479424758, 53.360436645857298 ], [ -6.18176453619013, 53.360446445417402 ], [ -6.18185299403783, 53.3604903344593 ], [ -6.18205013903601, 53.360420173324499 ], [ -6.18238009967556, 53.360303301934103 ], [ -6.18263878755002, 53.360211629244297 ], [ -6.18289618795021, 53.360123351012199 ], [ -6.18305812268266, 53.3600665082445 ], [ -6.18321095643515, 53.360012806485898 ], [ -6.18337775830676, 53.3599534937334 ], [ -6.18351515883373, 53.359904849780101 ], [ -6.18367257324313, 53.359847245281998 ], [ -6.18382544365351, 53.359792644482603 ], [ -6.18401150199566, 53.359731899111502 ], [ -6.18418654791956, 53.359667624283396 ], [ -6.18444192494203, 53.359587237757701 ], [ -6.18456366809191, 53.359550305986303 ], [ -6.18468925264265, 53.359515570826098 ], [ -6.18483600635964, 53.359475829360399 ], [ -6.18498142608793, 53.359440919255498 ], [ -6.18522209043672, 53.359382854183103 ], [ -6.1854303373798, 53.359334710282504 ], [ -6.18558501982383, 53.359301333478797 ], [ -6.18580041139351, 53.3592557783209 ], [ -6.18602636658651, 53.359208343046802 ], [ -6.18611631991629, 53.3591919534189 ], [ -6.18632250655208, 53.359155836120202 ], [ -6.18635908088572, 53.359150605433697 ], [ -6.18643297518612, 53.359138860160201 ], [ -6.1865105710925, 53.359125886685497 ], [ -6.18663255141018, 53.359103109244302 ], [ -6.18674728004063, 53.359080913572498 ], [ -6.18689147881848, 53.3590527857707 ], [ -6.18700657738909, 53.359029337124397 ], [ -6.18714149209947, 53.359000501702802 ], [ -6.18726600594128, 53.358968956371498 ], [ -6.18735103056582, 53.358945868437203 ], [ -6.18742980424654, 53.358921768691502 ], [ -6.18751411979464, 53.358894886738 ], [ -6.18758498954547, 53.358872257742398 ], [ -6.18767115790032, 53.358844514888901 ], [ -6.18782941211288, 53.358793800877699 ], [ -6.18800540316016, 53.358737119995197 ], [ -6.18815331372001, 53.358689096842099 ], [ -6.18834776333361, 53.358623943035397 ], [ -6.18850091279514, 53.358573141649401 ], [ -6.18859232004352, 53.358542610437098 ], [ -6.18883000152344, 53.358460796379099 ], [ -6.18906541091508, 53.358376241922002 ], [ -6.18929307369748, 53.3583021548503 ], [ -6.18952058779531, 53.358236871727499 ], [ -6.18971202120841, 53.3581896427525 ], [ -6.18988044601373, 53.358151876845596 ], [ -6.19031672366385, 53.3580709610873 ], [ -6.19078612664153, 53.357988838254997 ], [ -6.19115598549567, 53.357925783065397 ], [ -6.19147018212337, 53.357876089825901 ], [ -6.19151048566921, 53.3578338449828 ], [ -6.19154189751554, 53.3578248861646 ], [ -6.19157798477245, 53.357818342319497 ], [ -6.19156079874887, 53.357779738211697 ], [ -6.19177091381605, 53.357747400305499 ], [ -6.19180229356354, 53.3578222279776 ], [ -6.19195192257108, 53.357799406623599 ], [ -6.19200493290086, 53.357791196506 ], [ -6.19221576249588, 53.357758688880999 ], [ -6.19238395232219, 53.357731349397497 ], [ -6.19255648516275, 53.357707139540103 ], [ -6.19270152449401, 53.357691607259703 ], [ -6.19289402188452, 53.357676928384201 ], [ -6.19296537876098, 53.357674270867399 ], [ -6.19312389580986, 53.357671738674398 ], [ -6.19335098208676, 53.357674234361198 ], [ -6.19354720334307, 53.357686946603799 ], [ -6.19373620463199, 53.357711581719897 ], [ -6.19395874629274, 53.357750492316598 ], [ -6.19412021553085, 53.357784703163297 ], [ -6.19428910821567, 53.357820661082002 ], [ -6.19443347612603, 53.357854370020803 ], [ -6.19460414368264, 53.357896654168798 ], [ -6.19479059157322, 53.357942277736697 ], [ -6.19493470233834, 53.357981022748902 ], [ -6.19510444438765, 53.358029942533598 ], [ -6.19522461720341, 53.358066456451297 ], [ -6.19532926166409, 53.358101073474003 ], [ -6.19543511660195, 53.358135528047498 ], [ -6.19552961610958, 53.358168885916797 ], [ -6.19564078683382, 53.358211166714597 ], [ -6.19573105461257, 53.3582448019814 ], [ -6.19583212590397, 53.358284746652799 ], [ -6.19594031851239, 53.358326443744602 ], [ -6.19608501478145, 53.358383357732002 ], [ -6.19616218085521, 53.358414601476397 ], [ -6.19617889766334, 53.358421414667298 ], [ -6.1963173827592, 53.358477812026898 ], [ -6.19645616113746, 53.358533001149397 ], [ -6.1966251495465, 53.358597012893497 ], [ -6.19677132897885, 53.358648377571797 ], [ -6.19683892248947, 53.358672610132402 ], [ -6.1968997778184, 53.358693848434598 ], [ -6.19698123821592, 53.358723367883101 ], [ -6.1970610256842, 53.358750166440799 ], [ -6.19715892953055, 53.358781597935298 ], [ -6.19728381645783, 53.358819995687803 ], [ -6.197406193732, 53.358854923705998 ], [ -6.19747880229862, 53.3588752957344 ], [ -6.19757991187276, 53.358902659615701 ], [ -6.19765197342307, 53.3589217568395 ], [ -6.19770745920577, 53.358936065520197 ], [ -6.19779178469913, 53.358956461532699 ], [ -6.19787380624534, 53.358974846187103 ], [ -6.19795237742953, 53.358990294368198 ], [ -6.19803632795393, 53.3590063720129 ], [ -6.19813344341054, 53.359023403406702 ], [ -6.19822045338829, 53.359038583361603 ], [ -6.19828544258268, 53.3590490813706 ], [ -6.198320847411, 53.359054082187903 ], [ -6.19834380319683, 53.359057223225399 ], [ -6.19885273329486, 53.359134695208901 ], [ -6.19917511745831, 53.359180745814697 ], [ -6.19951241884443, 53.359230714775897 ], [ -6.19969417500223, 53.359255024324902 ], [ -6.20001263550125, 53.359301561734199 ], [ -6.20021645344626, 53.3593320276225 ], [ -6.20044480607506, 53.359366330818197 ], [ -6.20062490204746, 53.359395835136503 ], [ -6.20079632738458, 53.359423986948897 ], [ -6.2010906814563, 53.359472988351797 ], [ -6.20119358200721, 53.359490023559097 ], [ -6.20154710923314, 53.359551113322198 ], [ -6.20189086323368, 53.359607435732002 ], [ -6.20215498025655, 53.359652168751701 ], [ -6.20239307972026, 53.359692681168497 ], [ -6.2025543798002, 53.359717675849701 ], [ -6.20265317636147, 53.359730899899098 ], [ -6.20275884974884, 53.359746339665598 ], [ -6.20287181225242, 53.359758447546497 ], [ -6.20304831965392, 53.359776940245297 ], [ -6.20315023246168, 53.359786419597597 ], [ -6.20318497652239, 53.359790725911097 ], [ -6.20325423255669, 53.359796998986198 ], [ -6.20341051706045, 53.359807736336997 ], [ -6.20357705685672, 53.359816777211002 ], [ -6.20369234247498, 53.359821173277702 ], [ -6.20380440121239, 53.3598230228448 ], [ -6.20394956151322, 53.3598232223775 ], [ -6.20405451187671, 53.359821216646601 ], [ -6.20415622746661, 53.359816493551001 ], [ -6.20427265688236, 53.359812270433601 ], [ -6.20433189374788, 53.359811058650799 ], [ -6.20453915106473, 53.359804877351202 ], [ -6.20466962199789, 53.3597932359664 ], [ -6.20467158850277, 53.359744353714603 ], [ -6.20468181550907, 53.359711913776202 ], [ -6.20471042088593, 53.359677864631202 ], [ -6.20477310718104, 53.359628871270097 ], [ -6.20481497778166, 53.359604115009503 ], [ -6.20484525089357, 53.359596509860097 ], [ -6.20488931382303, 53.359589939069899 ], [ -6.20492360879335, 53.359588487487898 ], [ -6.20495062217566, 53.359589837624902 ], [ -6.20495517840455, 53.359566838021003 ], [ -6.20495798436635, 53.359541547966003 ], [ -6.20499720342041, 53.359322227018602 ], [ -6.20514385102525, 53.359258438209601 ], [ -6.20558428922761, 53.359286056111202 ], [ -6.2057180984476, 53.3593690256549 ], [ -6.20569916219621, 53.359379982413799 ], [ -6.20566212029354, 53.3595865497322 ], [ -6.20565808820596, 53.359617787711201 ], [ -6.20565677134194, 53.359628030603197 ], [ -6.20565103760901, 53.359659359839497 ], [ -6.20563472924424, 53.3597486179141 ], [ -6.20563179668817, 53.359767633232899 ], [ -6.20562670396215, 53.359797651744401 ], [ -6.20586330124309, 53.359796411525501 ], [ -6.20608243559108, 53.359795374787403 ], [ -6.20639594127681, 53.359789179567997 ], [ -6.20642833329962, 53.359789037287399 ], [ -6.2064462733152, 53.359788957303898 ], [ -6.20712210639985, 53.359782248383198 ], [ -6.20753369984366, 53.359777200354401 ], [ -6.20771166234934, 53.359775390241502 ], [ -6.20782313573089, 53.359776866814997 ], [ -6.20794900883807, 53.359778488538403 ], [ -6.2080778841985, 53.3597808553927 ], [ -6.20820874125239, 53.359787557197599 ], [ -6.208395409494, 53.359796983469501 ], [ -6.20860547985367, 53.359808251919603 ], [ -6.2088995826767, 53.359824143858198 ], [ -6.20918644678946, 53.359840321012797 ], [ -6.20936738775517, 53.359850576598703 ], [ -6.20963299220004, 53.359864384341698 ], [ -6.20984455719409, 53.3598762132197 ], [ -6.20994409430535, 53.359881831144001 ], [ -6.21004559616428, 53.359887569238197 ], [ -6.21022742342682, 53.3598985549662 ], [ -6.21032535274321, 53.359904895372502 ], [ -6.21050922887192, 53.3599136023401 ], [ -6.21073331188748, 53.359927108504699 ], [ -6.21090742963003, 53.3599360280569 ], [ -6.2110998083673, 53.359946497441598 ], [ -6.21126249533133, 53.359955775406704 ], [ -6.211362508308, 53.359962954230603 ], [ -6.21142328160715, 53.359967351695197 ], [ -6.21147892136952, 53.359972742674202 ], [ -6.21160561033932, 53.3599875458141 ], [ -6.21170482879578, 53.359999025861299 ], [ -6.21181346548506, 53.360014439072302 ], [ -6.21195842272877, 53.360037441362103 ], [ -6.21209005000783, 53.360055922236803 ], [ -6.21215330070271, 53.360065748446601 ], [ -6.21223033782991, 53.360082440505998 ], [ -6.21233751993402, 53.360103932607799 ], [ -6.21246903441064, 53.360131577498699 ], [ -6.21260235733348, 53.360159419208799 ], [ -6.21267170249703, 53.360173658838697 ], [ -6.21281729075672, 53.360209250258002 ], [ -6.2129875424093, 53.360250630720103 ], [ -6.2130523159313, 53.3602664096436 ], [ -6.21312232937103, 53.360285871251101 ], [ -6.21329797044729, 53.360334520701699 ], [ -6.21347632191956, 53.360383038796499 ], [ -6.21354959259172, 53.360403627496197 ], [ -6.21371195065525, 53.360453505684298 ], [ -6.21385450021074, 53.360496770264596 ], [ -6.21400646855733, 53.360543967751902 ], [ -6.21417263264656, 53.360596238293198 ], [ -6.21421177498756, 53.360607473261197 ], [ -6.21432701924724, 53.360643112031802 ], [ -6.21443339280882, 53.360675733650602 ], [ -6.21446980992279, 53.360687467042503 ], [ -6.21453047216761, 53.360707847590199 ], [ -6.21462934004416, 53.360740347735998 ], [ -6.21473024869186, 53.360774316436498 ], [ -6.21483738719347, 53.3608098244462 ], [ -6.21487052550091, 53.360821319011698 ], [ -6.21492781102096, 53.360843087841999 ], [ -6.2149886760211, 53.360865817095302 ], [ -6.21504629054938, 53.360887230364398 ], [ -6.21512019355381, 53.3609135781684 ], [ -6.21513562343395, 53.360920000908798 ], [ -6.21519066738844, 53.360942921619603 ], [ -6.21527916981026, 53.360979030417703 ], [ -6.21543249341804, 53.361042771956598 ], [ -6.21553079070915, 53.361081373857701 ], [ -6.21560066413192, 53.361110716172497 ], [ -6.21567167924271, 53.361141504634503 ], [ -6.21575075425887, 53.361173150599498 ], [ -6.21595325168594, 53.361259427497401 ], [ -6.216095596429, 53.361320299486898 ], [ -6.21615791033207, 53.361343947710601 ], [ -6.21625498706232, 53.361383061058902 ], [ -6.21628890263743, 53.3613982690634 ], [ -6.21631653694673, 53.361410651666603 ], [ -6.21644189553584, 53.361461725704302 ], [ -6.21653025002169, 53.361501067081399 ], [ -6.21662704964227, 53.361539636690303 ], [ -6.21671933715077, 53.361578317652302 ], [ -6.21681368167897, 53.361617757321604 ], [ -6.21691187055331, 53.3616586924649 ], [ -6.21695115779881, 53.361673693823398 ], [ -6.21701161975318, 53.361698572261901 ], [ -6.21718505024326, 53.361769819541699 ], [ -6.21736120601442, 53.361840585066197 ], [ -6.21745438080029, 53.361879278704102 ], [ -6.21750189528799, 53.361898374642998 ], [ -6.21764579814099, 53.361951539110997 ], [ -6.21770210905555, 53.361973327980898 ], [ -6.21777660290619, 53.362002162767297 ], [ -6.21785962880475, 53.362032787739501 ], [ -6.21789143860788, 53.362007068640999 ], [ -6.21800281741339, 53.362041918037697 ], [ -6.21820450320488, 53.362106081555503 ], [ -6.21838066140024, 53.362163537731099 ], [ -6.21845358478383, 53.3621853756338 ], [ -6.21854046387108, 53.362210495785902 ], [ -6.21862860233951, 53.362228085527398 ], [ -6.21871513429766, 53.362247808377703 ], [ -6.2187410987315, 53.362258108094302 ], [ -6.21876563052317, 53.362267128078898 ], [ -6.21882770822974, 53.362282854597602 ], [ -6.21892555199271, 53.362304732522098 ], [ -6.21903151147196, 53.362326568807397 ], [ -6.2190862485121, 53.362345412376101 ], [ -6.21915030096245, 53.362363873630201 ], [ -6.21918866519149, 53.362372578648198 ], [ -6.21922317946446, 53.362379959769399 ], [ -6.21928723801781, 53.362398241277099 ], [ -6.21933203720516, 53.362410816399901 ], [ -6.21949644074356, 53.362442574549199 ], [ -6.21964328060618, 53.362470448200803 ], [ -6.21975745160332, 53.362490250092897 ], [ -6.21977813936069, 53.362497775313102 ], [ -6.21980285726268, 53.362502664209003 ], [ -6.21990680490463, 53.362515833883798 ], [ -6.22005579888335, 53.362536020137 ], [ -6.22014034922117, 53.362546358420403 ], [ -6.22014627700548, 53.362521303393599 ], [ -6.2201841319512, 53.3625346644423 ], [ -6.22018020869452, 53.362548435089202 ], [ -6.22023054443971, 53.362551405924499 ], [ -6.22042021447623, 53.362568828736201 ], [ -6.22053160805952, 53.362576726805202 ], [ -6.22057266736083, 53.362578822133599 ], [ -6.22059208494923, 53.362574645477402 ], [ -6.22063759294151, 53.362551115403299 ], [ -6.22076728530304, 53.362486164844199 ], [ -6.22094174844062, 53.362387267389103 ], [ -6.22113153754869, 53.362288247616 ], [ -6.22130219325865, 53.362200598172997 ], [ -6.22144134754254, 53.362125562116397 ], [ -6.22151977331733, 53.362084954108902 ], [ -6.22155932806951, 53.362060427157203 ], [ -6.22161086854456, 53.362029806892998 ], [ -6.22168987213486, 53.361989387149698 ], [ -6.22175324210208, 53.361962914977902 ], [ -6.22179224937453, 53.361943951543203 ], [ -6.22182648882313, 53.361924018233097 ], [ -6.22190490675583, 53.361883580633901 ], [ -6.22195674814989, 53.361859434373798 ], [ -6.22201085602717, 53.361832096016798 ], [ -6.22210923779908, 53.361781559158104 ], [ -6.22225314764733, 53.361704831346003 ], [ -6.22226784897481, 53.361701357137399 ], [ -6.22264829055561, 53.361498500258897 ], [ -6.22313227432006, 53.361240428410198 ], [ -6.22329859734613, 53.361143751353502 ], [ -6.22338894909268, 53.361086470528299 ], [ -6.22345972006609, 53.3610380651266 ], [ -6.22352224109934, 53.3610005167804 ], [ -6.22358552885184, 53.3609586574172 ], [ -6.22364205260924, 53.360920831875198 ], [ -6.22369867443736, 53.360887509029602 ], [ -6.22373047003825, 53.360874305976203 ], [ -6.22377976615859, 53.360844108876599 ], [ -6.22385679066294, 53.360804242488797 ], [ -6.22390566673805, 53.360776915292099 ], [ -6.22398066467734, 53.360742779163097 ], [ -6.22405445972927, 53.360708625084897 ], [ -6.22415867090128, 53.360665200251397 ], [ -6.22418497044014, 53.360653721002599 ], [ -6.22420352613794, 53.360648236646 ], [ -6.22422111214187, 53.360644355721803 ], [ -6.22425393642565, 53.360634950949098 ], [ -6.2242891472657, 53.360626290846703 ], [ -6.2243185634941, 53.360619351122097 ], [ -6.22434888670469, 53.360612604649603 ], [ -6.22441217801599, 53.360600219728397 ], [ -6.2244761222509, 53.360586946573498 ], [ -6.22455668530592, 53.360571044449799 ], [ -6.22464843947356, 53.360553323294901 ], [ -6.22471893664688, 53.360541046320598 ], [ -6.22481511330051, 53.360525367326801 ], [ -6.22496277309165, 53.360499823828803 ], [ -6.22507859879586, 53.360481193091402 ], [ -6.22514036719629, 53.360469325320999 ], [ -6.22531789925033, 53.360433083102798 ], [ -6.22543961571276, 53.360410046454703 ], [ -6.22557344201375, 53.360384844755899 ], [ -6.22573270378443, 53.360354440375502 ], [ -6.22575787199906, 53.360348875237001 ], [ -6.22585939863419, 53.360334524306097 ], [ -6.22602624441373, 53.360309983807397 ], [ -6.22623085962271, 53.360279876407503 ], [ -6.22646303629192, 53.360244777332902 ], [ -6.22665225550611, 53.360216425862703 ], [ -6.22681329745793, 53.3601941349323 ], [ -6.22697652349164, 53.360169898847197 ], [ -6.22703150686878, 53.360161837330303 ], [ -6.2271758807973, 53.360118422398202 ], [ -6.22730955489111, 53.3600783447244 ], [ -6.22734706763457, 53.360065602253002 ], [ -6.22737822309145, 53.360054023670202 ], [ -6.22752887703834, 53.359989207367398 ], [ -6.22772845769241, 53.359904798977198 ], [ -6.22793719565169, 53.359817301305299 ], [ -6.22811319299615, 53.3597429664934 ], [ -6.22838376411692, 53.359629238430699 ], [ -6.2286654999175, 53.359507039693398 ], [ -6.2288661800889, 53.359424991649497 ], [ -6.22897077304045, 53.359383033390003 ], [ -6.22904326481979, 53.359353377052301 ], [ -6.22909954563685, 53.359330659810503 ], [ -6.22912658011274, 53.359324230939897 ], [ -6.22919961711726, 53.359310407117697 ], [ -6.22922942411243, 53.3593164301911 ], [ -6.22927274357733, 53.3593230133026 ], [ -6.22930056167872, 53.359326310401997 ], [ -6.22945755591035, 53.3593312285739 ], [ -6.22948427428835, 53.359317238604 ], [ -6.22949657392739, 53.359310051728102 ], [ -6.22953773758165, 53.359287820039299 ], [ -6.2295601844873, 53.359275024115803 ], [ -6.22962870895313, 53.359229825594298 ], [ -6.22965204684142, 53.3592100330237 ], [ -6.22969049641731, 53.3591728443009 ], [ -6.2297093767748, 53.3591590966223 ], [ -6.22972452589127, 53.359141159939803 ], [ -6.22976016998236, 53.359106804878898 ], [ -6.22978045983919, 53.359087687014302 ], [ -6.22981619644862, 53.359065922096399 ], [ -6.22991948287934, 53.359017742715601 ], [ -6.22999965507282, 53.358979249347797 ], [ -6.23010561660991, 53.358929555440099 ], [ -6.2301208530299, 53.358920381640502 ], [ -6.23019321405113, 53.358888403733197 ], [ -6.23031230027755, 53.358848250174098 ], [ -6.23034022037767, 53.358841466550899 ], [ -6.23039976335294, 53.358810332054396 ], [ -6.23046741148551, 53.358779316826599 ], [ -6.23054116229392, 53.358746056939701 ], [ -6.2306227717297, 53.358711286685498 ], [ -6.23067740769574, 53.358690152295601 ], [ -6.23073343106733, 53.358664177667599 ], [ -6.23077884235858, 53.358640929961702 ], [ -6.23082353394863, 53.358620546873198 ], [ -6.23086936703751, 53.358601259269001 ], [ -6.23092024167406, 53.358576654408999 ], [ -6.23096527047465, 53.358555018827097 ], [ -6.23100659902444, 53.358536023914198 ], [ -6.23105074188415, 53.358514374267401 ], [ -6.23109426160107, 53.358492896028402 ], [ -6.23114139100795, 53.358471650147898 ], [ -6.23116930043099, 53.358457497699298 ], [ -6.2312174886311, 53.358432124851902 ], [ -6.23125536323981, 53.358409493286601 ], [ -6.2312859965279, 53.358394832012003 ], [ -6.23132316633435, 53.358374705758102 ], [ -6.2313640366456, 53.358351929811803 ], [ -6.23138565143508, 53.358345052487998 ], [ -6.23142866517067, 53.358336146426097 ], [ -6.23150498016406, 53.358321435923997 ], [ -6.231556335946, 53.358299344718802 ], [ -6.23156976929105, 53.358294152723403 ], [ -6.23162581223133, 53.358282555396002 ], [ -6.23171332585311, 53.358265493147698 ], [ -6.23179603493217, 53.358248351549797 ], [ -6.23182454013441, 53.358241935778601 ], [ -6.23188868211163, 53.358230638105297 ], [ -6.23195302040276, 53.358222218611601 ], [ -6.23198892744443, 53.358218429154498 ], [ -6.23203335318268, 53.358211700950399 ], [ -6.23205216844382, 53.358207118044 ], [ -6.23207255957565, 53.358200760855901 ], [ -6.2321549339119, 53.358169596153303 ], [ -6.23220160296041, 53.358144568919599 ], [ -6.23222882216094, 53.358132921779799 ], [ -6.23225050349026, 53.358124067896398 ], [ -6.23229232908569, 53.358107595686299 ], [ -6.23231733445469, 53.358098252645298 ], [ -6.23236238017518, 53.358084164131199 ], [ -6.23242665558613, 53.358069633317299 ], [ -6.23252169558317, 53.358052134593301 ], [ -6.23258595861987, 53.358045160735699 ], [ -6.23261734057756, 53.358041833466302 ], [ -6.23264263439073, 53.358040402392199 ], [ -6.23271057136285, 53.358039405167098 ], [ -6.23276147418462, 53.358036187218097 ], [ -6.23287306385917, 53.358033301757501 ], [ -6.23292925310964, 53.358033038230197 ], [ -6.23301727185698, 53.358040416758399 ], [ -6.23305288009046, 53.358044169895102 ], [ -6.23310215216252, 53.358051352091998 ], [ -6.23315407510395, 53.3580601904861 ], [ -6.23318477639166, 53.358066378614602 ], [ -6.23323634708, 53.358076469196902 ], [ -6.23332001601004, 53.358094935573 ], [ -6.23340869259536, 53.358116161683398 ], [ -6.23350835103709, 53.358140606271697 ], [ -6.23356146539193, 53.358164559494803 ], [ -6.23365823939798, 53.358192672456397 ], [ -6.23371742234628, 53.358141464084198 ], [ -6.23377881309169, 53.358092086888703 ], [ -6.23385000721423, 53.358034820272799 ], [ -6.23386684454344, 53.358019604503497 ], [ -6.2337374511139, 53.3579873686746 ], [ -6.23355008315106, 53.357940085797701 ], [ -6.2333049826879, 53.357879214359201 ], [ -6.23305306637511, 53.357816094216602 ], [ -6.23288587935194, 53.357774859734697 ], [ -6.23274640215923, 53.357739491220002 ], [ -6.23202010923149, 53.357557524263001 ], [ -6.23108415667252, 53.357323524238097 ], [ -6.23108829402522, 53.357358532357203 ], [ -6.23104968849765, 53.357421681449999 ], [ -6.23101447691652, 53.357450769060897 ], [ -6.23096644737636, 53.3574951855488 ], [ -6.23094995001819, 53.357503262182703 ], [ -6.23088651532051, 53.357540665097801 ], [ -6.23084090453319, 53.357566219834403 ], [ -6.23076287814663, 53.357609211776499 ], [ -6.23070786914159, 53.357636810331002 ], [ -6.23069297719634, 53.357642035428803 ], [ -6.23064316723364, 53.357658010284901 ], [ -6.23062731047001, 53.357674192889696 ], [ -6.23059654949049, 53.3577053237657 ], [ -6.23035916831412, 53.357852663100097 ], [ -6.23022439758123, 53.357933183491397 ], [ -6.23001954192248, 53.358028849090601 ], [ -6.22987763571279, 53.358093439631297 ], [ -6.22969370879961, 53.358177723375697 ], [ -6.2295078839185, 53.358263956069401 ], [ -6.22929289362503, 53.358364852159603 ], [ -6.2291663066721, 53.358436696123398 ], [ -6.22903661829283, 53.358510821853002 ], [ -6.22893085684884, 53.358573799560801 ], [ -6.2288827609004, 53.358609227896103 ], [ -6.22885511238035, 53.3586446001935 ], [ -6.22820691489879, 53.358766318129 ], [ -6.22808308491287, 53.358772368254201 ], [ -6.22796936014424, 53.358817237102599 ], [ -6.22778012499738, 53.358891724718603 ], [ -6.22753030870551, 53.358991193520801 ], [ -6.22712167933023, 53.359156622989403 ], [ -6.22705283450101, 53.359184904138203 ], [ -6.22700457244232, 53.359188850987501 ], [ -6.22655339385612, 53.359072341694301 ], [ -6.22617146434572, 53.358974671932899 ], [ -6.22572374321503, 53.358861806122803 ], [ -6.2252158849688, 53.358735085959701 ], [ -6.22450333113561, 53.358557240384997 ], [ -6.22429762536778, 53.358505743143098 ], [ -6.22366003274521, 53.358376285641498 ], [ -6.2224173077848, 53.358111857794597 ], [ -6.22161361451077, 53.357947302995498 ], [ -6.22152509906595, 53.357926321245699 ], [ -6.22135841884552, 53.357891890210396 ], [ -6.22029642925829, 53.357672352259897 ], [ -6.22016320478088, 53.357640054375601 ], [ -6.22011606171529, 53.357631200711097 ], [ -6.21998268633612, 53.357606134038797 ], [ -6.21996498331331, 53.357599830807303 ], [ -6.21974731446536, 53.357546215624303 ], [ -6.21939968484363, 53.357460582787098 ], [ -6.2191925265477, 53.357357033332903 ], [ -6.21902021571205, 53.357320853056002 ], [ -6.2188974277489, 53.357296939970801 ], [ -6.21868942513845, 53.357255787188599 ], [ -6.21865573906543, 53.357249182236501 ], [ -6.21859690850976, 53.357233584039797 ], [ -6.21853235741371, 53.357217901305297 ], [ -6.21830304000551, 53.357169248973499 ], [ -6.2181440660495, 53.357135656515297 ], [ -6.21810466928044, 53.357127330282196 ], [ -6.21794480302605, 53.357099287001802 ], [ -6.21781068181027, 53.357080605409998 ], [ -6.21769970942253, 53.357069088758301 ], [ -6.21742550307109, 53.3570451144153 ], [ -6.21711173346912, 53.357019298941097 ], [ -6.21689440653883, 53.357000468688703 ], [ -6.21662736005738, 53.356978037605302 ], [ -6.21646207718775, 53.356964648357398 ], [ -6.21615412553075, 53.356943410500499 ], [ -6.21591291574418, 53.356928542911703 ], [ -6.21563416985831, 53.356927681524397 ], [ -6.2155376848524, 53.356921402986103 ], [ -6.21544786432799, 53.356914156249204 ], [ -6.21535321823757, 53.356907375661102 ], [ -6.21527262908916, 53.356901694182497 ], [ -6.21510445671525, 53.356893112537797 ], [ -6.21499002624778, 53.356885316655998 ], [ -6.21482307012577, 53.356883223386802 ], [ -6.21468486102648, 53.3568837063819 ], [ -6.21454848963348, 53.356883319696699 ], [ -6.21439897020141, 53.356881297095001 ], [ -6.21408114914943, 53.356873754245697 ], [ -6.21382501199577, 53.356849134245202 ], [ -6.21365720959997, 53.356838578698799 ], [ -6.21337410321163, 53.356827042508101 ], [ -6.21305284662748, 53.356815122166097 ], [ -6.21275160121138, 53.3568063769101 ], [ -6.21256616651091, 53.356793579220898 ], [ -6.21252554620871, 53.356787956220899 ], [ -6.21238303897637, 53.356761234189001 ], [ -6.21233236074144, 53.356759046716597 ], [ -6.21227878608887, 53.356754307229799 ], [ -6.21198787421261, 53.356771766165103 ], [ -6.21193884735391, 53.356773196740299 ], [ -6.21180040658644, 53.356764507685497 ], [ -6.21155802151248, 53.3567415270049 ], [ -6.21133186896757, 53.356732987772297 ], [ -6.21108615729358, 53.356725232553003 ], [ -6.21099528675574, 53.356721200655798 ], [ -6.21075605431315, 53.356709408241599 ], [ -6.21045981453647, 53.356696967105997 ], [ -6.21042297253738, 53.356691894402601 ], [ -6.21039132458946, 53.356684698387497 ], [ -6.21037174539548, 53.356675562169798 ], [ -6.21034333770734, 53.356649875743102 ], [ -6.21032262677391, 53.356627593523598 ], [ -6.21031578167404, 53.356614586539699 ], [ -6.21031658693356, 53.356596446110998 ], [ -6.21032933052405, 53.356570514035901 ], [ -6.21037142105549, 53.356515943598303 ], [ -6.2103886605397, 53.356490600262397 ], [ -6.21039641037666, 53.356470902077902 ], [ -6.21040502295574, 53.356453202319102 ], [ -6.21042695469806, 53.356420893414402 ], [ -6.21044922587232, 53.356387331252698 ], [ -6.21046274843192, 53.356366074807397 ], [ -6.21047441403187, 53.356348655423403 ], [ -6.21049508106183, 53.356298840156001 ], [ -6.21051205656739, 53.356251467334197 ], [ -6.21052479984732, 53.356204382475397 ], [ -6.21052789008859, 53.356100188523499 ], [ -6.21052601777237, 53.355999694277401 ], [ -6.2105166865714, 53.355898369112502 ], [ -6.21050987360329, 53.355786388486102 ], [ -6.21050782662833, 53.355763208754396 ], [ -6.21049961750293, 53.355747261065197 ], [ -6.21049228563291, 53.355730814206503 ], [ -6.21048970740733, 53.355705254528502 ], [ -6.21049242535533, 53.355683413590803 ], [ -6.21049671739998, 53.355669863579699 ], [ -6.2105036034998, 53.355652165783198 ], [ -6.21052226728283, 53.355609635037503 ], [ -6.21054779775894, 53.3555731745166 ], [ -6.21057418423931, 53.355537796420101 ], [ -6.21059933949426, 53.355503118008201 ], [ -6.21061959918626, 53.3554780716008 ], [ -6.21063026614362, 53.355467268697097 ], [ -6.21063338107539, 53.355457070693603 ], [ -6.21062518320166, 53.355415431394498 ], [ -6.21061003789763, 53.355345660093803 ], [ -6.21058479726994, 53.355221810164601 ], [ -6.21057303417055, 53.355164544487302 ], [ -6.21055378302014, 53.355136120103701 ], [ -6.21053390769221, 53.355100721421898 ], [ -6.2105272052507, 53.355088974929402 ], [ -6.21051665983868, 53.355079345039897 ], [ -6.21051329462192, 53.355059983484303 ], [ -6.21051543727095, 53.355025696983702 ], [ -6.2105200494209, 53.354968326347603 ], [ -6.21052506327365, 53.354950132185998 ], [ -6.21052779694584, 53.354938671021401 ], [ -6.21055556471742, 53.354902909176303 ], [ -6.21057423095319, 53.354872896283098 ], [ -6.21059370578319, 53.3548450616628 ], [ -6.21060935685171, 53.354822470918698 ], [ -6.21061992314079, 53.354769961391199 ], [ -6.21062875663278, 53.354715816993597 ], [ -6.21065232479408, 53.354632229901497 ], [ -6.21067035054803, 53.354522867898901 ], [ -6.21067129044506, 53.354507246170499 ], [ -6.21068131363376, 53.354475585544002 ], [ -6.21068846007276, 53.354403973394803 ], [ -6.21070610497676, 53.3543330669592 ], [ -6.21071465517356, 53.354256633031198 ], [ -6.21073489886309, 53.354173535356203 ], [ -6.21074448553064, 53.354152291760698 ], [ -6.21075685165684, 53.354114546214802 ], [ -6.21076591585422, 53.354062381762397 ], [ -6.21077108229588, 53.353965947838397 ], [ -6.21078287859197, 53.353854694762497 ], [ -6.21079244824948, 53.353716980370699 ], [ -6.2107929174363, 53.353701117888797 ], [ -6.21079479944254, 53.3536379367862 ], [ -6.21077501757294, 53.3536225526002 ], [ -6.21073188930245, 53.353611966736402 ], [ -6.21058916642396, 53.353610391739501 ], [ -6.21045904734552, 53.353599750485699 ], [ -6.21039193615972, 53.353593774354799 ], [ -6.21030028963093, 53.353584042526101 ], [ -6.21023203360535, 53.3535759908412 ], [ -6.2101877090365, 53.3535714080123 ], [ -6.21015383236959, 53.3535687336894 ], [ -6.21010581341704, 53.353567707758103 ], [ -6.21003766777349, 53.353566307967299 ], [ -6.20997432000568, 53.353564773388797 ], [ -6.20992781033465, 53.353563221749901 ], [ -6.20985763183995, 53.353559463420702 ], [ -6.20978057783324, 53.353554191645898 ], [ -6.20974453107425, 53.353554190087003 ], [ -6.20965979816109, 53.353555497409801 ], [ -6.20957233091615, 53.353557132157 ], [ -6.20947343168787, 53.353559907559799 ], [ -6.20941934722174, 53.353560623018403 ], [ -6.20935921260749, 53.353562712727602 ], [ -6.20927260837217, 53.353565978078201 ], [ -6.20922873966105, 53.353566613077497 ], [ -6.20911790564689, 53.353566396661002 ], [ -6.20906383628843, 53.353566393131203 ], [ -6.20891695549996, 53.353566533380501 ], [ -6.20882265749643, 53.353565944729603 ], [ -6.20876801780509, 53.353564853922798 ], [ -6.20871313816306, 53.353561604123897 ], [ -6.20864808053452, 53.353557175942697 ], [ -6.20861332576054, 53.3535539496064 ], [ -6.20851538174593, 53.353543978043 ], [ -6.20848991136575, 53.353542103576302 ], [ -6.20841099675979, 53.353538968230502 ], [ -6.20827186423258, 53.3535305612237 ], [ -6.20824160555698, 53.353527555093798 ], [ -6.20812869491772, 53.3535160012445 ], [ -6.20810351736015, 53.353513951329099 ], [ -6.20805846424011, 53.353513849955 ], [ -6.20792477984466, 53.3535144828803 ], [ -6.20777915355022, 53.353512655080799 ], [ -6.20764342740711, 53.353510750219499 ], [ -6.20742520542466, 53.353505494515296 ], [ -6.20733186318645, 53.353502932656703 ], [ -6.20730826350132, 53.353501229854203 ], [ -6.20707850803747, 53.3534534029912 ], [ -6.2068998791689, 53.353442405500999 ], [ -6.20651658580897, 53.353418769910498 ], [ -6.20608084779392, 53.3533915142132 ], [ -6.20560591043894, 53.353360287852098 ], [ -6.20515610933846, 53.353331746780299 ], [ -6.20489571316088, 53.3533147183552 ], [ -6.20477816841449, 53.353309444450403 ], [ -6.20434172469012, 53.353292235833798 ], [ -6.20396439037312, 53.353277317549498 ], [ -6.2035762425004, 53.353262055497297 ], [ -6.20341279788596, 53.3532550375486 ], [ -6.20329069435062, 53.353258150514002 ], [ -6.20314378058641, 53.353258382020201 ], [ -6.20301157708162, 53.353258466378698 ], [ -6.20258403675968, 53.3532595370528 ], [ -6.20228924959617, 53.353261062267102 ], [ -6.20203775815779, 53.353261962858902 ], [ -6.20202124644703, 53.353261723031999 ], [ -6.20161869724392, 53.353246066812403 ], [ -6.20131516124014, 53.353233815482398 ], [ -6.2010394936328, 53.3532232068547 ], [ -6.20069696998052, 53.353209135630699 ], [ -6.20068163826254, 53.353209093176503 ], [ -6.19858988072933, 53.353224818223701 ], [ -6.19858758318451, 53.353279294214303 ], [ -6.19696889883732, 53.353269810779501 ], [ -6.19626327308148, 53.353253140653401 ], [ -6.19625757203854, 53.353202875180202 ], [ -6.19611613495081, 53.353209273019999 ], [ -6.19601817305928, 53.353210478503598 ], [ -6.19593221757537, 53.353209754119199 ], [ -6.19586290609515, 53.353196178353699 ], [ -6.19579930508636, 53.353173667446598 ], [ -6.1957537859733, 53.353150819636198 ], [ -6.19571247410629, 53.353121869528501 ], [ -6.19569137010463, 53.353100576439303 ], [ -6.19567730487584, 53.353083676258997 ], [ -6.19565825848281, 53.353053149248197 ], [ -6.19565081990427, 53.353024829106197 ], [ -6.19564671548741, 53.353002894264499 ], [ -6.19564227989577, 53.352969596032402 ], [ -6.1956426107131, 53.352942561848103 ], [ -6.19564492215589, 53.352913804917897 ], [ -6.19568331876054, 53.352607917772097 ], [ -6.19574629626716, 53.352336263544601 ], [ -6.1957514128866, 53.3522770134323 ], [ -6.19576028226541, 53.3521851102253 ], [ -6.19576947674194, 53.352104714127002 ], [ -6.19577578942197, 53.352039551686701 ], [ -6.19578113240022, 53.351993434051998 ], [ -6.19578961304284, 53.351927055033897 ], [ -6.19579200505876, 53.3518839388747 ], [ -6.19579135609306, 53.351847058581299 ], [ -6.19579342745772, 53.351815090126898 ], [ -6.19579396242019, 53.351794600634499 ], [ -6.19580145292231, 53.351550826379302 ], [ -6.1958084254849, 53.351374046797702 ], [ -6.19581868564296, 53.350993597634599 ], [ -6.19582437769222, 53.350840728852397 ], [ -6.19583181770992, 53.350632637843503 ], [ -6.19583850890901, 53.350546767808801 ], [ -6.19578429002143, 53.350485308155399 ], [ -6.19577226791623, 53.350479447614902 ], [ -6.19575797278358, 53.3504758339052 ], [ -6.19574812558899, 53.3504842399621 ], [ -6.19574112394559, 53.350494270972099 ], [ -6.19573817912053, 53.350503922908203 ], [ -6.1957369909181, 53.350513205028598 ], [ -6.19573460306938, 53.350522793481701 ], [ -6.19573092987673, 53.3505322276744 ], [ -6.19572603478569, 53.350541463625198 ], [ -6.19571991898812, 53.350550437535603 ], [ -6.19571261508738, 53.350559088778802 ], [ -6.19570417709845, 53.3505675610837 ], [ -6.19569517146905, 53.350575602358603 ], [ -6.19568483903513, 53.350583048323401 ], [ -6.19567328975875, 53.350589820645602 ], [ -6.19566064496691, 53.350595856444698 ], [ -6.19564704084694, 53.350601096660299 ], [ -6.19563260357149, 53.3506054703956 ], [ -6.19556530206811, 53.350608423556601 ], [ -6.19552747944688, 53.350606459262799 ], [ -6.19545008555049, 53.350598018181699 ], [ -6.19535163085214, 53.350591829122898 ], [ -6.19521421487468, 53.3505789845021 ], [ -6.19510859967857, 53.350569163553999 ], [ -6.19503390920394, 53.350560737031898 ], [ -6.19494629667551, 53.350552428655803 ], [ -6.19490397789656, 53.350549901791098 ], [ -6.19485742872739, 53.350548981813503 ], [ -6.19482089528967, 53.3505481135862 ], [ -6.19480157152516, 53.350547650442302 ], [ -6.19471899469216, 53.350545304461001 ], [ -6.1946601117451, 53.3505455819692 ], [ -6.19463006486432, 53.350545810421799 ], [ -6.19457303701623, 53.350543033004897 ], [ -6.19450516766625, 53.350541295920401 ], [ -6.19444748515791, 53.350541213086103 ], [ -6.19435315748098, 53.350542230375702 ], [ -6.19416299926476, 53.350543179579397 ], [ -6.19405907642324, 53.350543079784899 ], [ -6.19392809563613, 53.350543927534602 ], [ -6.19379260136929, 53.350544940506403 ], [ -6.19367004309399, 53.350545115526899 ], [ -6.19353273242036, 53.350547555893797 ], [ -6.19335187579646, 53.350550523171002 ], [ -6.19316257138599, 53.350555078989402 ], [ -6.19308325823922, 53.350555800436702 ], [ -6.19296340512922, 53.350555979746701 ], [ -6.19287424214395, 53.350555923598897 ], [ -6.19277806703428, 53.350555868131302 ], [ -6.19258943407905, 53.350555202975897 ], [ -6.19247738763986, 53.350555419163797 ], [ -6.19230076032806, 53.350555348888598 ], [ -6.19210371062046, 53.350555183717603 ], [ -6.1918471928769, 53.350553857248499 ], [ -6.19163061555603, 53.350554141377302 ], [ -6.19143717654929, 53.3505534554848 ], [ -6.19130170718488, 53.350552848128103 ], [ -6.19109987610424, 53.350551405294901 ], [ -6.19094547847608, 53.350551247591397 ], [ -6.19075234945584, 53.350550017007699 ], [ -6.19063729153305, 53.350550401517502 ], [ -6.1904963523096, 53.350554805709201 ], [ -6.19029141684754, 53.350561078438403 ], [ -6.19012914009666, 53.350566102311198 ], [ -6.18999631717307, 53.350570359384399 ], [ -6.18982837398998, 53.350572303813699 ], [ -6.1897373804043, 53.350570815387201 ], [ -6.18960044057764, 53.350568395134502 ], [ -6.18945929634128, 53.350564518649897 ], [ -6.18924398364335, 53.350559417520799 ], [ -6.18921720895794, 53.3505628931741 ], [ -6.18919916612504, 53.3505644250694 ], [ -6.18917424909605, 53.350563058197203 ], [ -6.18914994705975, 53.350560613979397 ], [ -6.18912778680296, 53.350555838365302 ], [ -6.18911646256711, 53.350548773433196 ], [ -6.18910213476065, 53.3505416907757 ], [ -6.18908959314195, 53.350535703924997 ], [ -6.18907130723578, 53.350532020748801 ], [ -6.18905091785447, 53.350529411192198 ], [ -6.18902777785494, 53.350530029791898 ], [ -6.1890079419118, 53.350531373552698 ], [ -6.18896175077415, 53.350525235457603 ], [ -6.18893510290584, 53.3505182794608 ], [ -6.1889033643343, 53.350510222426799 ], [ -6.18887945109561, 53.350501124692002 ], [ -6.18886211965324, 53.350493672835299 ], [ -6.18885122846876, 53.350484898602303 ], [ -6.18882609073806, 53.350466418353697 ], [ -6.18881682913086, 53.350458855298101 ], [ -6.18880801275312, 53.350451101259999 ], [ -6.18879966790256, 53.350443173716101 ], [ -6.188791780992, 53.350435074258002 ], [ -6.18878436669054, 53.350426811197899 ], [ -6.18877745464091, 53.350418393974103 ], [ -6.18877376374654, 53.3504094683801 ], [ -6.18877139585525, 53.350399772806597 ], [ -6.18876881857577, 53.350390091131899 ], [ -6.18876602848684, 53.350380433191198 ], [ -6.18876299856728, 53.350370798574197 ], [ -6.18875977231357, 53.350361188839997 ], [ -6.18875630326513, 53.350351601485698 ], [ -6.18875327731644, 53.3503422275868 ], [ -6.1887510711096, 53.350333324530702 ], [ -6.18874924168628, 53.350324392140401 ], [ -6.18874780563551, 53.350315428870204 ], [ -6.18874674414295, 53.350306453309599 ], [ -6.18874608911416, 53.350297456954898 ], [ -6.18874580976337, 53.350288457315102 ], [ -6.18874592260351, 53.350279454640898 ], [ -6.18874651685685, 53.3502693366476 ], [ -6.18874538608393, 53.350259515143698 ], [ -6.18874502205908, 53.350249678315002 ], [ -6.18874542436286, 53.350239836042199 ], [ -6.18874660694022, 53.350230013704099 ], [ -6.18874855321722, 53.350220247900602 ], [ -6.18875127816704, 53.350210539757903 ], [ -6.18875474919793, 53.3502009139481 ], [ -6.18876852221172, 53.3501647828069 ], [ -6.1887819441982, 53.350098667963103 ], [ -6.18880043942557, 53.3500110000072 ], [ -6.1888200812806, 53.349926755086301 ], [ -6.18883026885574, 53.349880235765603 ], [ -6.18883610388723, 53.349820556348497 ], [ -6.18883951154618, 53.349763212969997 ], [ -6.18885217643181, 53.349661131988498 ], [ -6.18887396034797, 53.3495252939951 ], [ -6.18889309806947, 53.349409032594401 ], [ -6.18891711127431, 53.349262767951402 ], [ -6.18893199526727, 53.349174910328102 ], [ -6.18893895457474, 53.349137246610503 ], [ -6.18894445796018, 53.349123968276103 ], [ -6.1889477278866, 53.349078726322396 ], [ -6.18895070515426, 53.3490333010607 ], [ -6.18894785611734, 53.348987158184102 ], [ -6.18895140172995, 53.3489389561026 ], [ -6.18895552878671, 53.3488912113583 ], [ -6.18894976869396, 53.348839363518103 ], [ -6.18893579593402, 53.348789905914103 ], [ -6.18892525456198, 53.348744545089701 ], [ -6.188917742132, 53.348698601067703 ], [ -6.18890436388401, 53.348652837649297 ], [ -6.18889059502944, 53.348591522290398 ], [ -6.18886917251446, 53.348547793026597 ], [ -6.18885139690197, 53.348503041432998 ], [ -6.18885573125201, 53.348453951603702 ], [ -6.18886705077673, 53.348406586587103 ], [ -6.18888343453926, 53.348360196366897 ], [ -6.18892272178876, 53.348271613511699 ], [ -6.18894126013704, 53.348233568287 ], [ -6.18894474462449, 53.348221175204301 ], [ -6.18894975957708, 53.348140437424497 ], [ -6.18895430777011, 53.348050158762803 ], [ -6.18896317174603, 53.347929329066801 ], [ -6.18897542133646, 53.347737810838197 ], [ -6.188990167296, 53.347539841906503 ], [ -6.18896926347583, 53.347466170004303 ], [ -6.18897739941658, 53.347354324649103 ], [ -6.18897661528068, 53.347303054770002 ], [ -6.18897553199235, 53.347273015000901 ], [ -6.188970875933, 53.347217768385597 ], [ -6.18896105146312, 53.3471689678587 ], [ -6.18894669213553, 53.347121589637197 ], [ -6.18891825679567, 53.347027557443802 ], [ -6.18891407614255, 53.347003616794503 ], [ -6.1889142086533, 53.346972499815898 ], [ -6.18891724808908, 53.346904699329102 ], [ -6.18893022914813, 53.346834426095398 ], [ -6.18894324190849, 53.346761278011897 ], [ -6.18894425162731, 53.346710565662299 ], [ -6.18894206174201, 53.346650647551598 ], [ -6.18894288262184, 53.346634826376103 ], [ -6.18896428684321, 53.3465638810477 ], [ -6.18897567301524, 53.346521305943099 ], [ -6.18898822774774, 53.3464600216329 ], [ -6.18898953772857, 53.346430890045298 ], [ -6.18898609940855, 53.346396878585502 ], [ -6.18898217850722, 53.346354763217299 ], [ -6.18897581017459, 53.346299517566898 ], [ -6.18896368733694, 53.346184857859399 ], [ -6.18895265716955, 53.346082336240002 ], [ -6.18894131056976, 53.345981256916701 ], [ -6.18893043898234, 53.345865429748699 ], [ -6.18892183349564, 53.3457616605114 ], [ -6.18891405949445, 53.3456631152604 ], [ -6.18890702765408, 53.345577145 ], [ -6.18890302921027, 53.345536862041598 ], [ -6.18890005782121, 53.345518412666301 ], [ -6.18890087019075, 53.345499248642199 ], [ -6.18890245426363, 53.345489162744997 ], [ -6.18891083080526, 53.345470455099402 ], [ -6.18891759306936, 53.345462191521897 ], [ -6.1889278095575, 53.345452128807501 ], [ -6.18893879977682, 53.345445816934799 ], [ -6.18894987630648, 53.345439559401797 ], [ -6.18896104169159, 53.345433367032904 ], [ -6.18897230839719, 53.345427229231497 ], [ -6.18898366395828, 53.345421156594199 ], [ -6.18899512083993, 53.345415138524203 ], [ -6.18900665118615, 53.345409194372898 ], [ -6.18901828285288, 53.345403304788903 ], [ -6.18902998724475, 53.345397471135897 ], [ -6.18904179519775, 53.345391710060497 ], [ -6.18905587575703, 53.345385804614601 ], [ -6.18907015925883, 53.345380072124897 ], [ -6.18908464524633, 53.345374523369998 ], [ -6.18909933341507, 53.345369165535899 ], [ -6.18911419404949, 53.3453639909809 ], [ -6.18912924223593, 53.345358998136398 ], [ -6.18914446066397, 53.345354205614598 ], [ -6.18915983770627, 53.345349604250998 ], [ -6.18917538649145, 53.345345203232803 ], [ -6.18919107734203, 53.345340994020198 ], [ -6.18920665035845, 53.345338147428002 ], [ -6.1892375290134, 53.3453351834955 ], [ -6.18925418902549, 53.345334331701203 ], [ -6.18927018743265, 53.345334205997901 ], [ -6.18929897773315, 53.345334481165203 ], [ -6.1894740812454, 53.345333849803097 ], [ -6.18966659520128, 53.345333123740801 ], [ -6.18983564027146, 53.3453355278155 ], [ -6.19004972445917, 53.3453399353047 ], [ -6.19015554610551, 53.345354445029002 ], [ -6.19035145014427, 53.345395986923599 ], [ -6.19041075410682, 53.3454082987775 ], [ -6.19051668233959, 53.345419979407701 ], [ -6.19056188570266, 53.345426263748003 ], [ -6.19059461751351, 53.345441605999 ], [ -6.19064335457242, 53.345486808930801 ], [ -6.19066532526659, 53.345512672248901 ], [ -6.19071358311279, 53.3455688047395 ], [ -6.1907518219183, 53.345609068485203 ], [ -6.19077808993584, 53.345645501472497 ], [ -6.19079492089853, 53.345669309416401 ], [ -6.19082227223616, 53.345715276438398 ], [ -6.19084639857052, 53.345754758989997 ], [ -6.19086996256158, 53.3457926250179 ], [ -6.19089707520504, 53.345833555901798 ], [ -6.19093124664395, 53.345886562515702 ], [ -6.19096930444956, 53.345942108793999 ], [ -6.19099934988131, 53.345988628050598 ], [ -6.19101046033051, 53.346013491624298 ], [ -6.19101863215558, 53.346032944677901 ], [ -6.19102494601442, 53.346055803056103 ], [ -6.19103039140987, 53.346076859611799 ], [ -6.19103597959241, 53.346110507220402 ], [ -6.19104107100171, 53.346160144514002 ], [ -6.19104576823586, 53.346216253633798 ], [ -6.19105002128006, 53.346284946703399 ], [ -6.19105032447395, 53.346330997004699 ], [ -6.19105530939734, 53.346365022855899 ], [ -6.19105806215572, 53.346383018544202 ], [ -6.19106349220128, 53.346403374682701 ], [ -6.19107490448051, 53.346425015157699 ], [ -6.19108715511177, 53.346451333223797 ], [ -6.19109358643199, 53.346460812628401 ], [ -6.19110097842033, 53.346471725836501 ], [ -6.19111188390111, 53.346486889808702 ], [ -6.19121001452583, 53.346495530408603 ], [ -6.1912406232291, 53.346496830361602 ], [ -6.19125580626558, 53.346501427915499 ], [ -6.19127813543402, 53.346508201093101 ], [ -6.19136285375349, 53.346533891999698 ], [ -6.19137932500446, 53.346529703317202 ], [ -6.19145939618542, 53.3465339272732 ], [ -6.19147737574784, 53.346529589766497 ], [ -6.19147819757607, 53.3467176760157 ], [ -6.19148394203949, 53.347832186820099 ], [ -6.19148905802018, 53.3481518796426 ], [ -6.19148946977431, 53.348177954382102 ], [ -6.19157258486072, 53.348178154520099 ], [ -6.19159209678303, 53.348177695261398 ], [ -6.19159202646619, 53.348232546528003 ], [ -6.19159178999556, 53.348252681021997 ], [ -6.19172841593852, 53.348252406807397 ], [ -6.19174188255123, 53.348231600975403 ], [ -6.19173894834527, 53.348177108642403 ], [ -6.19175606397233, 53.3481775478119 ], [ -6.19184754088409, 53.348178144135801 ], [ -6.19186798703191, 53.348184358352903 ], [ -6.19189092851627, 53.348184849841203 ], [ -6.19189642991975, 53.348175497394401 ], [ -6.1919128955686, 53.348166131343298 ], [ -6.19192676934093, 53.348161220114598 ], [ -6.19194390758565, 53.348157256277403 ], [ -6.19196477810667, 53.348153798407999 ], [ -6.19200999681327, 53.3481463061838 ], [ -6.19207609699807, 53.348145779843101 ], [ -6.19215490840862, 53.348150030060403 ], [ -6.19224331559155, 53.348161794151601 ], [ -6.1923204093923, 53.348178238599502 ], [ -6.19234174549816, 53.348195725744702 ], [ -6.19237342676956, 53.348195846217301 ], [ -6.19251459885976, 53.348227640690602 ], [ -6.19263382313098, 53.348249307171699 ], [ -6.19268119302972, 53.348261976367397 ], [ -6.19268048223542, 53.348250373511299 ], [ -6.19269942409085, 53.348246347005301 ], [ -6.19269907832858, 53.348203782613801 ], [ -6.19269796723635, 53.3480678569208 ], [ -6.19262824169934, 53.348068867978498 ], [ -6.19262840305074, 53.347998696801902 ], [ -6.19262851524705, 53.347952410138802 ], [ -6.1929313158925, 53.347951246136397 ], [ -6.19293184998372, 53.347993660580201 ], [ -6.19293210932805, 53.348014162111198 ], [ -6.19292953019346, 53.348064446212703 ], [ -6.19288045810361, 53.348063613066998 ], [ -6.19287612394508, 53.348187377927097 ], [ -6.19287713251873, 53.348220669337699 ], [ -6.19287799697578, 53.3482495911963 ], [ -6.19290730502398, 53.348252551806297 ], [ -6.19290655472015, 53.348266738211102 ], [ -6.19297345109082, 53.348269054715701 ], [ -6.19305372695048, 53.348274557002298 ], [ -6.19310097136497, 53.348277411706299 ], [ -6.19316128940896, 53.348279035257001 ], [ -6.19319441164057, 53.348279536861398 ], [ -6.1932323662915, 53.348277973342903 ], [ -6.19327065442537, 53.348268560070302 ], [ -6.19329459413383, 53.3482624978244 ], [ -6.19331188627728, 53.348245622767998 ], [ -6.19331480115881, 53.348232816471402 ], [ -6.193316264205, 53.348201773592798 ], [ -6.19331899153316, 53.348102867340103 ], [ -6.19331923810313, 53.3479124155023 ], [ -6.19331998806518, 53.347826167951801 ], [ -6.19332170838505, 53.347638515778499 ], [ -6.19332171853055, 53.347443388277902 ], [ -6.19331995364277, 53.347319287458703 ], [ -6.19331960200796, 53.3471525688865 ], [ -6.19332025428216, 53.3470388303165 ], [ -6.19329982723507, 53.347039275996401 ], [ -6.19329993485096, 53.347005830712199 ], [ -6.19332005350612, 53.347005928643 ], [ -6.19331980472489, 53.3468921503598 ], [ -6.19331870203298, 53.346770540302799 ], [ -6.19329858348871, 53.346770442372701 ], [ -6.19329960008467, 53.346736103043199 ], [ -6.19331761786066, 53.346736187137402 ], [ -6.19331702571277, 53.3466067309134 ], [ -6.1933149198715, 53.346460537294597 ], [ -6.19331567312151, 53.346365330330002 ], [ -6.19331579445812, 53.346349354730002 ], [ -6.19331752458544, 53.346130564815802 ], [ -6.19331892123623, 53.345954823360401 ], [ -6.19331616678479, 53.345264402757998 ], [ -6.19325682603139, 53.345264312164602 ], [ -6.1928934938962, 53.345263769053503 ], [ -6.19287705432857, 53.345263672843302 ], [ -6.19287368077873, 53.345163110191997 ], [ -6.19288478172273, 53.345156295398503 ], [ -6.19311084645691, 53.345155766371903 ], [ -6.19378671911974, 53.345156225940102 ], [ -6.19404993495862, 53.345156446326797 ], [ -6.19452283237625, 53.3451568383202 ], [ -6.19473587710949, 53.345156684422903 ], [ -6.19500770185583, 53.345154282569602 ], [ -6.19508581921276, 53.3451542518875 ], [ -6.19617290906217, 53.345153856304798 ], [ -6.1961705734046, 53.3451099585508 ], [ -6.19609219970572, 53.345109303862202 ], [ -6.19609110110136, 53.344923055233998 ], [ -6.1961734437956, 53.344922152956599 ], [ -6.19617314861955, 53.344863009698201 ], [ -6.19617310050809, 53.344852765113203 ], [ -6.19635363262011, 53.3448526371754 ], [ -6.19635403683396, 53.344920588723397 ], [ -6.19632161627523, 53.344920960555903 ], [ -6.1962395407092, 53.344921903825799 ], [ -6.19624049579281, 53.344934857685701 ], [ -6.19669281698129, 53.344935990607702 ], [ -6.19669156155829, 53.344908833545901 ], [ -6.19663452816004, 53.344908142242097 ], [ -6.19663297259329, 53.344895178410603 ], [ -6.19667778292043, 53.344894804117402 ], [ -6.19674715327771, 53.344894217691497 ], [ -6.19675646101747, 53.344887169608398 ], [ -6.19676651156115, 53.344877076762202 ], [ -6.19677236998932, 53.344866382160198 ], [ -6.19677777057154, 53.344852265120302 ], [ -6.1968785237645, 53.344842474448498 ], [ -6.19691618384952, 53.344839629001299 ], [ -6.19696145191727, 53.344841931016497 ], [ -6.19706114668297, 53.344849746467901 ], [ -6.1971351126387, 53.344854827119001 ], [ -6.19718256862895, 53.344862194607998 ], [ -6.19724161557581, 53.344872082246098 ], [ -6.19726726882953, 53.344876253011797 ], [ -6.19732956190582, 53.344894996297903 ], [ -6.19737766717742, 53.344907944407701 ], [ -6.19742696682631, 53.344921099295902 ], [ -6.19748133038453, 53.344935589020103 ], [ -6.19754665612182, 53.344953299425804 ], [ -6.19758495598128, 53.344963772265402 ], [ -6.19763499149076, 53.344995090758701 ], [ -6.19768311072327, 53.345029075843698 ], [ -6.19772182351619, 53.3450582467432 ], [ -6.19775752829765, 53.345087551055599 ], [ -6.1977943036517, 53.3451199266188 ], [ -6.19782211397038, 53.345150909298802 ], [ -6.19785126460594, 53.345186045892099 ], [ -6.19788229704042, 53.3452264222623 ], [ -6.19790996070206, 53.345268006986203 ], [ -6.19793934544761, 53.345318962733202 ], [ -6.1979550357031, 53.345352457872501 ], [ -6.19796713246103, 53.345386078495999 ], [ -6.19797605028793, 53.345430614012798 ], [ -6.19798635550116, 53.3454778669443 ], [ -6.19799277471829, 53.345524701651897 ], [ -6.19799709447524, 53.345585702412002 ], [ -6.19799631634182, 53.345632248645103 ], [ -6.1979929238567, 53.345669948750597 ], [ -6.19798720750595, 53.3457054475994 ], [ -6.1979676174597, 53.346435699213501 ], [ -6.1979615420414, 53.346574715132697 ], [ -6.19796067113858, 53.346695746971697 ], [ -6.19795841107261, 53.346830803686601 ], [ -6.19795768813996, 53.346939068220301 ], [ -6.19795708978123, 53.347036901131297 ], [ -6.19795602482731, 53.347107337252503 ], [ -6.19796282751703, 53.347188136956603 ], [ -6.19796279397789, 53.347235224728799 ], [ -6.19796534867778, 53.347281452773601 ], [ -6.19796476245677, 53.347327363731502 ], [ -6.19797437696805, 53.347377113023803 ], [ -6.19797420848268, 53.347423839228398 ], [ -6.19796675661243, 53.347468747666802 ], [ -6.1979629566506, 53.3474876508783 ], [ -6.19795841124271, 53.347499264186702 ], [ -6.19794983565508, 53.347513872610399 ], [ -6.19793800699167, 53.347530857813197 ], [ -6.19794184021319, 53.347572414226498 ], [ -6.19794121850591, 53.347586440807802 ], [ -6.19794875559535, 53.347603538750299 ], [ -6.19795178339996, 53.347624342728302 ], [ -6.19794844260646, 53.347635885247698 ], [ -6.19794718444661, 53.3477012859517 ], [ -6.19795465251642, 53.347716495329102 ], [ -6.19796595376392, 53.347733380477997 ], [ -6.19797894462597, 53.3477671853639 ], [ -6.19799887082128, 53.347796781560803 ], [ -6.19801094633428, 53.347820238885397 ], [ -6.19801770318538, 53.347830944315803 ], [ -6.19802519540136, 53.347842021279099 ], [ -6.19803038435466, 53.347850726523198 ], [ -6.19806782239426, 53.347938638373599 ], [ -6.19808190626233, 53.347960777792601 ], [ -6.19810186296587, 53.348014547291598 ], [ -6.19810771118009, 53.348036112915501 ], [ -6.19811409588036, 53.348048520476901 ], [ -6.19812125527149, 53.348056806065301 ], [ -6.19813023734223, 53.348068174269102 ], [ -6.1981369412204, 53.348080137239499 ], [ -6.19814513331575, 53.348092393229997 ], [ -6.19816456479407, 53.348101673091101 ], [ -6.19819542744419, 53.348106991011598 ], [ -6.19822106026638, 53.348108097171199 ], [ -6.19824451106589, 53.348107553396503 ], [ -6.19828068570057, 53.348104415422497 ], [ -6.19830318420963, 53.348101520324199 ], [ -6.19832716343014, 53.348099096092497 ], [ -6.1983477318306, 53.348099226927701 ], [ -6.19841851555181, 53.348094455260203 ], [ -6.19843520768886, 53.348097492754697 ], [ -6.19845354573217, 53.3481006458805 ], [ -6.19848090039316, 53.348103664606398 ], [ -6.19850083425843, 53.348104594771698 ], [ -6.19852577105952, 53.348104432008597 ], [ -6.19856155075569, 53.348103535035797 ], [ -6.19858086902454, 53.348104815420797 ], [ -6.19864686987524, 53.348113728737303 ], [ -6.19875267233386, 53.348105801324103 ], [ -6.19880579922857, 53.348105551766501 ], [ -6.19882843553067, 53.348105444091701 ], [ -6.19884858210487, 53.348104535728503 ], [ -6.19886351907839, 53.348096475903603 ], [ -6.19888614496829, 53.348093052314802 ], [ -6.19890235718616, 53.3480939352185 ], [ -6.1989187392711, 53.348098235300299 ], [ -6.19893570802384, 53.348103263291797 ], [ -6.19895466931554, 53.348105885558098 ], [ -6.19897708537307, 53.348105657683803 ], [ -6.19957566940168, 53.347987727501099 ], [ -6.19962132550405, 53.347987283949799 ], [ -6.19964277443758, 53.347993251301602 ], [ -6.19965525033914, 53.348009012509102 ], [ -6.19967560813365, 53.3480219813734 ], [ -6.19978896171301, 53.348027619619401 ], [ -6.19980907027849, 53.348028003922202 ], [ -6.19980674420554, 53.348046489002797 ], [ -6.1998628686878, 53.348046392961002 ], [ -6.19999592882686, 53.348053046497697 ], [ -6.20007769187866, 53.348054990087398 ], [ -6.20007842154479, 53.348029471923802 ], [ -6.20008770059612, 53.348005995425503 ], [ -6.20006020677097, 53.348004852602998 ], [ -6.20006301224966, 53.347974629875402 ], [ -6.20020212592596, 53.346469435838102 ], [ -6.20032743952631, 53.345113313698398 ], [ -6.20089280592779, 53.3451305142842 ], [ -6.20088610290988, 53.345119593210498 ], [ -6.20088596878829, 53.345104944020001 ], [ -6.20089548011225, 53.345093045960098 ], [ -6.20092622803988, 53.345076076119902 ], [ -6.20094571140551, 53.345073404712402 ], [ -6.20097339593435, 53.345072114417697 ], [ -6.20103034420518, 53.345071266277898 ], [ -6.20125985805168, 53.345080478373397 ], [ -6.20142993467699, 53.345081874890603 ], [ -6.20147007986906, 53.3450806833455 ], [ -6.20150805300843, 53.345084670400901 ], [ -6.20152383221377, 53.345087964253601 ], [ -6.20156527014544, 53.345088139494599 ], [ -6.20159696810034, 53.345087808373997 ], [ -6.20166637331621, 53.345087147705001 ], [ -6.20170618659645, 53.345086669234398 ], [ -6.2017398358327, 53.345086368386397 ], [ -6.20176833778691, 53.345087067631397 ], [ -6.20180938968437, 53.345085708975702 ], [ -6.20184597672219, 53.345086979471397 ], [ -6.20189464823696, 53.345086545464397 ], [ -6.20198110129779, 53.345091083257202 ], [ -6.20201107025596, 53.345092613490699 ], [ -6.2020493852058, 53.345095617721697 ], [ -6.20211814848643, 53.345095934918497 ], [ -6.20224265670325, 53.345098979603598 ], [ -6.20229755648815, 53.345096841643397 ], [ -6.20232865404173, 53.345096501281503 ], [ -6.20236252669549, 53.345094495866903 ], [ -6.20239298329999, 53.345091540152602 ], [ -6.20242931000954, 53.345084718967897 ], [ -6.2024447760606, 53.3450811778496 ], [ -6.2024737681717, 53.345073796732201 ], [ -6.20250150553167, 53.345071249430397 ], [ -6.20252194129756, 53.3450709281474 ], [ -6.2026100551055, 53.345068121982202 ], [ -6.20263484759424, 53.345067776433801 ], [ -6.20265252484867, 53.3450687618001 ], [ -6.20267632603999, 53.345070558476102 ], [ -6.20269420629916, 53.345070288547099 ], [ -6.20274898009994, 53.345067609189798 ], [ -6.20278082058243, 53.345067459665799 ], [ -6.202821099221, 53.345066629204297 ], [ -6.20284587659494, 53.345066642912201 ], [ -6.20286956019589, 53.345067628840702 ], [ -6.20289782894028, 53.345070301705803 ], [ -6.20299844859427, 53.345080803697897 ], [ -6.20306549880581, 53.345082532657202 ], [ -6.20308585146326, 53.345084187428803 ], [ -6.20310702640841, 53.345084146824497 ], [ -6.20312918226521, 53.345078639089799 ], [ -6.2031981349991, 53.345038700391399 ], [ -6.20316973887154, 53.345022663827898 ], [ -6.20315850832859, 53.345011172257301 ], [ -6.20312750492725, 53.344984276426203 ], [ -6.20308024262735, 53.344951563921697 ], [ -6.20304522485383, 53.344927304064299 ], [ -6.20303376021493, 53.3449213798391 ], [ -6.20299962232662, 53.344890842382497 ], [ -6.20297387212424, 53.344860431254901 ], [ -6.20296599305952, 53.344833893573103 ], [ -6.20296473592798, 53.344799897459801 ], [ -6.20297654689743, 53.344768982496298 ], [ -6.20300034157771, 53.344739147751902 ], [ -6.20303367878481, 53.3447180827038 ], [ -6.20308799340002, 53.344698061643399 ], [ -6.20315764494085, 53.344684742149603 ], [ -6.20320247005172, 53.344682901452302 ], [ -6.20671415307393, 53.344976166250298 ], [ -6.20694593281048, 53.344985797836301 ], [ -6.21047017320031, 53.345317063357498 ], [ -6.21062171275798, 53.345327621583799 ], [ -6.21090002687926, 53.345344520942 ], [ -6.21093535237259, 53.345346875274501 ], [ -6.21224474020895, 53.345434227255197 ], [ -6.21241894019079, 53.345447315862899 ], [ -6.21244066526579, 53.345450643422801 ], [ -6.21246665929911, 53.345454573331502 ], [ -6.21248279890149, 53.345460368942703 ], [ -6.21249990561861, 53.345465701769101 ], [ -6.21251509276541, 53.345472399900302 ], [ -6.21253579964438, 53.345479242745498 ], [ -6.2125513213644, 53.345489396447498 ], [ -6.21256803258526, 53.3455084914347 ], [ -6.21259086775673, 53.345526536667599 ], [ -6.21382182572416, 53.346674159694203 ], [ -6.21580952955797, 53.3485253197221 ], [ -6.21584369943198, 53.348556492053 ], [ -6.21587107910827, 53.3485794474146 ], [ -6.21589432290733, 53.348594973319102 ], [ -6.21592281319973, 53.348607881219301 ], [ -6.21594729532615, 53.3486167752814 ], [ -6.2159756950871, 53.3486253773793 ], [ -6.21599382985455, 53.348629117078801 ], [ -6.21602574930331, 53.3486336480197 ], [ -6.21604127953984, 53.348635371370101 ], [ -6.22179890152202, 53.3489163054223 ], [ -6.22181421585619, 53.348814674399797 ], [ -6.22143088264339, 53.348069752416698 ], [ -6.21906569771604, 53.347808540660502 ], [ -6.21906354525354, 53.347821260046103 ], [ -6.21884784624838, 53.347798314673703 ], [ -6.21886149280951, 53.347749813307601 ], [ -6.21887145350251, 53.347714420987899 ], [ -6.2188815038023, 53.347678680365298 ], [ -6.21910233415234, 53.347701351736802 ], [ -6.21909904824345, 53.347712795860801 ], [ -6.21916881618458, 53.347720424676602 ], [ -6.21922113562931, 53.347725474073897 ], [ -6.22130546777718, 53.3479537213885 ], [ -6.22150508172514, 53.347974212340901 ], [ -6.22157043445149, 53.348056169872997 ], [ -6.22201948707019, 53.348930610492602 ], [ -6.2220075928982, 53.349023701618002 ], [ -6.22202373895793, 53.349025073837304 ], [ -6.22202299090026, 53.349040160107499 ], [ -6.22200561396923, 53.349039128173303 ], [ -6.22200116743174, 53.349081000680002 ], [ -6.22203236525123, 53.349081923987598 ], [ -6.2220541236166, 53.349073324778303 ], [ -6.22234852351331, 53.3490847402255 ], [ -6.22236336655178, 53.349094360296498 ], [ -6.22240046243136, 53.3490971780042 ], [ -6.22240702205077, 53.349056496440603 ], [ -6.22238362621059, 53.349055716437199 ], [ -6.2223975646289, 53.349041231154899 ], [ -6.22242153086276, 53.348947116339701 ], [ -6.22254322555352, 53.348952407785198 ], [ -6.22278517382452, 53.349273666230502 ], [ -6.22281400770034, 53.349311954760203 ], [ -6.22280597457709, 53.349376509421703 ], [ -6.2227870873994, 53.349376030349099 ], [ -6.22277862387058, 53.349431070919998 ], [ -6.22277662650792, 53.349479081094302 ], [ -6.2228702448208, 53.349451378183801 ], [ -6.22303263167609, 53.349458623439503 ], [ -6.22313366409611, 53.349492424379598 ], [ -6.22313329323192, 53.349387980918102 ], [ -6.22313617776182, 53.349351495090197 ], [ -6.22313824911071, 53.349325169952699 ], [ -6.22317833278013, 53.349322971577699 ], [ -6.22335601064907, 53.349330542982699 ], [ -6.22341460041617, 53.3488123077572 ], [ -6.22355035367149, 53.348817906382898 ], [ -6.22355715130197, 53.348753773698398 ], [ -6.22359967415738, 53.348753589797099 ], [ -6.22362930521864, 53.348748477180003 ], [ -6.22364314098945, 53.348741143904199 ], [ -6.223660848696, 53.348727030080397 ], [ -6.22368241769353, 53.348699852823401 ], [ -6.22369026886445, 53.348570675908498 ], [ -6.2236973837918, 53.348537523840498 ], [ -6.22370165160943, 53.348521583059302 ], [ -6.22371261716684, 53.3484965758662 ], [ -6.22375706922172, 53.348439546242098 ], [ -6.22377720407217, 53.348360911064297 ], [ -6.22379355913253, 53.3483009293696 ], [ -6.22381580889246, 53.348214776512698 ], [ -6.22382875224801, 53.348164269676097 ], [ -6.22384821699829, 53.348123025149803 ], [ -6.22387222945632, 53.348073230470703 ], [ -6.22389277364806, 53.348027697575603 ], [ -6.22390019156184, 53.348008567942401 ], [ -6.22390443683987, 53.347993166107599 ], [ -6.22390638607126, 53.347982771553099 ], [ -6.2239061866284, 53.347959026353998 ], [ -6.22389586342661, 53.347925956231201 ], [ -6.22387855777456, 53.347873722764298 ], [ -6.22387186086734, 53.347854194258304 ], [ -6.22387213454835, 53.347833521065098 ], [ -6.22387375408824, 53.347823830768803 ], [ -6.22388082685482, 53.347798586744297 ], [ -6.22389301651931, 53.347779896660803 ], [ -6.22390422528716, 53.347763519908099 ], [ -6.22391493772122, 53.3477514581731 ], [ -6.22392266440736, 53.347739351990498 ], [ -6.22393354112772, 53.347716509601 ], [ -6.22393683556106, 53.347673757012998 ], [ -6.22394126969424, 53.3476256293918 ], [ -6.22394646849968, 53.347573560159297 ], [ -6.22395266263031, 53.347554960582599 ], [ -6.22395882124978, 53.347537251204002 ], [ -6.22396716916153, 53.347524255449699 ], [ -6.22397542159061, 53.347513953823601 ], [ -6.22398794425262, 53.347501739265503 ], [ -6.22400511816557, 53.347486359103399 ], [ -6.22401758703173, 53.347475402084299 ], [ -6.22403294419784, 53.347460003863198 ], [ -6.22404221709555, 53.347446833121097 ], [ -6.22405057393303, 53.347433657730797 ], [ -6.22405836026622, 53.347420114321203 ], [ -6.22404724995483, 53.347391525675 ], [ -6.22404210067025, 53.347342717005702 ], [ -6.22404352287295, 53.347323319250002 ], [ -6.22404896683147, 53.347258483279099 ], [ -6.22405661203079, 53.347212201081902 ], [ -6.22406458700789, 53.347158744048201 ], [ -6.22406910728513, 53.347129857763797 ], [ -6.22419258988326, 53.3471425696344 ], [ -6.22420922635178, 53.347068564241198 ], [ -6.22408180562829, 53.347056683595298 ], [ -6.22409631869611, 53.346967675025503 ], [ -6.22396216508908, 53.346957338864598 ], [ -6.22386433202383, 53.346948593973799 ], [ -6.22380635550191, 53.346944505018101 ], [ -6.22288479186474, 53.346879476453701 ], [ -6.2216574447473, 53.346791235562499 ], [ -6.2211818441841, 53.346759090173698 ], [ -6.22116110642024, 53.346757631397502 ], [ -6.22114039871707, 53.346756172166998 ], [ -6.22111970565231, 53.346754722139302 ], [ -6.22107826023167, 53.346751803212797 ], [ -6.21992372541426, 53.346670679097898 ], [ -6.21742282604563, 53.3464951948799 ], [ -6.2173041069298, 53.346487166171102 ], [ -6.21725554695371, 53.346484175559603 ], [ -6.21722584153293, 53.346460853189399 ], [ -6.21704689600015, 53.346319196802703 ], [ -6.21678553562939, 53.3461067821356 ], [ -6.21650275706718, 53.3458769008543 ], [ -6.21639100356254, 53.345781216602397 ], [ -6.21633441640244, 53.345736742020499 ], [ -6.21669693648833, 53.345755012519703 ], [ -6.21672779707146, 53.345757837684602 ], [ -6.22067802750574, 53.346034061875599 ], [ -6.22072187934864, 53.346051636990197 ], [ -6.22100636049739, 53.346155744071702 ], [ -6.22109851831892, 53.346064164357799 ], [ -6.22125370059425, 53.346075375446198 ], [ -6.22127407698968, 53.346076847696303 ], [ -6.22129443841337, 53.346078318820901 ], [ -6.22131478479042, 53.3460797906165 ], [ -6.22133517620103, 53.346081263079903 ], [ -6.22137586899998, 53.346084205755503 ], [ -6.22291326025398, 53.346195212607597 ], [ -6.22324415986801, 53.3462185908976 ], [ -6.22373656252724, 53.346254293980301 ], [ -6.22414387205699, 53.346285861249797 ], [ -6.22455219481528, 53.346314746651998 ], [ -6.22490754096754, 53.3463396157156 ], [ -6.22527727883182, 53.346365049234201 ], [ -6.22563863649381, 53.346389817682997 ], [ -6.22601376429358, 53.346415687699597 ], [ -6.22644126328186, 53.3464457505616 ], [ -6.22677388166905, 53.346469387262303 ], [ -6.22688879682177, 53.346477546840802 ], [ -6.22708610580646, 53.346490895381002 ], [ -6.22723758027703, 53.346501764032503 ], [ -6.22730852453506, 53.346027986255997 ], [ -6.22734051927592, 53.345814275576501 ], [ -6.22735798355981, 53.345697040028803 ], [ -6.22737664761928, 53.345563916854097 ], [ -6.22742956171926, 53.345186589974801 ], [ -6.22739514577656, 53.345147815142703 ], [ -6.22736572192643, 53.345111441506802 ], [ -6.22733851208116, 53.345079953467099 ], [ -6.22731225669092, 53.345054060351799 ], [ -6.22728131176908, 53.345025752539598 ], [ -6.22725443414587, 53.345000739993402 ], [ -6.22722980409458, 53.344986355183302 ], [ -6.2271892488274, 53.344965273040998 ], [ -6.22714527955139, 53.344946835703198 ], [ -6.22711455748966, 53.344934517502097 ], [ -6.22709354522792, 53.344927384143297 ], [ -6.22705144678495, 53.344914537344501 ], [ -6.22699536263696, 53.344905805097703 ], [ -6.22688736788161, 53.344889111717102 ], [ -6.226676503427, 53.3448556129851 ], [ -6.22647156691295, 53.344823648194399 ], [ -6.22627525203025, 53.344793778736502 ], [ -6.22616578671859, 53.344776704207902 ], [ -6.2260103003567, 53.344754091681402 ], [ -6.22585424468461, 53.3447307613189 ], [ -6.2256642275131, 53.344701164262503 ], [ -6.22549982070708, 53.344676801429401 ], [ -6.22536386584828, 53.3446539482539 ], [ -6.2252485798325, 53.3446392930964 ], [ -6.22510733111002, 53.344621025734597 ], [ -6.22491922050039, 53.344596137783 ], [ -6.2247107907874, 53.344569141460902 ], [ -6.22449678549133, 53.344539015707802 ], [ -6.22442402079348, 53.344519789292498 ], [ -6.2242692396151, 53.344487480454603 ], [ -6.22409424476547, 53.344450565196503 ], [ -6.22397485960679, 53.344426510875799 ], [ -6.22382186501927, 53.344394596562999 ], [ -6.22373038689176, 53.3443707776986 ], [ -6.22362766699229, 53.344342837487098 ], [ -6.22348453782399, 53.344297590071001 ], [ -6.22332382861144, 53.344249024705803 ], [ -6.22319415524889, 53.344212424397902 ], [ -6.22309107615577, 53.344185915577398 ], [ -6.22304426900769, 53.344178029694604 ], [ -6.22299748041354, 53.3441707453782 ], [ -6.22172220499487, 53.343983292953801 ], [ -6.22081103352357, 53.343849919210001 ], [ -6.21994981201823, 53.3437236905093 ], [ -6.21925193143398, 53.3436213889266 ], [ -6.21840175853048, 53.343498315944103 ], [ -6.21766428315943, 53.3433947126547 ], [ -6.21729862749862, 53.343345189355098 ], [ -6.21727711944652, 53.343351796056098 ], [ -6.21725075709923, 53.343380832118697 ], [ -6.21722169202948, 53.343400131342499 ], [ -6.21717247618016, 53.3434409841906 ], [ -6.21713372262302, 53.343472944069198 ], [ -6.21708004883136, 53.343455849991301 ], [ -6.21703049342488, 53.3434595208061 ], [ -6.21700137170672, 53.343461817991901 ], [ -6.21698846038337, 53.343468966575301 ], [ -6.21683938189965, 53.343589867540203 ], [ -6.21673265038466, 53.343678673545 ], [ -6.21671480492486, 53.343687483065899 ], [ -6.21669395674435, 53.343687269409997 ], [ -6.21637023729429, 53.343652900400699 ], [ -6.21610039670013, 53.343620648420298 ], [ -6.21578379091373, 53.3435827987946 ], [ -6.21538811655164, 53.343532963607601 ], [ -6.21536200788445, 53.3435321596017 ], [ -6.21534211142377, 53.3435342968722 ], [ -6.21532490354715, 53.3435375448503 ], [ -6.2152950944586, 53.343550901180699 ], [ -6.21525189673212, 53.3435698806571 ], [ -6.21523783309841, 53.343579079096301 ], [ -6.21521487553222, 53.343594128811702 ], [ -6.21517517429669, 53.343617456019402 ], [ -6.21515450563706, 53.343632001574001 ], [ -6.21510203344347, 53.343633255972698 ], [ -6.21514479689282, 53.343522960926201 ], [ -6.21509169996045, 53.3435524405443 ], [ -6.21506718134591, 53.3435696240401 ], [ -6.21504623544193, 53.343588289205499 ], [ -6.21502742124263, 53.343605540062697 ], [ -6.21496289349364, 53.343646585367402 ], [ -6.21482631287961, 53.343728427552797 ], [ -6.21476300205168, 53.343768771905701 ], [ -6.21475090303928, 53.343781953586998 ], [ -6.21500612580766, 53.343806468604598 ], [ -6.21499278244601, 53.343853787675997 ], [ -6.21498589157814, 53.343874568612797 ], [ -6.21474091297608, 53.343848544933302 ], [ -6.2146377819639, 53.343837440020799 ], [ -6.21316816400857, 53.343679201899697 ], [ -6.2125812381207, 53.343616005423598 ], [ -6.21120261789239, 53.343466727356997 ], [ -6.2110149445481, 53.343446407913198 ], [ -6.21062936721116, 53.343404840809498 ], [ -6.21035639740504, 53.343375359238799 ], [ -6.2099625539804, 53.3433347086022 ], [ -6.20949373381929, 53.343284475345399 ], [ -6.20890358298522, 53.343219639360498 ], [ -6.20844528604386, 53.3431691914328 ], [ -6.20805688607811, 53.343127717401003 ], [ -6.20788146598626, 53.3431067321592 ], [ -6.20778192255091, 53.343102881915698 ], [ -6.2071573695025, 53.3430704100385 ], [ -6.20702938357739, 53.343064155235901 ], [ -6.20702391471256, 53.343094267080701 ], [ -6.20698470443442, 53.343090801571698 ], [ -6.2069885734024, 53.343070541909498 ], [ -6.20695594163891, 53.343068074078801 ], [ -6.20695153141679, 53.3430890985899 ], [ -6.2069052916298, 53.3430863642063 ], [ -6.20690982132653, 53.343064676366197 ], [ -6.20680580030358, 53.343053038949698 ], [ -6.20665715756494, 53.343045205926202 ], [ -6.20654218968132, 53.343036458814098 ], [ -6.20645421057773, 53.343029007161597 ], [ -6.20647730272267, 53.343058370900003 ], [ -6.20649068796261, 53.3430753944263 ], [ -6.20652299501212, 53.343078405782997 ], [ -6.20650320068203, 53.343155749125302 ], [ -6.20646731349936, 53.343152154537698 ], [ -6.2063661782469, 53.343121859286498 ], [ -6.20634506667993, 53.343109680169398 ], [ -6.20626023350255, 53.343056266007999 ], [ -6.20616650191234, 53.343000202193302 ], [ -6.20606242137592, 53.342989632826203 ], [ -6.20579107885722, 53.342964487657198 ], [ -6.20541747872292, 53.342928260063999 ], [ -6.20520813237046, 53.3429071101842 ], [ -6.20474972082039, 53.342859531487498 ], [ -6.20418235382653, 53.342803102473297 ], [ -6.20399956839425, 53.342785945550702 ], [ -6.20399824432548, 53.342774961815103 ], [ -6.20385644696997, 53.342761486681397 ], [ -6.2038533391045, 53.342771144448001 ], [ -6.20378210634109, 53.3427650305103 ], [ -6.20378589152299, 53.3427539448316 ], [ -6.2036417083347, 53.342740064105598 ], [ -6.20363976299205, 53.342750648078102 ], [ -6.20356613673083, 53.342744309219498 ], [ -6.20350948029404, 53.342932903923803 ], [ -6.20336767496887, 53.3429199664847 ], [ -6.20338522065777, 53.342860194044199 ], [ -6.20338938027358, 53.342846956848597 ], [ -6.20342033302201, 53.3427332881365 ], [ -6.20340477162681, 53.342731975212402 ], [ -6.2031972038135, 53.342718577523797 ], [ -6.20294241394277, 53.342699786222397 ], [ -6.20268156932642, 53.342681801080197 ], [ -6.20231825681885, 53.342658119746297 ], [ -6.20205770523074, 53.342640677842297 ], [ -6.20185074476842, 53.342627107193302 ], [ -6.20159137179401, 53.342609860897298 ], [ -6.20123467790663, 53.342585925485501 ], [ -6.20095639666851, 53.342568752244503 ], [ -6.20055978234521, 53.342544024061503 ], [ -6.20016745117377, 53.342517742195803 ], [ -6.19976252336998, 53.342491088293897 ], [ -6.19941725980334, 53.342466781519001 ], [ -6.19904472460402, 53.342439005170299 ], [ -6.19793533198189, 53.342365339553403 ], [ -6.19795594022056, 53.342276534573202 ], [ -6.19801929352984, 53.342281094875197 ], [ -6.19803715635274, 53.342237798845296 ], [ -6.19806319198795, 53.342171254222499 ], [ -6.19807285429064, 53.342152573465 ], [ -6.19809366736847, 53.342122972376004 ], [ -6.19812404673805, 53.342085869501602 ], [ -6.19817536547317, 53.341952092933603 ], [ -6.19824686051777, 53.341767507824201 ], [ -6.19827819949913, 53.341705535553601 ], [ -6.19831458825269, 53.341630582368801 ], [ -6.19835135397764, 53.341555625877596 ], [ -6.19840768738124, 53.3414136584842 ], [ -6.19847800829292, 53.341234078112898 ], [ -6.19855063871379, 53.341052744818903 ], [ -6.19857624376203, 53.340995664454397 ], [ -6.19859288427327, 53.340963879955503 ], [ -6.1986242086127, 53.3409040097144 ], [ -6.19862966105994, 53.340882578769602 ], [ -6.19864229206796, 53.340854382035801 ], [ -6.19866487449524, 53.340823397314502 ], [ -6.1986989992677, 53.3407896477229 ], [ -6.1987427468082, 53.340760941086302 ], [ -6.1987810778013, 53.340743907431097 ], [ -6.19883605286208, 53.340720258962101 ], [ -6.19890265868805, 53.3407031838669 ], [ -6.19890041378663, 53.340688781427097 ], [ -6.19899711219261, 53.340679098588197 ], [ -6.19911920575285, 53.340672135059499 ], [ -6.19922008743003, 53.340675797061699 ], [ -6.19934630706984, 53.3406806863116 ], [ -6.19944257157417, 53.340683793072699 ], [ -6.19953555879083, 53.340686302014802 ], [ -6.19959371542912, 53.340688680726998 ], [ -6.19965149082061, 53.340692302119102 ], [ -6.199699408807, 53.340695020619499 ], [ -6.19974929130961, 53.340700302520602 ], [ -6.19981440027353, 53.340707306204898 ], [ -6.19985975258803, 53.340713211792803 ], [ -6.19992056322231, 53.3407221090904 ], [ -6.20000731979071, 53.340734202151197 ], [ -6.20013100432937, 53.340752575972999 ], [ -6.20024934849686, 53.340769773439099 ], [ -6.20039177921223, 53.340791207146196 ], [ -6.20061207794221, 53.340822945399601 ], [ -6.20077591532011, 53.340848745310502 ], [ -6.20100865810975, 53.340883779521299 ], [ -6.20127422571197, 53.340922687753903 ], [ -6.20139962897268, 53.3409427130306 ], [ -6.20153869181389, 53.340965334057799 ], [ -6.2015920542288, 53.340973193329198 ], [ -6.20164120150961, 53.340980970161603 ], [ -6.20168892376881, 53.340987279291198 ], [ -6.20172225843926, 53.340992949085098 ], [ -6.20175361995139, 53.341002003745999 ], [ -6.20177640618709, 53.341008557156201 ], [ -6.20180128774172, 53.341014961481598 ], [ -6.20183447854656, 53.341023694052502 ], [ -6.20186873439781, 53.341034598037702 ], [ -6.20188786802208, 53.341041977216904 ], [ -6.20191252887873, 53.341052520855001 ], [ -6.20192510805271, 53.341059055218899 ], [ -6.20200336544575, 53.3411036656683 ], [ -6.20203144630788, 53.3411225191848 ], [ -6.2020727453603, 53.341154423232297 ], [ -6.20208843597033, 53.341173710191903 ], [ -6.20211488198823, 53.341204293820702 ], [ -6.20214450005979, 53.341232625165098 ], [ -6.20217964012559, 53.341268209604998 ], [ -6.20222201934865, 53.3413026456738 ], [ -6.20227797090964, 53.341343217560897 ], [ -6.20232696570204, 53.341384583413898 ], [ -6.20235658412353, 53.341415411630599 ], [ -6.20238849050167, 53.341449331201503 ], [ -6.20242338373848, 53.341483294869299 ], [ -6.20245741621417, 53.341509517501699 ], [ -6.20250521422356, 53.341543675583701 ], [ -6.20255310138621, 53.341576037349 ], [ -6.20260246639948, 53.341615790785397 ], [ -6.20262190867521, 53.341631908328303 ], [ -6.20264918468879, 53.3416474167432 ], [ -6.20268286839734, 53.341660513978198 ], [ -6.20274016206182, 53.341676303819398 ], [ -6.20282645537834, 53.341695226053098 ], [ -6.20292388226205, 53.341713605865301 ], [ -6.20299699383918, 53.341724960886303 ], [ -6.20313160587667, 53.341737430925598 ], [ -6.20320852363744, 53.3417439904144 ], [ -6.20327500055669, 53.341741406208797 ], [ -6.20332474583447, 53.341737131877402 ], [ -6.203378432029, 53.341724461674403 ], [ -6.20342289259365, 53.341703033733197 ], [ -6.20345429961928, 53.341677805835197 ], [ -6.20347828480461, 53.341657678422898 ], [ -6.2035017905148, 53.341634308932697 ], [ -6.20352540939474, 53.3416086042103 ], [ -6.20353230807626, 53.341594869860899 ], [ -6.20354622354048, 53.341443561729001 ], [ -6.20353482982844, 53.341429183411698 ], [ -6.20351766567292, 53.3414231733991 ], [ -6.2034989686572, 53.341424688591403 ], [ -6.20348157683455, 53.341424058177999 ], [ -6.20346417289751, 53.341416607333699 ], [ -6.20345340185689, 53.3414017080813 ], [ -6.20344934850207, 53.3413881314859 ], [ -6.20345400409095, 53.341373131079699 ], [ -6.20346879649938, 53.341357358436603 ], [ -6.20348276964238, 53.341346426183698 ], [ -6.20350681519954, 53.3413458984447 ], [ -6.20354504159515, 53.341350967272298 ], [ -6.20355662390531, 53.341304773355702 ], [ -6.20355540047096, 53.341276717142797 ], [ -6.20353427009456, 53.341258238299403 ], [ -6.20347888048936, 53.341218241727297 ], [ -6.20342840670798, 53.34117845398 ], [ -6.20344351378255, 53.341171591587297 ], [ -6.20343166974716, 53.341162247060097 ], [ -6.20347010748746, 53.341144781183999 ], [ -6.20335520980552, 53.341125212918897 ], [ -6.20317025252752, 53.3411041669236 ], [ -6.20316958181266, 53.341114760201897 ], [ -6.20318045954969, 53.341138189992201 ], [ -6.20305785040699, 53.341159149938299 ], [ -6.20304409888985, 53.341120526339303 ], [ -6.20304152614439, 53.3411088865168 ], [ -6.20304524964875, 53.3410970898614 ], [ -6.20304951412437, 53.341087107083901 ], [ -6.20288596701005, 53.341061494449399 ], [ -6.20271456539531, 53.341036635115202 ], [ -6.2024114669016, 53.340991440018001 ], [ -6.20209496450658, 53.340944371237498 ], [ -6.20182970179702, 53.340905299557001 ], [ -6.20158500894373, 53.340869143049602 ], [ -6.20134861151773, 53.340835294339698 ], [ -6.20105564897069, 53.340791552780601 ], [ -6.20073368842428, 53.340745457770602 ], [ -6.20054009104177, 53.340717529021703 ], [ -6.20043816156155, 53.340702404055499 ], [ -6.20027527786219, 53.340678226051701 ], [ -6.19999788302248, 53.340635677566901 ], [ -6.19975803911109, 53.340598889369602 ], [ -6.1997144953623, 53.340593191697103 ], [ -6.19968745141764, 53.3405896826578 ], [ -6.19961761507781, 53.340587595116297 ], [ -6.19956761832154, 53.340583246208197 ], [ -6.19945346281632, 53.340577505627202 ], [ -6.19934202753762, 53.340570970990299 ], [ -6.19916896863051, 53.340571989124598 ], [ -6.19912735414339, 53.340573220605698 ], [ -6.19903990145607, 53.340579439750897 ], [ -6.19892657105857, 53.340593283841102 ], [ -6.19888432923486, 53.340599457370097 ], [ -6.1988811003051, 53.340587735636703 ], [ -6.19880948524654, 53.340602550955197 ], [ -6.19875404476308, 53.340616900375501 ], [ -6.19870580950391, 53.340636319152999 ], [ -6.19866742426126, 53.340656066403398 ], [ -6.19863207557428, 53.340678950536699 ], [ -6.198582399392, 53.340723284390897 ], [ -6.19853972386159, 53.340765711477097 ], [ -6.19848144807413, 53.340822406345502 ], [ -6.1984504753295, 53.3408522396753 ], [ -6.19844000471022, 53.340860573616503 ], [ -6.19842275105576, 53.340864509660399 ], [ -6.19840741252846, 53.340865410542897 ], [ -6.19836680830197, 53.3409620021257 ], [ -6.19832884298554, 53.341049394568799 ], [ -6.19823839340921, 53.341265145907599 ], [ -6.19820942677289, 53.341264843252297 ], [ -6.19791391385817, 53.341258787954501 ], [ -6.19789401191357, 53.341298485748702 ], [ -6.19787340096296, 53.341315786799299 ], [ -6.1978592448057, 53.341325682894798 ], [ -6.19781920533262, 53.341372165479299 ], [ -6.19778607016273, 53.341415895898201 ], [ -6.19766784812718, 53.341610027682698 ], [ -6.19758645028881, 53.3417086353572 ], [ -6.19757608679895, 53.341740020202103 ], [ -6.19755331413844, 53.341801439513397 ], [ -6.19750246096472, 53.341907760293701 ], [ -6.19748431080158, 53.341919087144802 ], [ -6.19744418928165, 53.341922668550403 ], [ -6.19738456144105, 53.341935866504599 ], [ -6.19734410986225, 53.341940863026402 ], [ -6.19729719558778, 53.341943478875301 ], [ -6.19727127145514, 53.341947229810799 ], [ -6.19724339801819, 53.3419537547068 ], [ -6.19722134510678, 53.341970369628903 ], [ -6.19720851760824, 53.341982226280301 ], [ -6.19718924566641, 53.341996609203903 ], [ -6.1971707880801, 53.342008812206601 ], [ -6.19714784432385, 53.342018063097001 ], [ -6.19710172200364, 53.342019028019003 ], [ -6.19708763036595, 53.342012435233499 ], [ -6.19706184513157, 53.341994027796098 ], [ -6.19704495778628, 53.341959013387303 ], [ -6.19700116621406, 53.341926810154 ], [ -6.19696098748333, 53.3419054078079 ], [ -6.19692945669517, 53.341896493138599 ], [ -6.19687119333477, 53.341900842793898 ], [ -6.19674378261232, 53.341900965442299 ], [ -6.19664722581149, 53.3419079260863 ], [ -6.19644858082736, 53.341910601961402 ], [ -6.19642588342802, 53.341901560039801 ], [ -6.19641157897665, 53.341907840464302 ], [ -6.19625885774308, 53.341912118096097 ], [ -6.19622421259796, 53.341904404615001 ], [ -6.19617179267528, 53.3418955244491 ], [ -6.19612949642361, 53.341894408549301 ], [ -6.19611109848546, 53.3418930967213 ], [ -6.19607248000076, 53.341894157628197 ], [ -6.1960560122312, 53.341895471671101 ], [ -6.19603832454017, 53.341901135535103 ], [ -6.19601187332317, 53.341901005207802 ], [ -6.19597865291779, 53.341899388329701 ], [ -6.19595880502707, 53.341902538770498 ], [ -6.19592090359301, 53.341895117512003 ], [ -6.19589460708998, 53.341898081442402 ], [ -6.1958725680322, 53.34189408097 ], [ -6.1958290474376, 53.3418946092673 ], [ -6.19577996422902, 53.341910176986097 ], [ -6.19574423427849, 53.341912862496898 ], [ -6.19565736694741, 53.341909409530203 ], [ -6.19560852410171, 53.341901535966898 ], [ -6.19556965520106, 53.341895367301298 ], [ -6.19550727086533, 53.341889930515499 ], [ -6.19543523390898, 53.341894384825103 ], [ -6.19538816045276, 53.341891201917598 ], [ -6.19536848907239, 53.341892305618401 ], [ -6.19533242347118, 53.341893692525097 ], [ -6.19532399817645, 53.341904393172697 ], [ -6.19528839349398, 53.341905534469802 ], [ -6.19527252074319, 53.341912672778001 ], [ -6.19519543069182, 53.3418771787995 ], [ -6.19520080430077, 53.341856591701401 ], [ -6.1952046828836, 53.341843701061599 ], [ -6.19519546449542, 53.341822686485102 ], [ -6.19520073219631, 53.341798241842199 ], [ -6.19521877504716, 53.341759991323201 ], [ -6.19521439552179, 53.341727529759901 ], [ -6.19519786553299, 53.341690848676102 ], [ -6.19519411092086, 53.341668838170101 ], [ -6.19517699343673, 53.341659970303802 ], [ -6.19515998376003, 53.341657403903099 ], [ -6.19515336346223, 53.341641371244798 ], [ -6.19515911079215, 53.341621571776102 ], [ -6.1951685410442, 53.341567876853702 ], [ -6.19516633440221, 53.341547975029599 ], [ -6.19515716980277, 53.3415392005098 ], [ -6.19516629762167, 53.341476344720597 ], [ -6.19517022078866, 53.341460228886802 ], [ -6.19514809393237, 53.341426348337599 ], [ -6.19515695595366, 53.341418107191899 ], [ -6.19514130419232, 53.341396905399201 ], [ -6.19513410784959, 53.341349034969198 ], [ -6.19510755167974, 53.341337175032699 ], [ -6.19507439351295, 53.341303873596999 ], [ -6.19505445672222, 53.341277134040503 ], [ -6.19503407352662, 53.341240341602003 ], [ -6.19501910033707, 53.341200269420398 ], [ -6.19481673752336, 53.341196461532199 ], [ -6.19398170952224, 53.341179615159199 ], [ -6.19389215260719, 53.341178007704002 ], [ -6.19387137441024, 53.3411779448072 ], [ -6.19374542140742, 53.3411741863206 ], [ -6.19328045628006, 53.341165858535 ], [ -6.19328038567443, 53.341174987693996 ], [ -6.19319961289755, 53.3411715712936 ], [ -6.19318783844066, 53.341165606356398 ], [ -6.19318264891184, 53.341146656104897 ], [ -6.19318330468445, 53.341109480893799 ], [ -6.19319206344703, 53.341099782237002 ], [ -6.19321121109177, 53.341097915955203 ], [ -6.1932817298799, 53.341098795182603 ], [ -6.19328278363313, 53.341109748000399 ], [ -6.19367610328208, 53.3411165137437 ], [ -6.19367865437547, 53.341081388679001 ], [ -6.19371806201965, 53.341011227426002 ], [ -6.19364870774069, 53.341009449289999 ], [ -6.19365026230515, 53.340983332404797 ], [ -6.19368497595243, 53.3404005849019 ], [ -6.19371976654718, 53.339809239482797 ], [ -6.1937002297644, 53.339819260351703 ], [ -6.19339533351833, 53.3397846822036 ], [ -6.19337912221133, 53.339774973911297 ], [ -6.19310383157643, 53.339866543558202 ], [ -6.19312023013842, 53.3398888355308 ], [ -6.19299097094807, 53.3399310359274 ], [ -6.19238043293977, 53.340959394408401 ], [ -6.19232758126901, 53.341056975011 ], [ -6.19255554413205, 53.341106178978798 ], [ -6.19257032498751, 53.341117402692099 ], [ -6.1925831819331, 53.341130438941299 ], [ -6.19259146558543, 53.341143693526099 ], [ -6.19259520900205, 53.341153508744803 ], [ -6.19259245796775, 53.341164224162704 ], [ -6.19258473470327, 53.341176067772601 ], [ -6.19257705109108, 53.341184488371397 ], [ -6.1925556496617, 53.341192413517398 ], [ -6.19253274671636, 53.341196460865099 ], [ -6.19251709187211, 53.341199152943503 ], [ -6.19244658438228, 53.341199423028897 ], [ -6.19240008743796, 53.341198610671697 ], [ -6.1923711209214, 53.341198306599601 ], [ -6.19224586727769, 53.341177662874699 ], [ -6.19226675352429, 53.341138251447703 ], [ -6.19218747529961, 53.341135755829001 ], [ -6.19218853071822, 53.341148757097997 ], [ -6.19195371036575, 53.341150175296399 ], [ -6.19194997697893, 53.3411401265151 ], [ -6.19186002358122, 53.341140793632 ], [ -6.19183409951843, 53.341140957987399 ], [ -6.19174848002523, 53.3411414210603 ], [ -6.19158250872833, 53.341142328900801 ], [ -6.1914246643188, 53.340944906167799 ], [ -6.19136852650254, 53.340878508533301 ], [ -6.19135126591156, 53.3408829827464 ], [ -6.19131700127327, 53.3408425465961 ], [ -6.19128378089223, 53.340801568099103 ], [ -6.1912526579487, 53.340801869222901 ], [ -6.19092497685255, 53.340803513304998 ], [ -6.18959558160929, 53.340811290240403 ], [ -6.18949585541768, 53.340812301616502 ], [ -6.18949623556282, 53.340828815150999 ], [ -6.18950010664387, 53.340915708195901 ], [ -6.1895051126638, 53.340993856746302 ], [ -6.18914262724069, 53.340993323799701 ], [ -6.18914013575627, 53.340921026979103 ], [ -6.1890482581379, 53.340921393117803 ], [ -6.18904652464862, 53.340908821943898 ], [ -6.1890456967679, 53.340831294060898 ], [ -6.18913008566099, 53.3408308322294 ], [ -6.18912979605746, 53.340812504446397 ], [ -6.18895167989672, 53.340813430996697 ], [ -6.18835303941153, 53.340813954624103 ], [ -6.18835317309471, 53.340827804807802 ], [ -6.18838051007424, 53.340827572783901 ], [ -6.18838035995466, 53.340863704055003 ], [ -6.18829928498758, 53.340864603074699 ], [ -6.18824582709361, 53.340865075660098 ], [ -6.18824615465216, 53.340896667943198 ], [ -6.18824655815157, 53.340912265040799 ], [ -6.18825171251399, 53.3411044252138 ], [ -6.18807681498546, 53.341105883810599 ], [ -6.18807294161782, 53.340924617031803 ], [ -6.18807251299581, 53.340894029893398 ], [ -6.18807349634396, 53.340863401282398 ], [ -6.18805189407678, 53.340862587820197 ], [ -6.18802997640374, 53.340862129092599 ], [ -6.1880288488472, 53.3408313794368 ], [ -6.18805285210799, 53.340832202405402 ], [ -6.18805154991693, 53.340816196175098 ], [ -6.18794283835174, 53.340817311563697 ], [ -6.18751507576429, 53.340821568755402 ], [ -6.18713963375907, 53.340823519443902 ], [ -6.18710082692733, 53.340824080226099 ], [ -6.18684536040347, 53.340825157532002 ], [ -6.18681499214719, 53.340826429809198 ], [ -6.18677616094116, 53.340827529408898 ], [ -6.18671078764743, 53.340827505616197 ], [ -6.18667226456655, 53.340827360502203 ], [ -6.18662851387104, 53.340826219116401 ], [ -6.18563657310268, 53.340828504370997 ], [ -6.1856440274791, 53.340819146847103 ], [ -6.18565890248963, 53.340801579979903 ], [ -6.18567368728784, 53.340762084962002 ], [ -6.18568006098652, 53.340750589779397 ], [ -6.18567949628046, 53.340711221750098 ], [ -6.18567813492693, 53.340693057413603 ], [ -6.1853834739496, 53.340695035635697 ], [ -6.1853848029126, 53.340714278070898 ], [ -6.18538320022505, 53.340764397209803 ], [ -6.18533697852286, 53.340799872649598 ], [ -6.18531847102806, 53.340814561920197 ], [ -6.18529287585785, 53.340822934308299 ], [ -6.18527722212449, 53.340826299572399 ], [ -6.1852621920801, 53.340828416869002 ], [ -6.18524686478554, 53.340829081638603 ], [ -6.1845003619412, 53.340839710682303 ], [ -6.18292651442423, 53.340862105347099 ], [ -6.18278207794854, 53.340863660598998 ], [ -6.18245359877411, 53.3408664197459 ], [ -6.1822181712826, 53.340869032814297 ], [ -6.18181943234547, 53.340872210782898 ], [ -6.18156178789813, 53.340874726638603 ], [ -6.18135641051534, 53.340876205129199 ], [ -6.18104472626748, 53.340880474776299 ], [ -6.18080240239301, 53.340882871143897 ], [ -6.18055195537931, 53.340886672030997 ], [ -6.18055103883257, 53.340915252318098 ], [ -6.18055076520978, 53.340964322099097 ], [ -6.18055079247988, 53.341014825597703 ], [ -6.18053068268918, 53.341013844781699 ], [ -6.18050457745272, 53.341012655675897 ], [ -6.18050091203275, 53.340887537499199 ], [ -6.18036248952663, 53.340888930772202 ], [ -6.18026700339828, 53.340889073317697 ], [ -6.18016041398335, 53.340890421612897 ], [ -6.1799084732699, 53.340893676147303 ], [ -6.17969046763348, 53.340897251105602 ], [ -6.17941480765579, 53.340900771854699 ], [ -6.17907487719452, 53.340905450190697 ], [ -6.17868450455672, 53.340911719587098 ], [ -6.17847939570589, 53.340915345412803 ], [ -6.17807909829156, 53.3409226477388 ], [ -6.17771843506413, 53.340929395552799 ], [ -6.17725208189575, 53.340937133198203 ], [ -6.17688768500811, 53.340955000127302 ], [ -6.17673360550432, 53.3409598431885 ], [ -6.17673544107604, 53.341009358684197 ], [ -6.17658555093996, 53.341015199460102 ], [ -6.17650144854446, 53.341018434162798 ], [ -6.17640955079015, 53.340968619707503 ], [ -6.1762774254697, 53.340970212358002 ], [ -6.17603748535447, 53.340974055630703 ], [ -6.17569876407153, 53.340978913613199 ], [ -6.17550959828939, 53.3409811602492 ], [ -6.17508179474233, 53.340988750915301 ], [ -6.17481096566581, 53.340992325938899 ], [ -6.174420488292, 53.340997843647202 ], [ -6.17388607666964, 53.3410040322985 ], [ -6.17335223611027, 53.341010945460297 ], [ -6.17286171655611, 53.341016713991102 ], [ -6.17246468308252, 53.341020686768701 ], [ -6.1721393567831, 53.341027204027696 ], [ -6.17174672546249, 53.341033938338001 ], [ -6.17129427124744, 53.3410417308761 ], [ -6.17093529736384, 53.341047899849002 ], [ -6.17042874789199, 53.341056296937801 ], [ -6.17014252835452, 53.341061243219897 ], [ -6.16991074172933, 53.3410650554219 ], [ -6.16968403483716, 53.341069835843903 ], [ -6.16944105294262, 53.341075272123298 ], [ -6.16909830561782, 53.3410818643192 ], [ -6.16881569406375, 53.341086683026198 ], [ -6.16852344076205, 53.341092620387499 ], [ -6.16825734273686, 53.341097871051701 ], [ -6.16794672999136, 53.3411044230306 ], [ -6.16756298229477, 53.341114335105999 ], [ -6.1671882553501, 53.3411236654755 ], [ -6.1668616057423, 53.341133014370598 ], [ -6.16652357417739, 53.3411412985079 ], [ -6.16631966586997, 53.341146601789198 ], [ -6.16611391135838, 53.341152963920599 ], [ -6.16583478515916, 53.341160884253704 ], [ -6.16561909558171, 53.341167811845303 ], [ -6.16539580960316, 53.341176418980503 ], [ -6.16521614004559, 53.341184079527402 ], [ -6.165050686284, 53.341191473093801 ], [ -6.16496180550292, 53.341195434213603 ], [ -6.16483140710343, 53.341202594596297 ], [ -6.16476818486203, 53.341205934600303 ], [ -6.16471621433853, 53.341205674397301 ], [ -6.16454830327861, 53.341205238444999 ], [ -6.16427312390319, 53.341205137205797 ], [ -6.16401058142841, 53.341204501763102 ], [ -6.16378376511891, 53.341204416533998 ], [ -6.1636474189435, 53.341204977477801 ], [ -6.16359850663707, 53.341205859530803 ], [ -6.16346814906773, 53.341208533912898 ], [ -6.16327959945863, 53.341212819968398 ], [ -6.16305998688988, 53.341215297166798 ], [ -6.16292482239385, 53.341219775485101 ], [ -6.16285023894971, 53.341222302254998 ], [ -6.16276871880978, 53.341225485255002 ], [ -6.16269381206016, 53.341228195701703 ], [ -6.16258373733305, 53.3412320084092 ], [ -6.16249047179276, 53.341235981949097 ], [ -6.16245046326132, 53.3412375759209 ], [ -6.16234785453517, 53.341242357293403 ], [ -6.16226243242614, 53.341245507706297 ], [ -6.16217130018179, 53.341248416392901 ], [ -6.16211687486064, 53.341250058704397 ], [ -6.16208619411924, 53.341250852487804 ], [ -6.16205492839389, 53.341251629161398 ], [ -6.16200232902787, 53.341251671777997 ], [ -6.16195035931175, 53.341251356452702 ], [ -6.16188335129248, 53.3412512588136 ], [ -6.16180581305112, 53.3412512496567 ], [ -6.16171718463877, 53.341250764858898 ], [ -6.16163605282318, 53.341250538429399 ], [ -6.16156754207519, 53.341250426444397 ], [ -6.16149421548875, 53.341250266269498 ], [ -6.16141068962752, 53.341249832914002 ], [ -6.16135870411643, 53.341249884707203 ], [ -6.16132445377962, 53.341249554575697 ], [ -6.16130014122704, 53.3412482450806 ], [ -6.16121495579856, 53.341242402940701 ], [ -6.16111296979952, 53.341235501819703 ], [ -6.1610325712625, 53.341230416442599 ], [ -6.16093358779066, 53.341223543474598 ], [ -6.16079798999638, 53.341214703786399 ], [ -6.16071910939122, 53.341209281169803 ], [ -6.16060693337691, 53.341201197848797 ], [ -6.16048902321741, 53.341193781019101 ], [ -6.16039994390121, 53.3411877254538 ], [ -6.16031414292537, 53.341182232707297 ], [ -6.16016144469443, 53.341172328633903 ], [ -6.16006934065778, 53.341166414926803 ], [ -6.15998745001136, 53.341161144041898 ], [ -6.15991785049435, 53.341156708937802 ], [ -6.15985964925147, 53.341152917896402 ], [ -6.15980925344508, 53.341149920447101 ], [ -6.15978044551598, 53.341148028968803 ], [ -6.15976005767105, 53.341146572968803 ], [ -6.1597381058527, 53.3411469084689 ], [ -6.15971461315057, 53.341149196714397 ], [ -6.15960069943448, 53.341161242716801 ], [ -6.15950729293818, 53.341170611898299 ], [ -6.15936027356789, 53.341185039349298 ], [ -6.15922949482558, 53.341198181118401 ], [ -6.15912645052348, 53.341208533812797 ], [ -6.15895469879403, 53.341225778944803 ], [ -6.15879682596783, 53.341241548238401 ], [ -6.15866663901648, 53.341255237821798 ], [ -6.15846626901105, 53.341275625056298 ], [ -6.15833940819914, 53.341288448824102 ], [ -6.15820228471171, 53.341303513883901 ], [ -6.15812151619448, 53.3413122771397 ], [ -6.15800279155257, 53.341324453175702 ], [ -6.15790996763416, 53.341334540178799 ], [ -6.15782860490776, 53.3413431142964 ], [ -6.15777104293569, 53.341349226389802 ], [ -6.15768847284534, 53.3413579705215 ], [ -6.15761403872218, 53.3413660762414 ], [ -6.15754682400019, 53.341373170777402 ], [ -6.1574769156206, 53.341380771957503 ], [ -6.15737323920087, 53.341391831542303 ], [ -6.15728222415249, 53.341401757243901 ], [ -6.15719601144344, 53.3414117300931 ], [ -6.15712097676168, 53.341419827128497 ], [ -6.15700493599112, 53.341432753707203 ], [ -6.15694796680746, 53.341439044440897 ], [ -6.15684906003969, 53.341451947946602 ], [ -6.15677065339549, 53.341462346693 ], [ -6.15672843942591, 53.341467706709501 ], [ -6.15666661833882, 53.341476105593003 ], [ -6.15661324362875, 53.341482973026501 ], [ -6.15654811405297, 53.3414911598367 ], [ -6.15651043328684, 53.341495842900002 ], [ -6.15646127607767, 53.341502388941898 ], [ -6.15639373030522, 53.341510915837702 ], [ -6.15635331032931, 53.341516464335598 ], [ -6.15631712335881, 53.341521333110997 ], [ -6.15625680346545, 53.341529395452298 ], [ -6.15620583027253, 53.341536641373402 ], [ -6.15615848877473, 53.341542837846099 ], [ -6.15610692306877, 53.341549544259699 ], [ -6.15605232961052, 53.341557120655899 ], [ -6.15601192501542, 53.341562310644598 ], [ -6.15597633098492, 53.341567358360201 ], [ -6.15594286185874, 53.341571540982997 ], [ -6.15590787586873, 53.341576419210497 ], [ -6.15586864720113, 53.341582165725299 ], [ -6.15582524111849, 53.341587685862201 ], [ -6.15579237119127, 53.341591868717302 ], [ -6.15575739342066, 53.341596207731897 ], [ -6.15571789706059, 53.341601230997703 ], [ -6.15567900038097, 53.341605895901203 ], [ -6.15562712699088, 53.341612768128698 ], [ -6.15556264440951, 53.341619526282898 ], [ -6.15549426042221, 53.341625891516102 ], [ -6.15543522020905, 53.341631439436398 ], [ -6.15536261711476, 53.341638125855297 ], [ -6.15530144587624, 53.3416440182664 ], [ -6.15521228644362, 53.341652335223003 ], [ -6.15514571091885, 53.3416581709496 ], [ -6.15505471080382, 53.341667377026397 ], [ -6.15495983245773, 53.341676000836301 ], [ -6.15488148665863, 53.341683891560301 ], [ -6.15480073903326, 53.341691754971102 ], [ -6.15476399896585, 53.3416948170686 ], [ -6.15471609767145, 53.341699395412597 ], [ -6.15468295266816, 53.341702674881397 ], [ -6.15465040024485, 53.341706143272702 ], [ -6.15462689880103, 53.341708620036997 ], [ -6.15459252896486, 53.341712787450902 ], [ -6.15456628832846, 53.341716128747798 ], [ -6.15452739867701, 53.341720973151297 ], [ -6.15448576893161, 53.341727050589299 ], [ -6.15445772596295, 53.341730741488298 ], [ -6.15441970615286, 53.341736309386398 ], [ -6.15438350241109, 53.341741904469103 ], [ -6.15435485132133, 53.341745765701504 ], [ -6.15433583034092, 53.341748823157197 ], [ -6.15431228997435, 53.341752547728298 ], [ -6.15429752687615, 53.341754385729402 ], [ -6.15427459473007, 53.341757589395002 ], [ -6.15423055535302, 53.341763819116501 ], [ -6.15417958009457, 53.3417710632447 ], [ -6.15412980546845, 53.341778326826997 ], [ -6.15408424305968, 53.341785080315098 ], [ -6.15403930272396, 53.341791305014098 ], [ -6.15400158987889, 53.341797065384199 ], [ -6.15395663605029, 53.341803288944497 ], [ -6.15393159398544, 53.341807008179998 ], [ -6.15388693928015, 53.341813955404497 ], [ -6.15384743359994, 53.341819149585298 ], [ -6.15379947619792, 53.341826063644604 ], [ -6.15374877768231, 53.341833851168502 ], [ -6.15366912883544, 53.341845504995497 ], [ -6.1535988321004, 53.341855802471798 ], [ -6.15353337657092, 53.341865249045398 ], [ -6.15347605855004, 53.341873330382498 ], [ -6.15338795520538, 53.341886694859603 ], [ -6.15327571993411, 53.341903253162698 ], [ -6.15315985980286, 53.341920663060698 ], [ -6.15307571412812, 53.341932453609303 ], [ -6.15300481676903, 53.3419427414388 ], [ -6.15295171577845, 53.3419505103059 ], [ -6.15291763748014, 53.341955221049403 ], [ -6.15286906390566, 53.341962484727297 ], [ -6.15283164369048, 53.341968069494797 ], [ -6.15279938267446, 53.3419724317339 ], [ -6.1527514021654, 53.3419795247816 ], [ -6.15268080443936, 53.341989826047303 ], [ -6.15264219068698, 53.341995572938401 ], [ -6.1526150328059, 53.341999626755602 ], [ -6.15259270838595, 53.342003010287499 ], [ -6.15256103839924, 53.3420075613802 ], [ -6.15252965454568, 53.342012476426603 ], [ -6.15250278904975, 53.342016714511701 ], [ -6.15244848627238, 53.342024833063903 ], [ -6.15240865829607, 53.342030560176603 ], [ -6.15228408346569, 53.342048076946597 ], [ -6.1522396792596, 53.342056825091802 ], [ -6.15209930481395, 53.342080656598803 ], [ -6.15206517140899, 53.3420869841353 ], [ -6.15204874536767, 53.342089381237102 ], [ -6.15198519932515, 53.342097373478502 ], [ -6.15193159076521, 53.342104055438497 ], [ -6.15187279419036, 53.342111582796697 ], [ -6.15183930473492, 53.3421155212747 ], [ -6.15177723326798, 53.342122719215602 ], [ -6.15174527274048, 53.342126726295398 ], [ -6.1517187549237, 53.342129172835499 ], [ -6.15168983479016, 53.342131950669803 ], [ -6.15154389354614, 53.342139367183101 ], [ -6.15153120996282, 53.342163883017797 ], [ -6.15150006341313, 53.342195211714298 ], [ -6.15145468636679, 53.342220919747902 ], [ -6.15141147397778, 53.342236479390898 ], [ -6.15135013245665, 53.342249016670102 ], [ -6.15132474807983, 53.342250951277599 ], [ -6.15128478706729, 53.3422489837914 ], [ -6.15121917165275, 53.3422357186505 ], [ -6.15118748351709, 53.342221972569803 ], [ -6.1511448172679, 53.342190892339701 ], [ -6.15111839963926, 53.342160477373596 ], [ -6.15110518912674, 53.342129898565602 ], [ -6.15110180609004, 53.3421074257855 ], [ -6.15111095152685, 53.342079646347202 ], [ -6.15112274852812, 53.342065559391799 ], [ -6.15115469113232, 53.342039787096198 ], [ -6.15119947784483, 53.342016649662099 ], [ -6.15124765717003, 53.342002191731197 ], [ -6.15128355307791, 53.3419971312236 ], [ -6.15132569679745, 53.341994117977499 ], [ -6.15135880286602, 53.341992097193497 ], [ -6.1513862133632, 53.341989844331898 ], [ -6.15175219382294, 53.341939324665603 ], [ -6.15194258012878, 53.341923933508703 ], [ -6.15211819771388, 53.3419094269371 ], [ -6.15225015193907, 53.341898693036498 ], [ -6.15299538962129, 53.341812446217602 ], [ -6.15441473044306, 53.341620694498403 ], [ -6.15458294377264, 53.3416033930582 ], [ -6.15485786784071, 53.341575043248604 ], [ -6.15527679812332, 53.3415350103216 ], [ -6.15635054759893, 53.341411362281598 ], [ -6.15654516015546, 53.341385290833301 ], [ -6.15667777163329, 53.341368307272901 ], [ -6.15678329314369, 53.341356953221698 ], [ -6.15695109075087, 53.3413360107714 ], [ -6.15711136590006, 53.341316102379999 ], [ -6.15726051531266, 53.341297584981 ], [ -6.1573402071851, 53.341287358567001 ], [ -6.1574093474842, 53.341280500619 ], [ -6.15745774526066, 53.341275883925 ], [ -6.15759357493589, 53.341265751374301 ], [ -6.15774590155448, 53.341256054086401 ], [ -6.15821501535762, 53.341197356784903 ], [ -6.15845467167495, 53.341167772022303 ], [ -6.15872830657873, 53.34113366071 ], [ -6.15891682830817, 53.341111553198402 ], [ -6.15919618246596, 53.341076756089201 ], [ -6.15942139409472, 53.341049615122103 ], [ -6.15957173334325, 53.3410316354204 ], [ -6.15963095709819, 53.341025628992099 ], [ -6.1596600817869, 53.3410250455319 ], [ -6.15971293146905, 53.341024764229701 ], [ -6.15983353992759, 53.341029842461303 ], [ -6.15992204494474, 53.341034577308399 ], [ -6.16004592036384, 53.341043273156103 ], [ -6.1602648657156, 53.3410590697533 ], [ -6.16046672300291, 53.341073164336002 ], [ -6.16070512874762, 53.341092117560201 ], [ -6.16092616702212, 53.341109545117902 ], [ -6.16108060384279, 53.3411219728494 ], [ -6.16119633308814, 53.341131556704497 ], [ -6.16140430690035, 53.341136461795898 ], [ -6.16163191967716, 53.341138972680199 ], [ -6.16195936381048, 53.341138420187697 ], [ -6.16208142122598, 53.341135278029803 ], [ -6.16257903426227, 53.341121764193801 ], [ -6.16306496848598, 53.341099450515003 ], [ -6.16342584766507, 53.3410891828782 ], [ -6.16350891137714, 53.341084287560498 ], [ -6.16357916166877, 53.341084767662203 ], [ -6.16361386268457, 53.341084043469998 ], [ -6.16368518368708, 53.341083722059501 ], [ -6.16375787050036, 53.341083385675802 ], [ -6.16381533935083, 53.341083605089601 ], [ -6.163866398013, 53.341083797722298 ], [ -6.16386858300543, 53.341130776117197 ], [ -6.16396231414892, 53.341131301896901 ], [ -6.16409995030732, 53.341131506471697 ], [ -6.16411525014562, 53.341131527102 ], [ -6.16412892999243, 53.3411168198109 ], [ -6.16414540055758, 53.341109830535899 ], [ -6.16416485196686, 53.341103057906501 ], [ -6.1641954062709, 53.341096778807497 ], [ -6.16425343491212, 53.341094805400203 ], [ -6.16485426793143, 53.341083211916398 ], [ -6.16561098927565, 53.341053398852303 ], [ -6.1668845691973, 53.341017057440403 ], [ -6.16777066761414, 53.340998555590602 ], [ -6.16815420372865, 53.340990365349398 ], [ -6.169071301944, 53.340969894028298 ], [ -6.17010842226495, 53.340953073230899 ], [ -6.17134514570584, 53.340931152630901 ], [ -6.17263928754384, 53.3409081312072 ], [ -6.17347866046596, 53.340894046680098 ], [ -6.17485617753497, 53.340874551722699 ], [ -6.17508670961391, 53.3408737020141 ], [ -6.17631024202068, 53.340852184313697 ], [ -6.17639437187564, 53.340851430921603 ], [ -6.17641878442179, 53.340848677081098 ], [ -6.17645679930431, 53.340839616479201 ], [ -6.17646129224062, 53.3408286134432 ], [ -6.17646125435058, 53.340816831979303 ], [ -6.17646627417608, 53.340789294143001 ], [ -6.17647745313512, 53.3407652012665 ], [ -6.17650063377816, 53.340751510565703 ], [ -6.17653240784823, 53.3407409164302 ], [ -6.17655541955675, 53.3407382579977 ], [ -6.17663204160074, 53.340740354904803 ], [ -6.17667998849642, 53.340741662964398 ], [ -6.17669532684838, 53.340742185012701 ], [ -6.17673400815231, 53.3407435132278 ], [ -6.1767606972417, 53.340746499844499 ], [ -6.17677956364759, 53.340750535373999 ], [ -6.17679481202921, 53.340755630149197 ], [ -6.17681123626697, 53.340763789006402 ], [ -6.17682904728811, 53.340781297048501 ], [ -6.17687473837279, 53.340782678414101 ], [ -6.17689958676078, 53.340783435650401 ], [ -6.17692875339748, 53.340784321788597 ], [ -6.17695715537144, 53.340785178258201 ], [ -6.17698608075813, 53.340786051707603 ], [ -6.17702198047381, 53.340787139582098 ], [ -6.17705569010837, 53.340788167015504 ], [ -6.17718739646585, 53.340792156890402 ], [ -6.17723901763879, 53.340741868158602 ], [ -6.17724995055936, 53.340729130788397 ], [ -6.17726785230596, 53.340708286440197 ], [ -6.17728999232353, 53.340680291086599 ], [ -6.17730606988825, 53.340657144837799 ], [ -6.17731285340552, 53.340634333864998 ], [ -6.17732289831823, 53.340617098689002 ], [ -6.17734137804175, 53.340594673141197 ], [ -6.17736040280376, 53.340582320047702 ], [ -6.17739143318241, 53.340568379686999 ], [ -6.17740918984709, 53.340563574409799 ], [ -6.17751905453805, 53.340533656469397 ], [ -6.17771769605353, 53.3404820369988 ], [ -6.17785975374148, 53.3404453776552 ], [ -6.17797007344961, 53.340435416544203 ], [ -6.17811974903794, 53.340424304558198 ], [ -6.17817078396348, 53.340427852309602 ], [ -6.17822268242684, 53.340437882059803 ], [ -6.17826341345044, 53.340454886905 ], [ -6.17830288494835, 53.340478539078198 ], [ -6.17834673289288, 53.340520366665402 ], [ -6.17840757159049, 53.340582366210597 ], [ -6.17842360956216, 53.340583033542998 ], [ -6.17844454371192, 53.3405818979899 ], [ -6.1784670709287, 53.340581792540704 ], [ -6.17879601230869, 53.340557259465498 ], [ -6.17903228371088, 53.340553453531697 ], [ -6.17912417021017, 53.3405535707276 ], [ -6.17915904247196, 53.340547399557401 ], [ -6.17920432700438, 53.340531178456899 ], [ -6.17925187428035, 53.340511936772501 ], [ -6.17929699432581, 53.340487625512701 ], [ -6.17932907376179, 53.3404655779946 ], [ -6.17937847652772, 53.340416529928497 ], [ -6.17941564688031, 53.340371572668303 ], [ -6.17945906689515, 53.340316305089303 ], [ -6.17948588392268, 53.340274020206799 ], [ -6.17951271324836, 53.3402258050684 ], [ -6.1795579590413, 53.340158343112797 ], [ -6.17963093394745, 53.340008172970798 ], [ -6.17965210102314, 53.339947622233502 ], [ -6.17967075871522, 53.339883259941097 ], [ -6.17964631319621, 53.339740957297003 ], [ -6.17963464304355, 53.339578217088203 ], [ -6.17962714665238, 53.3393697104433 ], [ -6.17965428982827, 53.339303885813599 ], [ -6.17966657027609, 53.339275353087302 ], [ -6.17968834191029, 53.3392380057088 ], [ -6.17970803209213, 53.339211410652602 ], [ -6.17972873152949, 53.3391889736709 ], [ -6.17977558161328, 53.339148333638903 ], [ -6.17988270054235, 53.339086533525098 ], [ -6.17992661228578, 53.339067946183498 ], [ -6.17998358126865, 53.339046726736001 ], [ -6.18003996663267, 53.339030711535202 ], [ -6.18008604523043, 53.339022598826503 ], [ -6.1807118338646, 53.339018594035899 ], [ -6.18115733888419, 53.339004891322901 ], [ -6.18148109285932, 53.3390048852199 ], [ -6.18174920239383, 53.339006708645897 ], [ -6.18196715656709, 53.338811442539097 ], [ -6.18215505657254, 53.3386280202742 ], [ -6.18226257935642, 53.3383035736287 ], [ -6.1822640249391, 53.338287240664499 ], [ -6.18226364174496, 53.338202017377903 ], [ -6.18227098837111, 53.338158833894298 ], [ -6.18229614122139, 53.338032743704602 ], [ -6.18230118411888, 53.337790675706799 ], [ -6.1823655773912, 53.337718724513202 ], [ -6.1824013579388, 53.337689012581102 ], [ -6.18251716149097, 53.337627559073901 ], [ -6.18262955406044, 53.337573951453997 ], [ -6.18268465994489, 53.3375597032869 ], [ -6.18280746534227, 53.337542604345003 ], [ -6.1828478676876, 53.337539769193803 ], [ -6.18290898014061, 53.337536791085 ], [ -6.1831758523284, 53.337537477977797 ], [ -6.18460825766318, 53.337541136276201 ], [ -6.18574934749731, 53.337532080002099 ], [ -6.18724142619372, 53.337510374838601 ], [ -6.18735615690891, 53.337507319365997 ], [ -6.18756790623088, 53.337501443234103 ], [ -6.18788742556012, 53.337496233987501 ], [ -6.18822046221813, 53.3374909047035 ], [ -6.18857151345081, 53.337484932131602 ], [ -6.18884510735641, 53.337479688090099 ], [ -6.18907904841546, 53.337474450893403 ], [ -6.18935024011151, 53.337468836663597 ], [ -6.18960220988816, 53.337463684223799 ], [ -6.18985596600368, 53.337459609979497 ], [ -6.19015026690352, 53.337454640292599 ], [ -6.19045026411249, 53.3374498731323 ], [ -6.19065125702854, 53.337446595843303 ], [ -6.19071486683364, 53.337447040176102 ], [ -6.19088699317211, 53.337445059410499 ], [ -6.19097348482507, 53.337444429568102 ], [ -6.19102846140768, 53.337443808041698 ], [ -6.19118147424466, 53.337447889891997 ], [ -6.19141010406034, 53.3374532078508 ], [ -6.19169065696215, 53.337459834660997 ], [ -6.19192983031646, 53.337464727209202 ], [ -6.1920078171604, 53.337467059663503 ], [ -6.19202597862155, 53.337462590027599 ], [ -6.19204100162757, 53.337458827835498 ], [ -6.19205623644214, 53.337455383439099 ], [ -6.19211553210998, 53.337447053854298 ], [ -6.19216554145387, 53.337446032051901 ], [ -6.19227273653044, 53.337450029356901 ], [ -6.19234594811163, 53.3374499082489 ], [ -6.19240661458279, 53.337444707418001 ], [ -6.19246167616772, 53.337436394399603 ], [ -6.19248248154939, 53.337431865884298 ], [ -6.19250820533634, 53.337425696034899 ], [ -6.19258153171171, 53.337405140903499 ], [ -6.19273190674467, 53.337359774349501 ], [ -6.19286413535205, 53.337319228141297 ], [ -6.19304239004792, 53.337266088070102 ], [ -6.19317391852253, 53.337228235472303 ], [ -6.19318911569704, 53.337222480389698 ], [ -6.1932049516598, 53.337215468539803 ], [ -6.1932267183413, 53.337201339756298 ], [ -6.19324028183675, 53.337190536408301 ], [ -6.19325262229781, 53.337180245739603 ], [ -6.19326474003921, 53.337167443983098 ], [ -6.19327413273321, 53.337155517752997 ], [ -6.19327980182974, 53.337147129517597 ], [ -6.19328252355022, 53.337137096741003 ], [ -6.19328480343391, 53.337122205431598 ], [ -6.19329193849221, 53.337096226081698 ], [ -6.19329596351878, 53.337073444377701 ], [ -6.19330406749188, 53.337045503191398 ], [ -6.19331378552062, 53.337013802408201 ], [ -6.19331888927004, 53.336994631429498 ], [ -6.19332544045077, 53.336977809421597 ], [ -6.19333098584815, 53.336963856500901 ], [ -6.19333632846661, 53.3369472049419 ], [ -6.19334632710464, 53.336925205796298 ], [ -6.19336607646169, 53.336880322003701 ], [ -6.19338827896466, 53.336834208019503 ], [ -6.19339413055897, 53.336820079968597 ], [ -6.19341841475156, 53.336783334467199 ], [ -6.19344433682941, 53.336743010387003 ], [ -6.19347553624463, 53.336696457386402 ], [ -6.19350168224097, 53.336658293857703 ], [ -6.19355602088777, 53.3365832453403 ], [ -6.19361407563589, 53.336504829455698 ], [ -6.19368470611326, 53.336408766838503 ], [ -6.19372112846335, 53.3363586804929 ], [ -6.19376869895807, 53.3362981145861 ], [ -6.19379533811346, 53.336263193321599 ], [ -6.19380381338916, 53.336251611790097 ], [ -6.19381165967712, 53.336241091231699 ], [ -6.19381745163242, 53.336228759901303 ], [ -6.19382317326092, 53.336219123073199 ], [ -6.19383029402839, 53.336203028719197 ], [ -6.19383336953436, 53.336191015788401 ], [ -6.19383745603358, 53.336166805869297 ], [ -6.19384056817121, 53.336153535142003 ], [ -6.19384363552176, 53.336142070369 ], [ -6.19385130775088, 53.336118256291002 ], [ -6.19385670505186, 53.336099628127897 ], [ -6.1938638333777, 53.336083354121797 ], [ -6.19387380064685, 53.336062441133201 ], [ -6.19388351314184, 53.336040805228897 ], [ -6.19389474828709, 53.336017925936403 ], [ -6.19390146225512, 53.336005060279803 ], [ -6.19391073775783, 53.335987013045496 ], [ -6.19392565859105, 53.335961843625199 ], [ -6.19394738938623, 53.335930099953998 ], [ -6.19399612615601, 53.335861104485097 ], [ -6.19404208475841, 53.335794951258599 ], [ -6.19408015188945, 53.335740388403998 ], [ -6.19410581398098, 53.335707608554102 ], [ -6.19419497133115, 53.335595110708702 ], [ -6.19447343143888, 53.335089220688097 ], [ -6.19737130012978, 53.335326735305102 ], [ -6.19933558654688, 53.335538074700402 ], [ -6.19959329835046, 53.335564879883599 ], [ -6.19961866877715, 53.335597703935797 ], [ -6.19984527332154, 53.335607036991199 ], [ -6.19999105614866, 53.335617244384103 ], [ -6.20020816233118, 53.3356364714639 ], [ -6.20040551035156, 53.335654267573503 ], [ -6.20051316650282, 53.335663592664503 ], [ -6.2005446705823, 53.335664526283402 ], [ -6.20058127523051, 53.335665186290498 ], [ -6.20062673776707, 53.335663320283601 ], [ -6.20082490391123, 53.335641391155001 ], [ -6.20099595726343, 53.335697889325601 ], [ -6.20106717235988, 53.335719083371899 ], [ -6.20114394004863, 53.335743929423799 ], [ -6.2011587375065, 53.335747989624302 ], [ -6.20118903253624, 53.335748752041397 ], [ -6.20121340900653, 53.335747780364599 ], [ -6.20123414827856, 53.335747634684097 ], [ -6.20125197825296, 53.335745648389498 ], [ -6.20127063962171, 53.335744923090502 ], [ -6.20129080882203, 53.335744050646497 ], [ -6.20131436186694, 53.335741628419903 ], [ -6.20133817570628, 53.335740109840501 ], [ -6.20135628354538, 53.335738657125503 ], [ -6.20137372175492, 53.335738094031299 ], [ -6.20140121023296, 53.335740961362802 ], [ -6.20150274269301, 53.335752080754197 ], [ -6.20166347353257, 53.335768109311999 ], [ -6.20192600704677, 53.3357959807105 ], [ -6.20215017647979, 53.335822220839098 ], [ -6.20224350154036, 53.335834977593798 ], [ -6.20226022783821, 53.335836738777999 ], [ -6.20228339807063, 53.335835920379303 ], [ -6.20230271215259, 53.335834314922202 ], [ -6.20238242235152, 53.335826674386603 ], [ -6.20247153307537, 53.335817242082499 ], [ -6.20249087732706, 53.3358149188917 ], [ -6.20251367954857, 53.335815352353599 ], [ -6.20253068178429, 53.335817657848999 ], [ -6.20256167366674, 53.335822204565602 ], [ -6.20259751791698, 53.335825952528701 ], [ -6.20262880051781, 53.335830692360403 ], [ -6.20266210109351, 53.335837080465197 ], [ -6.20269705883519, 53.3358461980797 ], [ -6.20272189785549, 53.335853510304403 ], [ -6.20279588603242, 53.335874169844203 ], [ -6.20281840017282, 53.335879990933599 ], [ -6.20287677230054, 53.335872486104101 ], [ -6.20292397516386, 53.335866017409799 ], [ -6.20294392874637, 53.335863523560498 ], [ -6.20297083224857, 53.335866022188398 ], [ -6.20300549901983, 53.335869204909002 ], [ -6.20305264601643, 53.335875136352797 ], [ -6.20311270090034, 53.335881145359302 ], [ -6.2031450197718, 53.335883383965701 ], [ -6.203180218973, 53.3358878330042 ], [ -6.20320468560856, 53.335890825179 ], [ -6.20323954695913, 53.335896167033098 ], [ -6.20326810803511, 53.3359013870217 ], [ -6.20330028363408, 53.335906319890199 ], [ -6.20334758731735, 53.335914598599999 ], [ -6.20347553304826, 53.335937365542698 ], [ -6.20360533335678, 53.335958919901799 ], [ -6.20371304369704, 53.335978065222299 ], [ -6.20373801906906, 53.335982853600498 ], [ -6.20376064758915, 53.3359867078157 ], [ -6.20377611348675, 53.335989520303698 ], [ -6.20379433873301, 53.335991312829897 ], [ -6.20381525009977, 53.335993506224803 ], [ -6.2038543188641, 53.335998749460401 ], [ -6.20390259817034, 53.336005614411803 ], [ -6.2039511930545, 53.336012474207799 ], [ -6.20403887295039, 53.336024227761897 ], [ -6.20416748892625, 53.3360399941458 ], [ -6.20436165082397, 53.336065832296001 ], [ -6.20451741060237, 53.336085179707602 ], [ -6.20457681448222, 53.336092076995499 ], [ -6.20471617830848, 53.336108948304897 ], [ -6.20479488759801, 53.336119811290303 ], [ -6.20489902332482, 53.336132952447201 ], [ -6.20496915215109, 53.3361414939775 ], [ -6.20504371345862, 53.336151368597598 ], [ -6.20521051547712, 53.3361720038722 ], [ -6.20529252469115, 53.336182925163001 ], [ -6.20536410916577, 53.3361925660449 ], [ -6.20549657265297, 53.336209314654099 ], [ -6.20564328862397, 53.336229206749302 ], [ -6.20579573522717, 53.336248844199702 ], [ -6.20592139827581, 53.336263476697397 ], [ -6.20610791187441, 53.336286294675403 ], [ -6.20628754049472, 53.336308613356998 ], [ -6.20641672049296, 53.336324934063903 ], [ -6.20656263508759, 53.336343187007699 ], [ -6.20672916864436, 53.336363097055397 ], [ -6.20692222342002, 53.336387117630899 ], [ -6.2071015226281, 53.336410149185198 ], [ -6.20716697055913, 53.336418609179802 ], [ -6.20727781392209, 53.336432936627403 ], [ -6.2073829189928, 53.336444841710197 ], [ -6.20751975791485, 53.336463999729901 ], [ -6.20766449555024, 53.336481693443503 ], [ -6.20779133752782, 53.336496890852899 ], [ -6.20792826712533, 53.336514610752801 ], [ -6.20803983018657, 53.3365289761635 ], [ -6.20810459047623, 53.336537047807099 ], [ -6.20813348137171, 53.336541552521197 ], [ -6.20817512381412, 53.336549187899998 ], [ -6.20824121815809, 53.336565915369 ], [ -6.20826047137254, 53.336570778636997 ], [ -6.2082831738744, 53.336578938447602 ], [ -6.20830496210592, 53.336587092611801 ], [ -6.20832115593265, 53.336593329157502 ], [ -6.20833438593623, 53.336598623267001 ], [ -6.20840773634358, 53.3366367041275 ], [ -6.2084682543958, 53.336667887932997 ], [ -6.20852521672786, 53.336697921750002 ], [ -6.20858018531528, 53.336726118971598 ], [ -6.20864471531645, 53.336760796423498 ], [ -6.20868967961528, 53.336784844517503 ], [ -6.2087441883826, 53.3368160997329 ], [ -6.20883151255609, 53.336862530757301 ], [ -6.20889602941058, 53.3368975674002 ], [ -6.20896290815237, 53.336933185949903 ], [ -6.20899014894407, 53.336946293451398 ], [ -6.20900428714833, 53.336951420457197 ], [ -6.20902105776547, 53.336952463196397 ], [ -6.2090381981256, 53.336951885519099 ], [ -6.20905768474922, 53.336952618488297 ], [ -6.20907264887132, 53.336953803976897 ], [ -6.20908804593895, 53.336957881174698 ], [ -6.20910517769006, 53.336963242759701 ], [ -6.20911890323349, 53.3369706923989 ], [ -6.20913703746057, 53.336985423046002 ], [ -6.20917999535165, 53.337024718070303 ], [ -6.20922606618772, 53.337067492400301 ], [ -6.20926188566994, 53.337099824040102 ], [ -6.20928744513499, 53.337121882746402 ], [ -6.20930435668387, 53.337137125317298 ], [ -6.20932693987877, 53.337152839511802 ], [ -6.20936007531036, 53.337173610659796 ], [ -6.20938365483491, 53.3371877318096 ], [ -6.20941244082067, 53.337205542559502 ], [ -6.20944537436332, 53.3372243242612 ], [ -6.20946938944368, 53.337235936134697 ], [ -6.2094890042642, 53.337245476693198 ], [ -6.20950698959362, 53.3372519386023 ], [ -6.20952185608136, 53.337254740443697 ], [ -6.20953771175217, 53.337255760388999 ], [ -6.20955666738029, 53.337255227857497 ], [ -6.20957570466452, 53.337253068785898 ], [ -6.20959790805334, 53.337248100779597 ], [ -6.20961288798597, 53.337243176260699 ], [ -6.20962980265136, 53.337235764979802 ], [ -6.20964644838968, 53.337227639592903 ], [ -6.2096704088347, 53.337212273432002 ], [ -6.20969964969512, 53.337193418196698 ], [ -6.2097257393695, 53.337177373911103 ], [ -6.20981755869538, 53.337117286027002 ], [ -6.20994580521618, 53.337033078367902 ], [ -6.21010482068469, 53.336929686729299 ], [ -6.21027005516504, 53.336822282375003 ], [ -6.21040353358882, 53.336735662992901 ], [ -6.21047757220809, 53.336687816745098 ], [ -6.21058066368833, 53.336619126691801 ], [ -6.21072497474444, 53.336526603310503 ], [ -6.21087184224146, 53.336431431525902 ], [ -6.21099147988369, 53.336356591475599 ], [ -6.21105337948907, 53.3363167762461 ], [ -6.21108792366143, 53.336294244936198 ], [ -6.21115103042456, 53.336254285971499 ], [ -6.21132063060648, 53.336145381704 ], [ -6.21176584875423, 53.335859851947298 ], [ -6.21193550669971, 53.335742671355 ], [ -6.2124442449407, 53.335398781667898 ], [ -6.21250099759277, 53.335347718944497 ], [ -6.21254062871507, 53.335291806684197 ], [ -6.21267974651966, 53.3350755615471 ], [ -6.21267634001851, 53.335048614232797 ], [ -6.21269329001537, 53.335024200983 ], [ -6.2127212038707, 53.335009360837397 ], [ -6.21280812876714, 53.334875096879102 ], [ -6.21284319484734, 53.3348062755922 ], [ -6.21287904262532, 53.334678174474 ], [ -6.21287386924977, 53.334664392669801 ], [ -6.21282367481809, 53.334634776902902 ], [ -6.21280237681858, 53.3346131063672 ], [ -6.21278737417257, 53.334579821220103 ], [ -6.21278173696846, 53.3345416169267 ], [ -6.21278329396426, 53.334520899990899 ], [ -6.21279716432629, 53.334497590177897 ], [ -6.21281956594215, 53.334481014498699 ], [ -6.21288259194687, 53.334449706361703 ], [ -6.21296523313746, 53.334398824526197 ], [ -6.2129704121814, 53.3343894851767 ], [ -6.21295463385649, 53.334382688328297 ], [ -6.21292960923588, 53.334386941469702 ], [ -6.21278411748799, 53.334444106395402 ], [ -6.21276358719268, 53.334440707772302 ], [ -6.21276584455387, 53.334402918363502 ], [ -6.21280234561933, 53.334354679083603 ], [ -6.21281639265402, 53.3343203191302 ], [ -6.212814731999, 53.334266700332698 ], [ -6.2128055445522, 53.334240861841302 ], [ -6.21278043894159, 53.334207587118598 ], [ -6.2126738006457, 53.334143785716797 ], [ -6.21261763488022, 53.3341029377209 ], [ -6.21258121541942, 53.334062007166096 ], [ -6.21254606774072, 53.334005747410203 ], [ -6.21245831910563, 53.333958377940803 ], [ -6.21239369127711, 53.333927143543903 ], [ -6.21228236478476, 53.333884632877798 ], [ -6.21213300988474, 53.333822805482797 ], [ -6.2121037487246, 53.333809237871101 ], [ -6.21204263228897, 53.333780905166002 ], [ -6.21184334876967, 53.333671322575 ], [ -6.21172510654439, 53.3336032396519 ], [ -6.21158026010012, 53.333502964702099 ], [ -6.21143560859102, 53.333398406020699 ], [ -6.21110113922452, 53.333153348294097 ], [ -6.21106157782692, 53.3331218877426 ], [ -6.21100879452631, 53.333078501086497 ], [ -6.21091460674939, 53.332998583782 ], [ -6.21082613948513, 53.332924350949099 ], [ -6.21079224996762, 53.332893711507303 ], [ -6.21075041673986, 53.332853760673899 ], [ -6.21070290010861, 53.332801115928099 ], [ -6.21065953085638, 53.332752702999102 ], [ -6.21058746427053, 53.332672264256097 ], [ -6.21036942735703, 53.332100521053 ], [ -6.21036305354496, 53.332089974846802 ], [ -6.21033674678408, 53.332057849125 ], [ -6.2099236411139, 53.331566355115903 ], [ -6.20983776270554, 53.3314648335135 ], [ -6.20979226783402, 53.331414205109603 ], [ -6.20975331120736, 53.331364779461801 ], [ -6.20970990895727, 53.331308251113398 ], [ -6.20967417159646, 53.331264743050497 ], [ -6.20964943050289, 53.331232901322103 ], [ -6.20961225156998, 53.331190152678303 ], [ -6.2095855025544, 53.331160725590799 ], [ -6.20953945427762, 53.331103249652401 ], [ -6.20952435812679, 53.331086982713899 ], [ -6.20948856718843, 53.331046232267397 ], [ -6.20946814020353, 53.331022488911401 ], [ -6.20940853993435, 53.330947700451297 ], [ -6.20927680833186, 53.330755087644697 ], [ -6.20926244237693, 53.330736126182302 ], [ -6.20906275205083, 53.330427531949098 ], [ -6.2090458807509, 53.330406017044801 ], [ -6.20903576360674, 53.330390579802902 ], [ -6.20902108938287, 53.3303667969003 ], [ -6.20900055565032, 53.330334147238297 ], [ -6.2089686126325, 53.330276801945402 ], [ -6.20895394478541, 53.330247493179499 ], [ -6.20894006888949, 53.330217881715299 ], [ -6.20892336931526, 53.330174353655103 ], [ -6.20891071699393, 53.330139907825398 ], [ -6.20890281652222, 53.3301103051827 ], [ -6.20889474747419, 53.3300760899563 ], [ -6.20888478214454, 53.330027683537402 ], [ -6.20888044931199, 53.329993525308304 ], [ -6.2088782955911, 53.329956810296103 ], [ -6.20887621575074, 53.329934457751399 ], [ -6.20887349800586, 53.3299050767368 ], [ -6.20886973291073, 53.329861310547699 ], [ -6.20886272143435, 53.3297567757729 ], [ -6.20885412515789, 53.329654554133398 ], [ -6.20885189660838, 53.329610667202402 ], [ -6.20884717240912, 53.329548941650799 ], [ -6.20884295090284, 53.329496038382501 ], [ -6.2088408328341, 53.329456287685097 ], [ -6.20883995082684, 53.3294426150606 ], [ -6.2088208529595, 53.329432327112102 ], [ -6.20880825534474, 53.3294266470511 ], [ -6.20878482954584, 53.329424012283503 ], [ -6.20876456724084, 53.329423240633403 ], [ -6.20874802450518, 53.329423243891299 ], [ -6.20872117050799, 53.329423236117897 ], [ -6.20866918022019, 53.329428772298797 ], [ -6.20865453030775, 53.329434483617597 ], [ -6.20863205289849, 53.329439672017898 ], [ -6.20861561950089, 53.329441007154401 ], [ -6.20856795165694, 53.329438340849201 ], [ -6.20855376180367, 53.329434506396403 ], [ -6.20854772252139, 53.329425312439803 ], [ -6.20850094730584, 53.329250941574799 ], [ -6.20846421437188, 53.329119873003698 ], [ -6.20843450231482, 53.328999693020201 ], [ -6.20841786035449, 53.328942632192401 ], [ -6.20841182093575, 53.328918755085901 ], [ -6.20839805813342, 53.328855689330702 ], [ -6.20834817129086, 53.328677137070599 ], [ -6.20828981431781, 53.328472928342499 ], [ -6.20821257477675, 53.328201738919802 ], [ -6.20814625944701, 53.327967926523797 ], [ -6.20809473257689, 53.327785566345099 ], [ -6.2080790294025, 53.327727620734699 ], [ -6.20805008069526, 53.327630825929099 ], [ -6.20801280885807, 53.3275119613565 ], [ -6.20796505042993, 53.327365801115398 ], [ -6.20792105570199, 53.327229752508302 ], [ -6.20791421246619, 53.3272017826419 ], [ -6.20790435813127, 53.327174766127101 ], [ -6.20789787433839, 53.3271536228144 ], [ -6.20788735298417, 53.327124969410001 ], [ -6.2078491416303, 53.327073308109597 ], [ -6.20781517367892, 53.3270278297272 ], [ -6.20773049617399, 53.326915217750297 ], [ -6.20765121045389, 53.326809336206502 ], [ -6.20751696243714, 53.326630674438697 ], [ -6.20744051848212, 53.326528618586401 ], [ -6.20731565278753, 53.326361798426902 ], [ -6.20718870296065, 53.326194579183401 ], [ -6.20708283929041, 53.3260525048888 ], [ -6.20699678617004, 53.325936986454202 ], [ -6.20690211736675, 53.325812882323703 ], [ -6.2068134625067, 53.325694988597903 ], [ -6.20672914156395, 53.325581121962998 ], [ -6.20662884350549, 53.325448845370097 ], [ -6.20659865093055, 53.325406119839897 ], [ -6.20654013253836, 53.325325918078001 ], [ -6.2065713767407, 53.325318515969002 ], [ -6.20654463172779, 53.325285907264501 ], [ -6.20652787418336, 53.325290031666903 ], [ -6.2065107220742, 53.325294221141299 ], [ -6.20647379452598, 53.325240305546501 ], [ -6.20646914440355, 53.325229155850501 ], [ -6.20646417561876, 53.3252130767182 ], [ -6.20644500163409, 53.325158851914502 ], [ -6.20642998842981, 53.325118889257404 ], [ -6.20642577010653, 53.325099236007397 ], [ -6.20642078734719, 53.325077764630798 ], [ -6.20641585851402, 53.325048565994898 ], [ -6.20640904091229, 53.325008563881902 ], [ -6.20640724848738, 53.324995857250499 ], [ -6.20618155383596, 53.3236906375014 ], [ -6.206161416728, 53.323683011058201 ], [ -6.20614328204938, 53.323669842928901 ], [ -6.20612700409317, 53.323653962212298 ], [ -6.20610467062813, 53.323632490529299 ], [ -6.20608893187598, 53.323611630353099 ], [ -6.20607471150309, 53.323594261564999 ], [ -6.20606540949834, 53.323578457892602 ], [ -6.20605620014019, 53.323560410355299 ], [ -6.20605097851324, 53.323546429741498 ], [ -6.20604739249842, 53.323534612923602 ], [ -6.20604117550002, 53.323488896110597 ], [ -6.20604251008698, 53.323457086197202 ], [ -6.20604956417284, 53.323422415966398 ], [ -6.20606549784029, 53.323370678525499 ], [ -6.20609298172453, 53.323324129322799 ], [ -6.20610912425513, 53.3233095990607 ], [ -6.20612473377291, 53.323299221427597 ], [ -6.20611054822965, 53.3232449196679 ], [ -6.20610246588917, 53.323227562300502 ], [ -6.2059894931453, 53.322563833927099 ], [ -6.20591371852405, 53.322167108155298 ], [ -6.20580610589897, 53.321571387687797 ], [ -6.20570527651234, 53.321003968747299 ], [ -6.20569601675985, 53.320948536588702 ], [ -6.20569108141656, 53.3209227344501 ], [ -6.20549023119403, 53.319732371780397 ], [ -6.20548152359035, 53.319665940016897 ], [ -6.20548328580443, 53.319653277850499 ], [ -6.20548494002847, 53.319642473723498 ], [ -6.20549156005633, 53.319627764321801 ], [ -6.20550192176021, 53.319613317044599 ], [ -6.20551557107103, 53.319603835789003 ], [ -6.20554124422619, 53.319591056986297 ], [ -6.20579548419254, 53.319540668345503 ], [ -6.20584451475244, 53.319528870012199 ], [ -6.20576710224617, 53.319056158875902 ], [ -6.20546580392067, 53.318743215674402 ], [ -6.20528672640721, 53.318778918908698 ], [ -6.20528372364865, 53.318793242307201 ], [ -6.2052672757569, 53.3188061059398 ], [ -6.20525381448546, 53.318812184356702 ], [ -6.20523127976174, 53.318813103616499 ], [ -6.20519063863444, 53.318802418050801 ], [ -6.20518306681835, 53.318790091804402 ], [ -6.2050655969828, 53.318475717958002 ], [ -6.20505935884527, 53.318454506235902 ], [ -6.2048411551572, 53.317892975006103 ], [ -6.20475003664061, 53.317651633074099 ], [ -6.20474641816087, 53.317637748419102 ], [ -6.20458819617996, 53.317210754655001 ], [ -6.20458421773972, 53.317198653233 ], [ -6.20453633353382, 53.317083159882699 ], [ -6.20443722347149, 53.316923957654197 ], [ -6.2044233789926, 53.316896987668699 ], [ -6.20441646049301, 53.316883413748101 ], [ -6.20441114773992, 53.316866986868298 ], [ -6.2044073725697, 53.316850045639903 ], [ -6.20440257802001, 53.316828783701602 ], [ -6.20440032292816, 53.316806346583 ], [ -6.20439493441217, 53.316751718574899 ], [ -6.20432653253788, 53.316741055179598 ], [ -6.20425126451253, 53.3166984142971 ], [ -6.20422187450404, 53.316677132575002 ], [ -6.20418997453017, 53.316651319836097 ], [ -6.20414934396524, 53.316605083797597 ], [ -6.20384915016425, 53.316209335245802 ], [ -6.20379588120369, 53.316114949329801 ], [ -6.20377744762409, 53.316075788616899 ], [ -6.20375621842899, 53.316030680527703 ], [ -6.20375206106638, 53.316021775291297 ], [ -6.20374796295983, 53.316012852970601 ], [ -6.20374392673207, 53.316003922593403 ], [ -6.20373996622256, 53.315994976278802 ], [ -6.20373604925228, 53.315986029721003 ], [ -6.20373219453791, 53.315977066124198 ], [ -6.20372839982492, 53.315968103430798 ], [ -6.2037246793678, 53.315959123879203 ], [ -6.20372100578928, 53.315950136045302 ], [ -6.20371739258928, 53.315941140132303 ], [ -6.20371383826778, 53.315932136117702 ], [ -6.20371022427852, 53.3159231590679 ], [ -6.20370642769745, 53.315914205333897 ], [ -6.20370243610978, 53.315905284615603 ], [ -6.2036982480156, 53.315896396890601 ], [ -6.20369387841502, 53.315887542384601 ], [ -6.2036892958082, 53.315878720623303 ], [ -6.20368454819512, 53.315869932329598 ], [ -6.20367960369873, 53.315861186011603 ], [ -6.20367446269636, 53.315852472686601 ], [ -6.20366913943361, 53.3158438105458 ], [ -6.20366363466497, 53.315835181623903 ], [ -6.20365774820972, 53.315826313258903 ], [ -6.20365133048113, 53.315816907485001 ], [ -6.20364479278477, 53.315807534957798 ], [ -6.20363811708315, 53.315798196304698 ], [ -6.20363130525354, 53.315788882565499 ], [ -6.20362437154144, 53.315779611931397 ], [ -6.20361730128654, 53.315770376091997 ], [ -6.20361009418706, 53.315761182233402 ], [ -6.20360276558258, 53.3157520224972 ], [ -6.2035953004732, 53.315742896657497 ], [ -6.20358771535889, 53.315733804962598 ], [ -6.20357999186256, 53.315724756124098 ], [ -6.20357216148405, 53.315715750616398 ], [ -6.2035641642239, 53.315706787535703 ], [ -6.2035560462045, 53.315697876564997 ], [ -6.20354779014293, 53.315689000366199 ], [ -6.20353938186022, 53.3156801749046 ], [ -6.20353085281844, 53.315671401552898 ], [ -6.20352217039523, 53.315662670831401 ], [ -6.20351336609035, 53.315653983214503 ], [ -6.20350442564941, 53.315645356464103 ], [ -6.20349534682707, 53.315636772569597 ], [ -6.20348614574589, 53.3156282407624 ], [ -6.2034768089061, 53.315619760838899 ], [ -6.20345868259338, 53.315601883446298 ], [ -6.2034011727855, 53.3155577208328 ], [ -6.20318222643509, 53.315395435925304 ], [ -6.20285336676502, 53.3151662722222 ], [ -6.20269768926674, 53.3150325282122 ], [ -6.20244779341127, 53.314865174430402 ], [ -6.20247357469489, 53.314851562015598 ], [ -6.20245172774267, 53.314840449560997 ], [ -6.20241265554791, 53.314861463903803 ], [ -6.20231833078838, 53.314798584238602 ], [ -6.20230088359433, 53.314828812059801 ], [ -6.20230619729472, 53.314838049368802 ], [ -6.20232506929874, 53.314838522574298 ], [ -6.2023869189679, 53.314878976076798 ], [ -6.20239031754799, 53.314898069780597 ], [ -6.20239518191846, 53.314910535179699 ], [ -6.20237805551621, 53.314911345750097 ], [ -6.20234921692864, 53.314912349204 ], [ -6.20226206420333, 53.314886269378803 ], [ -6.2022487293492, 53.314881503253602 ], [ -6.20223518772901, 53.314875943045301 ], [ -6.2022228926883, 53.314870006143401 ], [ -6.20221137166211, 53.314863830135501 ], [ -6.20219979200624, 53.314856942273103 ], [ -6.20218942728005, 53.314850073621898 ], [ -6.20217901928443, 53.314842413352601 ], [ -6.20216964364581, 53.314834866615897 ], [ -6.20216052242586, 53.314826587576903 ], [ -6.20215306653595, 53.314818324652201 ], [ -6.20214651940809, 53.314809509166899 ], [ -6.20214093942676, 53.314800537483499 ], [ -6.20213628268777, 53.314791382874702 ], [ -6.20213245775872, 53.314782078117503 ], [ -6.20212860208737, 53.314772754920298 ], [ -6.20212447603846, 53.314763472588297 ], [ -6.20212010811118, 53.314754231551198 ], [ -6.2021156651881, 53.3147449893833 ], [ -6.20211168108, 53.314736222418901 ], [ -6.20210791001458, 53.314727421813998 ], [ -6.20210402207858, 53.314718188011803 ], [ -6.20209993150617, 53.314709454496203 ], [ -6.20209538942987, 53.314700786080003 ], [ -6.2020902118163, 53.314691883377201 ], [ -6.20208404169888, 53.314682669100598 ], [ -6.20207403243852, 53.314669452011799 ], [ -6.20205386199552, 53.314644561518101 ], [ -6.20204613390122, 53.314636348412101 ], [ -6.20203753055429, 53.314628247946402 ], [ -6.20202819449167, 53.314620118457803 ], [ -6.20201847514942, 53.314612144978597 ], [ -6.20200839018713, 53.314604335864601 ], [ -6.20199737787772, 53.314596414797599 ], [ -6.20198634177354, 53.314589095582903 ], [ -6.20197430221999, 53.314581725286502 ], [ -6.20194439634728, 53.314565278064798 ], [ -6.20185770176399, 53.314516540999001 ], [ -6.20182704211368, 53.314489857362098 ], [ -6.20175992406062, 53.314446258237403 ], [ -6.20165278813562, 53.314377272404798 ], [ -6.20151637440685, 53.314305867568798 ], [ -6.20150557835206, 53.314298875504598 ], [ -6.20149497233977, 53.314287042542901 ], [ -6.20141755267366, 53.314217605776498 ], [ -6.20136028003025, 53.3141761412923 ], [ -6.20129399303098, 53.314135287753601 ], [ -6.20117297814388, 53.314056674282803 ], [ -6.20102919665691, 53.313963185995199 ], [ -6.20086700436006, 53.313859319716002 ], [ -6.2006731691298, 53.313733318658898 ], [ -6.20055057786987, 53.313654769737603 ], [ -6.20045187656569, 53.313591553767303 ], [ -6.20031450647808, 53.313501962456598 ], [ -6.20026488060466, 53.313470642795302 ], [ -6.20014518044774, 53.313391904275697 ], [ -6.19999518891324, 53.3132974041837 ], [ -6.19980968181188, 53.313176838522303 ], [ -6.19964898706339, 53.3130731899804 ], [ -6.19944584592118, 53.312936712603502 ], [ -6.1992335822588, 53.312795962536597 ], [ -6.19915451612594, 53.312742611710298 ], [ -6.19854287507092, 53.312333050718301 ], [ -6.19835184730526, 53.3122044636035 ], [ -6.19826581426422, 53.312191859404798 ], [ -6.19802271950803, 53.312025920065402 ], [ -6.19772932030126, 53.311780103680398 ], [ -6.1975751050105, 53.311664680286299 ], [ -6.1966063947094, 53.311027829978897 ], [ -6.1956074163379, 53.3103921395765 ], [ -6.1951236028247, 53.310094908789502 ], [ -6.19488190614367, 53.309948682648397 ], [ -6.19432656979628, 53.309643824300998 ], [ -6.1932729778229, 53.309081783341497 ], [ -6.19310070212924, 53.308980251246602 ], [ -6.19222700298841, 53.308554562759802 ], [ -6.19148745473593, 53.308184559379299 ], [ -6.19005435280736, 53.307557584512303 ], [ -6.18897980124973, 53.307121004369399 ], [ -6.18822349914652, 53.306816253953698 ], [ -6.18803123199911, 53.306748666729298 ], [ -6.18754084660107, 53.3065566883892 ], [ -6.18673860305556, 53.306247141396 ], [ -6.18546791274119, 53.305730964744498 ], [ -6.18393043462137, 53.305109820205203 ], [ -6.18259070998304, 53.304571793600701 ], [ -6.18172887870635, 53.304226508745202 ], [ -6.18042502262538, 53.303694350477201 ], [ -6.17915862064057, 53.303199756146398 ], [ -6.17911558744764, 53.303225680129103 ], [ -6.17893736020071, 53.303392144219401 ], [ -6.17891354933807, 53.303408063787899 ], [ -6.17885661013803, 53.303429731490702 ], [ -6.17879861335612, 53.303429744614199 ], [ -6.17874436630892, 53.303411779080697 ], [ -6.17815571612564, 53.303202336170401 ], [ -6.1781018715348, 53.303176693300102 ], [ -6.17807353508521, 53.3031555010296 ], [ -6.17805396563426, 53.303120434448999 ], [ -6.17806509704655, 53.303072877605302 ], [ -6.1782370751588, 53.302912655175597 ], [ -6.17825583340657, 53.302880779845196 ], [ -6.17818637115077, 53.302855158186603 ], [ -6.17820912646127, 53.3028295269701 ], [ -6.17814640160817, 53.302804925019103 ], [ -6.17804434690964, 53.302787280399599 ], [ -6.17786653347338, 53.302744986346397 ], [ -6.17727367175424, 53.302550185750398 ], [ -6.17726395090172, 53.302556156396498 ], [ -6.17720432887356, 53.302534468633198 ], [ -6.17715304265097, 53.30248437673 ], [ -6.17701154550314, 53.302425994684597 ], [ -6.17698070709787, 53.302426960480801 ], [ -6.17668622620972, 53.302324533569603 ], [ -6.17658774100024, 53.3023013335728 ], [ -6.17637441408583, 53.302219799643801 ], [ -6.17634365618623, 53.302217119056699 ], [ -6.17617915498802, 53.302290177738598 ], [ -6.17616129263513, 53.302274951627503 ], [ -6.17630509664313, 53.302215828285497 ], [ -6.17627500303927, 53.302188759121499 ], [ -6.17615897771377, 53.302159297126501 ], [ -6.1757008563314, 53.302020143754298 ], [ -6.17512763187696, 53.301846930502698 ], [ -6.17478252776588, 53.301750525569801 ], [ -6.17465090282537, 53.301721066007701 ], [ -6.17461883046647, 53.3017305682596 ], [ -6.17457026077231, 53.301735037095099 ], [ -6.17418000331958, 53.301642558287099 ], [ -6.17390798244721, 53.301531553707797 ], [ -6.17361953693777, 53.301460995051798 ], [ -6.17348611539089, 53.301427615640698 ], [ -6.17342754703285, 53.301412960162097 ], [ -6.17289612665146, 53.301315727062899 ], [ -6.17259349135118, 53.301241695622103 ], [ -6.17227739543135, 53.301125959017902 ], [ -6.17128666053019, 53.300883519637502 ], [ -6.17109603763852, 53.300865759234497 ], [ -6.17105233893572, 53.300904035331698 ], [ -6.17109738615082, 53.300939845314304 ], [ -6.17136297008195, 53.301069207069901 ], [ -6.17143996677413, 53.301118105748998 ], [ -6.17146943455398, 53.301169213865897 ], [ -6.17136474896359, 53.301167994196902 ], [ -6.17120816066762, 53.301102517474199 ], [ -6.17100024123083, 53.301005070138999 ], [ -6.17092552357225, 53.300906763279599 ], [ -6.17066552239308, 53.300910349450803 ], [ -6.17055793639789, 53.300924344014902 ], [ -6.17046687332545, 53.300974339356301 ], [ -6.17038089538238, 53.300955892128101 ], [ -6.16999702000993, 53.3009488862984 ], [ -6.16980306671072, 53.300921645785401 ], [ -6.16974669463577, 53.300961911061002 ], [ -6.16966728314102, 53.300954823745997 ], [ -6.16956860251807, 53.300934563062 ], [ -6.16949900698731, 53.300944520721103 ], [ -6.16941587006185, 53.300907056706599 ], [ -6.16939233157823, 53.3008331144161 ], [ -6.1694550341922, 53.300792811660003 ], [ -6.16952728932308, 53.300754345304902 ], [ -6.16955861452472, 53.300733240735099 ], [ -6.16950133200248, 53.300722216345697 ], [ -6.16938703406148, 53.300715356424099 ], [ -6.16934249352352, 53.3007080410909 ], [ -6.16935476892654, 53.3006851610564 ], [ -6.16940547755075, 53.300682938307403 ], [ -6.16945935192931, 53.300680683238703 ], [ -6.16950044549764, 53.300672821896597 ], [ -6.16950026672325, 53.300663321211999 ], [ -6.16941120187796, 53.300648698951399 ], [ -6.16929351967442, 53.300630464420102 ], [ -6.16923299462931, 53.300615659974397 ], [ -6.16921266234647, 53.300543591491099 ], [ -6.16921794429332, 53.300484658973403 ], [ -6.16911912630198, 53.300456802478401 ], [ -6.16893758995841, 53.300414276914701 ], [ -6.16877844871212, 53.300383013975903 ], [ -6.16867965514094, 53.300357053121097 ], [ -6.16868221468835, 53.300322836199904 ], [ -6.16871671989869, 53.300301718666198 ], [ -6.16775765407525, 53.300055233752502 ], [ -6.16708516662998, 53.299871495705801 ], [ -6.16659445674141, 53.2997435690054 ], [ -6.16637137654397, 53.299684216402099 ], [ -6.16598208623419, 53.299551835229202 ], [ -6.1653521285043, 53.299353330029398 ], [ -6.16526125444558, 53.2993246936853 ], [ -6.16543077714537, 53.299390413289998 ], [ -6.16483860175416, 53.299205768631801 ], [ -6.16427109910071, 53.299038431205297 ], [ -6.16412733359862, 53.298980466110301 ], [ -6.16404111543281, 53.298946823904501 ], [ -6.16399449388118, 53.299000320003302 ], [ -6.16380049151442, 53.298969267715499 ], [ -6.16369262990435, 53.298968065169603 ], [ -6.16354949751746, 53.298944284488897 ], [ -6.16339691388013, 53.298924365059598 ], [ -6.16333663298207, 53.298922852367198 ], [ -6.16332027162638, 53.298894464240902 ], [ -6.16304428341833, 53.298890535696799 ], [ -6.16302890184434, 53.298917239422998 ], [ -6.16278081271073, 53.298877030869797 ], [ -6.16240411880807, 53.298738865497697 ], [ -6.16190682698244, 53.2985957651292 ], [ -6.16165495890871, 53.298521383497203 ], [ -6.16165420525955, 53.298479585189099 ], [ -6.16126523958608, 53.298364294592403 ], [ -6.16122452266485, 53.298393052247803 ], [ -6.160577702115, 53.298222406609803 ], [ -6.16059306957135, 53.298195711958797 ], [ -6.16054238002215, 53.298197931236999 ], [ -6.16049589318303, 53.2982590312957 ], [ -6.16040852706326, 53.298339387355902 ], [ -6.16031763347835, 53.298398867489503 ], [ -6.16014682911522, 53.298424655103098 ], [ -6.16001982054267, 53.298415973929501 ], [ -6.15992957313982, 53.298334853154302 ], [ -6.15982921410993, 53.298219599515001 ], [ -6.15977142392631, 53.298180074986902 ], [ -6.15972352253215, 53.2981613806745 ], [ -6.15975110717523, 53.298108004986197 ], [ -6.15972489828919, 53.298060683274201 ], [ -6.15974971671626, 53.298030116803098 ], [ -6.15975238284581, 53.298001608343803 ], [ -6.15967198843094, 53.297939421412103 ], [ -6.15962975712766, 53.297882695095502 ], [ -6.15958478431838, 53.297850682984603 ], [ -6.15947632727716, 53.297815283027603 ], [ -6.15941893792806, 53.297798553498701 ], [ -6.15939637011813, 53.297777797168202 ], [ -6.15944703765676, 53.2977736725162 ], [ -6.15947258564492, 53.297783008433697 ], [ -6.15957918678505, 53.2975372322326 ], [ -6.1595928024993, 53.297411758669497 ], [ -6.15948920483021, 53.297292725466498 ], [ -6.15927189443051, 53.297199120252998 ], [ -6.15893974553218, 53.2970682539381 ], [ -6.15835524849731, 53.296834502941898 ], [ -6.15752203550186, 53.296524440563203 ], [ -6.15696993015794, 53.296328468529097 ], [ -6.15670857103289, 53.296254145293297 ], [ -6.15653677715344, 53.296222938984997 ], [ -6.15647114033687, 53.296276551695797 ], [ -6.15640718551282, 53.296246563868301 ], [ -6.1563363716996, 53.296188118070603 ], [ -6.15626642106362, 53.2961771691186 ], [ -6.15621453232311, 53.2961128957132 ], [ -6.15592248297293, 53.296095761704997 ], [ -6.15574624162363, 53.295992387379201 ], [ -6.15503307759568, 53.295833535686398 ], [ -6.15461945498042, 53.295756375438202 ], [ -6.15413655684317, 53.295706249686198 ], [ -6.15359902103814, 53.295614666650302 ], [ -6.15347038675454, 53.295605324071197 ], [ -6.15314177837117, 53.295581469948097 ], [ -6.15277670486491, 53.295559090374198 ], [ -6.15218668214759, 53.295547636769697 ], [ -6.15150752121951, 53.295517742173097 ], [ -6.15106047649514, 53.295522474437597 ], [ -6.15099190329964, 53.295589401606101 ], [ -6.15067696467143, 53.295712986108803 ], [ -6.15072500967801, 53.295919771786401 ], [ -6.1507792660385, 53.296299417680203 ], [ -6.15045213741618, 53.296271085849597 ], [ -6.14988388642805, 53.296236684205802 ], [ -6.14947842067284, 53.296262041278098 ], [ -6.14915018824306, 53.296351509678999 ], [ -6.14873872808798, 53.296576395921903 ], [ -6.14830449091913, 53.296769131716502 ], [ -6.14805665226588, 53.296922679423702 ], [ -6.14800007509985, 53.297312520232403 ], [ -6.1479266178427, 53.297643570353998 ], [ -6.14801547217189, 53.297646801992897 ], [ -6.14822557995827, 53.297332000974897 ], [ -6.14927685022825, 53.297061272203898 ], [ -6.14929968409536, 53.297097231200503 ], [ -6.14828019159035, 53.297371553734102 ], [ -6.1480391685629, 53.297732154762897 ], [ -6.14752096388051, 53.297659419061802 ], [ -6.14769737820637, 53.297411322892501 ], [ -6.14700482589204, 53.2971611000103 ], [ -6.14638237904674, 53.297472804800996 ], [ -6.14544636922309, 53.297987861183202 ], [ -6.14512074481595, 53.298227397076303 ], [ -6.14469627017934, 53.298617640479598 ], [ -6.14381124603282, 53.2993318538228 ], [ -6.14257313954778, 53.3003503573172 ], [ -6.1412291024325, 53.301481593501798 ], [ -6.13988785299634, 53.302595712149198 ], [ -6.13965318397048, 53.302779560865297 ], [ -6.13876332652004, 53.303041591476401 ], [ -6.13568392000324, 53.303976467034197 ], [ -6.13512828317764, 53.304126207781998 ], [ -6.13449341815515, 53.304095939099099 ], [ -6.1325112900825, 53.303923903128798 ], [ -6.13168525637411, 53.303843500518703 ], [ -6.13149778167436, 53.303823758549498 ], [ -6.13136380323985, 53.303778990585002 ], [ -6.13124149245139, 53.3036752484537 ], [ -6.13112487820464, 53.303533475852603 ], [ -6.13106685642381, 53.303478737064403 ], [ -6.13092702816738, 53.303462499434602 ], [ -6.13082853824184, 53.303453605027102 ], [ -6.13070443732865, 53.303429668842902 ], [ -6.13062126939257, 53.303388384911102 ], [ -6.13058220309641, 53.303329728387403 ], [ -6.13055814032187, 53.3032215861653 ], [ -6.13059218616251, 53.303171975644503 ], [ -6.13064185037979, 53.303108978207902 ], [ -6.13080632999406, 53.303083258439599 ], [ -6.13100622911002, 53.303087730886098 ], [ -6.13109576619961, 53.303130876988199 ], [ -6.13113591991735, 53.3032522207941 ], [ -6.13187629569024, 53.303517438760103 ], [ -6.13512061959461, 53.303865966922601 ], [ -6.13931319572576, 53.3025612955621 ], [ -6.14228332539495, 53.300099479413397 ], [ -6.14438395439, 53.298349810658003 ], [ -6.14492156289763, 53.297899960521903 ], [ -6.14616580397177, 53.297238576013697 ], [ -6.14668697406603, 53.296938912956399 ], [ -6.14677380093082, 53.296465286088797 ], [ -6.14677698234283, 53.296284780413202 ], [ -6.14662059019379, 53.296046375148997 ], [ -6.14640630728744, 53.295943231482099 ], [ -6.1457637009209, 53.296008068455698 ], [ -6.14512111703842, 53.296074797969297 ], [ -6.14375702192639, 53.296227759508398 ], [ -6.14320640361581, 53.296293906839701 ], [ -6.14318860327909, 53.296364307728801 ], [ -6.14258730000685, 53.296434569687598 ], [ -6.14428563139525, 53.297259882014302 ], [ -6.1441068804484, 53.2973750019855 ], [ -6.14244686713542, 53.296564643845599 ], [ -6.14237196942752, 53.296565112043297 ], [ -6.14230100180163, 53.296565560526702 ], [ -6.14212747136843, 53.296616038286501 ], [ -6.14200806444103, 53.2966794817305 ], [ -6.14199724653073, 53.2967859455431 ], [ -6.14208140320825, 53.296884211440499 ], [ -6.14221282863243, 53.296965088723901 ], [ -6.14228131461325, 53.297072950765497 ], [ -6.14215359556093, 53.297204848650402 ], [ -6.14197272458379, 53.297380770061103 ], [ -6.14176242117202, 53.297323187151001 ], [ -6.14123953511137, 53.297890723271003 ], [ -6.14258831730699, 53.298674547122303 ], [ -6.14235944966067, 53.298826068652303 ], [ -6.14181831574128, 53.298529270603197 ], [ -6.14100173718352, 53.298076503217402 ], [ -6.1407838057047, 53.2979448687149 ], [ -6.14056438496201, 53.297727749354301 ], [ -6.14034502772923, 53.297514432629796 ], [ -6.14035718104008, 53.297483960208297 ], [ -6.14048246852266, 53.297576273034302 ], [ -6.14057670276867, 53.297524381384903 ], [ -6.14047024628454, 53.297420554323502 ], [ -6.14032309812555, 53.2973473747074 ], [ -6.14035113331991, 53.297318704958997 ], [ -6.1402612553249, 53.297256572544804 ], [ -6.14019688369625, 53.297201874861003 ], [ -6.14013045334511, 53.297211783855097 ], [ -6.13999038684145, 53.297180365391199 ], [ -6.13977308330012, 53.297084819804702 ], [ -6.13972905332999, 53.297105996177798 ], [ -6.13967761513296, 53.297066417044803 ], [ -6.13973713742997, 53.297024247402597 ], [ -6.13958993176767, 53.296947272877198 ], [ -6.13944159520733, 53.296988092647503 ], [ -6.13914825436671, 53.296896831563103 ], [ -6.13899262078565, 53.296882602786397 ], [ -6.13889041810237, 53.2968414400396 ], [ -6.13880772035881, 53.296826750340003 ], [ -6.13846880603201, 53.296667368959298 ], [ -6.13825874392484, 53.296623083639098 ], [ -6.13813437439774, 53.296583956050199 ], [ -6.13793303384728, 53.2964940205499 ], [ -6.1378179985746, 53.296443436219498 ], [ -6.13749391029376, 53.296407450984802 ], [ -6.1372593071416, 53.296410813436196 ], [ -6.13705111813975, 53.296474796610099 ], [ -6.13691081031104, 53.296430071549203 ], [ -6.13681146392554, 53.296369890914903 ], [ -6.13671016535401, 53.2963800261656 ], [ -6.136589999582, 53.2963997689629 ], [ -6.13591381368967, 53.296174081767802 ], [ -6.13577994998684, 53.296135009106798 ], [ -6.13577569123151, 53.296072343102502 ], [ -6.13563659883333, 53.296097900219401 ], [ -6.13554807521931, 53.296113652402198 ], [ -6.13551251630052, 53.296073970071198 ], [ -6.13554373385597, 53.296045279285202 ], [ -6.13549887796929, 53.296018957489203 ], [ -6.13522377553234, 53.2960643674691 ], [ -6.13507827691778, 53.296086166387802 ], [ -6.13500376976099, 53.2959954329705 ], [ -6.13523376306613, 53.295908510010001 ], [ -6.13522984628165, 53.295864838134797 ], [ -6.13516642692849, 53.295865229629101 ], [ -6.13493340931918, 53.295593088479301 ], [ -6.13486877887088, 53.295523196158499 ], [ -6.13461350560388, 53.295431683278998 ], [ -6.13448269437414, 53.295384991610597 ], [ -6.13442953768597, 53.2954290199715 ], [ -6.13443352789369, 53.295476495107401 ], [ -6.13455783727512, 53.295513721035597 ], [ -6.13470795725536, 53.295575487938301 ], [ -6.13477529247438, 53.295618768572197 ], [ -6.13488303847718, 53.295798592463598 ], [ -6.13488092891875, 53.295859397182298 ], [ -6.13468188698222, 53.2959024290153 ], [ -6.13434597396942, 53.295915909089103 ], [ -6.13407014281835, 53.295919518118303 ], [ -6.13402402278378, 53.296003394858403 ], [ -6.13378945908139, 53.296008646729703 ], [ -6.13268204849283, 53.295592532906603 ], [ -6.1325487895308, 53.2955424580013 ], [ -6.13208824916477, 53.295369398347397 ], [ -6.13235315247137, 53.295099876372497 ], [ -6.13245807607397, 53.294932036035803 ], [ -6.13250711242859, 53.294832937912702 ], [ -6.13233730141754, 53.294731399945903 ], [ -6.13203043253592, 53.294588902028302 ], [ -6.1320260461738, 53.294518631477203 ], [ -6.13206635647743, 53.294465182662499 ], [ -6.13200562352664, 53.294437064797101 ], [ -6.13192567524104, 53.294397655785303 ], [ -6.13199103553492, 53.294326959773997 ], [ -6.13164629499401, 53.294194192457702 ], [ -6.13134968517664, 53.294279614222603 ], [ -6.13114891551259, 53.2944062489251 ], [ -6.13099622195294, 53.2945629784994 ], [ -6.13094029613784, 53.294629822936898 ], [ -6.13093559182105, 53.294724843428298 ], [ -6.13059011617055, 53.295105052856002 ], [ -6.1299686893987, 53.295665549577997 ], [ -6.12961230676309, 53.295964122702799 ], [ -6.129479614736, 53.295993439408498 ], [ -6.12933540587355, 53.2959050326035 ], [ -6.12936512389243, 53.295788953841999 ], [ -6.12983622049042, 53.295337677824399 ], [ -6.13024093107461, 53.294898217778801 ], [ -6.13066774776004, 53.2944548074111 ], [ -6.13090422964373, 53.294191169035898 ], [ -6.13103285286736, 53.294110582071397 ], [ -6.13119894751244, 53.293995562679903 ], [ -6.13129598806365, 53.293922765919298 ], [ -6.13125111478332, 53.293894546563301 ], [ -6.13127604674816, 53.293869694372503 ], [ -6.13101904890049, 53.293675592931102 ], [ -6.13091875350061, 53.2937446001852 ], [ -6.13084595958448, 53.293752652403903 ], [ -6.13079794264256, 53.293726351147598 ], [ -6.13082567140042, 53.293678680976001 ], [ -6.13088218823971, 53.293646030419602 ], [ -6.13091327520331, 53.293609744506497 ], [ -6.13079108864447, 53.293511701218797 ], [ -6.13065615781811, 53.2935942284942 ], [ -6.1306148715584, 53.293590687866498 ], [ -6.13059780912269, 53.293520497140698 ], [ -6.13026785200041, 53.293324935561799 ], [ -6.13038692601162, 53.293242510639203 ], [ -6.13023938803753, 53.293144625636899 ], [ -6.13018304329343, 53.293186768510097 ], [ -6.12995331923628, 53.293104587730603 ], [ -6.12977746324491, 53.293204463287701 ], [ -6.12967018729092, 53.293235518071 ], [ -6.12915719892713, 53.293647153583599 ], [ -6.12878904916814, 53.293998999770899 ], [ -6.12873609564399, 53.294054414389102 ], [ -6.12883228096212, 53.294116519840301 ], [ -6.12889272317578, 53.294127551481203 ], [ -6.12877408625218, 53.294236572993903 ], [ -6.12867824574601, 53.294195366379 ], [ -6.12858284104356, 53.294178852189098 ], [ -6.12850470901528, 53.294245833257797 ], [ -6.12824910664603, 53.294503882568399 ], [ -6.12831336300246, 53.294552888222 ], [ -6.12839298544871, 53.294573296741 ], [ -6.12841547614612, 53.294590256674603 ], [ -6.12828105213364, 53.294703172649903 ], [ -6.12821384251798, 53.294667492621898 ], [ -6.12811549923505, 53.2946642949479 ], [ -6.12805282609514, 53.294708377846099 ], [ -6.12732540593007, 53.295377802479699 ], [ -6.12718004852126, 53.2955933769937 ], [ -6.12693911378365, 53.2957829441171 ], [ -6.12682975008588, 53.295878611562102 ], [ -6.12673900705464, 53.295949463322103 ], [ -6.12607178538104, 53.296618513861802 ], [ -6.12536362708655, 53.297304908300703 ], [ -6.12468635252059, 53.297943607551503 ], [ -6.12452096129537, 53.298847062993303 ], [ -6.12429171928745, 53.299912401927301 ], [ -6.12424091067644, 53.3002812862699 ], [ -6.12533743327833, 53.301351824389997 ], [ -6.12623652402968, 53.3021860781177 ], [ -6.12679996974915, 53.302308017384398 ], [ -6.12685392158033, 53.302309583938197 ], [ -6.12702025062786, 53.302205977430297 ], [ -6.12714781342225, 53.302246991329199 ], [ -6.12727242290419, 53.302301321708001 ], [ -6.12733439903059, 53.302401639765499 ], [ -6.12731088524914, 53.302510078225197 ], [ -6.12717881947521, 53.302577379057198 ], [ -6.12706547255864, 53.302625571468099 ], [ -6.12686858702299, 53.3026115779112 ], [ -6.12675025066642, 53.302553409654699 ], [ -6.1266835822662, 53.302550017293001 ], [ -6.12625878991098, 53.302562114627499 ], [ -6.12609311315794, 53.302517534691802 ], [ -6.12586671898546, 53.302446722314002 ], [ -6.12558341045795, 53.302199571902598 ], [ -6.12497155034067, 53.301656138144999 ], [ -6.12433974903276, 53.301057741750597 ], [ -6.12378564500491, 53.300551947305202 ], [ -6.1236596101434, 53.300414025893602 ], [ -6.12365195322221, 53.300336182073501 ], [ -6.1237996472103, 53.299696919665401 ], [ -6.12415518443924, 53.2980380464899 ], [ -6.12429196208658, 53.297689530217198 ], [ -6.12444785805792, 53.297532787520502 ], [ -6.12520272250949, 53.296794815050198 ], [ -6.12717658889224, 53.294833447464796 ], [ -6.1283394695685, 53.293669274546801 ], [ -6.12858300027273, 53.293447394451299 ], [ -6.12883029873491, 53.293259685666598 ], [ -6.1290270485166, 53.293083683347596 ], [ -6.12928572136422, 53.292819910941901 ], [ -6.12939661281849, 53.292629241984002 ], [ -6.12930645802896, 53.292549996365103 ], [ -6.12915873447121, 53.2924407125088 ], [ -6.12914792450408, 53.292364787090698 ], [ -6.12905492944887, 53.292304556552303 ], [ -6.12893739917902, 53.292291981991397 ], [ -6.12874976638683, 53.292445122396401 ], [ -6.12870148773282, 53.292403628508701 ], [ -6.1288355199737, 53.292267907818797 ], [ -6.12853166045611, 53.291929696344297 ], [ -6.1284761374994, 53.291835041960802 ], [ -6.12841680112267, 53.291702413825497 ], [ -6.12830184868513, 53.2916035106864 ], [ -6.12821727838503, 53.291530749790802 ], [ -6.1281827665518, 53.291510895584999 ], [ -6.12805715571146, 53.291438640798503 ], [ -6.12791761714417, 53.291437590635702 ], [ -6.12774723344919, 53.291486137411802 ], [ -6.12761485640999, 53.291532549216498 ], [ -6.12747550861589, 53.291542905986397 ], [ -6.12730760561942, 53.291551527874901 ], [ -6.12711825758171, 53.291603990555203 ], [ -6.12708240774452, 53.291547217722297 ], [ -6.12739194864659, 53.2914769178225 ], [ -6.12752464815261, 53.291449508263 ], [ -6.12756132465951, 53.291369485454297 ], [ -6.12752489999362, 53.291278518233803 ], [ -6.12737264862322, 53.291275650775901 ], [ -6.1272740125819, 53.291255355454801 ], [ -6.12728526171466, 53.291171688550698 ], [ -6.12724363229166, 53.291147247862199 ], [ -6.12717652518319, 53.291117256640703 ], [ -6.12713789230036, 53.291083301144802 ], [ -6.12701786994388, 53.291110630768003 ], [ -6.12690364204405, 53.291105636510501 ], [ -6.12671959631905, 53.291097263111801 ], [ -6.12675051558548, 53.291051477604597 ], [ -6.12690922916797, 53.291061906835701 ], [ -6.12707053677923, 53.291038111107099 ], [ -6.12706998433587, 53.291005822467099 ], [ -6.12715694070644, 53.290898892772297 ], [ -6.12709848430377, 53.290817555546099 ], [ -6.12697360611799, 53.290746128135197 ], [ -6.12655226493144, 53.290767706047298 ], [ -6.12656988417162, 53.2906859010075 ], [ -6.12640563261107, 53.290536823027402 ], [ -6.12641434269223, 53.290489268450301 ], [ -6.1260688575511, 53.290310893710597 ], [ -6.12576401652467, 53.290284265009198 ], [ -6.1256365493953, 53.290247042999603 ], [ -6.12553001474011, 53.290135606590297 ], [ -6.12543270439021, 53.290007008873701 ], [ -6.12528871477985, 53.289929994913102 ], [ -6.12520825199171, 53.289860189748502 ], [ -6.12514879788379, 53.289719955632002 ], [ -6.1250608315687, 53.289581807850197 ], [ -6.12507746235692, 53.289441108154101 ], [ -6.12512376135147, 53.289366736457502 ], [ -6.12495954367849, 53.289219543579101 ], [ -6.12474170628185, 53.289087889380703 ], [ -6.12451900424178, 53.289043650288903 ], [ -6.12447129747053, 53.2890344435922 ], [ -6.12442956145472, 53.2890043015746 ], [ -6.12422336202941, 53.288997956784598 ], [ -6.12420672947344, 53.288952466461701 ], [ -6.12394790130529, 53.288834346867397 ], [ -6.12366235989711, 53.288636607847302 ], [ -6.12347004933839, 53.288514285636801 ], [ -6.12336507613058, 53.288494031090799 ], [ -6.12330581875599, 53.288365193645603 ], [ -6.12327628517084, 53.288306478639903 ], [ -6.1232849244538, 53.288255131838298 ], [ -6.12310849445286, 53.288134613072899 ], [ -6.12280810876276, 53.2879958501575 ], [ -6.12274343153537, 53.287978665328701 ], [ -6.1226978637244, 53.287966552384098 ], [ -6.12255650259959, 53.287928991386998 ], [ -6.12240102595413, 53.287922337422103 ], [ -6.12233591570835, 53.287822038004798 ], [ -6.12202721552727, 53.287753622804601 ], [ -6.12151245209101, 53.287686462693401 ], [ -6.12101746423587, 53.287662881217003 ], [ -6.12062790436509, 53.2876880488366 ], [ -6.12026067812519, 53.287720675314098 ], [ -6.12006544440238, 53.287799760056799 ], [ -6.11987894837631, 53.287833187304699 ], [ -6.119720793749, 53.2878550455317 ], [ -6.11938793183346, 53.287857064679997 ], [ -6.11900068523008, 53.287830915486801 ], [ -6.11869227274328, 53.287779588481897 ], [ -6.11862521320137, 53.287751498641903 ], [ -6.11862169219319, 53.287730621465599 ], [ -6.11838331506543, 53.287695972944299 ], [ -6.11835101631357, 53.287660065119901 ], [ -6.11796620504786, 53.287590204458098 ], [ -6.11747457235181, 53.287577983889797 ], [ -6.1168344131331, 53.287595155315202 ], [ -6.11639087619009, 53.2876149362815 ], [ -6.11619580327485, 53.287703507224698 ], [ -6.11600280909819, 53.2877274706306 ], [ -6.1157172960262, 53.287717799432002 ], [ -6.11561004557767, 53.287750737617301 ], [ -6.11558834530164, 53.287779366956002 ], [ -6.11553787416716, 53.287794870615002 ], [ -6.11541298623287, 53.287721535054601 ], [ -6.11502478513315, 53.2878264698248 ], [ -6.11491059980087, 53.288201430405898 ], [ -6.11493004789101, 53.288416002458298 ], [ -6.11496417522052, 53.288560191019002 ], [ -6.11481431180532, 53.288509797463199 ], [ -6.1146923223442, 53.288419332854602 ], [ -6.11462465032735, 53.288355150734198 ], [ -6.11458917328672, 53.2883192644234 ], [ -6.11447201309585, 53.288327574872497 ], [ -6.11440885094656, 53.288343146114002 ], [ -6.11437754417699, 53.288366142186703 ], [ -6.11433627867235, 53.288552578623303 ], [ -6.11430904612748, 53.288818722300199 ], [ -6.11433301059205, 53.288924971172499 ], [ -6.11443773595873, 53.288930042076998 ], [ -6.11457636834499, 53.288877912090101 ], [ -6.1146547015181, 53.288822337788602 ], [ -6.1146853497568, 53.288759459590203 ], [ -6.11474234051523, 53.288755319139398 ], [ -6.11484702941685, 53.288758484468701 ], [ -6.11482274796476, 53.288823225099598 ], [ -6.11478569528263, 53.288882345587503 ], [ -6.1147677011835, 53.288943249599299 ], [ -6.11487872065196, 53.288946380167602 ], [ -6.11495197907841, 53.2889668418943 ], [ -6.11497545373966, 53.289042690407697 ], [ -6.11494832498185, 53.289126446843497 ], [ -6.11483842574478, 53.289189806857898 ], [ -6.11471097124189, 53.289152582256001 ], [ -6.11465778126096, 53.289194695861099 ], [ -6.11463074540059, 53.289284160430903 ], [ -6.11457837841637, 53.289375667479803 ], [ -6.11433005154688, 53.289504452312002 ], [ -6.11405487634717, 53.289544105454603 ], [ -6.11392150160494, 53.289531615924098 ], [ -6.11383455323003, 53.289640431975798 ], [ -6.11369353753585, 53.289740072045603 ], [ -6.11362696128469, 53.2897404739807 ], [ -6.11366034470803, 53.2896509761243 ], [ -6.1136561187664, 53.289588309557203 ], [ -6.11361721677834, 53.289537243999199 ], [ -6.1137588664234, 53.289475599925296 ], [ -6.11383690495651, 53.289402930047999 ], [ -6.11388036241497, 53.289347569443201 ], [ -6.11383816397435, 53.289288930316303 ], [ -6.11383749302859, 53.2892490372734 ], [ -6.11373553589539, 53.289219251991497 ], [ -6.11356646313875, 53.289157570952497 ], [ -6.11340250862972, 53.289023666162301 ], [ -6.11333803211255, 53.288959461965703 ], [ -6.11325924171229, 53.288798444562701 ], [ -6.1130506789108, 53.288651512958999 ], [ -6.11289057899658, 53.288557478066103 ], [ -6.11274090566641, 53.288518479492303 ], [ -6.11258778683165, 53.2884624066456 ], [ -6.1124732721908, 53.288440292620002 ], [ -6.11237135394541, 53.288412411405602 ], [ -6.11226480006428, 53.288297153244798 ], [ -6.11210342183165, 53.288127134229697 ], [ -6.11202664648977, 53.288085803289498 ], [ -6.11179720897022, 53.288016881808801 ], [ -6.11168710574896, 53.288068841109698 ], [ -6.11144056128454, 53.287924027651997 ], [ -6.11139775655258, 53.287829287766399 ], [ -6.11101701376733, 53.287622587304099 ], [ -6.11088035211541, 53.2876025117559 ], [ -6.11067961215843, 53.287732904988303 ], [ -6.11057185412571, 53.287735448011503 ], [ -6.11053548987418, 53.287646372786099 ], [ -6.11060403572101, 53.2875737702782 ], [ -6.1107619116542, 53.2875348264539 ], [ -6.11088468970752, 53.287482791089701 ], [ -6.11099181357988, 53.287442251836197 ], [ -6.11091087639102, 53.2873420466684 ], [ -6.11084030595958, 53.287293066145097 ], [ -6.11086496663729, 53.2872511214903 ], [ -6.11087016058557, 53.287182700440098 ], [ -6.11079623757794, 53.287122343171497 ], [ -6.1107630750919, 53.287035152374798 ], [ -6.11076158813583, 53.286945865837403 ], [ -6.11081040561886, 53.2868315769649 ], [ -6.1108028524672, 53.286759430476501 ], [ -6.11075660533191, 53.2866476162298 ], [ -6.11068270468229, 53.2865891557868 ], [ -6.11053158962125, 53.286462774974197 ], [ -6.11039074614565, 53.2863819194556 ], [ -6.1102683122082, 53.286264861714798 ], [ -6.11017463049744, 53.286160930546103 ], [ -6.11010065410983, 53.286096780660301 ], [ -6.10968194836589, 53.285894102091902 ], [ -6.1092647697445, 53.2857826040077 ], [ -6.10904385440473, 53.285652831250999 ], [ -6.10896366360727, 53.285596319299501 ], [ -6.108922796386, 53.285617462609103 ], [ -6.10872308715178, 53.285526056466402 ], [ -6.10854582222024, 53.285444926560501 ], [ -6.10838475057239, 53.285481983082697 ], [ -6.10832363322806, 53.285431964522999 ], [ -6.10826261922937, 53.285382020376602 ], [ -6.10831603171722, 53.285353203388901 ], [ -6.10802392795051, 53.285136459821103 ], [ -6.10767117930521, 53.284895387595299 ], [ -6.10713973061269, 53.2845831797407 ], [ -6.10706717043027, 53.2846045113522 ], [ -6.10724348738376, 53.284913139643201 ], [ -6.10725469953508, 53.285015664232098 ], [ -6.10722974020297, 53.285230502785197 ], [ -6.10723600936952, 53.2854166499163 ], [ -6.1073016162253, 53.285549253959203 ], [ -6.10735344016928, 53.285615435000501 ], [ -6.10742073193383, 53.285658730766599 ], [ -6.10812126815353, 53.285460763110699 ], [ -6.10817331390364, 53.285540247462897 ], [ -6.10748761442901, 53.285867317828099 ], [ -6.10743943466919, 53.2858296088719 ], [ -6.1073573620621, 53.285850997305303 ], [ -6.10722380023744, 53.285827093606898 ], [ -6.10714104016772, 53.285806691929302 ], [ -6.10693583875269, 53.285859212454099 ], [ -6.10683593095082, 53.285761011417897 ], [ -6.1067972833417, 53.285725144275297 ], [ -6.1067214819323, 53.285742694926498 ], [ -6.10679569079811, 53.285820150802202 ], [ -6.10672081288005, 53.285892794428399 ], [ -6.10656933988599, 53.285935491963002 ], [ -6.10641745875691, 53.285953496142398 ], [ -6.10621410727681, 53.285926208809499 ], [ -6.10607018554585, 53.285851077866504 ], [ -6.10590433911543, 53.285791261654403 ], [ -6.1058965518348, 53.285703915248099 ], [ -6.10580458194339, 53.285702561985303 ], [ -6.10577207460548, 53.285653365159298 ], [ -6.10574918899775, 53.2856116997839 ], [ -6.10582356912127, 53.285508666202198 ], [ -6.10584196081606, 53.285470558978702 ], [ -6.10577265557717, 53.285497567375998 ], [ -6.10567492672461, 53.285530450176601 ], [ -6.10547137712127, 53.285491763792699 ], [ -6.10545866690494, 53.285489934920697 ], [ -6.10544212775767, 53.285448235503303 ], [ -6.10543493251393, 53.285396987858199 ], [ -6.10540636702668, 53.285395258477898 ], [ -6.10531811425684, 53.285426180189098 ], [ -6.10524549352442, 53.285443708541102 ], [ -6.10517903784181, 53.285451701042298 ], [ -6.10518161085084, 53.2854155896189 ], [ -6.10509859682837, 53.285379986653901 ], [ -6.10504109493446, 53.285353730796501 ], [ -6.10506231758903, 53.285294712185902 ], [ -6.10509244319908, 53.2851995389385 ], [ -6.10509133758393, 53.285133048417698 ], [ -6.10510314257702, 53.285079784611597 ], [ -6.10510599391833, 53.285060769987801 ], [ -6.10503462013889, 53.284962392594501 ], [ -6.10467821309816, 53.284690932592802 ], [ -6.1045018280364, 53.284568490804098 ], [ -6.1044378349318, 53.284532776293801 ], [ -6.10433600938787, 53.284510578334199 ], [ -6.10434288769832, 53.284542832087098 ], [ -6.1043272345804, 53.284554328372899 ], [ -6.10419998700015, 53.284528490253699 ], [ -6.10396776551734, 53.284480466574699 ], [ -6.10387239239202, 53.284463932863801 ], [ -6.10376802877247, 53.2844797519247 ], [ -6.10367983184759, 53.2845144745136 ], [ -6.10360414040526, 53.284537722688498 ], [ -6.10344864216027, 53.284529146987801 ], [ -6.1032381069596, 53.284450606900997 ], [ -6.10304980816737, 53.284373822428996 ], [ -6.10271375995732, 53.284182031026702 ], [ -6.10252460256728, 53.284053964771999 ], [ -6.1024529232198, 53.283936591956497 ], [ -6.1024542325954, 53.283824497487799 ], [ -6.10248439878842, 53.283731222048502 ], [ -6.10246164683574, 53.283697160536299 ], [ -6.10237214374516, 53.283652088204299 ], [ -6.10242195419956, 53.283596697957798 ], [ -6.1025412175471, 53.2835238016308 ], [ -6.10245179214269, 53.2834844283542 ], [ -6.10229866907986, 53.2834264445003 ], [ -6.10201203126968, 53.283346448130096 ], [ -6.10179197416321, 53.283266055916101 ], [ -6.10177141483237, 53.283173077683898 ], [ -6.10163015927337, 53.283065623545298 ], [ -6.10159674154955, 53.282961333535397 ], [ -6.10157947612656, 53.282875938215 ], [ -6.10158126308502, 53.282792329359197 ], [ -6.10140435635819, 53.282829474834898 ], [ -6.10125594117376, 53.282864557050601 ], [ -6.10116690228803, 53.2828479791009 ], [ -6.10112070489197, 53.2827380662821 ], [ -6.10110698845271, 53.282675445659102 ], [ -6.10125186969397, 53.282617597189102 ], [ -6.10118104132697, 53.282551515175598 ], [ -6.10112115393227, 53.2825727663637 ], [ -6.10114364948359, 53.282591637218303 ], [ -6.10104588836229, 53.282622611053696 ], [ -6.10097615920414, 53.282623027533397 ], [ -6.10096945566434, 53.282618652152102 ], [ -6.10095043843618, 53.282606235531098 ], [ -6.1007742692901, 53.282491223123003 ], [ -6.10094298459013, 53.282533928039904 ], [ -6.10095805166018, 53.282486342410003 ], [ -6.10077680993017, 53.282453214679698 ], [ -6.10076036863566, 53.282417213876798 ], [ -6.1007530324086, 53.282356464665398 ], [ -6.10067319202152, 53.2823208371832 ], [ -6.10060935285389, 53.282294612994399 ], [ -6.10061830943, 53.282260364159697 ], [ -6.10058221095711, 53.282186486616503 ], [ -6.10053671211088, 53.282118353904501 ], [ -6.10051337376254, 53.282048201299801 ], [ -6.10049618058896, 53.281966609049597 ], [ -6.10053063415743, 53.281941708138802 ], [ -6.10066549276429, 53.281853515760197 ], [ -6.10061421622016, 53.281819619637098 ], [ -6.10039191407319, 53.281988123539598 ], [ -6.10040873845175, 53.282046920665799 ], [ -6.1003490148055, 53.282077673046501 ], [ -6.10027598038402, 53.282070496950297 ], [ -6.1002338639095, 53.282015655273597 ], [ -6.10033747210937, 53.281954248769097 ], [ -6.10042829983379, 53.2818872095323 ], [ -6.10040871444437, 53.281853126145997 ], [ -6.10039488589417, 53.281782919199898 ], [ -6.10043542818631, 53.281742775676399 ], [ -6.10039005612542, 53.281682247333002 ], [ -6.10034426630859, 53.281597026489798 ], [ -6.10032742130537, 53.281536333360101 ], [ -6.10033794858604, 53.281405181033399 ], [ -6.1003777175593, 53.281317550115297 ], [ -6.10042109174041, 53.281256494294503 ], [ -6.10043307062693, 53.281214629189499 ], [ -6.10042611709364, 53.281176676205703 ], [ -6.1003781897564, 53.281154156060502 ], [ -6.10028683313555, 53.281188897688601 ], [ -6.10026106766431, 53.2811643486965 ], [ -6.10037747498977, 53.281110460898198 ], [ -6.10025056725793, 53.281103612833903 ], [ -6.10013520054496, 53.281028300304897 ], [ -6.10005810348491, 53.280966061804797 ], [ -6.10003105622286, 53.280863625550602 ], [ -6.10000475896195, 53.280806788768601 ], [ -6.09995366836423, 53.280784289941899 ], [ -6.09998793558463, 53.280747991582999 ], [ -6.09992941852822, 53.280659036165801 ], [ -6.09978195792927, 53.280559218054101 ], [ -6.09966693936525, 53.280504804210203 ], [ -6.09954276110324, 53.280471335597902 ], [ -6.0994472146154, 53.280443400860499 ], [ -6.09940848594386, 53.280401832155597 ], [ -6.09938866141119, 53.280352557015497 ], [ -6.09932087715797, 53.280278857020797 ], [ -6.09917016346449, 53.280173360403197 ], [ -6.09906107264475, 53.280094201831602 ], [ -6.09891648622538, 53.279975367566898 ], [ -6.0989121178459, 53.279903199876998 ], [ -6.09884791710336, 53.279854178760097 ], [ -6.09870715281037, 53.279775215855501 ], [ -6.09866074567909, 53.279651998432001 ], [ -6.09864396035413, 53.279595097298099 ], [ -6.09858045402063, 53.279587875239699 ], [ -6.09861755484075, 53.279530656934298 ], [ -6.09859332993922, 53.279407307877399 ], [ -6.09859265232614, 53.279365518820903 ], [ -6.09850936372944, 53.279312805334698 ], [ -6.09843472262781, 53.279206859081398 ], [ -6.09838145920154, 53.2790513787333 ], [ -6.09834452686685, 53.278926208996999 ], [ -6.09831431963194, 53.278823793786003 ], [ -6.09823666489451, 53.278727351331902 ], [ -6.09815282797612, 53.2786404529962 ], [ -6.097989490331, 53.278538825172703 ], [ -6.09783275361693, 53.278452353579297 ], [ -6.09774999736205, 53.2784319452863 ], [ -6.09767648992108, 53.2783943772789 ], [ -6.09759913152725, 53.278316937080099 ], [ -6.09757865112317, 53.278304101052598 ], [ -6.09283820092262, 53.278934226468799 ], [ -6.09074859681044, 53.278854313353698 ], [ -6.08804754934212, 53.2785786886297 ], [ -6.08536522446084, 53.277885115144898 ], [ -6.08399159037402, 53.2773983941848 ], [ -6.07942942899391, 53.277139110081201 ], [ -6.07634332790626, 53.276810544367898 ], [ -6.07515397782491, 53.275676176460998 ], [ -6.07460108599394, 53.2741803596642 ], [ -6.07567065564283, 53.272803667819197 ], [ -6.07984044503709, 53.271430493721802 ], [ -6.08100643082803, 53.271356342950298 ], [ -6.08152107298165, 53.2702494617591 ], [ -6.08302594298052, 53.269530228544198 ], [ -6.08850225283319, 53.270129304016102 ], [ -6.09129876863056, 53.270648513074001 ], [ -6.09136399212389, 53.270503220795497 ], [ -6.09148200435621, 53.270354343237997 ], [ -6.09159508864705, 53.270292880328398 ], [ -6.09178094779046, 53.270223397884799 ], [ -6.09189477260644, 53.270207535109598 ], [ -6.09202180662801, 53.270223893345502 ], [ -6.0921037669139, 53.270196816898803 ], [ -6.09213183086645, 53.270168158735501 ], [ -6.09198838805076, 53.270117694636802 ], [ -6.09202548870949, 53.270060487283999 ], [ -6.09216886271099, 53.270107140031001 ], [ -6.09245210239939, 53.270179584176297 ], [ -6.09264302939118, 53.270227860172902 ], [ -6.09275416000114, 53.270240512494297 ], [ -6.09288535475398, 53.270317640815499 ], [ -6.09291894760711, 53.270239545427501 ], [ -6.09303631636087, 53.270246456584303 ], [ -6.09315164189397, 53.270321774844 ], [ -6.09330130981742, 53.270366496397799 ], [ -6.0933841392396, 53.270392614972202 ], [ -6.09344468586254, 53.270413156611497 ], [ -6.09356790469376, 53.270389632414997 ], [ -6.09370466497585, 53.270419228890098 ], [ -6.09379460286282, 53.270492802144297 ], [ -6.0938699092914, 53.270446764804198 ], [ -6.09399900031542, 53.270394712123597 ], [ -6.09434466634736, 53.270407878670703 ], [ -6.09448740972321, 53.270416541401403 ], [ -6.09459304962821, 53.2704805244787 ], [ -6.09466726532323, 53.270561780763799 ], [ -6.09483425553496, 53.270501904462698 ], [ -6.09506791665872, 53.270449239657097 ], [ -6.09517546558958, 53.270434935428902 ], [ -6.09539679045151, 53.270405510250001 ], [ -6.09588648372022, 53.270311436527301 ], [ -6.09615462469282, 53.2702357670155 ], [ -6.09637424603542, 53.270099579458098 ], [ -6.09682577377576, 53.269804341212399 ], [ -6.09702363656741, 53.269694889993602 ], [ -6.09708210397563, 53.2695881470868 ], [ -6.0971372641117, 53.269473829822303 ], [ -6.09722863329704, 53.269440996458201 ], [ -6.09733282494453, 53.269223792538597 ], [ -6.09759117454877, 53.269131077860898 ], [ -6.09764013268742, 53.269024398649698 ], [ -6.09766523388211, 53.269009046069897 ], [ -6.09762960434511, 53.268961765389101 ], [ -6.09766733942138, 53.2689444401232 ], [ -6.09773141023853, 53.268985865665897 ], [ -6.09770322325841, 53.2690069297145 ], [ -6.0977547167013, 53.269054121963599 ], [ -6.09784508179815, 53.268960495801998 ], [ -6.09786638138138, 53.268907168333101 ], [ -6.09770517937885, 53.268932822388003 ], [ -6.09788788065306, 53.268865247694499 ], [ -6.09802436367596, 53.268877742369597 ], [ -6.09814116352406, 53.268850454567598 ], [ -6.09830830379234, 53.2688000739535 ], [ -6.09839124598287, 53.268833785193799 ], [ -6.09846146146092, 53.268863760900999 ], [ -6.098568896697, 53.268844131565402 ], [ -6.09868474416142, 53.268951741976799 ], [ -6.09872858087987, 53.2689191829988 ], [ -6.09883075513739, 53.268966077522798 ], [ -6.09887643820661, 53.269045608733897 ], [ -6.09892100908251, 53.2690586409216 ], [ -6.09899979835223, 53.2690315811099 ], [ -6.09905902967618, 53.268972333625101 ], [ -6.09914732574216, 53.2689452095969 ], [ -6.09925158174295, 53.268925592768497 ], [ -6.09933987719505, 53.2688984775777 ], [ -6.09939270909092, 53.268835471393899 ], [ -6.09943362099083, 53.268818132407503 ], [ -6.09950948721794, 53.268806284449603 ], [ -6.09956277203029, 53.268769867850999 ], [ -6.09963150880283, 53.268710564894199 ], [ -6.09964408781127, 53.268704789907801 ], [ -6.09981865092302, 53.268720854880499 ], [ -6.09990405737769, 53.268710857565097 ], [ -6.09994822554009, 53.268699196177501 ], [ -6.10019311086259, 53.268559055769202 ], [ -6.10055740163735, 53.268357408563503 ], [ -6.10100144670744, 53.268187594241098 ], [ -6.10151484688294, 53.267996461196098 ], [ -6.10205381449105, 53.267818485856502 ], [ -6.10234060711474, 53.267721783450497 ], [ -6.1025176501903, 53.2676960346679 ], [ -6.10257531198343, 53.267733689188198 ], [ -6.10265233252666, 53.267792131983803 ], [ -6.1026988877407, 53.267732960502798 ], [ -6.10275844048982, 53.267692705321799 ], [ -6.10276724859364, 53.267650860482298 ], [ -6.10291843957078, 53.267594864299902 ], [ -6.10314451695284, 53.267468131364403 ], [ -6.10321497486209, 53.2675133129801 ], [ -6.1032395389372, 53.267465662404099 ], [ -6.10328945707193, 53.267417875940801 ], [ -6.10332477804995, 53.267446161006802 ], [ -6.10339094938438, 53.267422968424597 ], [ -6.10345645917234, 53.2673598835513 ], [ -6.10359479991535, 53.267294461725498 ], [ -6.10362513443908, 53.2672125912841 ], [ -6.10378918824305, 53.266976025739503 ], [ -6.10389201956455, 53.266870920098199 ], [ -6.10394305983415, 53.2668915209223 ], [ -6.10399316219421, 53.266855122763502 ], [ -6.10404982607814, 53.266831985333297 ], [ -6.10416429973669, 53.2668560029731 ], [ -6.10420483864124, 53.266815867135897 ], [ -6.10429033344332, 53.266811556000199 ], [ -6.10439866531654, 53.266847015104602 ], [ -6.10446134209221, 53.266804840296999 ], [ -6.10457824003691, 53.266783244680902 ], [ -6.10468254508091, 53.266767425141502 ], [ -6.10479309912027, 53.266745872263201 ], [ -6.10499573204982, 53.266735165263299 ], [ -6.10522388240883, 53.266733805235198 ], [ -6.10538475879072, 53.266689147828899 ], [ -6.10552728557988, 53.266684502758103 ], [ -6.10569420967845, 53.266622713803798 ], [ -6.10581319808562, 53.266536510719298 ], [ -6.105938878692, 53.266471162774202 ], [ -6.10607184871697, 53.266272778427599 ], [ -6.10617792963106, 53.2661733564399 ], [ -6.10624631739276, 53.266093151457497 ], [ -6.10661242599095, 53.266003567507703 ], [ -6.10677862292186, 53.265898082578701 ], [ -6.10697549893129, 53.265731616278103 ], [ -6.10713248392579, 53.265453299525397 ], [ -6.10769522269392, 53.264612084972697 ], [ -6.10807594512054, 53.264068343985201 ], [ -6.10819048155172, 53.263906167710097 ], [ -6.10813137414005, 53.2637811261759 ], [ -6.10812316320055, 53.263669077158902 ], [ -6.10813534244576, 53.263651549746903 ], [ -6.10820672260686, 53.263548888589703 ], [ -6.10841717470554, 53.263437435266397 ], [ -6.10849093565951, 53.263401006212 ], [ -6.10859630641993, 53.263348966906698 ], [ -6.10874982013238, 53.263243555781699 ], [ -6.10892468944065, 53.263088617188401 ], [ -6.10919213669557, 53.262784929371399 ], [ -6.1094129100469, 53.262532828700103 ], [ -6.10959535554192, 53.262334479180197 ], [ -6.11025568450246, 53.261760469164102 ], [ -6.1106278166102, 53.261376202561102 ], [ -6.11082216656211, 53.261090816952702 ], [ -6.11093030597396, 53.260996483043897 ], [ -6.11131428666146, 53.260374430411403 ], [ -6.11162967498131, 53.259791135655099 ], [ -6.11187594293954, 53.2592295084036 ], [ -6.11205996872229, 53.2587065778621 ], [ -6.11221621856143, 53.258104090824098 ], [ -6.11239077987286, 53.257583167072099 ], [ -6.11237074382171, 53.257022513681903 ], [ -6.11240562307446, 53.256390919437401 ], [ -6.11244619981569, 53.255842917134203 ], [ -6.11256098332316, 53.255259470982701 ], [ -6.11257260342735, 53.255134113343999 ], [ -6.11256373594778, 53.254909803723201 ], [ -6.11256989955173, 53.254544959534698 ], [ -6.11259153740685, 53.254203005870899 ], [ -6.11261076384106, 53.253815425484298 ], [ -6.11261630071449, 53.253488592456399 ], [ -6.11261263954197, 53.2533713143036 ], [ -6.11261007826222, 53.253289613673303 ], [ -6.11260602708896, 53.2531597482065 ], [ -6.11258316822979, 53.252825123710799 ], [ -6.11254866511272, 53.2524296202713 ], [ -6.11247921618398, 53.2520396098963 ], [ -6.11239877662041, 53.251736945948799 ], [ -6.11232458665452, 53.251440024758203 ], [ -6.11221574250937, 53.251131482631301 ], [ -6.11217352595448, 53.2508176517076 ], [ -6.11210097044042, 53.250423818414397 ], [ -6.11207827987101, 53.250079697312302 ], [ -6.11208114415257, 53.249910580849097 ], [ -6.11211494682479, 53.2497853588156 ], [ -6.11217472748294, 53.249624180070903 ], [ -6.11227384967694, 53.2493834285318 ], [ -6.11243455348373, 53.2490613278692 ], [ -6.11262048857699, 53.248746985413 ], [ -6.11270707586751, 53.248498549418997 ], [ -6.11274900591768, 53.248266957068999 ], [ -6.1128219025812, 53.247891100441102 ], [ -6.1128487920923, 53.247613806259899 ], [ -6.11287321811289, 53.247292781958798 ], [ -6.11290902447949, 53.246861591027297 ], [ -6.11290132154864, 53.246380725825098 ], [ -6.11292138146681, 53.246318128737798 ], [ -6.11302740869127, 53.246231353913302 ], [ -6.11325387443497, 53.246141516048297 ], [ -6.11302285288455, 53.246033964421898 ], [ -6.11293952235584, 53.245995171203397 ], [ -6.1128362942369, 53.245916620588702 ], [ -6.11268277024208, 53.245814959541001 ], [ -6.11259673137532, 53.245656700700899 ], [ -6.11255214270659, 53.245295347824502 ], [ -6.11248937836188, 53.245072611133402 ], [ -6.11243771770881, 53.244943060171003 ], [ -6.11229082198708, 53.2446361980845 ], [ -6.11227896979993, 53.244400464087903 ], [ -6.1122550992366, 53.244126661426101 ], [ -6.11222318799103, 53.243953516324403 ], [ -6.11226372553854, 53.243429246542199 ], [ -6.11227312458539, 53.243060614907797 ], [ -6.11230783979982, 53.242694038139497 ], [ -6.11234195430039, 53.242363560293597 ], [ -6.11230447368578, 53.2421447823873 ], [ -6.11226533686938, 53.241836669722197 ], [ -6.11214632747153, 53.241567974454398 ], [ -6.11210909772006, 53.241334003621098 ], [ -6.11203604130028, 53.240970563369203 ], [ -6.11193746079086, 53.240618382994697 ], [ -6.11189899030937, 53.240458514001404 ], [ -6.11191212872851, 53.240243835735399 ], [ -6.1119080170519, 53.240112675566998 ], [ -6.11180733290659, 53.239697770706698 ], [ -6.11161493197631, 53.239135857582902 ], [ -6.11147719519907, 53.2388025386973 ], [ -6.11138128966804, 53.238667020452098 ], [ -6.11130603373765, 53.238434702665202 ], [ -6.11119488219731, 53.238076741276103 ], [ -6.11106961315198, 53.237706702873197 ], [ -6.11104721340368, 53.237640529710397 ], [ -6.1108823523405, 53.237666781015001 ], [ -6.11072076079514, 53.236990462051502 ], [ -6.11065345592756, 53.236717569988201 ], [ -6.11059120382398, 53.236342265984703 ], [ -6.11051048730611, 53.236061387918298 ], [ -6.11039076760639, 53.235611240503097 ], [ -6.11018505405661, 53.235072513968397 ], [ -6.11005986622427, 53.234712235192603 ], [ -6.10981138875659, 53.234334488343897 ], [ -6.1096194551685, 53.234018307495802 ], [ -6.10908594581785, 53.233142882068599 ], [ -6.10889582324994, 53.232890829132202 ], [ -6.10873519007559, 53.232682279876201 ], [ -6.10847786654611, 53.232386122755202 ], [ -6.10831354402603, 53.232119390283401 ], [ -6.10823588137041, 53.231884210438103 ], [ -6.10819691778458, 53.2316270164171 ], [ -6.10818276523813, 53.231377756724697 ], [ -6.10811998872144, 53.231089989561603 ], [ -6.10805623187944, 53.230824844287397 ], [ -6.10797656074134, 53.230634915413802 ], [ -6.1079732674893, 53.230424740138801 ], [ -6.10874194691034, 53.230390493209399 ], [ -6.10899529725179, 53.230349231891601 ], [ -6.11025617449294, 53.229705151377097 ], [ -6.11120743024864, 53.229237254674601 ], [ -6.11194169850132, 53.228841380669003 ], [ -6.1124070246749, 53.228841205352097 ], [ -6.1129719423001, 53.228578483370399 ], [ -6.11326761743212, 53.228432237198902 ], [ -6.11359462420283, 53.228405423735197 ], [ -6.11402211132514, 53.228311677015903 ], [ -6.11432261978322, 53.2282226418411 ], [ -6.11481325851703, 53.228083494943903 ], [ -6.11533914929765, 53.227935422578497 ], [ -6.11601640770358, 53.227750227959902 ], [ -6.11682733494463, 53.227545161737602 ], [ -6.11729138050199, 53.2274206014852 ], [ -6.11741877771959, 53.227384736020703 ], [ -6.11748574555896, 53.227316184588702 ], [ -6.11756438253083, 53.227249282595203 ], [ -6.11764303276696, 53.227182379861397 ], [ -6.11769711620407, 53.2270999470013 ], [ -6.1177253202996, 53.227032248193403 ], [ -6.11774057713523, 53.226971919443997 ], [ -6.11774356432757, 53.2269038222801 ], [ -6.11773494881207, 53.226812822549903 ], [ -6.11768750379625, 53.226743937687601 ], [ -6.11761615882555, 53.226644371477697 ], [ -6.11731788891328, 53.226253514847599 ], [ -6.11718617039823, 53.226092425533999 ], [ -6.1171393929256, 53.226008399100699 ], [ -6.11710687524129, 53.225886746594398 ], [ -6.11709701198405, 53.225810869969898 ], [ -6.11711705508254, 53.225719982379701 ], [ -6.11714829775239, 53.225648197009598 ], [ -6.11720894196909, 53.225586178404797 ], [ -6.11733534470163, 53.2255162202134 ], [ -6.11996763234635, 53.224412204724302 ], [ -6.12022920606818, 53.2243130684693 ], [ -6.12065500126771, 53.224122306573399 ], [ -6.12316645129758, 53.223068355882198 ], [ -6.12288099948676, 53.222829560994498 ], [ -6.12247733346194, 53.222544922930403 ], [ -6.12223532372185, 53.222369851664098 ], [ -6.12194828872182, 53.222136996947697 ], [ -6.1216040383985, 53.221853291425397 ], [ -6.12115942292473, 53.221418160670503 ], [ -6.12082925055971, 53.221084727601799 ], [ -6.12062664374665, 53.220824659980799 ], [ -6.12052846524579, 53.220623322499897 ], [ -6.1204108981437, 53.220321783752098 ], [ -6.1203137557107, 53.220122483918502 ], [ -6.11944776074662, 53.220247055995301 ], [ -6.1190040266415, 53.218990667965599 ], [ -6.11973986128382, 53.218934074513001 ], [ -6.11995006193211, 53.218913821982603 ], [ -6.11983758449024, 53.218694229980301 ], [ -6.11977634856825, 53.218541023823903 ], [ -6.11975708175926, 53.218391956713297 ], [ -6.11971437685782, 53.217983255767301 ], [ -6.11980909117708, 53.217978919658599 ], [ -6.12014339872615, 53.217878882181502 ], [ -6.12031193071064, 53.217884219762396 ], [ -6.12043330984542, 53.217874991645402 ], [ -6.12123349040256, 53.217802548981197 ], [ -6.12113216838043, 53.2172840934481 ], [ -6.12121979580322, 53.217266527569798 ], [ -6.12187054973801, 53.217144358539997 ], [ -6.12228164848322, 53.217067831449903 ], [ -6.12259477987198, 53.217017073452801 ], [ -6.12257935641636, 53.216980865686899 ], [ -6.12403879436873, 53.216704013881298 ], [ -6.12420859811141, 53.217076665068198 ], [ -6.12440500484757, 53.217482255996899 ], [ -6.12446327773195, 53.217591137588101 ], [ -6.12452160513807, 53.217704261669503 ], [ -6.12456700351809, 53.217784372449202 ], [ -6.12462328161863, 53.217944069488098 ], [ -6.1247559688953, 53.218198168009103 ], [ -6.1248262569094, 53.2183011191511 ], [ -6.12487519127877, 53.218365756053402 ], [ -6.12491127050526, 53.218395674857902 ], [ -6.12496966745705, 53.218441472478197 ], [ -6.12498796770534, 53.218483188380098 ], [ -6.12506103865381, 53.218587899967602 ], [ -6.12520522817217, 53.218776594504099 ], [ -6.12531952093989, 53.218925117234001 ], [ -6.12536021617228, 53.2189809980391 ], [ -6.12539237820328, 53.219020046672803 ], [ -6.12542924370811, 53.219074124329701 ], [ -6.12547321604264, 53.2191283218772 ], [ -6.1255137353879, 53.219180317734597 ], [ -6.12554834811639, 53.219204406705799 ], [ -6.12557151528947, 53.219245426965998 ], [ -6.12559833726346, 53.219284374449899 ], [ -6.12563228137514, 53.219323433971802 ], [ -6.12565169986509, 53.219368680946801 ], [ -6.12564589677645, 53.219419948015499 ], [ -6.12546849924476, 53.219481356414697 ], [ -6.12533789099392, 53.219532806267601 ], [ -6.12520625505204, 53.219607776136499 ], [ -6.12515235320981, 53.219698950193902 ], [ -6.12509873125433, 53.219783711757401 ], [ -6.12514946751552, 53.2198465719868 ], [ -6.1252072327667, 53.219911681155601 ], [ -6.12531433647628, 53.219990407554697 ], [ -6.12546499052239, 53.220113171366798 ], [ -6.12550195212585, 53.220090010721201 ], [ -6.1255717756989, 53.220066917637503 ], [ -6.1255726786226, 53.220053101273798 ], [ -6.12605930445433, 53.2198705220923 ], [ -6.126791614948, 53.2198885103534 ], [ -6.12681447174109, 53.219981628968803 ], [ -6.12685972042038, 53.220080041475597 ], [ -6.12687109588827, 53.220143944103498 ], [ -6.12687949075582, 53.220275765320402 ], [ -6.1269018554681, 53.220412046916898 ], [ -6.1269244052616, 53.220544090653 ], [ -6.12693317075009, 53.2206674244742 ], [ -6.12691476981737, 53.220764837208598 ], [ -6.12685599545298, 53.220905558071202 ], [ -6.12676027832837, 53.220984312212003 ], [ -6.12669843089826, 53.2211261441959 ], [ -6.12665143244746, 53.221221102827798 ], [ -6.12675182525898, 53.221208141506203 ], [ -6.12672163194393, 53.221302276770601 ], [ -6.12667920722679, 53.221437172098398 ], [ -6.12676998302372, 53.221484008171899 ], [ -6.12691624484331, 53.221586831982798 ], [ -6.12707043463822, 53.221699844622997 ], [ -6.1272462151911, 53.221798108370798 ], [ -6.12735624321496, 53.221867704284101 ], [ -6.12743058147638, 53.221891491221697 ], [ -6.12755460388161, 53.221928623008097 ], [ -6.12767023032208, 53.221965622727097 ], [ -6.12781032488498, 53.222018095751103 ], [ -6.12787419149649, 53.221993963919097 ], [ -6.12820696952542, 53.221853422644301 ], [ -6.12839823874665, 53.221788570639298 ], [ -6.12870690253045, 53.2217205393885 ], [ -6.12962354218861, 53.221538893777101 ], [ -6.13007128274805, 53.221450422677499 ], [ -6.13054757076962, 53.221387471156298 ], [ -6.13084200389362, 53.221336967844699 ], [ -6.13123786292595, 53.221257986444598 ], [ -6.13153273029485, 53.221197468803801 ], [ -6.1316925725725, 53.221169906226599 ], [ -6.13181839155618, 53.2211568548637 ], [ -6.1318855771064, 53.221147878957098 ], [ -6.13195254557655, 53.221143924161801 ], [ -6.1320693613101, 53.221145755597199 ], [ -6.13213589289077, 53.221151804303602 ], [ -6.13225358167103, 53.221133609461397 ], [ -6.13243032411426, 53.221101297057899 ], [ -6.13260771960346, 53.221053969510997 ], [ -6.13287624261314, 53.2210231038788 ], [ -6.13304465099401, 53.220990659968102 ], [ -6.13318735485905, 53.220972857074401 ], [ -6.13333116446676, 53.220930007002202 ], [ -6.13346771306908, 53.220861988564501 ], [ -6.13353664114725, 53.220812959469498 ], [ -6.13360469815432, 53.220783957369299 ], [ -6.13384515303098, 53.220822807540699 ], [ -6.13443936588696, 53.220982441434799 ], [ -6.13484516637766, 53.221058954049397 ], [ -6.13512732580035, 53.2210984553545 ], [ -6.13534057465739, 53.221186976539499 ], [ -6.13533033689722, 53.220924688527198 ], [ -6.13530526657417, 53.2207862900324 ], [ -6.13524452058226, 53.220468294703601 ], [ -6.13522830675204, 53.220412090461799 ], [ -6.13517841452614, 53.2202733034324 ], [ -6.13513325769999, 53.220168164200302 ], [ -6.13508174667496, 53.220066645814498 ], [ -6.13537428543014, 53.220056307127997 ], [ -6.13560260964511, 53.220093445777003 ], [ -6.13584383820904, 53.220119606038402 ], [ -6.13611643786369, 53.220138789857501 ], [ -6.13637712103932, 53.220146597824403 ], [ -6.13656406823926, 53.2201346045591 ], [ -6.13676312538916, 53.220130259903002 ], [ -6.13690694593387, 53.220110123156601 ], [ -6.13702099689542, 53.220059695253902 ], [ -6.13715448624186, 53.219990915615398 ], [ -6.13727911573547, 53.219839931778999 ], [ -6.13753328676997, 53.219567893878903 ], [ -6.13763258966843, 53.219427710700003 ], [ -6.13778734869329, 53.219226845740302 ], [ -6.13789447748498, 53.219049491543402 ], [ -6.13800031238046, 53.218901942538601 ], [ -6.13651612489028, 53.218316895602598 ], [ -6.137214293859, 53.217539428106001 ], [ -6.13797985988749, 53.216642104323498 ], [ -6.13833540986511, 53.2166433928139 ], [ -6.13848677632996, 53.216761019658499 ], [ -6.13868975566593, 53.2168367673342 ], [ -6.1388573722483, 53.216907683748097 ], [ -6.13900607324255, 53.216922812399901 ], [ -6.13922288306026, 53.217007312423704 ], [ -6.13933364634679, 53.217077349190603 ], [ -6.13941860477645, 53.217170401409298 ], [ -6.1394731830006, 53.217266268029299 ], [ -6.13951803957415, 53.217417484755103 ], [ -6.1397882699073, 53.218154528807801 ], [ -6.14045302979708, 53.218099306387302 ], [ -6.14158181221879, 53.2180078886215 ], [ -6.14184182265315, 53.218026458567401 ], [ -6.14225664757954, 53.217967120245902 ], [ -6.14239318479088, 53.217953451008697 ], [ -6.14269605173428, 53.217947650829302 ], [ -6.14299464806681, 53.217939140711998 ], [ -6.14319413798129, 53.217889607167599 ], [ -6.14360702597082, 53.217874978497797 ], [ -6.14387988743348, 53.217852908786099 ], [ -6.1438964530062, 53.217774193409902 ], [ -6.14462077445131, 53.217938158435899 ], [ -6.14487040973255, 53.217877406093599 ], [ -6.14514002528375, 53.217913453517902 ], [ -6.14528034696985, 53.217940404774502 ], [ -6.14603635416821, 53.218044168862797 ], [ -6.14680240489223, 53.219280384262703 ], [ -6.14659359691463, 53.219337291450898 ], [ -6.14635518792967, 53.219397269314598 ], [ -6.14617677150263, 53.2194334223814 ], [ -6.14595194195983, 53.219481254310999 ], [ -6.14581935182968, 53.219518874977901 ], [ -6.14575032315415, 53.219529393116098 ], [ -6.14625421108983, 53.220506763793097 ], [ -6.14608344221332, 53.220506837459503 ], [ -6.14547500985245, 53.220485181324399 ], [ -6.14462273353529, 53.220465807629502 ], [ -6.14427160768051, 53.221069893650601 ], [ -6.14372539726839, 53.221957429183803 ], [ -6.14502496458333, 53.222203215719802 ], [ -6.14494008567954, 53.222287229654299 ], [ -6.14484583548446, 53.222352810626603 ], [ -6.14476253747131, 53.222400274167697 ], [ -6.14468001249952, 53.222429470785897 ], [ -6.14462879772034, 53.2224396553734 ], [ -6.14453712942726, 53.222445533706498 ], [ -6.14440439076834, 53.222461753544003 ], [ -6.14426018921211, 53.2225082682303 ], [ -6.14410529942398, 53.222566809988699 ], [ -6.14401106380832, 53.222632390537797 ], [ -6.1438035880005, 53.2227327899109 ], [ -6.14363617953157, 53.222845990734001 ], [ -6.14358522162896, 53.222874420931902 ], [ -6.14349810418153, 53.222939491783599 ], [ -6.14311557474837, 53.223046273886503 ], [ -6.14345094893152, 53.2234686646011 ], [ -6.14351988125395, 53.223537047729799 ], [ -6.14374327454663, 53.223758640013301 ], [ -6.14387542270809, 53.2238046162214 ], [ -6.14407595703419, 53.2239614279774 ], [ -6.14413467625193, 53.224013574919802 ], [ -6.14519583122308, 53.224714397513601 ], [ -6.14540686035568, 53.224511514461597 ], [ -6.14541221187134, 53.224472560055901 ], [ -6.14555139518342, 53.224388097544498 ], [ -6.1458964274502, 53.224577412786097 ], [ -6.14642362411677, 53.224522783330499 ], [ -6.14666871831009, 53.224522578924898 ], [ -6.14674380779945, 53.224467968205403 ], [ -6.14748395526961, 53.224537758080501 ], [ -6.1497289695307, 53.225077635780799 ], [ -6.14909643258132, 53.2254240072443 ], [ -6.1487383526494, 53.226088045043603 ], [ -6.1500408944782, 53.226439890753603 ], [ -6.14962624468862, 53.226937252162003 ], [ -6.14880610442765, 53.227472947044099 ], [ -6.14861732702218, 53.227661327470599 ], [ -6.14831792097971, 53.227950019791102 ], [ -6.14809478766797, 53.2281952620502 ], [ -6.14793647445521, 53.22841600764 ], [ -6.1478013369526, 53.2285924686256 ], [ -6.14768934597666, 53.228724643732001 ], [ -6.14757874638924, 53.228824956597002 ], [ -6.14750441175123, 53.2288238009682 ], [ -6.14748910755768, 53.228931976122702 ], [ -6.14739186858386, 53.228968728992903 ], [ -6.14733629361703, 53.229025261463299 ], [ -6.14730057783531, 53.229113986454998 ], [ -6.14726761402532, 53.229138977699201 ], [ -6.14696969123192, 53.229147105038102 ], [ -6.14696446029911, 53.229268188669103 ], [ -6.1469818422731, 53.229357739283301 ], [ -6.14701012628612, 53.229441080336997 ], [ -6.1470258734271, 53.229568870175001 ], [ -6.14702009221177, 53.229702697131899 ], [ -6.14695443943421, 53.229746320822898 ], [ -6.14681525997418, 53.229769660128703 ], [ -6.14675099967421, 53.229781420698302 ], [ -6.14671748457255, 53.2298191551087 ], [ -6.14669320409334, 53.229888934883903 ], [ -6.14667956417326, 53.229958871162303 ], [ -6.14663377024412, 53.230034679228098 ], [ -6.1464035835746, 53.2301969074638 ], [ -6.14615104163989, 53.230384291246502 ], [ -6.14600207660481, 53.230388353585603 ], [ -6.14578910798894, 53.230397791711297 ], [ -6.14549035022717, 53.230425025310197 ], [ -6.14522428136012, 53.2304336351038 ], [ -6.14497395183328, 53.230570043300197 ], [ -6.1455563182873, 53.230866076224302 ], [ -6.1459208794407, 53.231037559710401 ], [ -6.14595646804164, 53.2311975430638 ], [ -6.14597248658902, 53.231318957258303 ], [ -6.146040214604, 53.231473060642799 ], [ -6.14599278149003, 53.231587115700997 ], [ -6.14588242912139, 53.231681059871597 ], [ -6.14585182545266, 53.231897400822099 ], [ -6.14567362573449, 53.232085949357099 ], [ -6.14537666451499, 53.232317276856101 ], [ -6.14506934948957, 53.232542070558097 ], [ -6.14496542951575, 53.232568912018202 ], [ -6.14492960856156, 53.232578158957303 ], [ -6.14472422471451, 53.232657860847603 ], [ -6.14449484353277, 53.232800966140204 ], [ -6.14424089902126, 53.233020217774701 ], [ -6.14421210886805, 53.233044194577197 ], [ -6.14407550605634, 53.233157938778902 ], [ -6.14386818635782, 53.233282245619698 ], [ -6.14373605128029, 53.233388599530798 ], [ -6.14336691889781, 53.233567790284603 ], [ -6.14280189833017, 53.233852329392697 ], [ -6.14246480364593, 53.234042036110502 ], [ -6.14240249101975, 53.234113397376902 ], [ -6.14222094418966, 53.234237941365599 ], [ -6.142110258856, 53.234157690966697 ], [ -6.14197705007939, 53.234007228469999 ], [ -6.14179262238656, 53.233813820361398 ], [ -6.14167278399106, 53.233678034679201 ], [ -6.14164191603757, 53.233528331794801 ], [ -6.14142878757604, 53.233233502999198 ], [ -6.14125088696014, 53.232986357755401 ], [ -6.14113271745794, 53.232735085320101 ], [ -6.14105910984949, 53.2327169974482 ], [ -6.14054031338132, 53.233020687660897 ], [ -6.13995342859912, 53.233464095161601 ], [ -6.13976066688297, 53.233605714590901 ], [ -6.13959282576596, 53.233710410880001 ], [ -6.13933072512662, 53.2338369547669 ], [ -6.13909930534046, 53.233973304514699 ], [ -6.13884990617777, 53.234165368284899 ], [ -6.13897282589237, 53.234199945725301 ], [ -6.13828901641931, 53.234725819392203 ], [ -6.13768177473448, 53.235180257458303 ], [ -6.1377095764638, 53.235393357491802 ], [ -6.13761066503037, 53.235808875202402 ], [ -6.13761148809261, 53.2360541294928 ], [ -6.13757073372646, 53.236219302257602 ], [ -6.13750889655194, 53.2366091674198 ], [ -6.13755916122133, 53.236758590290997 ], [ -6.13755292351715, 53.236869125174103 ], [ -6.13752198928818, 53.236971626711302 ], [ -6.13751840131748, 53.237072165616297 ], [ -6.13759545694473, 53.237229672511603 ], [ -6.13780803909366, 53.2373999916923 ], [ -6.13788605092089, 53.237503450583098 ], [ -6.13785607238394, 53.237551886412398 ], [ -6.13791416927361, 53.2376737974406 ], [ -6.13810743927707, 53.238000924921302 ], [ -6.13821175639197, 53.238195459100297 ], [ -6.13826332491043, 53.238358741469703 ], [ -6.13840324785266, 53.238554002491597 ], [ -6.13856502711546, 53.238733348255202 ], [ -6.13861476531793, 53.238783184920898 ], [ -6.13889998082598, 53.238775452130703 ], [ -6.13890296317562, 53.238796668261202 ], [ -6.13921871963215, 53.238705869592401 ], [ -6.13936325179968, 53.238881314506003 ], [ -6.13941327918546, 53.2389742791391 ], [ -6.14000292150044, 53.238981650072901 ], [ -6.1393170918983, 53.239433131493499 ], [ -6.13942696060756, 53.239396005190699 ], [ -6.1395975293775, 53.239419588683099 ], [ -6.13978165725747, 53.239500043947999 ], [ -6.13998057886469, 53.239578276882398 ], [ -6.14013213166379, 53.239641715008197 ], [ -6.14017415344099, 53.239670684375398 ], [ -6.14024109867141, 53.239665840811597 ], [ -6.1405158963262, 53.239645074600098 ], [ -6.14060981026054, 53.239638062067797 ], [ -6.14062728235695, 53.239666284196502 ], [ -6.14069745098672, 53.239699685196904 ], [ -6.14077648632737, 53.239748507511699 ], [ -6.14081698381526, 53.239773388299902 ], [ -6.14089879531708, 53.239827820375098 ], [ -6.14095834110203, 53.239858189088302 ], [ -6.14099552660839, 53.239871512062003 ], [ -6.14106725604444, 53.239890037970198 ], [ -6.14117441844945, 53.2399135828718 ], [ -6.14118970673386, 53.239920642654198 ], [ -6.14121900156261, 53.239922160221099 ], [ -6.14123653278637, 53.239925659611103 ], [ -6.14127950534638, 53.239933439711102 ], [ -6.14140311993188, 53.239954237976796 ], [ -6.14269994673611, 53.239660732388799 ], [ -6.1447173598517, 53.2394760933905 ], [ -6.14504782217349, 53.240602758030199 ], [ -6.14268665699971, 53.240667747430898 ], [ -6.14162145201853, 53.240712775817698 ], [ -6.14153844690901, 53.240743917930303 ], [ -6.14250196829519, 53.241500425537701 ], [ -6.14255249465474, 53.241605618083398 ], [ -6.14257558393683, 53.241601682386403 ], [ -6.14280698027334, 53.242100482425599 ], [ -6.14298065842746, 53.242471067880601 ], [ -6.14300857623941, 53.2424663983792 ], [ -6.1432747084934, 53.243017640462398 ], [ -6.14334037733845, 53.243137288220098 ], [ -6.14345785990573, 53.243329901244699 ], [ -6.14353601504114, 53.243443826319599 ], [ -6.14362358123021, 53.243565976723502 ], [ -6.14370067699232, 53.243667459589403 ], [ -6.14377297399865, 53.243759206906702 ], [ -6.14370872983392, 53.243780438206002 ], [ -6.14372474928795, 53.2437979598689 ], [ -6.14387601359046, 53.243963385524502 ], [ -6.14371949017608, 53.244012499798998 ], [ -6.14352532067029, 53.244077407035903 ], [ -6.1433537127142, 53.244139301082797 ], [ -6.14336830956017, 53.244145968687498 ], [ -6.14494523407159, 53.244866319051802 ], [ -6.14444824809428, 53.245408877221003 ], [ -6.14570613607884, 53.245747982656098 ], [ -6.14628631335396, 53.245915837029401 ], [ -6.14735039690786, 53.246200084010702 ], [ -6.14881795560074, 53.2468685264637 ], [ -6.14896314184009, 53.247154232686398 ], [ -6.14852637493885, 53.247541126099101 ], [ -6.14835747794286, 53.2477153652342 ], [ -6.14842750688551, 53.247796650463599 ], [ -6.14852236676359, 53.2479014108158 ], [ -6.14856503009944, 53.247943496648197 ], [ -6.14862958229029, 53.248001915558604 ], [ -6.14870387079427, 53.2480646410106 ], [ -6.14880773949166, 53.248142164176699 ], [ -6.14890113020238, 53.248205531359702 ], [ -6.14892949062527, 53.248223413841998 ], [ -6.14896958778416, 53.248247618582099 ], [ -6.14901252539887, 53.248273059285303 ], [ -6.14904643953818, 53.248292090421799 ], [ -6.14907492411315, 53.248307585678802 ], [ -6.14911658011973, 53.248329773310701 ], [ -6.1491554726671, 53.248349706865099 ], [ -6.14920586178728, 53.248374341903798 ], [ -6.14926533875436, 53.248400010591702 ], [ -6.14952377381063, 53.2485105962609 ], [ -6.14957995070179, 53.248532249664201 ], [ -6.15206952537502, 53.249486499772303 ], [ -6.1521578374654, 53.249520379149601 ], [ -6.15444850869251, 53.250400033321696 ], [ -6.15464000393842, 53.250473542041902 ], [ -6.15577411641512, 53.250908561253503 ], [ -6.15606711677373, 53.251045844201499 ], [ -6.15618262361387, 53.2510187218056 ], [ -6.15629608603377, 53.250992088999702 ], [ -6.15644435646981, 53.250951832393298 ], [ -6.15647170892517, 53.250906208853998 ], [ -6.15652819838606, 53.250781263121702 ], [ -6.15650909983804, 53.250577744708103 ], [ -6.15648590058895, 53.250389329865897 ], [ -6.15641978709008, 53.2502881262145 ], [ -6.15639463465906, 53.250097816937803 ], [ -6.15643158406078, 53.250022008731399 ], [ -6.15648154694928, 53.250021635538097 ], [ -6.15730725922693, 53.249996160826299 ], [ -6.15874605926875, 53.2502411942028 ], [ -6.1589036847741, 53.250208034302801 ], [ -6.15919335243692, 53.2503075589673 ], [ -6.1593783388437, 53.250361944558897 ], [ -6.1595280706647, 53.250421546114602 ], [ -6.16023155560119, 53.250403006353302 ], [ -6.16066834308713, 53.250353943528097 ], [ -6.16107702239514, 53.250270602361098 ], [ -6.16127530091622, 53.250206218029597 ], [ -6.1614060459468, 53.250147164353898 ], [ -6.16154306267376, 53.2501371732981 ], [ -6.16201893169024, 53.250148315747303 ], [ -6.162126724902, 53.250149960031898 ], [ -6.16246403617907, 53.250249052766598 ], [ -6.16293360894438, 53.250381985921599 ], [ -6.16343766939326, 53.250508781957897 ], [ -6.16386697053634, 53.250626371454103 ], [ -6.16412606997407, 53.250700394838098 ], [ -6.16438254699118, 53.250782833529797 ], [ -6.16443588633701, 53.2507755133418 ], [ -6.16445501870403, 53.250915870305199 ], [ -6.16450828020015, 53.251013951104703 ], [ -6.164573249357, 53.251135002204897 ], [ -6.16456831156919, 53.251265005072398 ], [ -6.16455701556588, 53.251551534300901 ], [ -6.16453345744035, 53.251682840453697 ], [ -6.16452306273185, 53.251856316949599 ], [ -6.16464330758366, 53.251867505784197 ], [ -6.16496135087678, 53.251940062904801 ], [ -6.16519170758853, 53.251990581676402 ], [ -6.16597665694562, 53.252098011556697 ], [ -6.16692327709631, 53.252229832866497 ], [ -6.16738739902821, 53.252294834499203 ], [ -6.16820581316282, 53.2523967707114 ], [ -6.1687635136109, 53.252473343107702 ], [ -6.16921178662771, 53.252534850183501 ], [ -6.16979995010878, 53.252610069975297 ], [ -6.17027691671858, 53.252675919969597 ], [ -6.17043653700365, 53.252221099644402 ], [ -6.17048211786791, 53.252105586903397 ], [ -6.17221237156389, 53.250642835790799 ], [ -6.17221924555258, 53.250639751235802 ], [ -6.17228047870482, 53.250615582158403 ], [ -6.17229062045481, 53.250625101763902 ], [ -6.17283791844892, 53.250546438272401 ], [ -6.17295534411886, 53.250529565063097 ], [ -6.17297842486636, 53.2505259451179 ], [ -6.17404189120647, 53.250654762421497 ], [ -6.17486657920894, 53.250912645106702 ], [ -6.17502688557141, 53.250835274160501 ], [ -6.17533507756268, 53.250695240587802 ], [ -6.17544313653018, 53.250637540199399 ], [ -6.17550678474001, 53.250612606482697 ], [ -6.17560902676996, 53.250560263848598 ], [ -6.17612793925349, 53.250311231181797 ], [ -6.17660464985153, 53.250080663507802 ], [ -6.17634226923825, 53.249757612547597 ], [ -6.17675711202565, 53.249685140419501 ], [ -6.17715535408909, 53.249613914016997 ], [ -6.17713968099913, 53.249560735549402 ], [ -6.17706822158311, 53.249469247533703 ], [ -6.17704544894609, 53.249402974975702 ], [ -6.1770468025381, 53.249356688532998 ], [ -6.17706649187752, 53.249221716621001 ], [ -6.17710711049823, 53.249164645173401 ], [ -6.17718041047644, 53.2491011273436 ], [ -6.17713568309202, 53.2490184334427 ], [ -6.17702972006452, 53.248862460967302 ], [ -6.1769171520611, 53.2486726171744 ], [ -6.17679615109999, 53.248492286078701 ], [ -6.17665253183345, 53.248336475130401 ], [ -6.17593618224179, 53.246997810645297 ], [ -6.17714907761198, 53.245799402234802 ], [ -6.17779867982762, 53.245832307664301 ], [ -6.17783759774343, 53.245817590111798 ], [ -6.17801220853946, 53.245613527209898 ], [ -6.17809492324933, 53.245469319483298 ], [ -6.17812401116578, 53.245385534164697 ], [ -6.17856618235941, 53.245193226494301 ], [ -6.17876694829687, 53.244974249657297 ], [ -6.1791112900263, 53.244680911404103 ], [ -6.17938923482828, 53.244447800122302 ], [ -6.17932837971715, 53.244377962050798 ], [ -6.17950297744593, 53.244173896806998 ], [ -6.1799264393762, 53.243820504602802 ], [ -6.18026977479523, 53.243550116568201 ], [ -6.1807233745633, 53.243388592604298 ], [ -6.18101768545501, 53.2433720665978 ], [ -6.1813859775043, 53.243348671875601 ], [ -6.18175715015409, 53.243338610161302 ], [ -6.18215427286484, 53.243283211222703 ], [ -6.18236046561217, 53.243216172329397 ], [ -6.18204370521804, 53.242976417319298 ], [ -6.18180826773056, 53.242759549728802 ], [ -6.18162139445834, 53.2425014200156 ], [ -6.18153249274925, 53.242385764769601 ], [ -6.18154409219126, 53.2423428883871 ], [ -6.18147632991354, 53.242119107413998 ], [ -6.18133080501044, 53.2417914871777 ], [ -6.18133581416074, 53.241559309603502 ], [ -6.18144082921562, 53.241419330969698 ], [ -6.18130673624657, 53.241310345582797 ], [ -6.18131086743847, 53.241162789067197 ], [ -6.18142504190872, 53.240980983533802 ], [ -6.18139312363838, 53.240903518280199 ], [ -6.18135570677069, 53.240857179416899 ], [ -6.18125540145903, 53.240842348584899 ], [ -6.18119123377417, 53.240819576988201 ], [ -6.1811695751808, 53.240785987675302 ], [ -6.18112521809612, 53.240731284301397 ], [ -6.1810230530136, 53.240723218295798 ], [ -6.18090286798336, 53.240680881332899 ], [ -6.18088450818734, 53.240696623749898 ], [ -6.180723498742, 53.240694273789103 ], [ -6.18065443167802, 53.240643325867801 ], [ -6.18045813681807, 53.240634451506999 ], [ -6.18026585656875, 53.240477002837501 ], [ -6.18007535661433, 53.240321027260698 ], [ -6.17992873636264, 53.240145932729199 ], [ -6.17979085405586, 53.2399997108853 ], [ -6.17955762377265, 53.239803425086201 ], [ -6.17929293450453, 53.2395430870193 ], [ -6.179068350257, 53.239327089576598 ], [ -6.17889514306371, 53.239090777500699 ], [ -6.17883743065778, 53.238979263055803 ], [ -6.17896897360581, 53.238937392859903 ], [ -6.17895208627395, 53.238845832697997 ], [ -6.17893994412281, 53.238756456412403 ], [ -6.17904912206191, 53.238756579612897 ], [ -6.17905436647858, 53.238643673184001 ], [ -6.1790444980548, 53.238551519187801 ], [ -6.17904022120619, 53.2384705845299 ], [ -6.17902614404622, 53.238360438904699 ], [ -6.17893257491031, 53.238100720041899 ], [ -6.17884244168392, 53.237888475368003 ], [ -6.17877978704711, 53.237758643426197 ], [ -6.17869407958944, 53.237692999263899 ], [ -6.17856710422278, 53.2374958634134 ], [ -6.17839064782623, 53.237236809648799 ], [ -6.17815650847054, 53.237010959488401 ], [ -6.17793008877481, 53.236681414696498 ], [ -6.17795399481585, 53.236534734828901 ], [ -6.17792766218571, 53.2363454279376 ], [ -6.17800294530133, 53.236249867621197 ], [ -6.17809246863011, 53.2361751748739 ], [ -6.17793322727861, 53.236159817602399 ], [ -6.177827659629, 53.235875668994403 ], [ -6.17774932902049, 53.235507878333401 ], [ -6.17774326238283, 53.235319995818102 ], [ -6.17741366779409, 53.234963395445803 ], [ -6.17713968100296, 53.2347257718639 ], [ -6.1769728813699, 53.234601875279402 ], [ -6.1769282540705, 53.234547139113197 ], [ -6.17689225230633, 53.234507892442402 ], [ -6.17682555804848, 53.234395458364801 ], [ -6.17680142244194, 53.234341699899097 ], [ -6.17679302640067, 53.234238685907499 ], [ -6.17667578840538, 53.234155025033203 ], [ -6.17661581606817, 53.234099748343198 ], [ -6.17650984606945, 53.234026549616097 ], [ -6.17631566325563, 53.233996913990502 ], [ -6.17625170615514, 53.233961418887702 ], [ -6.17621111803403, 53.233924752483297 ], [ -6.17621839876787, 53.2339056871932 ], [ -6.17636294730545, 53.233913426330098 ], [ -6.17648076790433, 53.233945325141597 ], [ -6.17650383905061, 53.233925818348801 ], [ -6.1765124768482, 53.233843140538298 ], [ -6.17653255123616, 53.233781036869601 ], [ -6.1766112441005, 53.233762659809301 ], [ -6.17671347992435, 53.233776796168897 ], [ -6.17682321253449, 53.2338647006559 ], [ -6.17698813503709, 53.233961483173502 ], [ -6.17790507189302, 53.234022563098002 ], [ -6.17817069895168, 53.234034218651402 ], [ -6.17836306557457, 53.234048447054803 ], [ -6.17843689363099, 53.234006754963502 ], [ -6.1784436650561, 53.233948186809101 ], [ -6.17839427310445, 53.233896262734099 ], [ -6.17835436975359, 53.233846604046903 ], [ -6.17836586901793, 53.2337906150279 ], [ -6.17842332804494, 53.233731580410101 ], [ -6.17847119910184, 53.233705784753603 ], [ -6.17859461178937, 53.233689231482998 ], [ -6.17870655922383, 53.233688390716701 ], [ -6.17884573197045, 53.2336587330092 ], [ -6.17888164215207, 53.233592530488501 ], [ -6.17890902595909, 53.233556095710398 ], [ -6.17902487777081, 53.233540872681701 ], [ -6.17917075267101, 53.233516673191502 ], [ -6.17934510242521, 53.233524810141802 ], [ -6.17953509057121, 53.233548831817799 ], [ -6.17965169576352, 53.233568451463299 ], [ -6.17979592259953, 53.233539624881701 ], [ -6.17997934002454, 53.233515530452699 ], [ -6.18016982240373, 53.233464378054499 ], [ -6.18029754452387, 53.233422834629501 ], [ -6.18050030624481, 53.2334832469273 ], [ -6.18058948706607, 53.233480286064101 ], [ -6.18074766410626, 53.233412113469903 ], [ -6.18086190085475, 53.233406371912103 ], [ -6.18113688246273, 53.233352041566299 ], [ -6.1813075270787, 53.233347600978298 ], [ -6.18161519290389, 53.233353231872201 ], [ -6.18187218615541, 53.233364963167503 ], [ -6.1820601750314, 53.233376081648501 ], [ -6.18216056315627, 53.233379715478002 ], [ -6.18225419413997, 53.233371421040097 ], [ -6.18234082259452, 53.233348820777501 ], [ -6.18242112118268, 53.233328919290699 ], [ -6.18252281391937, 53.233321205113903 ], [ -6.1825438715605, 53.233186918142799 ], [ -6.18261579788644, 53.233133405333398 ], [ -6.18267132246007, 53.233091620257099 ], [ -6.1826754915735, 53.2330582362897 ], [ -6.18266742543698, 53.233026283635098 ], [ -6.18267208063785, 53.232983228396201 ], [ -6.18273953211264, 53.232894626754103 ], [ -6.18284436138993, 53.2327764453483 ], [ -6.18300263736474, 53.232662673265402 ], [ -6.18307277078795, 53.232608341870403 ], [ -6.18323157292271, 53.232489508965401 ], [ -6.18333479561556, 53.2324010748438 ], [ -6.1833540257, 53.232362196660297 ], [ -6.18338320292856, 53.232288251856701 ], [ -6.18345015052101, 53.232063676753199 ], [ -6.18348766557947, 53.231881958947902 ], [ -6.18371060618699, 53.231805315733297 ], [ -6.18406397854863, 53.231612973225097 ], [ -6.18485352213505, 53.231125961631101 ], [ -6.18493798563943, 53.231169619406302 ], [ -6.18502243284892, 53.231213276871898 ], [ -6.18512297906016, 53.231247762348502 ], [ -6.18523861405876, 53.231296603663601 ], [ -6.18533874761234, 53.231340499791898 ], [ -6.1854545821453, 53.231384634922001 ], [ -6.18555212920732, 53.231489698721603 ], [ -6.18769354829024, 53.230874819508401 ], [ -6.18833499394047, 53.230605941936702 ], [ -6.18883067092372, 53.230401884332899 ], [ -6.18937336743812, 53.230198942730503 ], [ -6.18976451524028, 53.230046384557802 ], [ -6.1900958303579, 53.229921474198399 ], [ -6.19046695166894, 53.2297578702617 ], [ -6.19051510279322, 53.229803399498003 ], [ -6.19052798241791, 53.229835320430197 ], [ -6.19064602185308, 53.229927189770102 ], [ -6.19131110905814, 53.230619990149599 ], [ -6.1918701897023, 53.231042703715197 ], [ -6.19242509113002, 53.231402206095403 ], [ -6.19270717452217, 53.2316673980378 ], [ -6.1929720701298, 53.231812026573998 ], [ -6.19356694510782, 53.231617568278701 ], [ -6.19408923417088, 53.231487239173703 ], [ -6.1945179762892, 53.230555191761802 ], [ -6.19461353654841, 53.230494824831702 ], [ -6.19467333949265, 53.230512193962198 ], [ -6.19492760647282, 53.230500842076701 ], [ -6.19532183390734, 53.230465467648102 ], [ -6.19592995351371, 53.230271626140599 ], [ -6.19658546096202, 53.229865168069999 ], [ -6.19666391508382, 53.229760567763599 ], [ -6.19671923548126, 53.229792669168397 ], [ -6.1968661957044, 53.229788036728102 ], [ -6.19699529669163, 53.229803173434703 ], [ -6.19720919498593, 53.2299532939047 ], [ -6.19738511510794, 53.230069957348299 ], [ -6.19747655553286, 53.230122078077301 ], [ -6.19764260852542, 53.230189499245803 ], [ -6.19777063002955, 53.230262464261898 ], [ -6.19790292731043, 53.230371979348597 ], [ -6.19800283378916, 53.2304607312198 ], [ -6.19813311921654, 53.230568957245502 ], [ -6.19827587910376, 53.230678674149502 ], [ -6.19843972285752, 53.2307863025529 ], [ -6.198558874818, 53.230830160425597 ], [ -6.19892910720669, 53.230881508493802 ], [ -6.1990851638649, 53.230894675598599 ], [ -6.19937180712004, 53.230763723570099 ], [ -6.19983228855365, 53.230540042364503 ], [ -6.19994975663583, 53.230479844864703 ], [ -6.2003090791065, 53.230313293510697 ], [ -6.20039378827671, 53.230291536579799 ], [ -6.20038193514095, 53.230441883770098 ], [ -6.20097231432182, 53.230586864107302 ], [ -6.20123850241652, 53.230617950067298 ], [ -6.2011707163736, 53.230749084385103 ], [ -6.2010519920811, 53.230961589756099 ], [ -6.2009315757856, 53.231177085956297 ], [ -6.20086998920653, 53.231293295958601 ], [ -6.20055806552419, 53.231235277073097 ], [ -6.20034084434177, 53.231189016168301 ], [ -6.20008823849416, 53.231134577597501 ], [ -6.20005545114142, 53.231122858591803 ], [ -6.19998667648683, 53.231116637948297 ], [ -6.19984765281653, 53.231407847656897 ], [ -6.19973000896217, 53.231637312913598 ], [ -6.19963420620324, 53.231840361391697 ], [ -6.19951109537963, 53.2320912754397 ], [ -6.19943371849227, 53.2322557544883 ], [ -6.19940565024715, 53.2323197139591 ], [ -6.19950501823959, 53.232314928933 ], [ -6.19990403947033, 53.232284957967202 ], [ -6.20016975352248, 53.232262481976498 ], [ -6.20027068358083, 53.232677677341798 ], [ -6.20033092955647, 53.232967008171499 ], [ -6.20033529461729, 53.233005652102698 ], [ -6.20039370222393, 53.233393036911302 ], [ -6.20042376622296, 53.233686777241999 ], [ -6.20043506754265, 53.233882480499901 ], [ -6.20017428070491, 53.2338845803651 ], [ -6.19992840629474, 53.233939645872603 ], [ -6.19996447267211, 53.234045997050501 ], [ -6.1999696489914, 53.234180656028002 ], [ -6.19997403191489, 53.234291416474697 ], [ -6.19998679579543, 53.234402340366003 ], [ -6.20008088684964, 53.234521151232599 ], [ -6.20024691304006, 53.234627559643698 ], [ -6.20033956724701, 53.234696052483002 ], [ -6.20053080924522, 53.2348394256733 ], [ -6.20087557819754, 53.234973452327502 ], [ -6.20133110301626, 53.235032489898501 ], [ -6.20189934093214, 53.235110651290697 ], [ -6.20188790600761, 53.235270548631497 ], [ -6.20189830443534, 53.2352848451008 ], [ -6.20162657768687, 53.235313989959501 ], [ -6.20144589339274, 53.235326579245204 ], [ -6.20134217229342, 53.235335480710297 ], [ -6.20129883818507, 53.235338504672399 ], [ -6.20115392491501, 53.235347471827801 ], [ -6.20103653287253, 53.235354741111102 ], [ -6.20097698361512, 53.235356286969598 ], [ -6.20086838080923, 53.2353538806884 ], [ -6.20073877413373, 53.2353488363906 ], [ -6.20066540002502, 53.2353463506129 ], [ -6.20059022070403, 53.2353364715796 ], [ -6.20055699005307, 53.235330205571302 ], [ -6.20043867273209, 53.235326139468299 ], [ -6.20034091598765, 53.235317530044199 ], [ -6.20029516060577, 53.2352749245726 ], [ -6.19987672970906, 53.235222628272503 ], [ -6.19937906618279, 53.235162474748201 ], [ -6.19882148366154, 53.235125020500902 ], [ -6.19832372080224, 53.235105101901503 ], [ -6.19802290348068, 53.235086570329102 ], [ -6.1977734397757, 53.235048936009697 ], [ -6.19762227178994, 53.235053488067201 ], [ -6.19762526246149, 53.235151637581502 ], [ -6.19786752978589, 53.2354720915542 ], [ -6.19822715820118, 53.235945785804802 ], [ -6.19847570259932, 53.2363430776821 ], [ -6.19861783902982, 53.236540815522297 ], [ -6.19899311716153, 53.237034937054197 ], [ -6.19925359070519, 53.2374060500049 ], [ -6.19941621572478, 53.237650727054501 ], [ -6.1995069687423, 53.2377921160071 ], [ -6.19963714751246, 53.2379405793099 ], [ -6.19976514614225, 53.238052515942599 ], [ -6.19996188331508, 53.2380199478268 ], [ -6.2003153017993, 53.237844587452699 ], [ -6.20066997092279, 53.237761059978297 ], [ -6.20081861241894, 53.237726271302002 ], [ -6.20104196794614, 53.237972142450403 ], [ -6.2015944016088, 53.238409394338703 ], [ -6.20193107222504, 53.238805906044199 ], [ -6.20248650210075, 53.239418020244798 ], [ -6.20267399811441, 53.2396682171496 ], [ -6.20295855005149, 53.240059921914302 ], [ -6.20321483909246, 53.240469927928302 ], [ -6.20356541258159, 53.240728379398902 ], [ -6.20449249052202, 53.241406924678998 ], [ -6.20500725302874, 53.2417679627859 ], [ -6.20517122358245, 53.241874315909598 ], [ -6.2053313566364, 53.241974320077396 ], [ -6.20582761026952, 53.242211611163803 ], [ -6.20609883282237, 53.242414932989597 ], [ -6.206333174221, 53.242600012764903 ], [ -6.20638650392924, 53.242712839650103 ], [ -6.20636669990384, 53.242820638858603 ], [ -6.20625623472116, 53.242939465766398 ], [ -6.20617246560485, 53.243026055971903 ], [ -6.20635624325152, 53.243040523004197 ], [ -6.20675311397048, 53.242849891771399 ], [ -6.20714111737737, 53.242669172992997 ], [ -6.20734871243778, 53.242535658803803 ], [ -6.20768446914813, 53.242395543636903 ], [ -6.20797027081235, 53.2423362994017 ], [ -6.20811759069215, 53.242147688698701 ], [ -6.20829805557765, 53.242011194299899 ], [ -6.20850082891115, 53.241802155813801 ], [ -6.20879366861439, 53.241550634632901 ], [ -6.20911475408322, 53.241366253075697 ], [ -6.20940832503796, 53.241275705286299 ], [ -6.20966580301428, 53.241194599707399 ], [ -6.2099600908308, 53.241088973533301 ], [ -6.21023270116744, 53.240998064855503 ], [ -6.2104269380542, 53.240924678921502 ], [ -6.21065777560113, 53.240786528535502 ], [ -6.21087307249533, 53.240710987193303 ], [ -6.21102972600393, 53.240678454269798 ], [ -6.21135979106235, 53.240569659441299 ], [ -6.2115937442219, 53.240498206962997 ], [ -6.21196762859658, 53.240481954795101 ], [ -6.212267541952, 53.2404782774694 ], [ -6.21238446573978, 53.240487813468697 ], [ -6.21255383373418, 53.240585017100102 ], [ -6.21267510100007, 53.240680132879397 ], [ -6.21277109080976, 53.240733325420003 ], [ -6.21303648062735, 53.240750426239103 ], [ -6.21349617668229, 53.2407368940612 ], [ -6.21368802245067, 53.240757769799302 ], [ -6.21391675758947, 53.240884905265197 ], [ -6.21407627505377, 53.241013366957503 ], [ -6.21418723916062, 53.241104542677498 ], [ -6.21429462001815, 53.241227091367499 ], [ -6.21451912566698, 53.241399417564097 ], [ -6.21483346552972, 53.241578302226202 ], [ -6.21503150428785, 53.241689815074302 ], [ -6.21523302878623, 53.241860493268 ], [ -6.21529525267849, 53.242007417882398 ], [ -6.21535649559626, 53.242130433221099 ], [ -6.21548466658902, 53.2425224248314 ], [ -6.21558797806529, 53.242775680587599 ], [ -6.21556546112577, 53.242941276780499 ], [ -6.21544722770265, 53.243224707546297 ], [ -6.21539648211593, 53.243455211693302 ], [ -6.21547709923707, 53.243700534337599 ], [ -6.21560947661507, 53.243915295927501 ], [ -6.21574711039661, 53.244278034289003 ], [ -6.21589082111356, 53.244353362282801 ], [ -6.21619478747624, 53.244454903345698 ], [ -6.2164890951498, 53.2444458291045 ], [ -6.21675087469249, 53.244403350430801 ], [ -6.21693109250233, 53.244386170075998 ], [ -6.21771107764592, 53.244293346065803 ], [ -6.21777070410041, 53.244289322033602 ], [ -6.21788100391622, 53.244513729664902 ], [ -6.21791871699056, 53.2445989598937 ], [ -6.21801051637951, 53.244695300326001 ], [ -6.21943580588059, 53.2445209021094 ], [ -6.21978952775804, 53.244477211622502 ], [ -6.22001334027039, 53.244448474355899 ], [ -6.21998414808178, 53.244415507869597 ], [ -6.21995244867103, 53.244367136615402 ], [ -6.21994372189344, 53.244328364631798 ], [ -6.2199586757247, 53.2442893180543 ], [ -6.22001397534969, 53.244220293131697 ], [ -6.2201899563402, 53.244069820756103 ], [ -6.22034619708427, 53.243889640908698 ], [ -6.22037026955584, 53.243807775312298 ], [ -6.22037766346518, 53.2436760371018 ], [ -6.22038180712324, 53.243602652798501 ], [ -6.22039069621434, 53.243445570100903 ], [ -6.22087332666715, 53.243439567562 ], [ -6.220990984818, 53.243453671169299 ], [ -6.22105861552943, 53.243522797691199 ], [ -6.22125025344365, 53.243547044828198 ], [ -6.22135396178134, 53.243553455307101 ], [ -6.22134172584248, 53.243721373842398 ], [ -6.22135772611899, 53.243957135075597 ], [ -6.22141325841718, 53.244162502665802 ], [ -6.2215142243749, 53.2443949513736 ], [ -6.22161562241201, 53.244595616583702 ], [ -6.22165746414035, 53.244683834676898 ], [ -6.22178330397182, 53.244799129468703 ], [ -6.22187806640468, 53.2448416117901 ], [ -6.22216064200935, 53.2449998545586 ], [ -6.2222014157782, 53.245039014521602 ], [ -6.22223055660896, 53.245103270669297 ], [ -6.22223419020453, 53.245148238533297 ], [ -6.22221486167951, 53.245202488558199 ], [ -6.22213753290586, 53.245293801338597 ], [ -6.22201848820738, 53.245443727375601 ], [ -6.22240080076354, 53.2454567278103 ], [ -6.22254320869794, 53.2455392395484 ], [ -6.22212892299194, 53.245740549855803 ], [ -6.22165222162057, 53.245808886537297 ], [ -6.22113187054246, 53.245712369656403 ], [ -6.22032329686736, 53.245693673120201 ], [ -6.22026544346024, 53.246322214505902 ], [ -6.21914377634086, 53.246714857174503 ], [ -6.21828215708156, 53.246978235221803 ], [ -6.21804653157725, 53.247145561397602 ], [ -6.2169870086701, 53.247352106834903 ], [ -6.21707474504301, 53.247553455980501 ], [ -6.21774580843336, 53.248117380227299 ], [ -6.21722892287504, 53.248364141097603 ], [ -6.21724419452359, 53.248378745430003 ], [ -6.21726547335887, 53.2483990950576 ], [ -6.21726005762301, 53.2483979390488 ], [ -6.21753208389901, 53.2487270742674 ], [ -6.21778107603316, 53.248994964117998 ], [ -6.21799629355834, 53.249419751647999 ], [ -6.21891819983166, 53.249154905243998 ], [ -6.21925492934001, 53.249442946989099 ], [ -6.22048634199928, 53.250749098255703 ], [ -6.22006160482609, 53.250862847826099 ], [ -6.22021596043386, 53.251121301429002 ], [ -6.21900201873513, 53.251477675495401 ], [ -6.21916229356183, 53.2522558676065 ], [ -6.21944626577144, 53.252785408822902 ], [ -6.21925010657719, 53.253091654201 ], [ -6.21919202002899, 53.253527487326998 ], [ -6.22338294858676, 53.251970607459299 ], [ -6.22317784460836, 53.251656256626802 ], [ -6.22266317264902, 53.251395335965697 ], [ -6.22328986499949, 53.2509982063129 ], [ -6.22332363087462, 53.251030947068998 ], [ -6.22444982928137, 53.252066211776302 ], [ -6.22486165662104, 53.252108247922003 ], [ -6.22528346028727, 53.252050467000203 ], [ -6.22546552439199, 53.251440722747297 ], [ -6.22598476899606, 53.251455813747697 ], [ -6.22671154633746, 53.251547831825 ], [ -6.22850283739265, 53.2507715344464 ], [ -6.228231339456, 53.250889362088401 ], [ -6.22823286904103, 53.250891115970603 ], [ -6.22824272588867, 53.250887195293899 ], [ -6.22834190699704, 53.2510432888403 ], [ -6.22840446975922, 53.251093168098201 ], [ -6.22854962675145, 53.251186402120901 ], [ -6.22862167419888, 53.251160855889502 ], [ -6.22883490564942, 53.251133588591998 ], [ -6.22891758773185, 53.251115398036198 ], [ -6.22907507254187, 53.251114080738603 ], [ -6.22923189888436, 53.2511363252341 ], [ -6.22946867034865, 53.251188144827999 ], [ -6.22957323835367, 53.251260367629499 ], [ -6.22971018344549, 53.251424066845502 ], [ -6.22971390211886, 53.251472980605499 ], [ -6.22977628488337, 53.251541754323497 ], [ -6.22991347896018, 53.251682802011402 ], [ -6.23003844804256, 53.251755956541103 ], [ -6.23053884886536, 53.251591738941201 ], [ -6.23105316826149, 53.251479758114598 ], [ -6.23171786977522, 53.251280708534303 ], [ -6.23227728975058, 53.251081334250998 ], [ -6.23286233038397, 53.250866206861097 ], [ -6.23352075281051, 53.250640921692899 ], [ -6.23399023285573, 53.250442129023199 ], [ -6.23442367787411, 53.2502537916017 ], [ -6.23491666241941, 53.2499791839995 ], [ -6.23538813834211, 53.249694091997902 ], [ -6.23582973618011, 53.2494438196385 ], [ -6.23617218476448, 53.249215145036302 ], [ -6.23652276278615, 53.248954472824799 ], [ -6.23696792839042, 53.248631332575002 ], [ -6.23734018032291, 53.248480216766701 ], [ -6.23769620391505, 53.248300678900897 ], [ -6.23800460238614, 53.248150117019499 ], [ -6.23819325457477, 53.248054748431798 ], [ -6.23862108260604, 53.248478300548697 ], [ -6.23884035692963, 53.248731236130098 ], [ -6.23915642668531, 53.2490789248412 ], [ -6.23947248087357, 53.2494883933458 ], [ -6.23981198534417, 53.249839202838999 ], [ -6.24012877729319, 53.250229521867197 ], [ -6.24020583292854, 53.250406189803698 ], [ -6.24015513674095, 53.250735590439803 ], [ -6.24019918461682, 53.250900959896398 ], [ -6.24016496764987, 53.251574160755702 ], [ -6.24019725676316, 53.251630020534002 ], [ -6.24015915257359, 53.2519508362804 ], [ -6.24018419633681, 53.252074408282802 ], [ -6.24015301820927, 53.252442549745602 ], [ -6.24022817480447, 53.252602447989503 ], [ -6.24032146285294, 53.252849224833199 ], [ -6.24037348324183, 53.252992767893403 ], [ -6.24053439969727, 53.253433613635899 ], [ -6.24056644739632, 53.253665862696501 ], [ -6.2406205144548, 53.2538552211699 ], [ -6.24059263011456, 53.254048653257598 ], [ -6.24055634813077, 53.254190371414403 ], [ -6.24040520379069, 53.254813310197598 ], [ -6.24032794122767, 53.255465511422003 ], [ -6.24027502388735, 53.255972933946602 ], [ -6.24033243209928, 53.256129496880298 ], [ -6.24044940346487, 53.256404030983298 ], [ -6.24056237222676, 53.2565570555401 ], [ -6.24076835409108, 53.256928454666102 ], [ -6.24079154352533, 53.2570462213924 ], [ -6.24082594868427, 53.2572119882782 ], [ -6.24101695439782, 53.257516109841497 ], [ -6.24127599410608, 53.257874713265998 ], [ -6.24133997804742, 53.258038436525403 ], [ -6.24143654174611, 53.2581371564292 ], [ -6.24152899756633, 53.258248001034403 ], [ -6.24160252649497, 53.258404090998702 ], [ -6.24170531447506, 53.258561178773498 ], [ -6.241887294193, 53.258700590622297 ], [ -6.24205362786909, 53.258814124336403 ], [ -6.24255480094387, 53.2589732408819 ], [ -6.24270865739585, 53.258922948568298 ], [ -6.24288862906938, 53.258884876763197 ], [ -6.24307320423097, 53.258858418857201 ], [ -6.24311306097246, 53.258878309499103 ], [ -6.24318505174103, 53.2591031745755 ], [ -6.24332806572087, 53.259248624323902 ], [ -6.24358223092741, 53.259631826967599 ], [ -6.24359268755278, 53.259701400044499 ], [ -6.24369521158009, 53.259846889960997 ], [ -6.24362365326712, 53.2599784375344 ], [ -6.24355958098321, 53.260073979663296 ], [ -6.24351777459327, 53.260127963689598 ], [ -6.24317283359913, 53.2602316498919 ], [ -6.24300845036327, 53.260218020476998 ], [ -6.24263028366961, 53.260218986541503 ], [ -6.24211084593713, 53.260228929971099 ], [ -6.24126326280943, 53.260345423281102 ], [ -6.24109056227471, 53.260415753661299 ], [ -6.24111760199471, 53.2606460228644 ], [ -6.24086668165203, 53.260722648191901 ], [ -6.24076378162818, 53.260724831846602 ], [ -6.24060621200333, 53.260632103237398 ], [ -6.24044908606823, 53.2606581266527 ], [ -6.24027870581655, 53.260705835212697 ], [ -6.24007339393575, 53.261014727254697 ], [ -6.24006179037326, 53.261184496948403 ], [ -6.23999579557842, 53.2612798910761 ], [ -6.24002838349723, 53.2613950381416 ], [ -6.24031075109213, 53.261376867435203 ], [ -6.24056302219676, 53.261398870673503 ], [ -6.24081349035015, 53.261513737712299 ], [ -6.24103047801775, 53.261672053763299 ], [ -6.24115722673779, 53.261742085564201 ], [ -6.24142234567958, 53.261902467377602 ], [ -6.24172903274428, 53.262071091860697 ], [ -6.24207033993211, 53.262261676563497 ], [ -6.24243213243429, 53.262462662406897 ], [ -6.24268583793437, 53.262553687765802 ], [ -6.24305800112275, 53.262757359237398 ], [ -6.24332444297649, 53.262844832718201 ], [ -6.24352412281217, 53.262924887184603 ], [ -6.24377253651555, 53.262994453659999 ], [ -6.24397694914574, 53.263063272560302 ], [ -6.24415976374175, 53.263100294323998 ], [ -6.24432035521855, 53.263119338270897 ], [ -6.24455408106774, 53.263099372328398 ], [ -6.24467092351128, 53.263061688445902 ], [ -6.24472257659418, 53.2630308166977 ], [ -6.24485026076341, 53.262965956320301 ], [ -6.24487541039813, 53.262874459513398 ], [ -6.24493735654033, 53.2628575874216 ], [ -6.24504290318985, 53.262810624581398 ], [ -6.24512647012777, 53.262764762711903 ], [ -6.24514422176992, 53.262754191404497 ], [ -6.24523850983758, 53.262682738648799 ], [ -6.24526760064646, 53.262661579802099 ], [ -6.24532837451193, 53.262633017213297 ], [ -6.24539124677303, 53.262610317956202 ], [ -6.24543724164572, 53.262574861301999 ], [ -6.24548358202088, 53.2625323916903 ], [ -6.24552798903848, 53.262495841130097 ], [ -6.24558132872909, 53.2624658486219 ], [ -6.2457244250544, 53.262416140041204 ], [ -6.24574483082323, 53.2623844484675 ], [ -6.24577349487582, 53.262326791824798 ], [ -6.24583323461152, 53.2622733369858 ], [ -6.24594078022717, 53.262188938855601 ], [ -6.24597927661359, 53.262158227108799 ], [ -6.24601465663199, 53.262101981515798 ], [ -6.24601412860419, 53.262068733402003 ], [ -6.24601679988301, 53.262054376228598 ], [ -6.24603584381529, 53.262034229748103 ], [ -6.24605552548605, 53.262011210116498 ], [ -6.24603246609622, 53.261979957533498 ], [ -6.2460237571948, 53.261944819258296 ], [ -6.24602407844228, 53.261934039883201 ], [ -6.24602893836849, 53.261921512563397 ], [ -6.24610525608153, 53.261925466787901 ], [ -6.24622157189769, 53.261919953389999 ], [ -6.24640277188411, 53.261898949507803 ], [ -6.24669042658784, 53.261910576384501 ], [ -6.2469446050535, 53.2619230782648 ], [ -6.24716302371609, 53.261943211506697 ], [ -6.24745865837761, 53.261961434394202 ], [ -6.24766136949707, 53.261971766896004 ], [ -6.24798593734853, 53.261988748277403 ], [ -6.24827157019482, 53.262004460927102 ], [ -6.24836946519936, 53.262014032948699 ], [ -6.24857882367221, 53.262029716993297 ], [ -6.24873457726982, 53.262033606143603 ], [ -6.24877711245697, 53.262039443322102 ], [ -6.24884426457909, 53.2620425016299 ], [ -6.24892372571942, 53.262440418164701 ], [ -6.24897660946326, 53.262722185511201 ], [ -6.24903909466646, 53.262714821589199 ], [ -6.24997964607507, 53.262634854573697 ], [ -6.25002155987873, 53.262814441997797 ], [ -6.25009556941349, 53.263197517998996 ], [ -6.25117173491685, 53.263650373239102 ], [ -6.25251621669115, 53.2638553017986 ], [ -6.25247299523761, 53.263932039843603 ], [ -6.25243659587877, 53.264001320574899 ], [ -6.25241436983642, 53.264058965278501 ], [ -6.25238629015962, 53.2641396464034 ], [ -6.25236801475097, 53.264251017784503 ], [ -6.25235512929083, 53.264356012829502 ], [ -6.25234418311172, 53.264468997185297 ], [ -6.25230815815953, 53.264578703469098 ], [ -6.25231603062068, 53.2645918131822 ], [ -6.25232251364031, 53.264601351271601 ], [ -6.25231792946731, 53.264613624014601 ], [ -6.25233045141414, 53.264623225472597 ], [ -6.25232010544099, 53.264661868821698 ], [ -6.25232417356672, 53.264661881725303 ], [ -6.25232251960529, 53.264686923873001 ], [ -6.25230572978979, 53.264940977418298 ], [ -6.25241953992474, 53.265147723340199 ], [ -6.2525594392066, 53.265268636417296 ], [ -6.25290887752605, 53.265564888104798 ], [ -6.25292046367622, 53.265753428847603 ], [ -6.25277834417147, 53.2659286810824 ], [ -6.25281631390812, 53.266099869345297 ], [ -6.25293309936912, 53.266244804878802 ], [ -6.25293546010986, 53.2663063693334 ], [ -6.25298805894868, 53.2663599523516 ], [ -6.25300756989478, 53.266406751496397 ], [ -6.25301894096518, 53.266450627919397 ], [ -6.25305279677013, 53.266494437464203 ], [ -6.25309570422542, 53.266528406298697 ], [ -6.25314392389622, 53.266565489186398 ], [ -6.253254573014, 53.266657342531701 ], [ -6.25332749028145, 53.2668074214737 ], [ -6.25334580106609, 53.266877424070998 ], [ -6.2533322752342, 53.266963188450497 ], [ -6.25339761744006, 53.266993962495597 ], [ -6.25345805138379, 53.2670204679874 ], [ -6.25351987635786, 53.267045583573697 ], [ -6.25355194776255, 53.267107816069597 ], [ -6.25356925932392, 53.267122196490902 ], [ -6.25363450375157, 53.267128490418798 ], [ -6.25371731860068, 53.267149068732799 ], [ -6.25380291676711, 53.2671686370347 ], [ -6.25400059810983, 53.267178794116901 ], [ -6.25405578480669, 53.267168190034504 ], [ -6.25433331731028, 53.267133721895803 ], [ -6.25462008524172, 53.267106524088398 ], [ -6.25480633964879, 53.2670921238647 ], [ -6.25500671203747, 53.267082215598698 ], [ -6.25517399172196, 53.267078832557203 ], [ -6.25568360130426, 53.2670549035184 ], [ -6.25623021985187, 53.2670404812228 ], [ -6.25639505123074, 53.267033924662698 ], [ -6.25679727293185, 53.267075681734099 ], [ -6.25748976265334, 53.267153079260403 ], [ -6.2579444800928, 53.267191115544499 ], [ -6.25812783184312, 53.267557030555501 ], [ -6.25819393267511, 53.2676790776665 ], [ -6.25927478916531, 53.2674953096748 ], [ -6.25952685165968, 53.267458633826699 ], [ -6.25981568062222, 53.267530122736297 ], [ -6.25987905280185, 53.2678113212638 ], [ -6.25991809182967, 53.268047323218099 ], [ -6.25992420196588, 53.268081048131101 ], [ -6.25993513356664, 53.268087938075297 ], [ -6.25996075800401, 53.268101764771302 ], [ -6.26000186415944, 53.268102364760303 ], [ -6.2600089904959, 53.268111437223503 ], [ -6.26154452188441, 53.268151781101402 ], [ -6.26161098019451, 53.2681729341883 ], [ -6.26212489147844, 53.268135577721402 ], [ -6.26228287046968, 53.268113223267001 ], [ -6.2623270261187, 53.268117002895004 ], [ -6.2624146675577, 53.268114092747801 ], [ -6.26242114929867, 53.267535947211798 ], [ -6.2624161849483, 53.267191618838197 ], [ -6.26237633238563, 53.2670851171656 ], [ -6.2622888037977, 53.2669098122756 ], [ -6.26215788044411, 53.266714976974903 ], [ -6.26207497147478, 53.2665813547179 ], [ -6.2619894405043, 53.266512018378599 ], [ -6.26187945148483, 53.266423400668302 ], [ -6.26178040349699, 53.2663765569568 ], [ -6.2616311947421, 53.266321424404502 ], [ -6.26154118065343, 53.266279143420498 ], [ -6.2615776398295, 53.266272297575902 ], [ -6.26509074049277, 53.265696092374498 ], [ -6.26511660487854, 53.265796531931201 ], [ -6.26513099885021, 53.265859321881202 ], [ -6.26507299000345, 53.265863464316098 ], [ -6.26501577909151, 53.265905289757399 ], [ -6.26503097626284, 53.2659649014903 ], [ -6.26505714992362, 53.265999977840998 ], [ -6.2651243523728, 53.266056365541502 ], [ -6.26521688082297, 53.266094790289998 ], [ -6.26525124778786, 53.266124792435903 ], [ -6.26527984617701, 53.266272512006203 ], [ -6.26581022725787, 53.267806298486697 ], [ -6.26669989590755, 53.269046190407799 ], [ -6.26731719230671, 53.268997060628202 ], [ -6.26857496818835, 53.268830581429597 ], [ -6.26973611014428, 53.268758039701403 ], [ -6.27052583209113, 53.268734670790003 ], [ -6.27101258148505, 53.2686861527296 ], [ -6.27133620740741, 53.268627385637402 ], [ -6.27167259962218, 53.2684732608245 ], [ -6.27201923795388, 53.268279070359597 ], [ -6.27231820470471, 53.268118039408002 ], [ -6.27291254462778, 53.267919142527603 ], [ -6.27391827993801, 53.267667961015697 ], [ -6.27503173578715, 53.267354411125702 ], [ -6.27538100516152, 53.267239471992703 ], [ -6.27576660443611, 53.2672005779907 ], [ -6.27602313313715, 53.267221210163399 ], [ -6.2763073476024, 53.2672046255772 ], [ -6.27843421238055, 53.275113789237302 ], [ -6.27797701346403, 53.274946681566497 ], [ -6.27769701799658, 53.274854498801197 ], [ -6.27673008004023, 53.274604328174803 ], [ -6.27644724106017, 53.274513620339597 ], [ -6.27632575702688, 53.274476197053197 ], [ -6.27587775706348, 53.2742962020085 ], [ -6.27565604719715, 53.274214293084199 ], [ -6.27556496803529, 53.274180588562302 ], [ -6.27527053602674, 53.274046602833103 ], [ -6.2751860590624, 53.273988929438602 ], [ -6.27423824559355, 53.273974814032599 ], [ -6.2742283531576, 53.273997828917999 ], [ -6.27420357515187, 53.274055431512203 ], [ -6.27413077511256, 53.274224730008001 ], [ -6.2741149790463, 53.274261443715901 ], [ -6.27405478408244, 53.274401422690197 ], [ -6.27395944746759, 53.2743863201868 ], [ -6.27386785663589, 53.274371253863698 ], [ -6.27373587877894, 53.2743495365524 ], [ -6.2735950494249, 53.274430960785701 ], [ -6.27343072997419, 53.274526082431699 ], [ -6.27337452557566, 53.274559217766303 ], [ -6.27333545778973, 53.274577047193702 ], [ -6.27327519868665, 53.274603672030999 ], [ -6.27319819117896, 53.274641844068803 ], [ -6.27311930917811, 53.274683772936001 ], [ -6.27305103119746, 53.274720759048598 ], [ -6.27298414392046, 53.274761890850101 ], [ -6.2728868533541, 53.274822351709801 ], [ -6.27284031595453, 53.274851789778303 ], [ -6.27281652052191, 53.274870460475 ], [ -6.27280506724984, 53.274884968675202 ], [ -6.27278646044601, 53.274911029129299 ], [ -6.27277339167013, 53.274930645282701 ], [ -6.2727235754049, 53.274975609649601 ], [ -6.27264253335524, 53.2750472416596 ], [ -6.27262484023831, 53.275098980220598 ], [ -6.27261106396284, 53.275168450816402 ], [ -6.27260851219277, 53.275400843180797 ], [ -6.27262222756715, 53.275572985173099 ], [ -6.27266400643519, 53.275799828745797 ], [ -6.27269512059959, 53.275943871335897 ], [ -6.2727533353882, 53.276220053689698 ], [ -6.2727739170985, 53.276316019505799 ], [ -6.27279211528479, 53.276345812062402 ], [ -6.27282867616627, 53.276372312211699 ], [ -6.27292901052975, 53.276420098950602 ], [ -6.27302402326485, 53.276442593939599 ], [ -6.27306473607202, 53.276554280433601 ], [ -6.27307896215654, 53.2766599135051 ], [ -6.2731583136976, 53.276689710940197 ], [ -6.27322652857813, 53.2767216929415 ], [ -6.27326535293222, 53.276756412180397 ], [ -6.27329320743033, 53.2768296855727 ], [ -6.27331072703362, 53.276886741087402 ], [ -6.27330660111319, 53.276927712429099 ], [ -6.27327962264746, 53.276986631183902 ], [ -6.27322276756909, 53.277074097843197 ], [ -6.273190724816, 53.277119552620299 ], [ -6.27305768011491, 53.277222953676301 ], [ -6.27297255204609, 53.277300323208998 ], [ -6.27294481998769, 53.277355599743103 ], [ -6.27290032293904, 53.277476395516501 ], [ -6.27282961845791, 53.2777298889824 ], [ -6.27275475743694, 53.277864505484303 ], [ -6.27268909528634, 53.2779840417993 ], [ -6.27259324822569, 53.278078419620101 ], [ -6.27247970329883, 53.278169206311702 ], [ -6.27238554967982, 53.278306679020297 ], [ -6.27218713069764, 53.278556110305601 ], [ -6.27213126811599, 53.278774915498097 ], [ -6.2721458860572, 53.278939153743302 ], [ -6.27205240857117, 53.279117002852601 ], [ -6.27176641590478, 53.279437952366798 ], [ -6.27173915969013, 53.279470213167201 ], [ -6.27168570449796, 53.279526779347897 ], [ -6.27164760712403, 53.279575058120599 ], [ -6.27184722812285, 53.279636363295801 ], [ -6.27207760239715, 53.279701329811701 ], [ -6.27221470617827, 53.279386341040897 ], [ -6.27425676701532, 53.279943059236601 ], [ -6.27684051153501, 53.280558829885202 ], [ -6.2768928931181, 53.281243576775303 ], [ -6.27699926985385, 53.281274085704297 ], [ -6.27742844444377, 53.281400686413598 ], [ -6.2778209351509, 53.281485076602898 ], [ -6.27812964646476, 53.281521958387401 ], [ -6.27847735325524, 53.281597361299397 ], [ -6.27869808540912, 53.281648328458601 ], [ -6.27881280612452, 53.281668793280502 ], [ -6.27892056077797, 53.281690227029102 ], [ -6.27908533414067, 53.281736018327202 ], [ -6.27937886298641, 53.281788852840201 ], [ -6.27960018446482, 53.281827067202897 ], [ -6.27996261775836, 53.281838353456003 ], [ -6.28023927411027, 53.2818472877575 ], [ -6.28081681944514, 53.281787458623199 ], [ -6.28119140203858, 53.2817612639586 ], [ -6.28166776520853, 53.281815750500002 ], [ -6.28228498102918, 53.281803051919198 ], [ -6.28287402893289, 53.281762141363103 ], [ -6.2841153723581, 53.281762098241899 ], [ -6.28448576684591, 53.2817371002971 ], [ -6.28435830801449, 53.281399432291103 ], [ -6.28425456895573, 53.281045741592401 ], [ -6.28425199755002, 53.280734987979599 ], [ -6.28425751617308, 53.280431889151501 ], [ -6.28423110780149, 53.280032745235701 ], [ -6.28416396400448, 53.279655668848001 ], [ -6.28412375044471, 53.2794487926461 ], [ -6.28408456273727, 53.279108593414399 ], [ -6.28407637434683, 53.278780145628097 ], [ -6.28416898908151, 53.278504684975097 ], [ -6.28419334009056, 53.278416296063597 ], [ -6.28394962243233, 53.278367892460899 ], [ -6.28370900600739, 53.278325526315299 ], [ -6.28353706749099, 53.278297116585897 ], [ -6.28347694760396, 53.278285871488599 ], [ -6.28340435422253, 53.278261488514303 ], [ -6.28330800698197, 53.278182298714697 ], [ -6.2830274197648, 53.277950024179198 ], [ -6.28298161194123, 53.277905278371598 ], [ -6.28293644431335, 53.277844976937999 ], [ -6.28288240644014, 53.2777897330133 ], [ -6.28285378713346, 53.277747831393 ], [ -6.28283413968421, 53.2776982671338 ], [ -6.28284498308536, 53.277643957645097 ], [ -6.28283788066274, 53.2776049545148 ], [ -6.28281719528978, 53.277581318780399 ], [ -6.28277838520448, 53.277578163108402 ], [ -6.28275347264175, 53.277551869792198 ], [ -6.2827718189586, 53.277526199552 ], [ -6.28279993767236, 53.277472147875599 ], [ -6.28281026148243, 53.277430798149801 ], [ -6.28289991519304, 53.277384112304702 ], [ -6.28273640700084, 53.277222251275198 ], [ -6.28256946217176, 53.277069424857203 ], [ -6.28245336834309, 53.276943266164302 ], [ -6.28238698147939, 53.276872288251099 ], [ -6.2822718240813, 53.276722805051399 ], [ -6.28217345483723, 53.276586521885797 ], [ -6.28206611343857, 53.2764578913158 ], [ -6.2820044732907, 53.276376611908198 ], [ -6.28196753572631, 53.276326799232599 ], [ -6.28185493003755, 53.2762214385018 ], [ -6.28176035766703, 53.276098185924901 ], [ -6.28167021992466, 53.275972391508901 ], [ -6.28162166071028, 53.275888702836298 ], [ -6.28159789374964, 53.275833894585297 ], [ -6.28160049474465, 53.275769096719102 ], [ -6.28162440322694, 53.275712387933197 ], [ -6.28165716558671, 53.275650612483098 ], [ -6.28171166755751, 53.275586561752803 ], [ -6.28180610472537, 53.275497153837399 ], [ -6.28186977174064, 53.275420267869201 ], [ -6.28190717466338, 53.275350786247202 ], [ -6.28193529483318, 53.275296725791598 ], [ -6.28195139021254, 53.275219155127701 ], [ -6.28195378130232, 53.275159538610303 ], [ -6.28196554555966, 53.275081905529198 ], [ -6.28196783435495, 53.275024876133102 ], [ -6.28198711395243, 53.274975882538001 ], [ -6.28202810474616, 53.2749246042153 ], [ -6.2820780678386, 53.274865674095999 ], [ -6.28212739050417, 53.274822298666102 ], [ -6.28215902290992, 53.274789037986601 ], [ -6.28218189069503, 53.274758247698202 ], [ -6.28219673671544, 53.274711777885102 ], [ -6.28219860917885, 53.274665122038598 ], [ -6.28219181970277, 53.274618340486199 ], [ -6.28217238365811, 53.274563594741998 ], [ -6.28212742692029, 53.274498110696598 ], [ -6.28207516122825, 53.2743988057371 ], [ -6.28201867193463, 53.274296842303698 ], [ -6.28194686710645, 53.274145385804601 ], [ -6.28189451314632, 53.2740486761695 ], [ -6.28181832580811, 53.273898128046902 ], [ -6.28281586424394, 53.2736479214445 ], [ -6.28299995053659, 53.274094529737503 ], [ -6.28321110006367, 53.274052729375597 ], [ -6.28329405964976, 53.274035988063602 ], [ -6.28348421617836, 53.273958003206701 ], [ -6.28364301592249, 53.273915448345598 ], [ -6.2837575106448, 53.273858794781603 ], [ -6.28407512354055, 53.2737736843211 ], [ -6.2841872669496, 53.273775299247099 ], [ -6.28464802085916, 53.2736653339661 ], [ -6.28476961576968, 53.273617758994497 ], [ -6.28482374344139, 53.273573696590098 ], [ -6.28491509036708, 53.273534644818497 ], [ -6.28503542878429, 53.273518439130299 ], [ -6.28544934465298, 53.273457132228899 ], [ -6.28587696836631, 53.273387025617602 ], [ -6.28594744338926, 53.2727786546291 ], [ -6.28594317074709, 53.272702263769403 ], [ -6.28622611859055, 53.272726353581803 ], [ -6.28764907686182, 53.273529992343803 ], [ -6.28783984819687, 53.273633288378697 ], [ -6.28865911961494, 53.273937439521298 ], [ -6.2895662634028, 53.274106587644297 ], [ -6.28998577096178, 53.274162031489297 ], [ -6.28979417349081, 53.274555296722703 ], [ -6.28955434890664, 53.275142898721199 ], [ -6.28951487568652, 53.275382381325201 ], [ -6.28956799619016, 53.275476097319697 ], [ -6.28961664317872, 53.275562470487898 ], [ -6.28973567435948, 53.275553188238099 ], [ -6.28996022234236, 53.275442050910399 ], [ -6.29022367202149, 53.275362473967299 ], [ -6.29032018581634, 53.275363678284101 ], [ -6.29033560901417, 53.2753085799581 ], [ -6.29098257273207, 53.275315485625399 ], [ -6.29119630798284, 53.274277395499603 ], [ -6.29091908303443, 53.274032571906403 ], [ -6.29116391052559, 53.273650716187099 ], [ -6.29175559476837, 53.273783064328903 ], [ -6.29206788803503, 53.273436590972302 ], [ -6.2923519078029, 53.273121558725698 ], [ -6.29232168646165, 53.273119652681103 ], [ -6.29240520658655, 53.272948438769802 ], [ -6.29249900219088, 53.272760128161799 ], [ -6.29257134408327, 53.272628985990899 ], [ -6.29263249422212, 53.272537905566701 ], [ -6.29270094397527, 53.272504406313402 ], [ -6.29275934521767, 53.272482255400902 ], [ -6.29297014543267, 53.272485274836903 ], [ -6.29332398338485, 53.272507577369602 ], [ -6.29368741057122, 53.272530025083903 ], [ -6.29445394584011, 53.272540996358003 ], [ -6.29479956904615, 53.272528697464097 ], [ -6.2954034469151, 53.272531592561698 ], [ -6.29660117396007, 53.272548715365801 ], [ -6.29699801959137, 53.272574497675997 ], [ -6.29749615685262, 53.272623319271503 ], [ -6.29784977023791, 53.272651355765703 ], [ -6.29795583892581, 53.272635635313797 ], [ -6.29807196999386, 53.272608555362297 ], [ -6.29819904407245, 53.272547152007299 ], [ -6.29839570242828, 53.2724235234584 ], [ -6.29860307450547, 53.2722713096299 ], [ -6.29886063842963, 53.272062344922503 ], [ -6.29893730195375, 53.272063438822101 ], [ -6.29893866266823, 53.271787607865399 ], [ -6.29885197175506, 53.270832356183398 ], [ -6.29888048500042, 53.270597135565602 ], [ -6.30084398200517, 53.270642378937403 ], [ -6.30232269875622, 53.270914597219402 ], [ -6.3042197640135, 53.271224039854701 ], [ -6.30424750006693, 53.271150109495103 ], [ -6.3043026479409, 53.271009675553898 ], [ -6.30439674288196, 53.270825206174003 ], [ -6.30452148342375, 53.270492521888897 ], [ -6.30456748820023, 53.270270210478103 ], [ -6.3062755687189, 53.2697147670616 ], [ -6.30763846928816, 53.269265890644398 ], [ -6.30740453854125, 53.268989423045703 ], [ -6.30878285078634, 53.268494051860301 ], [ -6.30896382908284, 53.268858234244803 ], [ -6.30910448499854, 53.269111655015401 ], [ -6.30939886986788, 53.269521711787299 ], [ -6.30966218422942, 53.269774930664603 ], [ -6.30997945888442, 53.270077332172001 ], [ -6.310083381623, 53.270154927811397 ], [ -6.31093330492062, 53.270216624104599 ], [ -6.3110932402083, 53.270186000535702 ], [ -6.31124261078102, 53.270161014569503 ], [ -6.31131295062316, 53.270154750321197 ], [ -6.3114549076082, 53.270137962330701 ], [ -6.31149424210463, 53.270137163135999 ], [ -6.31153251384817, 53.270138639956201 ], [ -6.31156437135709, 53.270154502235698 ], [ -6.31157995248226, 53.270169523695003 ], [ -6.31158826430089, 53.2701864636349 ], [ -6.31159561720981, 53.270227355997797 ], [ -6.31161593206815, 53.270308644917201 ], [ -6.31417619305514, 53.271100329563303 ], [ -6.31424097853429, 53.271150660689301 ], [ -6.31433303276374, 53.271199050315602 ], [ -6.31444416966854, 53.2712478534811 ], [ -6.31452697986798, 53.271278202479202 ], [ -6.31462738192002, 53.271318694265197 ], [ -6.31471131958702, 53.271358503814703 ], [ -6.31475395998137, 53.2713537334687 ], [ -6.31504373286325, 53.2713115691284 ], [ -6.31529956196419, 53.271277128799603 ], [ -6.31564723250484, 53.271235960916897 ], [ -6.31614890639607, 53.271181215575403 ], [ -6.31630243426052, 53.271164872853497 ], [ -6.31655002975613, 53.271137726988698 ], [ -6.31690206576256, 53.271106322499001 ], [ -6.31710433905274, 53.271086982680302 ], [ -6.31732578135082, 53.2710658467049 ], [ -6.31744735253771, 53.271054397608196 ], [ -6.31762184867265, 53.2710403984184 ], [ -6.3177737687127, 53.271029081554502 ], [ -6.31817275676873, 53.270991820330302 ], [ -6.31868952577962, 53.270939595321103 ], [ -6.31889272150114, 53.270920013817602 ], [ -6.31913176583931, 53.270897155201901 ], [ -6.3193332512686, 53.270879156813997 ], [ -6.31974935391172, 53.270835447121001 ], [ -6.32032291918755, 53.270779297653 ], [ -6.32062696914984, 53.270745138826598 ], [ -6.3208830597403, 53.270704202604101 ], [ -6.3210318425829, 53.270696404805001 ], [ -6.32144516912315, 53.270672562433603 ], [ -6.32187460224243, 53.270658831403502 ], [ -6.32223847293486, 53.2706342901242 ], [ -6.32251759204281, 53.270667882329199 ], [ -6.32269701238895, 53.270719849618303 ], [ -6.32289524833978, 53.270712754243398 ], [ -6.32322304858978, 53.270766807998001 ], [ -6.32351827802033, 53.270810518574997 ], [ -6.32386178561447, 53.2708845698318 ], [ -6.32402666242709, 53.270886888702798 ], [ -6.32429162318147, 53.2708609506222 ], [ -6.32455579560423, 53.270854779261299 ], [ -6.32486905205204, 53.270859182155498 ], [ -6.32510102278221, 53.2708327697421 ], [ -6.32538400853631, 53.270767525705601 ], [ -6.3255711598033, 53.270621819695897 ], [ -6.32574144321092, 53.270485761656602 ], [ -6.32581434693579, 53.270308787217502 ], [ -6.32583816537648, 53.270121229301097 ], [ -6.32583134296095, 53.269873914020998 ], [ -6.32585245773883, 53.269755539326603 ], [ -6.32617872656101, 53.269849120244402 ], [ -6.32650304832599, 53.269992124726599 ], [ -6.32679401368749, 53.270144545302998 ], [ -6.32708229326458, 53.270366147749897 ], [ -6.32743462211472, 53.270441624748898 ], [ -6.32699120242159, 53.270033709905903 ], [ -6.32661671616718, 53.269718932435197 ], [ -6.32653311239489, 53.269622010128103 ], [ -6.32659253250025, 53.2694032758343 ], [ -6.3269654177571, 53.268879331309698 ], [ -6.32744118934299, 53.268319034058798 ], [ -6.3275705208013, 53.267872770310298 ], [ -6.32771649303804, 53.2674705471021 ], [ -6.32778687213982, 53.267052625302398 ], [ -6.32782164321736, 53.266885664104301 ], [ -6.32793835062297, 53.267061022832102 ], [ -6.32817900703135, 53.267482849512497 ], [ -6.3284813057347, 53.267821978202399 ], [ -6.32866734199732, 53.267934748639 ], [ -6.32896225262223, 53.268014295918803 ], [ -6.32938334530035, 53.268106439688601 ], [ -6.32970558361324, 53.268205984659097 ], [ -6.33021260164475, 53.268306509945802 ], [ -6.3304153655303, 53.268429055493897 ], [ -6.33071446594335, 53.2687770479519 ], [ -6.33102957090168, 53.2690787501136 ], [ -6.33126646667713, 53.269202195330401 ], [ -6.33145304967362, 53.269303574717803 ], [ -6.33207574295433, 53.269327557347403 ], [ -6.33242592662247, 53.269361886895297 ], [ -6.33281244561742, 53.269388133601197 ], [ -6.33345410003613, 53.269374011970797 ], [ -6.33387506870187, 53.269382485518598 ], [ -6.33425918228841, 53.269355746679302 ], [ -6.33460163075033, 53.269291815048803 ], [ -6.33478803470222, 53.269160112088002 ], [ -6.33494419358229, 53.269009753114602 ], [ -6.33506084472307, 53.268930606048499 ], [ -6.33569814387096, 53.2688235310127 ], [ -6.33614061988865, 53.268720401032397 ], [ -6.33655662891722, 53.268599699556802 ], [ -6.33679706771832, 53.268570102881299 ], [ -6.33708925087634, 53.268590660366698 ], [ -6.33739483969895, 53.268651231347697 ], [ -6.33751224032333, 53.268708304608602 ], [ -6.33776780225341, 53.268825517574697 ], [ -6.33844176752095, 53.2689712526821 ], [ -6.33880327034306, 53.269075553511797 ], [ -6.33919220302184, 53.269206222702699 ], [ -6.33934793132676, 53.269166337570702 ], [ -6.34024525591294, 53.268794344647397 ], [ -6.3411829678995, 53.269080992452999 ], [ -6.34173878185406, 53.269246245240502 ], [ -6.34071582856006, 53.2697904999835 ], [ -6.3406951706342, 53.269828107243903 ], [ -6.34099074400922, 53.269892985814103 ], [ -6.34134868333539, 53.269964986178401 ], [ -6.34191680636432, 53.270075891005497 ], [ -6.3423534306473, 53.270188198686498 ], [ -6.34286917816631, 53.2702817633443 ], [ -6.34289647092695, 53.270158277573003 ], [ -6.34295333811517, 53.270057254293199 ], [ -6.34300046881826, 53.269984330907498 ], [ -6.34307741417814, 53.269877296754601 ], [ -6.34321386088301, 53.269707315237397 ], [ -6.34326565316286, 53.2696669323701 ], [ -6.34337769932904, 53.269616181300997 ], [ -6.34355278346293, 53.2695168192867 ], [ -6.34370821595572, 53.269477139182797 ], [ -6.34390285702672, 53.269458879333797 ], [ -6.34414020551187, 53.269446424565501 ], [ -6.34423679427127, 53.269428293359901 ], [ -6.34434804754318, 53.269387926920899 ], [ -6.34449768794345, 53.269333635177802 ], [ -6.34462274492779, 53.269303426184798 ], [ -6.34477994897121, 53.269269458764199 ], [ -6.34483057806982, 53.269238952287701 ], [ -6.3448489689034, 53.269301418813001 ], [ -6.34501210269798, 53.269375852700598 ], [ -6.34526499198666, 53.269489911427698 ], [ -6.34550779039469, 53.269560265110101 ], [ -6.34578046499152, 53.2696196916567 ], [ -6.34615252298766, 53.269633266519797 ], [ -6.34645826926003, 53.269559041460298 ], [ -6.34662633496519, 53.269516684458303 ], [ -6.34708225440986, 53.269552536991299 ], [ -6.34719565415203, 53.2696196630489 ], [ -6.34742583360732, 53.269725746227003 ], [ -6.3476357747002, 53.269873945334197 ], [ -6.34811336257938, 53.269779084519797 ], [ -6.34856133062909, 53.269680702516702 ], [ -6.34938524445644, 53.269486026439601 ], [ -6.34941400260145, 53.269515360004597 ], [ -6.34950506462426, 53.2696476483993 ], [ -6.34957544035568, 53.269755405836399 ], [ -6.3497094312205, 53.269946509681397 ], [ -6.34992985092477, 53.270260275731999 ], [ -6.35050362520191, 53.270157292813302 ], [ -6.35128224401775, 53.269993276179797 ], [ -6.35214892705432, 53.269843169256703 ], [ -6.35305147914591, 53.269610249903302 ], [ -6.35310771106028, 53.269708356127097 ], [ -6.35328950625486, 53.270014025067297 ], [ -6.3534272094202, 53.2701662924921 ], [ -6.35366598879894, 53.270081895093597 ], [ -6.35390115852685, 53.269985280195598 ], [ -6.35436321015069, 53.269751792886801 ], [ -6.35462787109193, 53.269599878135601 ], [ -6.35498333569207, 53.269204091558997 ], [ -6.35543283683046, 53.268683328337403 ], [ -6.35552531993697, 53.268625197274702 ], [ -6.35559338918467, 53.268518113679697 ], [ -6.35582188838002, 53.268297393382099 ], [ -6.35595506742024, 53.268201308359203 ], [ -6.35522171879706, 53.2677419362808 ], [ -6.35525202912506, 53.2676798197745 ], [ -6.35543091829426, 53.2673050761166 ], [ -6.35578409751638, 53.267078636344699 ], [ -6.3564598333804, 53.267217392748897 ], [ -6.35689369928029, 53.267298634350396 ], [ -6.35719203518366, 53.2673792192912 ], [ -6.35799261738444, 53.267623271478598 ], [ -6.35844113891796, 53.267768968730898 ], [ -6.35849416647139, 53.267800350988402 ], [ -6.35856529767807, 53.267830625284702 ], [ -6.35852308763142, 53.268007852843901 ], [ -6.35846678362769, 53.268495780837704 ], [ -6.35838785831985, 53.268733752136903 ], [ -6.35830151080854, 53.268828274590398 ], [ -6.35810824426814, 53.268985718787597 ], [ -6.35789080189569, 53.269111755146703 ], [ -6.35761953414039, 53.269255750229703 ], [ -6.35730374094348, 53.269439307965598 ], [ -6.35708755624316, 53.269568433236898 ], [ -6.35698199260228, 53.269654970960502 ], [ -6.35693508173461, 53.269764979540398 ], [ -6.35696917993194, 53.269861592405597 ], [ -6.35696367560085, 53.269964076068803 ], [ -6.35698805991624, 53.270294806288398 ], [ -6.35702901281532, 53.270709811558604 ], [ -6.35722154727786, 53.270897338089 ], [ -6.35740116782264, 53.2710768945905 ], [ -6.35739303196134, 53.271042023753203 ], [ -6.35742500895467, 53.271076342238203 ], [ -6.35762275738106, 53.271266752298999 ], [ -6.3576048343248, 53.271297139492603 ], [ -6.35760795464691, 53.271297838609399 ], [ -6.35760023408445, 53.271302934555003 ], [ -6.35769480901987, 53.271336120857598 ], [ -6.35766949561842, 53.271311752381003 ], [ -6.35885973875349, 53.271580791720702 ], [ -6.36004027881844, 53.272092690168002 ], [ -6.36007344235405, 53.272261304431503 ], [ -6.36010412939762, 53.272298848228601 ], [ -6.36061184618539, 53.272547101588003 ], [ -6.36105956938055, 53.272227905774002 ], [ -6.36180393604409, 53.271682004105202 ], [ -6.36267893292171, 53.271057044155398 ], [ -6.36334863429, 53.270776070293898 ], [ -6.36331229786425, 53.270787459994501 ], [ -6.36362511487947, 53.270676265299002 ], [ -6.36439234614654, 53.270451727504401 ], [ -6.36485099355846, 53.2703841540417 ], [ -6.36541300661645, 53.270185864120997 ], [ -6.36590030218138, 53.270056388440302 ], [ -6.36596988907606, 53.2700405471073 ], [ -6.36578600456052, 53.269427777245397 ], [ -6.36551308223244, 53.268539752250597 ], [ -6.36529751872431, 53.267694955603901 ], [ -6.36540419945531, 53.267682274734902 ], [ -6.36538653914316, 53.267526401207803 ], [ -6.36530540969041, 53.267178647998598 ], [ -6.36529982436054, 53.267015859203802 ], [ -6.36552263862788, 53.266743022312198 ], [ -6.365691248413, 53.266653370516401 ], [ -6.36607592456328, 53.266467634948199 ], [ -6.36647620127989, 53.266298754259502 ], [ -6.37071489253608, 53.265916335579099 ], [ -6.37172962518741, 53.2655264640795 ], [ -6.37301272493903, 53.265054610343398 ], [ -6.37497904059993, 53.264322897533603 ], [ -6.37611535231155, 53.2638724182519 ], [ -6.37622550782121, 53.263860269442901 ], [ -6.37624115199817, 53.263897900790703 ], [ -6.37639616389524, 53.264081155070897 ], [ -6.37651700829046, 53.264458106920799 ], [ -6.37658876991043, 53.264568087060297 ], [ -6.37672010661639, 53.264631403379397 ], [ -6.37698694468679, 53.264874473448003 ], [ -6.37716051119476, 53.2650689869687 ], [ -6.3772368944728, 53.265228327387902 ], [ -6.37729130916948, 53.265365836892499 ], [ -6.37696744099871, 53.265555869673797 ], [ -6.37617402511294, 53.2660237536248 ], [ -6.37612856425922, 53.266069260278599 ], [ -6.3761735380663, 53.266192399190999 ], [ -6.37636242045192, 53.266447518692999 ], [ -6.37654310844852, 53.266698221893797 ], [ -6.37655891187634, 53.266863413155598 ], [ -6.37659011810626, 53.266982859949302 ], [ -6.37683528184452, 53.267224718249601 ], [ -6.37708087173055, 53.267520669329002 ], [ -6.37771322930942, 53.267311885314697 ], [ -6.37832079533341, 53.267127876998202 ], [ -6.37901383826374, 53.266831713513497 ], [ -6.37923767311174, 53.267242278521799 ], [ -6.37919183812611, 53.268200556274799 ], [ -6.37908186663552, 53.268745561579202 ], [ -6.37886052332182, 53.2697740779887 ], [ -6.37877378854475, 53.270039579792403 ], [ -6.37865017214126, 53.270581999236398 ], [ -6.37875245021067, 53.270597786327897 ], [ -6.37881639426167, 53.270860852958897 ], [ -6.37885460980486, 53.2710674338446 ], [ -6.37888733697911, 53.271341407172102 ], [ -6.37873309562757, 53.2717328933999 ], [ -6.3786421723303, 53.271790919697203 ], [ -6.37868070714681, 53.271978363975002 ], [ -6.37873000381018, 53.272149232294097 ], [ -6.37863637092727, 53.2721449209943 ], [ -6.37863557316179, 53.272233351769501 ], [ -6.3786541816548, 53.272411403965002 ], [ -6.37863057277373, 53.272432353141603 ], [ -6.3786265473617, 53.272538676592497 ], [ -6.37879394411143, 53.272536387976103 ], [ -6.37880576071096, 53.272626212653897 ], [ -6.37890819649866, 53.272598733198997 ], [ -6.37890957596526, 53.272562277508001 ], [ -6.3793047218027, 53.272503822847497 ], [ -6.37945449382565, 53.272498265635797 ], [ -6.37977104401978, 53.2725071249357 ], [ -6.38013698829789, 53.272550091897401 ], [ -6.38028574206172, 53.272571865075697 ], [ -6.38038852750426, 53.272602134685101 ], [ -6.38072938574923, 53.272705549756502 ], [ -6.38046155640406, 53.273059369568202 ], [ -6.38086926528139, 53.273253941381398 ], [ -6.38126959067023, 53.273093027365398 ], [ -6.3814825815032, 53.2730255767068 ], [ -6.38212065892826, 53.272861786158302 ], [ -6.38230506914268, 53.272832963341997 ], [ -6.38272808573098, 53.272796568186401 ], [ -6.38316445245036, 53.272757979736099 ], [ -6.38363153269002, 53.272748418670901 ], [ -6.38409236542736, 53.272764200999703 ], [ -6.38479915514838, 53.272831929456203 ], [ -6.38559183418317, 53.272912221716403 ], [ -6.38699799488437, 53.273073383369201 ], [ -6.38712561610315, 53.273088005083601 ], [ -6.38757234909864, 53.2731681937696 ], [ -6.38862062788275, 53.273398054556203 ], [ -6.38916333719319, 53.273569988281501 ], [ -6.38921438317352, 53.273573940617503 ], [ -6.38993804313424, 53.273622151112399 ], [ -6.39060922680306, 53.273684161836201 ], [ -6.39072387917138, 53.273702864045902 ], [ -6.39105803431816, 53.273757355602299 ], [ -6.39205006837844, 53.273894993411197 ], [ -6.39252824041713, 53.2739732325471 ], [ -6.39299793198263, 53.274109307636401 ], [ -6.39328517410355, 53.274201261768901 ], [ -6.3936121665821, 53.274374976601102 ], [ -6.39384896072251, 53.274541093924697 ], [ -6.3941170377138, 53.274830464454801 ], [ -6.39418800580492, 53.274912061902199 ], [ -6.39431178904594, 53.275054406211098 ], [ -6.39456325829895, 53.275233103415097 ], [ -6.39474372558356, 53.275196740998403 ], [ -6.39484865323348, 53.275176677684797 ], [ -6.3949955687219, 53.2751314881192 ], [ -6.39505662228584, 53.2749856567007 ], [ -6.39505472396639, 53.274859906486697 ], [ -6.39500502096664, 53.274434851040603 ], [ -6.39749215968488, 53.274687557285198 ], [ -6.40009931816479, 53.275048990846301 ], [ -6.40100781812993, 53.275239232385502 ], [ -6.40109551035186, 53.275194076042098 ], [ -6.40130041255746, 53.275082835772203 ], [ -6.40167567829185, 53.274953508680703 ], [ -6.40154939283305, 53.274805646928201 ], [ -6.40152248428879, 53.2747328938812 ], [ -6.40152242357946, 53.2746232903433 ], [ -6.40154185967249, 53.274503774649503 ], [ -6.40158538859568, 53.2744256132125 ], [ -6.4014634947176, 53.274377421859498 ], [ -6.40059170974287, 53.273931069719303 ], [ -6.40057439979645, 53.273919317543204 ], [ -6.4006271422308, 53.273864212106901 ], [ -6.40070161109131, 53.273790914206003 ], [ -6.40083915952304, 53.273653448340497 ], [ -6.40101477799206, 53.273574731753897 ], [ -6.40119357558547, 53.272868343299599 ], [ -6.40126085081156, 53.272585266780702 ], [ -6.40123870361039, 53.272583414861799 ], [ -6.40126662748, 53.272467473388197 ], [ -6.4012503270354, 53.272466006365903 ], [ -6.40127625414271, 53.272352140413197 ], [ -6.40126141538431, 53.272350880842602 ], [ -6.401287895504, 53.2722350098812 ], [ -6.4012730017701, 53.272234019215603 ], [ -6.40129707121843, 53.272119302344599 ], [ -6.40128223321033, 53.272118024810098 ], [ -6.40131603159597, 53.272002512627097 ], [ -6.40130119362767, 53.272001235095303 ], [ -6.4013322142776, 53.271885020543998 ], [ -6.40131739364844, 53.2718836812289 ], [ -6.40134518562209, 53.271779653395598 ], [ -6.40153150734237, 53.271779042695599 ], [ -6.4017416827082, 53.271812099781897 ], [ -6.40171081013532, 53.271880608839901 ], [ -6.40174148876195, 53.271883976278197 ], [ -6.40196517040951, 53.2719090097508 ], [ -6.40238773989188, 53.271980740498499 ], [ -6.40262872760312, 53.272020462773199 ], [ -6.40290708266614, 53.272049048330999 ], [ -6.40320262757227, 53.272136425881897 ], [ -6.40325381354268, 53.272157527739601 ], [ -6.40301212457405, 53.2724646427504 ], [ -6.40282095780358, 53.272680317587501 ], [ -6.4028452828863, 53.272747185441297 ], [ -6.40298254998636, 53.2727810153389 ], [ -6.40311003833976, 53.2728165737228 ], [ -6.40312330209581, 53.272827912714099 ], [ -6.40311668182947, 53.272857531277801 ], [ -6.40323595738226, 53.272884587398202 ], [ -6.40341811347281, 53.2729303402025 ], [ -6.40446176742592, 53.273134667409401 ], [ -6.40438083333692, 53.273329822564499 ], [ -6.40450987216425, 53.273354823970401 ], [ -6.40455867459468, 53.273429072814302 ], [ -6.40446513815904, 53.273577798898501 ], [ -6.40515474588864, 53.273770352660698 ], [ -6.40566468557325, 53.273931663626399 ], [ -6.40574332297331, 53.273942663128899 ], [ -6.40583045414734, 53.273869261753099 ], [ -6.40596127587238, 53.273781213361801 ], [ -6.40605540227557, 53.273728897781403 ], [ -6.40615909636094, 53.273679278810398 ], [ -6.4062639182752, 53.273652176346502 ], [ -6.40632667689983, 53.273627010207903 ], [ -6.40640824010868, 53.273599291123098 ], [ -6.40671680244398, 53.273473441055302 ], [ -6.40679550188095, 53.2735117858618 ], [ -6.40707169613025, 53.273658858706 ], [ -6.40721804842318, 53.273747251818101 ], [ -6.40775113162619, 53.273805971710203 ], [ -6.40782567411761, 53.273792287967602 ], [ -6.40782829198816, 53.2737918070153 ], [ -6.4078188458738, 53.273777357554799 ], [ -6.40814729580507, 53.273741109434397 ], [ -6.40825678528299, 53.273739201649697 ], [ -6.40836300757739, 53.273717516945602 ], [ -6.40876348320286, 53.273669342522602 ], [ -6.40917735008632, 53.273611695002501 ], [ -6.40971671422685, 53.273538439706201 ], [ -6.40973472544059, 53.273533827316903 ], [ -6.40993932223114, 53.273482101324802 ], [ -6.41048894495397, 53.273419969017503 ], [ -6.41087285170205, 53.273355535603997 ], [ -6.41133066320757, 53.273319799428101 ], [ -6.41159928467551, 53.273311661748203 ], [ -6.41168887396369, 53.273326909862099 ], [ -6.4141934429583, 53.274411700798403 ], [ -6.41482491874724, 53.274546525514602 ], [ -6.41595287293669, 53.274478866833903 ], [ -6.41684266044887, 53.274578230366799 ], [ -6.41734259988137, 53.274696782042398 ], [ -6.41754337775249, 53.274756005933298 ], [ -6.41754348162676, 53.274760500417798 ], [ -6.41734086574606, 53.274929929557203 ], [ -6.41731221521392, 53.275050843316897 ], [ -6.41728504244814, 53.275068930493603 ], [ -6.41724074920546, 53.275190858948399 ], [ -6.41721816275027, 53.2752552224376 ], [ -6.41721116166689, 53.275357004980201 ], [ -6.41740779656814, 53.275372267655001 ], [ -6.4174999669473, 53.275376672825601 ], [ -6.4176035876686, 53.275390080387801 ], [ -6.41765273700122, 53.275394354862499 ], [ -6.41818162450046, 53.275434873947702 ], [ -6.41874889867384, 53.275462215550398 ], [ -6.41928190758449, 53.275504060698999 ], [ -6.41975893007293, 53.275532366099704 ], [ -6.42017723611478, 53.275559665978697 ], [ -6.42063173878628, 53.275576265497499 ], [ -6.42109264027109, 53.275590459241499 ], [ -6.42160121938825, 53.275616784342702 ], [ -6.42180432197426, 53.275643340600098 ], [ -6.42188896037973, 53.275654408838903 ], [ -6.42223217328712, 53.275672871782398 ], [ -6.42254297463693, 53.275666875491197 ], [ -6.4228042947052, 53.275642423101402 ], [ -6.42306754173945, 53.275621787664697 ], [ -6.42348616103107, 53.275598767025997 ], [ -6.42387602504662, 53.2755626854211 ], [ -6.42447475350513, 53.275502513809201 ], [ -6.42494715355628, 53.275451488357298 ], [ -6.4252125579488, 53.275429618375398 ], [ -6.4254655608775, 53.275403765028202 ], [ -6.42580097985414, 53.2753654840905 ], [ -6.42606032048829, 53.2753384827068 ], [ -6.42628571364297, 53.275241865545603 ], [ -6.42635629446608, 53.275328335917003 ], [ -6.42638739382211, 53.2753587779806 ], [ -6.42644272776285, 53.275421997341702 ], [ -6.42648861190479, 53.275484570657703 ], [ -6.42651685258039, 53.275515649057603 ], [ -6.42656052072725, 53.275572424601997 ], [ -6.42661003979249, 53.2756168757033 ], [ -6.4265973546313, 53.2757274979461 ], [ -6.42659346714503, 53.275811700124997 ], [ -6.42658637799545, 53.275923464884997 ], [ -6.42658236939172, 53.276007656474903 ], [ -6.4265827618365, 53.276075721458298 ], [ -6.4265733000625, 53.276173329367801 ], [ -6.42657337742535, 53.276278548364502 ], [ -6.42657687073763, 53.276333184855801 ], [ -6.42660458519016, 53.276411306643098 ], [ -6.42664571110682, 53.276490782829903 ], [ -6.42667256506722, 53.276558820396502 ], [ -6.42669244983842, 53.276604390378203 ], [ -6.42671701281695, 53.276705412405597 ], [ -6.42672480791594, 53.276762145926597 ], [ -6.42670049818259, 53.276832149916899 ], [ -6.42667180854188, 53.276905861176502 ], [ -6.42667355733485, 53.276957455570702 ], [ -6.42661807040137, 53.277047266624798 ], [ -6.42658604916723, 53.277164722510001 ], [ -6.4265583253389, 53.277262341069999 ], [ -6.42658063806861, 53.277324648191801 ], [ -6.42661221129271, 53.277353622400199 ], [ -6.42668208347265, 53.277383192766102 ], [ -6.42672571781209, 53.2774213482462 ], [ -6.426724827271, 53.2774488604298 ], [ -6.42661622689742, 53.277485896876897 ], [ -6.42659911959607, 53.277564658515502 ], [ -6.42657188929045, 53.2775945815212 ], [ -6.42652098631437, 53.277738334246401 ], [ -6.42649224955741, 53.277813302256298 ], [ -6.42649564485352, 53.277890241149798 ], [ -6.42652540548158, 53.277924888944597 ], [ -6.42658818946476, 53.278004974510601 ], [ -6.42672638113981, 53.278186385358197 ], [ -6.42689066813249, 53.278341908876399 ], [ -6.42699669124434, 53.2785081393707 ], [ -6.4271091315591, 53.278660903221599 ], [ -6.42719356385365, 53.278768034874297 ], [ -6.42725214305156, 53.278856107952898 ], [ -6.42741256846414, 53.278958085945497 ], [ -6.42763543790504, 53.279086660274501 ], [ -6.42775007922321, 53.279186102495601 ], [ -6.42792994883204, 53.279306973667502 ], [ -6.42810401396528, 53.279428756715497 ], [ -6.42814333164675, 53.279538042309802 ], [ -6.42815423023834, 53.279621378816898 ], [ -6.42815718057899, 53.2796439191426 ], [ -6.42815335946725, 53.279724339135498 ], [ -6.42805776830215, 53.279925183739898 ], [ -6.42796673636841, 53.2801185582409 ], [ -6.42789787658538, 53.280287153919502 ], [ -6.42787023536275, 53.280440109271098 ], [ -6.42934245641384, 53.280465780078799 ], [ -6.43011121411049, 53.280536733292202 ], [ -6.43102594900386, 53.280686658294201 ], [ -6.43121187524112, 53.280044312093402 ], [ -6.43160129670435, 53.280126481999702 ], [ -6.43183548323622, 53.280157771056402 ], [ -6.43194977767834, 53.280173678353101 ], [ -6.43203355487508, 53.280164383685801 ], [ -6.43205711839949, 53.280123591503198 ], [ -6.43207811187601, 53.2800506316797 ], [ -6.43217611802654, 53.279887771975503 ], [ -6.43241557146125, 53.279486018876703 ], [ -6.43251503955114, 53.279318748836303 ], [ -6.43271259823546, 53.279001379920601 ], [ -6.43293000457411, 53.278654852067902 ], [ -6.43312324054982, 53.278339879380198 ], [ -6.4332820633271, 53.278041751565901 ], [ -6.43381934423645, 53.2781443067826 ], [ -6.43394523778167, 53.278156150992601 ], [ -6.43393297243859, 53.278252545109702 ], [ -6.43390932701759, 53.278429278044598 ], [ -6.43389658035243, 53.278515043833302 ], [ -6.43387419571735, 53.2786790231889 ], [ -6.43386511218407, 53.2787470363861 ], [ -6.43386385441664, 53.278789227435801 ], [ -6.43387344840179, 53.278832711487098 ], [ -6.43388632789279, 53.278861393240298 ], [ -6.43392102348011, 53.278923214419301 ], [ -6.43395448034846, 53.278973391563298 ], [ -6.43396957622107, 53.279027587843302 ], [ -6.43389038903229, 53.279338201562297 ], [ -6.43388305530993, 53.279347692715199 ], [ -6.43371191705994, 53.279513932518697 ], [ -6.43349279156837, 53.279581261625303 ], [ -6.43343054813916, 53.279651954029397 ], [ -6.43338152375071, 53.279696159035701 ], [ -6.43329916605049, 53.279738794445201 ], [ -6.43323174252135, 53.279787959872003 ], [ -6.43319180790038, 53.279831197597098 ], [ -6.43317606198344, 53.279851361946399 ], [ -6.43314427202534, 53.2798974201554 ], [ -6.43311564584496, 53.279933158585798 ], [ -6.43306495919239, 53.279972363175602 ], [ -6.43301455971972, 53.2800065849855 ], [ -6.43293069204221, 53.280063002246003 ], [ -6.4328899874614, 53.280099848284003 ], [ -6.43282548740279, 53.280149376374297 ], [ -6.43274490715197, 53.280206510813699 ], [ -6.43269162998177, 53.280235797111203 ], [ -6.4325875437202, 53.280292405849401 ], [ -6.43252096219414, 53.280321795802699 ], [ -6.43246919198153, 53.280335303634999 ], [ -6.43242165891138, 53.2803431795557 ], [ -6.43233161259794, 53.280345149554798 ], [ -6.43227583480585, 53.280339905113202 ], [ -6.43223811398825, 53.280371785654403 ], [ -6.4325258828427, 53.281005312076097 ], [ -6.4333937346424, 53.2821777087144 ], [ -6.43315667468146, 53.2823692482851 ], [ -6.43308968696383, 53.283090216859499 ], [ -6.43308273282008, 53.2836497583328 ], [ -6.43314876553666, 53.284254174117898 ], [ -6.43312736227887, 53.284474778683602 ], [ -6.43312037757918, 53.284668910777 ], [ -6.43313065347636, 53.2848281347827 ], [ -6.43316473894757, 53.285087866006201 ], [ -6.43319097147625, 53.285224098107797 ], [ -6.43321712660598, 53.2852588225863 ], [ -6.43322445983427, 53.285332550233399 ], [ -6.43321434195646, 53.285351736939603 ], [ -6.43319124630407, 53.285458762471002 ], [ -6.43318197891909, 53.285517337566901 ], [ -6.43319431147972, 53.285590520620602 ], [ -6.43318350388846, 53.285630563844599 ], [ -6.43314244505336, 53.285685926831 ], [ -6.43306207878202, 53.285767676975503 ], [ -6.43295576643906, 53.2858970531124 ], [ -6.43287026838559, 53.286012451378298 ], [ -6.43282493149262, 53.2860789534529 ], [ -6.43281207249288, 53.286104179070399 ], [ -6.432801682461, 53.2861340290927 ], [ -6.43279314695496, 53.286172629014096 ], [ -6.43278556694885, 53.286207250832398 ], [ -6.43277237026168, 53.286253544313197 ], [ -6.43274971744792, 53.286286998218301 ], [ -6.43272765243504, 53.2863228317714 ], [ -6.43271541507356, 53.2863670894953 ], [ -6.43271383180912, 53.2863775639427 ], [ -6.43271296719002, 53.286390941963496 ], [ -6.43271534414727, 53.286444386040401 ], [ -6.43272325243121, 53.286512217965502 ], [ -6.43272663108358, 53.286536245883603 ], [ -6.43273764567786, 53.286576989334399 ], [ -6.43276403271277, 53.2866258793008 ], [ -6.43277268598581, 53.286684833703198 ], [ -6.43277454967775, 53.286694563412397 ], [ -6.43278827216448, 53.286750618407602 ], [ -6.43278877023372, 53.286792742598401 ], [ -6.43282822507595, 53.287201874191801 ], [ -6.43285183562518, 53.287466302369303 ], [ -6.43285761615297, 53.287692233503797 ], [ -6.43287510098283, 53.287999049313797 ], [ -6.43288605529154, 53.288170053720599 ], [ -6.43290939401602, 53.288323122698202 ], [ -6.43292582181131, 53.2885101499756 ], [ -6.43295808541836, 53.288876988372898 ], [ -6.43298682313033, 53.289201285281003 ], [ -6.4330090924676, 53.289469622551401 ], [ -6.43301939676262, 53.289594924422197 ], [ -6.43303906060075, 53.289723063646903 ], [ -6.43304361753216, 53.2898620020311 ], [ -6.43305268100379, 53.290044942708299 ], [ -6.43307779108325, 53.290232442615903 ], [ -6.4330893759454, 53.290440351730098 ], [ -6.43314022106945, 53.290862977054999 ], [ -6.43314533873686, 53.290918155819099 ], [ -6.43314789793565, 53.291015823038499 ], [ -6.43316624715434, 53.291238890222303 ], [ -6.43317447746866, 53.291352024742302 ], [ -6.43320793143049, 53.291586101096399 ], [ -6.43324484754337, 53.291838671617398 ], [ -6.43326772328282, 53.292002014770098 ], [ -6.43327117400273, 53.292107259750999 ], [ -6.43327109133404, 53.292193506282999 ], [ -6.43326940896172, 53.292247265468099 ], [ -6.43326873372844, 53.292268544592602 ], [ -6.43327620957523, 53.292310571670903 ], [ -6.43327467290217, 53.292307882954702 ], [ -6.43315138430744, 53.292335216019403 ], [ -6.43288107440463, 53.292397782188999 ], [ -6.43268263684597, 53.2924483344582 ], [ -6.43241344066525, 53.292520143056102 ], [ -6.4320477504181, 53.292625969985103 ], [ -6.43184211020011, 53.292688854720602 ], [ -6.43154906017643, 53.292785751283198 ], [ -6.43130205450387, 53.292872397177803 ], [ -6.43107430526659, 53.292957383278299 ], [ -6.43087631558479, 53.2930348340496 ], [ -6.4305768631648, 53.293157792692298 ], [ -6.43049882415499, 53.293191496912101 ], [ -6.43019351994629, 53.293327524283598 ], [ -6.42956928264846, 53.293643060773597 ], [ -6.42905974000511, 53.293934109112499 ], [ -6.42877650158852, 53.294114320814302 ], [ -6.42848747060033, 53.294310459492799 ], [ -6.42809470381609, 53.294603536938702 ], [ -6.42777098973957, 53.294871536615702 ], [ -6.42755487390943, 53.295062308634002 ], [ -6.42734692503782, 53.295255272279199 ], [ -6.42713318941181, 53.295459509249497 ], [ -6.42690135471578, 53.295683185350697 ], [ -6.42678571925775, 53.295804247710102 ], [ -6.42661290535003, 53.295981292126903 ], [ -6.42635938586846, 53.296236546128497 ], [ -6.42608008938642, 53.296518858316098 ], [ -6.42586852261038, 53.296728234032003 ], [ -6.42551439998874, 53.297084859292497 ], [ -6.42465882149034, 53.2979453554209 ], [ -6.42431506869589, 53.298290261718698 ], [ -6.42344939777401, 53.299157940236299 ], [ -6.42321623400927, 53.299390955367201 ], [ -6.42274350261959, 53.299842864873703 ], [ -6.42246725657923, 53.300087925173003 ], [ -6.42216725817069, 53.300333111899803 ], [ -6.42196818414705, 53.300485755835297 ], [ -6.42166440815443, 53.3007083620898 ], [ -6.42140492366543, 53.3008870562319 ], [ -6.42118613931815, 53.301026578892703 ], [ -6.42070312375326, 53.301313890529599 ], [ -6.42050128692562, 53.301430182274501 ], [ -6.41989682680078, 53.3017558337053 ], [ -6.41969209669828, 53.301856541072098 ], [ -6.41932658791955, 53.302029889051099 ], [ -6.41891446373826, 53.302213526629501 ], [ -6.41835934756879, 53.3024401515381 ], [ -6.41814109691772, 53.3025241957208 ], [ -6.41803406418523, 53.3025562579897 ], [ -6.4180017673873, 53.3025692899596 ], [ -6.4162411675834, 53.301697608947897 ], [ -6.41503416453715, 53.301175188728998 ], [ -6.41416492931149, 53.299976322429302 ], [ -6.41352231416173, 53.298317027783597 ], [ -6.41159064446154, 53.295530219064503 ], [ -6.40947963713563, 53.2937591219072 ], [ -6.40743736489154, 53.2925547207264 ], [ -6.40573332448939, 53.291251521421501 ], [ -6.4041862077623, 53.290837483365898 ], [ -6.40318130042559, 53.291946632539499 ], [ -6.39870689075898, 53.292784702428897 ], [ -6.39655228078927, 53.293140636597997 ], [ -6.39443911515674, 53.293817834411897 ], [ -6.39093952512349, 53.294347994630499 ], [ -6.3900274994325, 53.294399830642 ], [ -6.38971335417555, 53.297057767882798 ], [ -6.38833397066362, 53.296586376142798 ], [ -6.38785831851455, 53.296926431261902 ], [ -6.38812133849033, 53.297142908236999 ], [ -6.38735454698723, 53.297706810902199 ], [ -6.38687994207839, 53.297625875016799 ], [ -6.38674371601739, 53.297723260823297 ], [ -6.38905112633429, 53.299005363133098 ], [ -6.38827055673671, 53.299828750063199 ], [ -6.38592775291107, 53.298065036208399 ], [ -6.38527472999867, 53.298344864047998 ], [ -6.3854633746782, 53.299020981878897 ], [ -6.38289741047442, 53.300333334505801 ], [ -6.37985935872353, 53.301382622985997 ], [ -6.37817122315629, 53.302129459115001 ], [ -6.38005896292368, 53.303181505294297 ], [ -6.37959318365827, 53.304169484963097 ], [ -6.38020870434491, 53.304883486474097 ], [ -6.38212403065177, 53.306017000712401 ], [ -6.38435524570283, 53.307433817212697 ], [ -6.38701355648186, 53.309136350981397 ], [ -6.38759854468346, 53.3091792907883 ], [ -6.38774824286415, 53.308685542779301 ], [ -6.38829682016263, 53.308652823955697 ], [ -6.38839067376105, 53.308800264008497 ], [ -6.38836655255151, 53.309105059917101 ], [ -6.38832174606009, 53.309232371631197 ], [ -6.38877184413311, 53.309265404397799 ], [ -6.38851822178552, 53.310360423370298 ], [ -6.38976030432724, 53.311437548520601 ], [ -6.39206128690106, 53.312934211228999 ], [ -6.39399318350055, 53.312831948911501 ], [ -6.39517926250524, 53.312623396409002 ], [ -6.39570253377364, 53.312951181076997 ], [ -6.39791168161328, 53.3125959899454 ], [ -6.3980319486317, 53.312244788437603 ], [ -6.39841865915689, 53.311929239410297 ], [ -6.40291902557551, 53.310450032174202 ], [ -6.40335801304609, 53.310167241848603 ], [ -6.40332842043561, 53.309525359344697 ], [ -6.40381733199488, 53.3093394591859 ], [ -6.40400542154509, 53.308604267279797 ], [ -6.40521285102328, 53.307818564162197 ], [ -6.40574211623749, 53.307986013477802 ], [ -6.40644987267299, 53.3076747306988 ], [ -6.40673062605171, 53.307325664840597 ], [ -6.40747924735263, 53.307187230426699 ], [ -6.40752493675132, 53.307301227406597 ], [ -6.40759507562241, 53.3076949267505 ], [ -6.40767351526923, 53.3080176293807 ], [ -6.40772923220375, 53.308191049309599 ], [ -6.40785398927028, 53.308636265930502 ], [ -6.4079632854403, 53.309193008186199 ], [ -6.40832939145723, 53.309533092853101 ], [ -6.40766761384658, 53.309998279738302 ], [ -6.40858168624177, 53.310501426042102 ], [ -6.40879225078311, 53.310615968455203 ], [ -6.40853833472992, 53.310754792806499 ], [ -6.40802459593591, 53.311039118223597 ], [ -6.40763384955147, 53.311282023095799 ], [ -6.40757867987136, 53.311324347890697 ], [ -6.40727977597329, 53.311608151594598 ], [ -6.40716372126056, 53.311750287965701 ], [ -6.40713359865072, 53.311863334541201 ], [ -6.40712978626603, 53.311960484928299 ], [ -6.40712496967971, 53.3120229364282 ], [ -6.40721502377335, 53.312072933850899 ], [ -6.40762757753408, 53.312302061328303 ], [ -6.40788297476964, 53.3124497959869 ], [ -6.40804356883488, 53.312524349340599 ], [ -6.40824021198916, 53.312853536331303 ], [ -6.40834255420911, 53.313002408115501 ], [ -6.40849173577696, 53.3132740701462 ], [ -6.40856987802037, 53.3134011510476 ], [ -6.40868529429295, 53.3135854576404 ], [ -6.40868569484402, 53.313645696735698 ], [ -6.4087539993458, 53.313780311186903 ], [ -6.40883361373221, 53.313875969835401 ], [ -6.40899893497149, 53.314116448808299 ], [ -6.40916737445422, 53.314380881600101 ], [ -6.40927857208127, 53.3145645929146 ], [ -6.41380963593182, 53.315121679172499 ], [ -6.41392661619137, 53.315256479435199 ], [ -6.41396461575026, 53.315297997671898 ], [ -6.41436604582055, 53.315658094876198 ], [ -6.4145145621056, 53.315789882156103 ], [ -6.4145987677519, 53.315843506362697 ], [ -6.41461668067906, 53.315855337119601 ], [ -6.41467027885502, 53.315892640375402 ], [ -6.41468955490669, 53.315908999394303 ], [ -6.41470482903131, 53.315921971588601 ], [ -6.41477250694972, 53.315979411592203 ], [ -6.4148093709409, 53.316010705935398 ], [ -6.41501521087675, 53.316192757337397 ], [ -6.41504781244542, 53.316222072440297 ], [ -6.41516455433974, 53.316328247915798 ], [ -6.41525337085322, 53.316408900364898 ], [ -6.41533762510093, 53.316486347248301 ], [ -6.41536110411811, 53.316511622316703 ], [ -6.41550161259559, 53.316634100061997 ], [ -6.4158538168789, 53.316922935047103 ], [ -6.41602084897879, 53.317036391778103 ], [ -6.41599093578843, 53.317052753473497 ], [ -6.4161583206325, 53.3171907553916 ], [ -6.41647968752266, 53.317418218198803 ], [ -6.41665656365711, 53.317522018615001 ], [ -6.41680037561639, 53.317603732428204 ], [ -6.41695918009552, 53.317707293415999 ], [ -6.41699312083894, 53.317687920039198 ], [ -6.41746119650704, 53.318023712923001 ], [ -6.41804483714146, 53.3184238219471 ], [ -6.41833905273804, 53.318618677029598 ], [ -6.41841909711473, 53.318698204959098 ], [ -6.41844948645073, 53.318821554913598 ], [ -6.41855947548532, 53.319171176573903 ], [ -6.41872319480028, 53.319154701563903 ], [ -6.41924414825789, 53.319097322048997 ], [ -6.41967956807569, 53.319004003972204 ], [ -6.41989541191623, 53.318965825363001 ], [ -6.42043849384476, 53.318910513394997 ], [ -6.42085264006164, 53.318903498292102 ], [ -6.42138670661149, 53.318938704267197 ], [ -6.42177238121705, 53.318985441740097 ], [ -6.42264720575514, 53.319039043734001 ], [ -6.42296106784682, 53.319037560116897 ], [ -6.42409889609422, 53.319110929783498 ], [ -6.42478511149868, 53.319146414736799 ], [ -6.42519713849467, 53.319099602902497 ], [ -6.42519943518694, 53.319059241432498 ], [ -6.42519780520581, 53.319025648168001 ], [ -6.42529389858705, 53.318695046172998 ], [ -6.42547114774422, 53.3180905527799 ], [ -6.42550823436498, 53.3180801786038 ], [ -6.42582303259125, 53.318147227488701 ], [ -6.42620333242603, 53.318226605697397 ], [ -6.42625176749788, 53.3182353320882 ], [ -6.42628661837358, 53.318240887154801 ], [ -6.42658615947692, 53.318308685437302 ], [ -6.42668505151778, 53.318332796753502 ], [ -6.42701631791871, 53.318621286042998 ], [ -6.42734224613071, 53.318907341064097 ], [ -6.42736354227366, 53.318926078563997 ], [ -6.42747952295264, 53.319061329219501 ], [ -6.42760293377937, 53.319081054213598 ], [ -6.42765709200062, 53.319088022828801 ], [ -6.42779301781936, 53.319110212606297 ], [ -6.42773132659667, 53.319156675100103 ], [ -6.42780820430214, 53.319162864559402 ], [ -6.42809569104014, 53.319212231231397 ], [ -6.42908855920437, 53.318909159711403 ], [ -6.42925552510824, 53.319160406020103 ], [ -6.42944247684819, 53.319402758317899 ], [ -6.42947517358215, 53.319447391471002 ], [ -6.4300906198702, 53.319257425175003 ], [ -6.43075934265373, 53.319041047234201 ], [ -6.43142650015253, 53.318825048550003 ], [ -6.43195996462564, 53.318652182562097 ], [ -6.43300930568026, 53.3184867493732 ], [ -6.43341618112412, 53.318442870481398 ], [ -6.43345075551619, 53.318491614901198 ], [ -6.43348761805698, 53.3185164518109 ], [ -6.43359133656468, 53.318546928486803 ], [ -6.43364114531991, 53.318549344200498 ], [ -6.433717007201, 53.318539818198097 ], [ -6.43379637808382, 53.318634862429199 ], [ -6.43381963201998, 53.318664111581498 ], [ -6.43385369541016, 53.318708833363601 ], [ -6.43387983998174, 53.318744814665202 ], [ -6.43389782394646, 53.318766770112397 ], [ -6.43415500468226, 53.319091414524003 ], [ -6.43437080104263, 53.319358715066798 ], [ -6.43469387121833, 53.319766956897801 ], [ -6.43496723356172, 53.320121735275897 ], [ -6.43526969218521, 53.320523532095898 ], [ -6.43542149184116, 53.320647741934103 ], [ -6.43557120067884, 53.320809476589297 ], [ -6.43571313131266, 53.320955761267598 ], [ -6.43608345691043, 53.321325395490398 ], [ -6.43628851855284, 53.321530196995901 ], [ -6.4365194728372, 53.321761199350298 ], [ -6.43676209356909, 53.321997898770803 ], [ -6.43701315820367, 53.3222237008086 ], [ -6.43716839378419, 53.322362672859597 ], [ -6.43737461930374, 53.3225367193144 ], [ -6.43778079983266, 53.322930073929697 ], [ -6.43798400137289, 53.323121746330301 ], [ -6.43864382121669, 53.323727119195297 ], [ -6.43911604870791, 53.324276233015297 ], [ -6.43912168129527, 53.324285975914101 ], [ -6.43927474404142, 53.324543189506898 ], [ -6.43927851068798, 53.324557580800104 ], [ -6.43933879519249, 53.324727548095098 ], [ -6.43944121149561, 53.324996113865303 ], [ -6.4395304690752, 53.3252305034313 ], [ -6.43963691506213, 53.3256222920417 ], [ -6.43964688567497, 53.326059284340303 ], [ -6.43960915349194, 53.326277186217503 ], [ -6.43958166672523, 53.3264047596833 ], [ -6.43944926882584, 53.326977096315503 ], [ -6.43934516113337, 53.327202818376698 ], [ -6.4393228499177, 53.327241660740498 ], [ -6.43926915311664, 53.3273676419022 ], [ -6.43923355492998, 53.327444824500198 ], [ -6.4390598703866, 53.328138424605399 ], [ -6.43895846883669, 53.328149345561499 ], [ -6.43887716422344, 53.328177198403601 ], [ -6.43882667052295, 53.328208850941103 ], [ -6.43877730784452, 53.3282641690408 ], [ -6.43857951973141, 53.328259252517299 ], [ -6.43804312539843, 53.328237420248001 ], [ -6.43747642019912, 53.328214469518898 ], [ -6.43717591429322, 53.328202300155098 ], [ -6.43580643201564, 53.328142005557702 ], [ -6.43487577904645, 53.328100312439801 ], [ -6.43406391260307, 53.328057908232203 ], [ -6.43345789830006, 53.3279949195881 ], [ -6.43311257879187, 53.328029338031598 ], [ -6.43286205940411, 53.328039264891601 ], [ -6.43266877356004, 53.3280622449604 ], [ -6.43264855866041, 53.3280924591865 ], [ -6.43258311394795, 53.328141210813598 ], [ -6.43251347172969, 53.328182008670701 ], [ -6.43246362241244, 53.328193089175201 ], [ -6.4324272771298, 53.328228051838401 ], [ -6.43238087286232, 53.328285167845102 ], [ -6.43233378573995, 53.328419824395702 ], [ -6.43229434186557, 53.328566675509997 ], [ -6.43227491686861, 53.328643259722199 ], [ -6.4322248828512, 53.328843519840397 ], [ -6.43216845518216, 53.329059716864201 ], [ -6.43209205031412, 53.329321669420203 ], [ -6.43203440442015, 53.329505546897003 ], [ -6.43198434267714, 53.329661514093097 ], [ -6.43177598838152, 53.3303056570685 ], [ -6.43176054599181, 53.330361212388297 ], [ -6.43173050599084, 53.3304210499902 ], [ -6.43171962047106, 53.330454661897299 ], [ -6.42819105230445, 53.330291072512203 ], [ -6.40566689222029, 53.329460752632599 ], [ -6.40558634799747, 53.330594204887099 ], [ -6.40548676560143, 53.330814710787202 ], [ -6.40233576383513, 53.331187822955599 ], [ -6.40243014016919, 53.331354421063097 ], [ -6.40103782582573, 53.331433775824998 ], [ -6.40098905558102, 53.331337727623101 ], [ -6.3996262503316, 53.331502292433598 ], [ -6.40036095942572, 53.333024538830102 ], [ -6.4006516426724, 53.333286427135803 ], [ -6.40129082071248, 53.333236182661103 ], [ -6.40272012072389, 53.333318904214302 ], [ -6.40289137989259, 53.334034405769899 ], [ -6.40141356299629, 53.334262988156397 ], [ -6.40162928080824, 53.3349784338237 ], [ -6.4038870608899, 53.3359146444066 ], [ -6.40680992818795, 53.337898528610303 ], [ -6.40804390262577, 53.337881918764097 ], [ -6.40769496602617, 53.336206143666701 ], [ -6.40858791809098, 53.336458040672099 ], [ -6.40870807473583, 53.337915501563501 ], [ -6.41174692275154, 53.337962366595903 ], [ -6.41600750342618, 53.338211089564403 ], [ -6.41660498547075, 53.338017782030498 ], [ -6.41716030563874, 53.337978398356597 ], [ -6.41780514198413, 53.337735671954398 ], [ -6.41848012020984, 53.337821641621701 ], [ -6.41948304265546, 53.337797282736503 ], [ -6.41969566113903, 53.337875680449301 ], [ -6.41972632639284, 53.339081538901198 ], [ -6.42081562104035, 53.339104044064101 ], [ -6.42122068066023, 53.338730602017002 ], [ -6.4217469894651, 53.338358583774898 ], [ -6.42234491877284, 53.338047176620201 ], [ -6.42346815100603, 53.337678956084403 ], [ -6.42472985226032, 53.337487821343103 ], [ -6.42565914504231, 53.336898483772998 ], [ -6.42574092314195, 53.336804284730199 ], [ -6.42493937993553, 53.336654044915797 ], [ -6.42305379007968, 53.336717038111601 ], [ -6.42257137547006, 53.336065169135402 ], [ -6.42262545462466, 53.335519266885399 ], [ -6.42271898478632, 53.334966068466798 ], [ -6.42315204474555, 53.334171529551298 ], [ -6.42976435989468, 53.334463024715198 ], [ -6.43060943674555, 53.333808044263698 ], [ -6.43208981028488, 53.333317911022696 ], [ -6.43305694343877, 53.333114049582299 ], [ -6.43348539069759, 53.332910130368603 ], [ -6.43352060798405, 53.3329347594862 ], [ -6.43357636429526, 53.332962090403299 ], [ -6.43362768857255, 53.332976054707601 ], [ -6.43374428188319, 53.332991271376002 ], [ -6.43452790998323, 53.3328358486174 ], [ -6.43469365171349, 53.332805171700201 ], [ -6.43470415922202, 53.332852324407803 ], [ -6.43469540254658, 53.332982801998298 ], [ -6.43468955418116, 53.333051486342299 ], [ -6.43466673501125, 53.333319965775502 ], [ -6.43466949130142, 53.333343473857099 ], [ -6.43496514141689, 53.333358046508202 ], [ -6.43512822642333, 53.333559827868697 ], [ -6.43517997365594, 53.333597915188697 ], [ -6.43522743728113, 53.333645597513097 ], [ -6.43525860001692, 53.333677214948203 ], [ -6.43529761473764, 53.3337182531195 ], [ -6.43538896158933, 53.333806436095102 ], [ -6.4354229438986, 53.333852959153504 ], [ -6.43343065812324, 53.334445907856903 ], [ -6.43110034987282, 53.335447596076101 ], [ -6.42961163264093, 53.336031379291299 ], [ -6.42879484377402, 53.336711755767801 ], [ -6.42882201269675, 53.336870086847 ], [ -6.42901975383547, 53.337768047289202 ], [ -6.42977999240676, 53.338510790844801 ], [ -6.42920059159266, 53.339617652309101 ], [ -6.42909367968053, 53.339953222751099 ], [ -6.42909951046736, 53.3400078174501 ], [ -6.42928039728336, 53.340179854659702 ], [ -6.42985831853765, 53.340259269645202 ], [ -6.43084816727695, 53.340335052085102 ], [ -6.43127995599152, 53.340360718386698 ], [ -6.43131584273174, 53.340224864457902 ], [ -6.43133070195211, 53.340146081348401 ], [ -6.43139062233499, 53.3399919339384 ], [ -6.43155433585295, 53.339806693017998 ], [ -6.43165720264078, 53.339718229186097 ], [ -6.43175377377635, 53.339771772234997 ], [ -6.43216960576976, 53.339145507548899 ], [ -6.43208622195784, 53.337821386305798 ], [ -6.43314496501007, 53.337853062871702 ], [ -6.43309486869819, 53.337446881593898 ], [ -6.43680496336422, 53.337372198073602 ], [ -6.43714913652852, 53.334757820239901 ], [ -6.43715492195139, 53.334758027251901 ], [ -6.43726985162151, 53.334762687516999 ], [ -6.43726932473696, 53.334756974197099 ], [ -6.43726909984897, 53.334754500477402 ], [ -6.43955555556465, 53.334827442988498 ], [ -6.44202127067133, 53.334917168506301 ], [ -6.4427479658767, 53.3349408292639 ], [ -6.44491950011093, 53.33503909014 ], [ -6.4450598900686, 53.335040040090398 ], [ -6.44605733248795, 53.335082449920201 ], [ -6.44699871140257, 53.335122172141702 ], [ -6.44848111830871, 53.335184013007598 ], [ -6.44848581246572, 53.335129565218701 ], [ -6.45118577377422, 53.335238223783897 ], [ -6.45308368644839, 53.335321712028701 ], [ -6.45423627546962, 53.335366326486401 ], [ -6.45423462212742, 53.335375505956797 ], [ -6.4543227493148, 53.335379119418199 ], [ -6.45566331793792, 53.335434800792498 ], [ -6.45701823082519, 53.335492035831201 ], [ -6.45726731035789, 53.335502275604199 ], [ -6.45744976098422, 53.335507969259602 ], [ -6.45756704375514, 53.335514481981299 ], [ -6.45841994460087, 53.335549204985703 ], [ -6.45878313087129, 53.335564114744301 ], [ -6.46136955658813, 53.3356727294764 ], [ -6.46220980782181, 53.335707872480398 ], [ -6.46455842467551, 53.335805524020003 ], [ -6.46501986717602, 53.335824726160403 ], [ -6.46502404023528, 53.335828526892499 ], [ -6.46564481591564, 53.335850963789397 ], [ -6.46642955903848, 53.335883916085599 ], [ -6.46637824909651, 53.336196308309503 ], [ -6.46626281725231, 53.3371963959084 ], [ -6.46620200962605, 53.337693820356002 ], [ -6.46614699098562, 53.338155843180999 ], [ -6.46608283853282, 53.338767678615604 ], [ -6.4659900625169, 53.3394721145646 ], [ -6.46598472975261, 53.339557510653599 ], [ -6.46590288079744, 53.340079601077299 ], [ -6.46582767329132, 53.340241053619998 ], [ -6.46568692631381, 53.340407559339098 ], [ -6.46561629019884, 53.340460889078102 ], [ -6.46477548179918, 53.341030327322102 ], [ -6.46376400944998, 53.341720390480099 ], [ -6.46365108028718, 53.341778549245802 ], [ -6.46354447269895, 53.341858363769397 ], [ -6.4633976950792, 53.341930813012297 ], [ -6.46332979920808, 53.341963375205502 ], [ -6.46320146354488, 53.3420252439427 ], [ -6.4630886096652, 53.342077507116201 ], [ -6.4629674873097, 53.342136304795403 ], [ -6.46294477225445, 53.342147083413103 ], [ -6.46291776163618, 53.342159584486197 ], [ -6.46281504786147, 53.342205401619999 ], [ -6.4627760317119, 53.342222285955202 ], [ -6.46274605774078, 53.342236169790503 ], [ -6.46250107687148, 53.342345435083601 ], [ -6.46207690769671, 53.342540596259703 ], [ -6.46205896218896, 53.342548990592597 ], [ -6.46197940892852, 53.3425862183554 ], [ -6.46188048268609, 53.342640241797 ], [ -6.46165968419356, 53.342761229909399 ], [ -6.46160883902166, 53.342789284257101 ], [ -6.46132208617778, 53.342965070570003 ], [ -6.46101867068805, 53.343189030119298 ], [ -6.46095911056051, 53.343234314756998 ], [ -6.46065763992093, 53.343471301224497 ], [ -6.4606392512987, 53.343485765422997 ], [ -6.46035417180649, 53.343709861003902 ], [ -6.46028737533442, 53.3437621595317 ], [ -6.46007671265178, 53.343927000591698 ], [ -6.46006876684627, 53.343931651718698 ], [ -6.45993203536286, 53.344003732974599 ], [ -6.45986980768768, 53.344035916991601 ], [ -6.45970160876799, 53.344103232683601 ], [ -6.45967069578501, 53.344115602660302 ], [ -6.45960118171318, 53.344142048995003 ], [ -6.45931044561121, 53.344242962359701 ], [ -6.45929742825618, 53.344247476044998 ], [ -6.45875774196726, 53.344378887505997 ], [ -6.45858135574912, 53.3444241888606 ], [ -6.45826279639434, 53.3445091409112 ], [ -6.45807546593384, 53.344584294397798 ], [ -6.45796963771264, 53.344636240020101 ], [ -6.45793472656587, 53.344655746370499 ], [ -6.4578874555155, 53.344682847690898 ], [ -6.45787257144629, 53.344691677333799 ], [ -6.45765271463013, 53.344827155125301 ], [ -6.4575078336883, 53.344951301027599 ], [ -6.4573839665111, 53.345091883111301 ], [ -6.4573315953284, 53.345209056642098 ], [ -6.45724596032016, 53.345425246248098 ], [ -6.45719533819534, 53.345555436083899 ], [ -6.45717403932756, 53.3456595501953 ], [ -6.457114537492, 53.345957023188099 ], [ -6.45716465899558, 53.3459591812586 ], [ -6.45740881549129, 53.345973930632397 ], [ -6.45772763853673, 53.345992251136103 ], [ -6.45821933156978, 53.346004690448297 ], [ -6.45821935176891, 53.3460045469036 ], [ -6.45822729660773, 53.346004892236401 ], [ -6.45854210054926, 53.346004782049597 ], [ -6.4589735827181, 53.346008344107801 ], [ -6.45920409238905, 53.346018456467903 ], [ -6.45948346228524, 53.346034474205602 ], [ -6.45984340841514, 53.346062584667202 ], [ -6.45993581717832, 53.346071959098502 ], [ -6.46015548569013, 53.345841036238099 ], [ -6.46056669731308, 53.345958995319897 ], [ -6.46044509722064, 53.346126226407698 ], [ -6.4613075645796, 53.347895601639003 ], [ -6.46539259057696, 53.347852443047501 ], [ -6.46565679146752, 53.3479382871528 ], [ -6.46565715225602, 53.347952498883203 ], [ -6.46573991932376, 53.348094785616901 ], [ -6.46577249214939, 53.348147861547403 ], [ -6.46606344441729, 53.348137001525302 ], [ -6.46606586910849, 53.348132638537798 ], [ -6.4662255299815, 53.348121734092203 ], [ -6.46646005677086, 53.348104817988101 ], [ -6.46672697205831, 53.348081687289401 ], [ -6.46686677683552, 53.348082602903197 ], [ -6.46746831063244, 53.3480846357484 ], [ -6.46826661031579, 53.348119420459298 ], [ -6.4696611435015, 53.348213276728302 ], [ -6.46978751390551, 53.348138139449397 ], [ -6.46999174610403, 53.348011892548499 ], [ -6.47012103275037, 53.347912369650501 ], [ -6.47021778413493, 53.347762332153103 ], [ -6.47028244731151, 53.347768570956099 ], [ -6.47030549076374, 53.347813257332099 ], [ -6.47038642592183, 53.347844020394298 ], [ -6.47049602521546, 53.347880749362801 ], [ -6.47056933521886, 53.347931560803303 ], [ -6.47065439444529, 53.347993944538999 ], [ -6.47075589109957, 53.348073683188098 ], [ -6.47081444307405, 53.3481416123157 ], [ -6.47088739285131, 53.3482096459324 ], [ -6.47095574691969, 53.3482676000664 ], [ -6.47102747362645, 53.348279626368601 ], [ -6.47112062933141, 53.348300435992599 ], [ -6.47119420776306, 53.348338329557301 ], [ -6.47130104721253, 53.348392257493899 ], [ -6.4714145045563, 53.348473523941003 ], [ -6.47149905334889, 53.348560315085301 ], [ -6.47156979170646, 53.348619719477803 ], [ -6.47175036171407, 53.348704370833403 ], [ -6.47176651767478, 53.348734644775 ], [ -6.47179158214814, 53.348798010990301 ], [ -6.47185244390296, 53.348870264456401 ], [ -6.47183412756603, 53.348941916411398 ], [ -6.47183455774364, 53.349035249842203 ], [ -6.47186396834182, 53.349233613310297 ], [ -6.47192498243616, 53.349298688297097 ], [ -6.47198183703691, 53.349333580954003 ], [ -6.4721267845521, 53.349400729193299 ], [ -6.47223557423202, 53.349476211599502 ], [ -6.47244658892327, 53.349596979214702 ], [ -6.4727387999921, 53.3495087328062 ], [ -6.47283498823114, 53.349612843202998 ], [ -6.47291465953105, 53.349703902112097 ], [ -6.47307881156418, 53.349884625275898 ], [ -6.47314368916194, 53.349994238844403 ], [ -6.47326547266811, 53.350250736185203 ], [ -6.47322874923146, 53.350284916207201 ], [ -6.47323419662343, 53.350368240226501 ], [ -6.47331328483234, 53.3506000103215 ], [ -6.47330208150621, 53.350676022701599 ], [ -6.47321265762275, 53.350820368200402 ], [ -6.47303409309833, 53.351094695568797 ], [ -6.47274530852086, 53.351474454875998 ], [ -6.47248094559763, 53.351834289115999 ], [ -6.47214319867271, 53.352259614956999 ], [ -6.47189610376126, 53.352596602636503 ], [ -6.47235036083399, 53.352666921134499 ], [ -6.47286783767414, 53.352845042644802 ], [ -6.47339985529255, 53.352981177003997 ], [ -6.4779160013078, 53.354564300316198 ], [ -6.47794660695175, 53.354652060434503 ], [ -6.47790691149732, 53.354833635727097 ], [ -6.47789475573436, 53.354891124978202 ], [ -6.47788463616144, 53.354908293861897 ], [ -6.47794232669362, 53.354914968880003 ], [ -6.47789352988451, 53.355126907578502 ], [ -6.47786383823399, 53.3552486383036 ], [ -6.47770148121877, 53.355249388485802 ], [ -6.47736323590058, 53.355240363354497 ], [ -6.47740176277068, 53.355141291435601 ], [ -6.47695784340919, 53.3551183176085 ], [ -6.47673683404458, 53.355098090760698 ], [ -6.47664422977284, 53.355156484405803 ], [ -6.47657774124231, 53.355202308469401 ], [ -6.47633324981825, 53.355353986011501 ], [ -6.47597137118425, 53.355542523932499 ], [ -6.47572804928477, 53.3557261417373 ], [ -6.47534005540139, 53.356043112744203 ], [ -6.47521666801549, 53.356183189696097 ], [ -6.47500377830816, 53.356418702322301 ], [ -6.47484352846507, 53.356687083553403 ], [ -6.4747615568961, 53.356872753414997 ], [ -6.47466653567877, 53.357122649680598 ], [ -6.47466290607955, 53.3572120393247 ], [ -6.47463537938497, 53.357422559788603 ], [ -6.47463046462526, 53.357759854018703 ], [ -6.47465516023234, 53.358553210214602 ], [ -6.47466308672215, 53.358705110451801 ], [ -6.47467113286654, 53.358881004304898 ], [ -6.4746755996094, 53.359049851786502 ], [ -6.47468114094903, 53.359310981070202 ], [ -6.47468223747878, 53.359390869850102 ], [ -6.47438161330731, 53.359678725766003 ], [ -6.47422603116408, 53.359711368520799 ], [ -6.4741924955176, 53.359751151252098 ], [ -6.47405867994831, 53.359778247986199 ], [ -6.47400662990577, 53.359758991101103 ], [ -6.47400218268967, 53.359757352375802 ], [ -6.47374507032461, 53.359811482967999 ], [ -6.47338473199751, 53.359748419721797 ], [ -6.47321346506282, 53.359699196259598 ], [ -6.47289648913585, 53.359609009203403 ], [ -6.4725245998661, 53.359504451537703 ], [ -6.47221869193189, 53.359419014185399 ], [ -6.47179780448116, 53.359305775628499 ], [ -6.47172144560371, 53.3592887841411 ], [ -6.47167203806705, 53.359268319748502 ], [ -6.47166391028445, 53.359264576484598 ], [ -6.4716399376014, 53.359243592969001 ], [ -6.4716385755775, 53.359231273889399 ], [ -6.47079407788111, 53.358994232400498 ], [ -6.47042637205478, 53.359002574680801 ], [ -6.46994396533285, 53.3590423703371 ], [ -6.46992873095411, 53.359076841954099 ], [ -6.46989739924823, 53.359075559415402 ], [ -6.46989890490348, 53.359082974803798 ], [ -6.46936640479725, 53.359067445678598 ], [ -6.46908420645498, 53.359019353063701 ], [ -6.46881682968969, 53.358951277673 ], [ -6.46861468616506, 53.358863596003701 ], [ -6.46847432290162, 53.359030522280499 ], [ -6.46831018950062, 53.359300651628402 ], [ -6.46797777718821, 53.359809289377601 ], [ -6.4679123330193, 53.359838937697901 ], [ -6.46741599183633, 53.359928496850401 ], [ -6.46722570318565, 53.359940249153198 ], [ -6.46715567665573, 53.359697961762599 ], [ -6.46680427007568, 53.359262231136903 ], [ -6.46662996447735, 53.359091271984198 ], [ -6.46638502359643, 53.3588929500335 ], [ -6.46631682498047, 53.358832883296103 ], [ -6.4657308570774, 53.358377536685097 ], [ -6.46520760402918, 53.357880176571101 ], [ -6.46494416347197, 53.3576582677101 ], [ -6.46489582127743, 53.357617542118803 ], [ -6.46486788782864, 53.357594016630401 ], [ -6.4648313362964, 53.357575817007998 ], [ -6.46438955339767, 53.357355916705401 ], [ -6.46373843134909, 53.357104923728699 ], [ -6.46344400671689, 53.356991431912597 ], [ -6.46281155454868, 53.356828763108197 ], [ -6.46222373930087, 53.356677574690401 ], [ -6.46111346843534, 53.356304442026101 ], [ -6.46005518361912, 53.356023823745304 ], [ -6.45969036791676, 53.355972657094199 ], [ -6.45901661068965, 53.3558458005202 ], [ -6.45865694871636, 53.3558416848009 ], [ -6.45837872313402, 53.355850840877501 ], [ -6.45830752031898, 53.355797865180797 ], [ -6.4578299879444, 53.355834394139997 ], [ -6.45747358421477, 53.355930914330898 ], [ -6.4563622568757, 53.356172458038699 ], [ -6.45581686988916, 53.3565359706908 ], [ -6.45436276555855, 53.357143772545598 ], [ -6.45401104158731, 53.357348218850703 ], [ -6.45379628088129, 53.357464804855901 ], [ -6.45311060581591, 53.357706973336498 ], [ -6.45297650615726, 53.357946560484201 ], [ -6.45266746251898, 53.357940287793703 ], [ -6.45210629812207, 53.358335191178398 ], [ -6.45205102141288, 53.358384094276097 ], [ -6.45195361216329, 53.3584702896365 ], [ -6.45167786349883, 53.358714282478097 ], [ -6.45138260159789, 53.358882449827099 ], [ -6.45109987814442, 53.359041083106902 ], [ -6.45055306354155, 53.359333635740597 ], [ -6.45052928013909, 53.359342088286901 ], [ -6.44997334255786, 53.359537319831297 ], [ -6.44930159123039, 53.359706439668997 ], [ -6.44882547661412, 53.359779811360497 ], [ -6.44941097383292, 53.360598167794898 ], [ -6.44982793490528, 53.360587817493197 ], [ -6.45132477443336, 53.360660069235998 ], [ -6.45308550770506, 53.360962288839701 ], [ -6.45367278258067, 53.3611675697164 ], [ -6.45417236573692, 53.361367793077498 ], [ -6.45456043981546, 53.361587245026897 ], [ -6.45484057930835, 53.361777807097802 ], [ -6.45523725607097, 53.362087478468098 ], [ -6.45552427434576, 53.362164920687299 ], [ -6.45572225023876, 53.362252453783299 ], [ -6.45564364793127, 53.362405497169803 ], [ -6.45571428368004, 53.362980859997101 ], [ -6.45569914108118, 53.363262459745101 ], [ -6.45558843261785, 53.363561166942297 ], [ -6.45533671361848, 53.363504116875802 ], [ -6.4546531570427, 53.363474550341998 ], [ -6.45385108497274, 53.363433422123599 ], [ -6.45290546440708, 53.363394662715002 ], [ -6.45219324201757, 53.3635838448226 ], [ -6.45162366703415, 53.363738848514103 ], [ -6.45089030448797, 53.363946484671303 ], [ -6.45049557557506, 53.364107567856401 ], [ -6.4498178762011, 53.364424725234201 ], [ -6.4490733545824, 53.364775727759501 ], [ -6.448578973142, 53.364995027966401 ], [ -6.44827443598972, 53.3650332548618 ], [ -6.4482164676211, 53.365040502993402 ], [ -6.44827052882654, 53.365092265883497 ], [ -6.44806971870933, 53.365140229283099 ], [ -6.44797985589087, 53.365136265436803 ], [ -6.44786645037699, 53.365169825171698 ], [ -6.44764141620834, 53.365168343436601 ], [ -6.44727229639784, 53.365192627906097 ], [ -6.44699549314686, 53.365205995189399 ], [ -6.44649978289971, 53.365200496103697 ], [ -6.44649911737325, 53.365170468031998 ], [ -6.44648805257072, 53.365059236905701 ], [ -6.44651853678768, 53.364877501299098 ], [ -6.44645665817464, 53.364700363216798 ], [ -6.4462854967278, 53.3644893472474 ], [ -6.44615439935835, 53.364400044819 ], [ -6.44600966198502, 53.364308596289902 ], [ -6.44576315313302, 53.364212245023801 ], [ -6.44554910676772, 53.364099107048098 ], [ -6.44536069041604, 53.3639896586294 ], [ -6.4452819701703, 53.363895159469998 ], [ -6.44575941542657, 53.363847805564902 ], [ -6.44607240616174, 53.363829308478103 ], [ -6.44682234201765, 53.363755989244602 ], [ -6.44729968198089, 53.363724289148102 ], [ -6.44767358333451, 53.363693651333499 ], [ -6.44781761330339, 53.363640914585503 ], [ -6.44812207612333, 53.363439925214799 ], [ -6.44850964069942, 53.363226406094 ], [ -6.44894037849987, 53.363063806672201 ], [ -6.44914088791092, 53.362999250875099 ], [ -6.44940838703777, 53.362920681304203 ], [ -6.44943846835837, 53.362733720494198 ], [ -6.44938731029823, 53.362587569508001 ], [ -6.44917811216485, 53.362581390789501 ], [ -6.44893507509025, 53.362483437387397 ], [ -6.44874349218988, 53.3622914114354 ], [ -6.44877765944514, 53.362125553413001 ], [ -6.44895836493533, 53.361939453992498 ], [ -6.44914074542402, 53.361786208679803 ], [ -6.4492910099426, 53.361683201281103 ], [ -6.44925643994104, 53.361567285170104 ], [ -6.4489488156356, 53.361425090113102 ], [ -6.44881360370673, 53.361311011489697 ], [ -6.44875192122726, 53.361201142140999 ], [ -6.44833274875862, 53.360836886803902 ], [ -6.44744577037323, 53.361033254791899 ], [ -6.44730677163075, 53.360622389424996 ], [ -6.44718570793688, 53.360333066281399 ], [ -6.44706254578487, 53.360350468415 ], [ -6.4463702781979, 53.360420172451597 ], [ -6.44605485266025, 53.360483935464998 ], [ -6.44546622591068, 53.360626305134197 ], [ -6.44486509430979, 53.360738648609797 ], [ -6.44365380927771, 53.361209297260103 ], [ -6.4427186065537, 53.3619235332269 ], [ -6.44243218980776, 53.3621803235811 ], [ -6.4422940803384, 53.362309112667504 ], [ -6.44203713592377, 53.3622122056968 ], [ -6.44185982374037, 53.362095140062102 ], [ -6.44160349434411, 53.361944800169098 ], [ -6.44128263068733, 53.3617830318112 ], [ -6.4415989484676, 53.361532700560701 ], [ -6.44172062482642, 53.3614293966668 ], [ -6.44187385487691, 53.361296222749701 ], [ -6.44207640189463, 53.3611864272671 ], [ -6.44240405328446, 53.360983409249897 ], [ -6.44255151614371, 53.360927518589399 ], [ -6.44278979533071, 53.360797547631698 ], [ -6.44286076599989, 53.360757740740397 ], [ -6.44281829200613, 53.360606420593598 ], [ -6.4423737713696, 53.359534501019901 ], [ -6.4423153401137, 53.359308828806597 ], [ -6.44229499740032, 53.3591796962247 ], [ -6.44196710248588, 53.3592423688943 ], [ -6.44164675840642, 53.359320792531904 ], [ -6.44139378875881, 53.359398649161101 ], [ -6.44115975518168, 53.359468754322101 ], [ -6.44084598020002, 53.359562178790199 ], [ -6.44055726645959, 53.359678421166201 ], [ -6.4404025327259, 53.359743055698097 ], [ -6.44014088355247, 53.359859732575899 ], [ -6.43984323094329, 53.359982469666903 ], [ -6.43957671066262, 53.360008772492698 ], [ -6.43934569739876, 53.360028575295999 ], [ -6.43905142821364, 53.360044305632499 ], [ -6.43898108070975, 53.360047680731299 ], [ -6.43879755445247, 53.360026678585299 ], [ -6.43865352006612, 53.360006866957299 ], [ -6.43831994756505, 53.359969414159401 ], [ -6.43825465718144, 53.359966754048003 ], [ -6.4380339784054, 53.359979994502197 ], [ -6.4376194856064, 53.360009513290102 ], [ -6.43713673865555, 53.360062326707798 ], [ -6.43670856506981, 53.360097045999801 ], [ -6.43633509455972, 53.3601109681019 ], [ -6.43609734265448, 53.360099782334203 ], [ -6.43568540645757, 53.360059435569497 ], [ -6.4351261403004, 53.3599929646238 ], [ -6.43478586643924, 53.359958928304302 ], [ -6.43427581708481, 53.359898472733597 ], [ -6.4339796784847, 53.359886525642899 ], [ -6.43366615919173, 53.359858211064598 ], [ -6.43334376130448, 53.359827100713296 ], [ -6.43312906449547, 53.3598000820569 ], [ -6.43227789546127, 53.359606108572699 ], [ -6.43209355340351, 53.359609059614797 ], [ -6.43160309485563, 53.359626812574803 ], [ -6.43095105252664, 53.359639741790502 ], [ -6.43031249063765, 53.359652845663497 ], [ -6.42947559609374, 53.359682151281199 ], [ -6.42877844609898, 53.3596998578072 ], [ -6.42862103957634, 53.359703158135702 ], [ -6.42848699726932, 53.3596825759737 ], [ -6.42833878213872, 53.3596806240189 ], [ -6.42811011106112, 53.359666855427399 ], [ -6.42783633821052, 53.359657874149498 ], [ -6.42772029053476, 53.359661790070199 ], [ -6.42741616386472, 53.359630662622997 ], [ -6.42713305564813, 53.3596255464252 ], [ -6.42670827169472, 53.359623603081999 ], [ -6.42631908667636, 53.359639182186498 ], [ -6.42602574505428, 53.359662693219498 ], [ -6.42586521927429, 53.359649935963098 ], [ -6.4256134991937, 53.359636441849801 ], [ -6.42533631258624, 53.359581114117297 ], [ -6.42499781349276, 53.359476470728097 ], [ -6.42416294144946, 53.359242963684999 ], [ -6.42332681512023, 53.359066871237303 ], [ -6.42251571379101, 53.358952721044602 ], [ -6.42134640800671, 53.358864413800198 ], [ -6.42069402038149, 53.358824320312102 ], [ -6.41979964831924, 53.358826450197597 ], [ -6.41908800551701, 53.358868322825899 ], [ -6.41824609247873, 53.3589274253982 ], [ -6.41766270760168, 53.358974997243401 ], [ -6.41670909535252, 53.358935657215802 ], [ -6.41595989681697, 53.358924409475101 ], [ -6.41450189035904, 53.3589416417257 ], [ -6.41305541229992, 53.358942448377398 ], [ -6.41231057795774, 53.358944355385503 ], [ -6.41206784462472, 53.358951538986901 ], [ -6.41186166725837, 53.358953970462402 ], [ -6.41173617426387, 53.358960266233197 ], [ -6.41173586418566, 53.358960281879597 ], [ -6.41176148315273, 53.359286463827502 ], [ -6.41096254093135, 53.3592579930177 ], [ -6.41086283276886, 53.358865985530201 ], [ -6.41056762844861, 53.358788747717 ], [ -6.41006548353059, 53.358658023518203 ], [ -6.40983380576313, 53.358582940698902 ], [ -6.4095985510353, 53.358493026450603 ], [ -6.40869964010911, 53.358323686978103 ], [ -6.40685367802786, 53.357879234908502 ], [ -6.40405042290733, 53.357203215039 ], [ -6.40209963101578, 53.356732961777602 ], [ -6.40187452509399, 53.357023508663801 ], [ -6.40170232747993, 53.357216260760097 ], [ -6.40144663186815, 53.357410616527503 ], [ -6.40121188006031, 53.357564994599997 ], [ -6.40107303491494, 53.357604235987701 ], [ -6.40087747327471, 53.3576290043166 ], [ -6.40061480902769, 53.357611788307402 ], [ -6.40043377944806, 53.357554565193603 ], [ -6.40032114713201, 53.357505114707699 ], [ -6.40019912590974, 53.357400741618498 ], [ -6.39997899361468, 53.357164926775702 ], [ -6.39974896238114, 53.356887877013001 ], [ -6.3994927048922, 53.3566995075251 ], [ -6.39914440468346, 53.356523615562303 ], [ -6.39889293222286, 53.356513384764803 ], [ -6.3986770612621, 53.356469394417701 ], [ -6.39824351073502, 53.356371629183101 ], [ -6.39811254616578, 53.356304928942599 ], [ -6.39777864310659, 53.356235144340602 ], [ -6.39732780168383, 53.356131150434798 ], [ -6.39688482249905, 53.356059897376099 ], [ -6.39642264116678, 53.3560156027403 ], [ -6.39585034765473, 53.355997027138599 ], [ -6.39540411518731, 53.356012789934901 ], [ -6.39446780129252, 53.3560001929336 ], [ -6.3940845772921, 53.356033117027401 ], [ -6.39358174535637, 53.356102530470899 ], [ -6.39265726203065, 53.356258754048397 ], [ -6.39180509934594, 53.356426836765202 ], [ -6.39133820879897, 53.356507598773803 ], [ -6.39063497553467, 53.356585179751796 ], [ -6.38969208704396, 53.3567465681353 ], [ -6.38978511138752, 53.356932827380902 ], [ -6.38986944995238, 53.357108087659498 ], [ -6.39010676481258, 53.357568362562901 ], [ -6.39061584823166, 53.357575231425699 ], [ -6.39083237372338, 53.357621680923501 ], [ -6.39124850687826, 53.357681702909701 ], [ -6.39158280623367, 53.357740629430403 ], [ -6.39186360289275, 53.357771615860202 ], [ -6.39189331575274, 53.357895573285397 ], [ -6.39183226618416, 53.358003831606503 ], [ -6.39163116929457, 53.3581988394889 ], [ -6.39121966229249, 53.358534182776097 ], [ -6.39091246982223, 53.3588231991437 ], [ -6.39118322140262, 53.358794219065501 ], [ -6.39190278990453, 53.3585155765401 ], [ -6.39188579533976, 53.359193531293798 ], [ -6.39177362406645, 53.359278123918102 ], [ -6.39155975605398, 53.359393351729402 ], [ -6.3905926103113, 53.359355854832799 ], [ -6.39053220941252, 53.359406332485499 ], [ -6.39052356166128, 53.3594656458041 ], [ -6.39058573775043, 53.3596301104444 ], [ -6.39060467499071, 53.359732634941402 ], [ -6.3905871153688, 53.359896024171398 ], [ -6.39065031957102, 53.360033229672801 ], [ -6.39074514199844, 53.360239048405703 ], [ -6.39085863379638, 53.360554189936501 ], [ -6.39100054297863, 53.3607458519432 ], [ -6.39087071067347, 53.3605696601171 ], [ -6.39091464784914, 53.360559361010097 ], [ -6.40435958671907, 53.362084462743503 ], [ -6.40804460988953, 53.362627216580002 ], [ -6.4099688181204, 53.365291005719001 ], [ -6.41037368025679, 53.3657176823722 ], [ -6.41043088747025, 53.366139741840499 ], [ -6.41047546988208, 53.366325087121098 ], [ -6.4105237205549, 53.366411949697799 ], [ -6.41059434879717, 53.366726967655097 ], [ -6.41064191271403, 53.3668322965325 ], [ -6.41058930731028, 53.366862391140202 ], [ -6.41047565647083, 53.366873196266397 ], [ -6.41046100057203, 53.366990007197501 ], [ -6.41042737647277, 53.3670634595656 ], [ -6.41036882377763, 53.367253595897402 ], [ -6.41032148022034, 53.367377519433703 ], [ -6.41024444003963, 53.367579162002798 ], [ -6.41023495925179, 53.367799829473199 ], [ -6.40995719449723, 53.369128735249902 ], [ -6.40993418160948, 53.369389120489103 ], [ -6.40986949508365, 53.370121206333401 ], [ -6.40965631138497, 53.371413402164599 ], [ -6.40947905798051, 53.3722886879982 ], [ -6.40932227060679, 53.372897651307802 ], [ -6.40915987950526, 53.372990189477498 ], [ -6.4084530699861, 53.372807955194098 ], [ -6.40779589052677, 53.372624266643001 ], [ -6.40774801382514, 53.3727468437258 ], [ -6.40773071075381, 53.373357953457401 ], [ -6.40770122126824, 53.373788369937202 ], [ -6.40802525942477, 53.373796309341799 ], [ -6.40851509295571, 53.373808863948 ], [ -6.4085255894741, 53.373829581669298 ], [ -6.4084274735036, 53.374228772406603 ], [ -6.40836738975811, 53.374473471538998 ], [ -6.40837253530547, 53.374629626394203 ], [ -6.40819706555605, 53.374777620254498 ], [ -6.40770663283435, 53.374776036911101 ], [ -6.40762591645687, 53.374776749516798 ], [ -6.4075861835407, 53.3751367430906 ], [ -6.40757914209414, 53.375623372543203 ], [ -6.40753231890567, 53.376083205897899 ], [ -6.4073760831109, 53.376734641627102 ], [ -6.40716114058939, 53.376951451452499 ], [ -6.40685151975857, 53.377249686550499 ], [ -6.40681217751082, 53.3774384766919 ], [ -6.40678465969877, 53.3777142295869 ], [ -6.4066068347517, 53.378151744092499 ], [ -6.40636469949357, 53.378295646515497 ], [ -6.40591422320302, 53.378942179648199 ], [ -6.40582693405727, 53.3790428222024 ], [ -6.40579276177113, 53.3790941350575 ], [ -6.40631379399846, 53.3792388764154 ], [ -6.40638130412115, 53.379393635877399 ], [ -6.40650238226734, 53.3795772092707 ], [ -6.40651560089775, 53.379607801618597 ], [ -6.40655541501646, 53.379699973534699 ], [ -6.40658138620257, 53.379785641258202 ], [ -6.40661743143764, 53.379791442377901 ], [ -6.40758776622096, 53.3799506409351 ], [ -6.40782387062977, 53.379975331020802 ], [ -6.40814774056616, 53.380042310699899 ], [ -6.40909786792383, 53.380192790484301 ], [ -6.40951215507847, 53.380243152198197 ], [ -6.41049679875955, 53.380410524924997 ], [ -6.41333212194861, 53.380896988276199 ], [ -6.41401420977069, 53.381002879715098 ], [ -6.41505542454006, 53.381170291278401 ], [ -6.41588502118324, 53.381302275592397 ], [ -6.41704774202608, 53.381485490217003 ], [ -6.41743253037752, 53.381572015462801 ], [ -6.41791135555205, 53.381687714797003 ], [ -6.41793384345369, 53.381744722659597 ], [ -6.4185391618825, 53.3818955326158 ], [ -6.42278444655989, 53.383052618410197 ], [ -6.42305615749986, 53.383127162082303 ], [ -6.42342379227924, 53.383250328238603 ], [ -6.42403556114409, 53.383402920902299 ], [ -6.42450827082967, 53.383509840386502 ], [ -6.42534152684107, 53.383667227992802 ], [ -6.42623731375513, 53.383832309005101 ], [ -6.42622979217733, 53.383882620864199 ], [ -6.42682635132753, 53.383999054368999 ], [ -6.42727769969935, 53.3840693335165 ], [ -6.42781941261755, 53.384160741628698 ], [ -6.42814276602437, 53.384217721060899 ], [ -6.43085533209096, 53.384768392447299 ], [ -6.43133043210067, 53.384841008640699 ], [ -6.43216994907936, 53.385009348037002 ], [ -6.43262728260322, 53.385094009352102 ], [ -6.43301845020822, 53.385189032420897 ], [ -6.43342903135891, 53.385267451400303 ], [ -6.4338412628275, 53.385300952338802 ], [ -6.43425329016296, 53.385340073757803 ], [ -6.43452484596639, 53.3853661014887 ], [ -6.43440326731822, 53.385606082811201 ], [ -6.43376545197216, 53.3865977180687 ], [ -6.43356852649852, 53.386842317393302 ], [ -6.43413367501123, 53.387574456219397 ], [ -6.43430348363815, 53.387812635743401 ], [ -6.43446574449987, 53.388000161273098 ], [ -6.43482256077394, 53.388171934030296 ], [ -6.43498431936965, 53.3881565331329 ], [ -6.43499811114645, 53.3881800769135 ], [ -6.43500573410087, 53.388238586056303 ], [ -6.43495058725377, 53.388410157916503 ], [ -6.43490837324005, 53.388628635123403 ], [ -6.43483998813263, 53.389027826257902 ], [ -6.43510076940092, 53.389110097283002 ], [ -6.43553074025283, 53.389241312952798 ], [ -6.43586890306384, 53.389345039223898 ], [ -6.43618456331006, 53.389395902639201 ], [ -6.43642350490714, 53.389407794872703 ], [ -6.43675500686865, 53.389426739090901 ], [ -6.43707706503223, 53.389436798307102 ], [ -6.43728213119391, 53.389439483953197 ], [ -6.43743382313694, 53.389432709260902 ], [ -6.43768941494679, 53.389447593244803 ], [ -6.43834204949555, 53.389569231294999 ], [ -6.43874708855998, 53.389642778493297 ], [ -6.439693695086, 53.390069515440402 ], [ -6.44019480207941, 53.390298759126402 ], [ -6.44022023867556, 53.390309813065898 ], [ -6.4405254707823, 53.390285328478299 ], [ -6.44067083548042, 53.390275055222801 ], [ -6.44078096838759, 53.3902739565467 ], [ -6.44156137715058, 53.3904579081157 ], [ -6.44201884838724, 53.3905608114393 ], [ -6.44243617226594, 53.390654107874397 ], [ -6.44326563265537, 53.390839535764499 ], [ -6.44362622057324, 53.390920583699398 ], [ -6.44384199483524, 53.390968601848797 ], [ -6.4443401477915, 53.391074423573002 ], [ -6.44453426650144, 53.391116797914798 ], [ -6.44451144191689, 53.391223202018601 ], [ -6.44422633615571, 53.391683642448697 ], [ -6.4442003767155, 53.391830001398397 ], [ -6.44419586824669, 53.391855416795899 ], [ -6.44418025430772, 53.391895759117297 ], [ -6.44394305080649, 53.392297907165698 ], [ -6.44490366505266, 53.3925206129611 ], [ -6.44558333962997, 53.3926781782964 ], [ -6.44534093332322, 53.393063621245901 ], [ -6.44518102344499, 53.393304393696802 ], [ -6.44508731104212, 53.393414803487403 ], [ -6.4449965431572, 53.393690946308702 ], [ -6.44502284017771, 53.393697872420603 ], [ -6.44527130507049, 53.393740369153598 ], [ -6.44560561106351, 53.393789427937598 ], [ -6.44596903717563, 53.393838856775503 ], [ -6.44617465454975, 53.393874879850699 ], [ -6.44650707577664, 53.393953862530097 ], [ -6.44666281104146, 53.394000702259802 ], [ -6.44694536558723, 53.394077299286103 ], [ -6.44676570657308, 53.394230767268098 ], [ -6.44664520870797, 53.3944706945463 ], [ -6.44746843592843, 53.394511059756702 ], [ -6.44753256941091, 53.3945741927716 ], [ -6.45084372319396, 53.395353713255901 ], [ -6.4506601328273, 53.396534403612698 ], [ -6.44867073846221, 53.397566953674598 ], [ -6.4476120827986, 53.397241621017301 ], [ -6.44527708259244, 53.396667594903001 ], [ -6.44471107193062, 53.397211113565298 ], [ -6.44421724431145, 53.3980960579512 ], [ -6.44377395316866, 53.399056888776101 ], [ -6.443671697845, 53.399360130839298 ], [ -6.44354371076241, 53.399443549816198 ], [ -6.4434683504631, 53.399492671593897 ], [ -6.44360443725405, 53.399619808578201 ], [ -6.44353433067186, 53.399748667664802 ], [ -6.44356099212918, 53.3998440954161 ], [ -6.44271167056187, 53.399720981284297 ], [ -6.44207027978005, 53.399682463473098 ], [ -6.44110171583308, 53.399724028231098 ], [ -6.4402297409878, 53.400000453679702 ], [ -6.43974442310349, 53.400157257738599 ], [ -6.44003163288743, 53.400497335547797 ], [ -6.44054928216558, 53.401041293134803 ], [ -6.44053258152553, 53.401080234846702 ], [ -6.439760645601, 53.401220498820997 ], [ -6.43977501132001, 53.4012893291221 ], [ -6.43995887990658, 53.401480490168801 ], [ -6.44056544970885, 53.401912980585301 ], [ -6.44113200116367, 53.402210346681599 ], [ -6.4410312288822, 53.402533087809097 ], [ -6.44030133376849, 53.402763510040401 ], [ -6.44030462145137, 53.402884467683002 ], [ -6.44010610114055, 53.403111192405099 ], [ -6.439934509413, 53.403427876161899 ], [ -6.43972335350941, 53.403508387867902 ], [ -6.43939672288414, 53.403624815930897 ], [ -6.43902419134149, 53.403574350666297 ], [ -6.43881229066578, 53.403590520840403 ], [ -6.43861414118089, 53.403668487258599 ], [ -6.43852937418195, 53.4037392388149 ], [ -6.4384087865075, 53.403726383717398 ], [ -6.43823019112011, 53.403812297028097 ], [ -6.43811357961182, 53.403935468317698 ], [ -6.43800052507089, 53.404096184042899 ], [ -6.43806387449248, 53.404268130709703 ], [ -6.43789817381265, 53.404483410989002 ], [ -6.43802822130188, 53.404526259513801 ], [ -6.43794980418143, 53.404633351431201 ], [ -6.43776172950366, 53.404828057813098 ], [ -6.43761505174276, 53.405055097294202 ], [ -6.43744522732361, 53.405332721696603 ], [ -6.43730963889148, 53.405547191793097 ], [ -6.43721521471694, 53.405800362768296 ], [ -6.43706558166061, 53.405817489645301 ], [ -6.43697444842574, 53.405821373814902 ], [ -6.43622309876799, 53.4058069046105 ], [ -6.43612051348112, 53.4058565100773 ], [ -6.43599348821814, 53.4059382259898 ], [ -6.43581087234607, 53.406056262096101 ], [ -6.43577648199617, 53.406148455106901 ], [ -6.43569911110451, 53.406355877531297 ], [ -6.43564046385727, 53.406475537573598 ], [ -6.43562173944054, 53.4065632998933 ], [ -6.43560199406841, 53.406678841811797 ], [ -6.43556573397667, 53.406821960310602 ], [ -6.43548225560705, 53.406922451976698 ], [ -6.43528151546348, 53.4070535661156 ], [ -6.4350534819485, 53.4071793168713 ], [ -6.4348412048282, 53.407310046274603 ], [ -6.43458230929248, 53.407406780690003 ], [ -6.43351673182439, 53.407740878114303 ], [ -6.43292803176466, 53.407909569877397 ], [ -6.43259751743752, 53.408000588372403 ], [ -6.43234817135455, 53.4080545364722 ], [ -6.43207936030936, 53.408102494218198 ], [ -6.43182188984233, 53.409243660165899 ], [ -6.43175792240566, 53.4095389671932 ], [ -6.43149077011502, 53.409498237630302 ], [ -6.43090609905691, 53.409404693099603 ], [ -6.43046744899429, 53.409306812492602 ], [ -6.42985818583764, 53.409168199119897 ], [ -6.42938430042401, 53.409072492641101 ], [ -6.42911350500986, 53.409015697123202 ], [ -6.42875419703969, 53.408940877765197 ], [ -6.42862952761586, 53.408907893871202 ], [ -6.42753795194161, 53.408606159886098 ], [ -6.42659980942971, 53.408394949834403 ], [ -6.42564086258536, 53.408178056344298 ], [ -6.42531370345901, 53.408110974627299 ], [ -6.42447610486396, 53.407935749651301 ], [ -6.42373946079323, 53.407768340816602 ], [ -6.42248601319384, 53.407510672531203 ], [ -6.42187788313849, 53.407387883967601 ], [ -6.4205320157163, 53.407123465649804 ], [ -6.4194176951154, 53.406884310110399 ], [ -6.41893618740939, 53.406792279845298 ], [ -6.41883508386675, 53.406951329524901 ], [ -6.41770455848633, 53.4067500624544 ], [ -6.41661758122706, 53.406583086270103 ], [ -6.41654624687262, 53.406562272622097 ], [ -6.41640180512433, 53.407183614029599 ], [ -6.41595679021172, 53.407150151265398 ], [ -6.41601869677841, 53.406794503732399 ], [ -6.41571207991196, 53.406632600224803 ], [ -6.4159029837113, 53.406374576192299 ], [ -6.41547426574946, 53.406193309963299 ], [ -6.41499868730898, 53.406068004744697 ], [ -6.41444463143165, 53.4060041612912 ], [ -6.41358232321231, 53.4060417844996 ], [ -6.41309126525039, 53.406062655245996 ], [ -6.41274440981422, 53.4060582673604 ], [ -6.41173603092104, 53.405934722946803 ], [ -6.41113672573592, 53.405866236484997 ], [ -6.41054421881231, 53.405822008490702 ], [ -6.40939499508534, 53.405742810583902 ], [ -6.40872765303738, 53.405713804960698 ], [ -6.40757084168762, 53.405487298084502 ], [ -6.40703281749799, 53.405410613254602 ], [ -6.4061239725923, 53.405295035273198 ], [ -6.40589090308263, 53.405247406757802 ], [ -6.40567280269484, 53.405175876784597 ], [ -6.40547838530324, 53.405066994665098 ], [ -6.40505568065761, 53.405115119114399 ], [ -6.40275597837819, 53.4051841022833 ], [ -6.40183553462307, 53.405401964322699 ], [ -6.40083330145741, 53.405097783694004 ], [ -6.39994824838793, 53.406386637921898 ], [ -6.4000498142407, 53.406424361169798 ], [ -6.4003601937096, 53.406439924803401 ], [ -6.40056045048529, 53.406492767103302 ], [ -6.40068246457879, 53.406545702440901 ], [ -6.40081028812413, 53.406626976848003 ], [ -6.40084721893117, 53.406674710728502 ], [ -6.40092385565422, 53.4067545848592 ], [ -6.40096158704739, 53.406804720191303 ], [ -6.40099816056445, 53.406865076259898 ], [ -6.40101126960207, 53.4068886346044 ], [ -6.40103029264086, 53.406933531100599 ], [ -6.40104537265309, 53.406985787960899 ], [ -6.40105912186499, 53.407038879043803 ], [ -6.40106161532486, 53.407048593244603 ], [ -6.40106659199967, 53.407124559544897 ], [ -6.40106520909908, 53.407179036123601 ], [ -6.40105882566398, 53.407221745357297 ], [ -6.40104856742673, 53.407271758349601 ], [ -6.40102211379725, 53.407349456307102 ], [ -6.40100817532761, 53.4073863849368 ], [ -6.40097611719229, 53.4074413458736 ], [ -6.40093681790546, 53.407497515753001 ], [ -6.40092257598737, 53.407513539076803 ], [ -6.40081122129923, 53.407634148368203 ], [ -6.40116909133835, 53.407699423157197 ], [ -6.40112635392038, 53.407796611613897 ], [ -6.40109553806076, 53.407878842155398 ], [ -6.40081164869388, 53.408413492709002 ], [ -6.40070902147478, 53.408646883210302 ], [ -6.40061763839393, 53.4087927523343 ], [ -6.40051752197173, 53.408951395654697 ], [ -6.40058707197124, 53.408963943255898 ], [ -6.40064978496859, 53.408977508331297 ], [ -6.40069795078815, 53.408987193498298 ], [ -6.40076069009481, 53.408992401072801 ], [ -6.40083815683633, 53.409003942771697 ], [ -6.40088264134014, 53.409008753882802 ], [ -6.40092888860498, 53.409021468227301 ], [ -6.40096406378249, 53.409026279557303 ], [ -6.40100291789197, 53.409032020955699 ], [ -6.40107025324328, 53.409039455989202 ], [ -6.40112774328202, 53.409049912076703 ], [ -6.40122927098172, 53.409069917815401 ], [ -6.40129004550907, 53.409087050832497 ], [ -6.40162603841126, 53.409133101029397 ], [ -6.40189276624463, 53.409172283115801 ], [ -6.40208051621016, 53.409198537390601 ], [ -6.40215994076192, 53.409199601239003 ], [ -6.4026971642357, 53.409177110841 ], [ -6.40279490354839, 53.4092199691692 ], [ -6.4028809126004, 53.409310143371698 ], [ -6.40295900391608, 53.409346799569903 ], [ -6.4030373159471, 53.4093775275932 ], [ -6.40312467540512, 53.409432117048503 ], [ -6.40319173504513, 53.409498297096903 ], [ -6.40320781162544, 53.409599414973101 ], [ -6.40314578255729, 53.409663876635697 ], [ -6.40302486716218, 53.409709740347601 ], [ -6.40298293263756, 53.409768531535697 ], [ -6.40299989815911, 53.409845910965601 ], [ -6.40301908732908, 53.409863977932503 ], [ -6.40317328570221, 53.409990684550401 ], [ -6.40331797801817, 53.410105392701503 ], [ -6.40343927366864, 53.4103147425161 ], [ -6.40352307915687, 53.4104642478203 ], [ -6.40359739460449, 53.410601755037398 ], [ -6.40375024941767, 53.4107640536105 ], [ -6.403964896352, 53.410867826822297 ], [ -6.40414027415931, 53.4109591946564 ], [ -6.40424771861746, 53.4110081125405 ], [ -6.40435471735191, 53.411068903590497 ], [ -6.40438227342316, 53.411128623916603 ], [ -6.4044491154399, 53.411200739466302 ], [ -6.40454549222834, 53.411322286364197 ], [ -6.40436781641009, 53.4143736431324 ], [ -6.40411978615251, 53.414720193083099 ], [ -6.40391030383161, 53.415143332600998 ], [ -6.4037805738171, 53.415551758895802 ], [ -6.40389351926732, 53.415833530812002 ], [ -6.40324202113921, 53.416122520521299 ], [ -6.40297114298019, 53.416227347675303 ], [ -6.40274850091184, 53.416279650174303 ], [ -6.40224085826508, 53.416338776973298 ], [ -6.40178419146462, 53.4163368609115 ], [ -6.40093754601357, 53.4163447883355 ], [ -6.40074663042083, 53.416482213323903 ], [ -6.40056180614158, 53.416618407382103 ], [ -6.40040608763396, 53.416777357294698 ], [ -6.40031839139752, 53.416919327152002 ], [ -6.40022136132958, 53.417110379371302 ], [ -6.40010305957141, 53.417269830194797 ], [ -6.39994868126249, 53.417393015121299 ], [ -6.39985433454601, 53.417512530203098 ], [ -6.39967717295295, 53.4176443505593 ], [ -6.39950563361119, 53.417825453495198 ], [ -6.39929880225377, 53.4180038630914 ], [ -6.39918550872709, 53.418154349183702 ], [ -6.39906263264218, 53.418298856512898 ], [ -6.3989882378981, 53.4184557141269 ], [ -6.39891296452582, 53.418635941755603 ], [ -6.39883747120052, 53.418822005780001 ], [ -6.39879130788758, 53.419008472950097 ], [ -6.39877515213581, 53.419177802745303 ], [ -6.39877747200302, 53.419376601522501 ], [ -6.39878462711326, 53.419622857061 ], [ -6.39877241253338, 53.419736544805701 ], [ -6.39870107986253, 53.419944303618998 ], [ -6.39864793984927, 53.420090644461503 ], [ -6.39853869464906, 53.420250457871298 ], [ -6.39840582856945, 53.420405218678297 ], [ -6.39828320100421, 53.420498437697098 ], [ -6.39811224380914, 53.420609995044799 ], [ -6.39795031074968, 53.420693206070801 ], [ -6.39788484002583, 53.420744508311401 ], [ -6.39774973791427, 53.420747440248398 ], [ -6.39762221671048, 53.420759953226501 ], [ -6.39746294016825, 53.420772048888203 ], [ -6.39720807659615, 53.420792349798198 ], [ -6.39700892958167, 53.420808645369803 ], [ -6.39679374271804, 53.420829478922101 ], [ -6.3965706157767, 53.420850195582197 ], [ -6.39634641925476, 53.420899365519098 ], [ -6.39625483671649, 53.420934204610802 ], [ -6.39614163290681, 53.420977119101401 ], [ -6.39600942954895, 53.421030884536201 ], [ -6.39595157278856, 53.4210856494553 ], [ -6.39593131786296, 53.421129812306901 ], [ -6.39596640873677, 53.421185834777297 ], [ -6.39596055566224, 53.421341274394898 ], [ -6.39589977232353, 53.421473763590001 ], [ -6.39587658947241, 53.421595651609898 ], [ -6.39583439025882, 53.421728390421698 ], [ -6.39586697355272, 53.421851027586101 ], [ -6.39584544746184, 53.421928502017202 ], [ -6.3958040990927, 53.422039029833499 ], [ -6.39574415017869, 53.4221493167312 ], [ -6.39568461926222, 53.422248493965 ], [ -6.3956271949688, 53.422292157378699 ], [ -6.39557017352446, 53.422324719916098 ], [ -6.39551189639055, 53.422390585238801 ], [ -6.39547221885458, 53.422456709444603 ], [ -6.39545152967416, 53.422511972639001 ], [ -6.39541185192793, 53.422578096821802 ], [ -6.39539241561176, 53.422600049068301 ], [ -6.39538948846662, 53.422677773339103 ], [ -6.3954051600179, 53.4227557484285 ], [ -6.39542081511455, 53.4228337223946 ], [ -6.39543772625518, 53.422878385464003 ], [ -6.39547407423762, 53.422901086394802 ], [ -6.39550706031279, 53.423012622787198 ], [ -6.39550329572514, 53.423112549222502 ], [ -6.39551645905741, 53.423257138037002 ], [ -6.39552960555356, 53.423401736506698 ], [ -6.39552500606, 53.423523873226102 ], [ -6.3955022392828, 53.423634651490602 ], [ -6.39540803121154, 53.423666713391597 ], [ -6.39518455274392, 53.423674816493097 ], [ -6.39501726126455, 53.423672567216599 ], [ -6.39484871325479, 53.423703630382597 ], [ -6.39466114907911, 53.423745543929499 ], [ -6.39451202318943, 53.423754644416199 ], [ -6.39434222058775, 53.423819018673697 ], [ -6.39426535528895, 53.423884633454499 ], [ -6.39417114575051, 53.423916694367499 ], [ -6.39389149287013, 53.423935154880603 ], [ -6.39367889758574, 53.423916281671801 ], [ -6.39341456202045, 53.423912724701097 ], [ -6.39318839534827, 53.423928263986298 ], [ -6.39294564310448, 53.423971462587303 ], [ -6.39283679533231, 53.423969996776698 ], [ -6.39274333665758, 53.423973384707701 ], [ -6.39257317531273, 53.423947865232698 ], [ -6.39239627834064, 53.423894371884003 ], [ -6.39224961582448, 53.423864522484799 ], [ -6.39208670337681, 53.423853036441798 ], [ -6.39183068307956, 53.4238356513928 ], [ -6.391527654328, 53.423826923331497 ], [ -6.39136509469176, 53.423806141342602 ], [ -6.39129590059895, 53.423816315463597 ], [ -6.39120015064425, 53.423820973654799 ], [ -6.39100761992697, 53.423820608603698 ], [ -6.39088441636781, 53.423819736709 ], [ -6.39075844200962, 53.423816571400799 ], [ -6.39064576262736, 53.4238176835917 ], [ -6.39046119395706, 53.423821363434101 ], [ -6.39029640259354, 53.423825333860599 ], [ -6.39005995973304, 53.423829479523903 ], [ -6.39001967503421, 53.423829501729699 ], [ -6.38988965742584, 53.423816545368197 ], [ -6.38983698069149, 53.4237971601639 ], [ -6.38978706594314, 53.423780221818397 ], [ -6.38969394195632, 53.423774320249599 ], [ -6.38951513342133, 53.423771907953203 ], [ -6.38943722112289, 53.423775502962798 ], [ -6.38930452742375, 53.423787649745201 ], [ -6.38910255787725, 53.423780279509202 ], [ -6.38883116735316, 53.423758033958102 ], [ -6.3884035711466, 53.423752262993098 ], [ -6.38793386824944, 53.4237373665432 ], [ -6.38773556138579, 53.423723042810003 ], [ -6.38766690046371, 53.423789842715998 ], [ -6.38745913233531, 53.423787036319297 ], [ -6.38728957599824, 53.423773459600099 ], [ -6.38706612638856, 53.423685784277197 ], [ -6.38695429604193, 53.4236447631678 ], [ -6.38682357966059, 53.423603485918598 ], [ -6.38665423937048, 53.4235842677449 ], [ -6.38652414922563, 53.4235260691298 ], [ -6.38637518941931, 53.423467624373401 ], [ -6.38628267229822, 53.423415576674401 ], [ -6.3861601316961, 53.423408277156398 ], [ -6.38602918780425, 53.423372647506497 ], [ -6.38581306411645, 53.423341500780303 ], [ -6.38571024972742, 53.423311895386 ], [ -6.38557504529018, 53.423389079648103 ], [ -6.38552396884233, 53.423489975074801 ], [ -6.3851902737379, 53.423818452647197 ], [ -6.38503447144411, 53.423940503689998 ], [ -6.38486835437741, 53.424084996072899 ], [ -6.38483717084971, 53.424120238947999 ], [ -6.38477952008544, 53.424185388573001 ], [ -6.38467028680883, 53.424325007530797 ], [ -6.38444430150913, 53.424553345947601 ], [ -6.3842599518825, 53.424680652340697 ], [ -6.3841236704673, 53.424786045830103 ], [ -6.38397276910362, 53.424778360317397 ], [ -6.38380513608845, 53.424714007211598 ], [ -6.38345955981088, 53.424607742664698 ], [ -6.38270231272991, 53.424394306401503 ], [ -6.38256194085221, 53.424358537175799 ], [ -6.38253797489792, 53.424353827389098 ], [ -6.38283339917474, 53.423908308730198 ], [ -6.38301096257237, 53.423793753559103 ] ] ] } }
]
}
